url,http_status,last_modified_header,published,modified,published_source,modified_source,error
https://www.mayoclinic.org/diseases-conditions/parkinsons-disease/symptoms-causes/syc-20376055,403.0,,,,,,
https://pmc.ncbi.nlm.nih.gov/articles/PMC12049644/,200.0,,,,,,
https://pmc.ncbi.nlm.nih.gov/articles/PMC12548220/,200.0,,,,,,
https://pmc.ncbi.nlm.nih.gov/articles/PMC12552015/,200.0,,,,,,
https://pmc.ncbi.nlm.nih.gov/articles/PMC8074325/,200.0,,,,,,
https://rvaf.com/new-drug-for-macular-degeneration/,307.0,,,,,,
https://www.brightfocus.org/resource/emerging-treatments-offer-new-hope-for-dry-and-wet-age-related-macular-degeneration/,200.0,,2025-07-25T19:29:18+00:00,,jsonld,,
https://www.moorfields.nhs.uk/private/refer-to-us/for-healthcare-professionals/news-and-articles/the-future-of-amd-treatment,200.0,,,,,,
https://www.parkinson.org/blog/awareness/medications-101,200.0,2026-05-13T18:28:28+00:00,2025-10-07T00:00:00,,time_tag,,
https://pmc.ncbi.nlm.nih.gov/articles/PMC10454262/,200.0,,,,,,
https://www.neurology.org/doi/abs/10.1212/WNL.0000000000211883,403.0,,,,,,
https://www.ninds.nih.gov/health-information/disorders/parkinsons-disease,200.0,2026-05-13T19:54:08+00:00,,,,,
https://www.als.org/navigating-als/living-with-als/fda-approved-drugs/tofersen,403.0,,,,,,
https://www.mda.org/disease/amyotrophic-lateral-sclerosis/research,200.0,2026-05-12T21:47:28+00:00,2015-12-18T12:28:37-07:00,2025-10-24T10:51:44-07:00,og,og,
https://www.mmclt.org/take-charge/parkinsons-disease-and-non-motor-signs/,403.0,,,,,,
https://www.fightingblindness.org/news/age-related-macular-degeneration-research-advances-821,200.0,,,,,,
https://www.southshoreeyecare.net/who-is-at-risk-for-developing-macular-degeneration,200.0,,2025-04-01T10:00:04,2026-01-30T16:16:39,jsonld,jsonld,
https://www.mayoclinic.org/diseases-conditions/dry-macular-degeneration/symptoms-causes/syc-20350375,403.0,,,,,,
https://www.frontiersin.org/journals/neurology/articles/10.3389/fneur.2024.1402962/full,200.0,,2024-04-24T00:00:00,2026-05-13T00:00:00,jsonld,jsonld,
https://infinitespectrumfoundation.org/autism-in-2026-what-families-need-to-know-now/,403.0,,,,,,
https://pmc.ncbi.nlm.nih.gov/articles/PMC6688025/,200.0,,,,,,
https://www.stlucieeye.com/are-you-at-risk-for-macular-degeneration/,200.0,,,,,,
https://www.aao.org/eye-health/tips-prevention/promising-new-treatments-amd,200.0,,2026-01-05T00:00:00,2026-01-05T16:30:06,jsonld,og,
https://indiaautismcenter.org/blog/latest-tech-in-autism/,200.0,,2026-02-20T08:33:45+00:00,2026-02-23T04:03:24+00:00,jsonld,jsonld,
https://www.ncbi.nlm.nih.gov/books/NBK556151/,200.0,,,,,,
https://lonestarneurology.net/others/parkinsons-disease-motor-and-non-motor-symptoms-you-shouldnt-ignore/,200.0,,2025-11-04T13:58:02+00:00,2026-02-20T08:30:20+00:00,jsonld,jsonld,
https://my.clevelandclinic.org/health/diseases/15246-macular-degeneration,200.0,,2023-09-06T18:51:13+00:00,2026-04-14T17:47:36+00:00,jsonld,jsonld,
https://www.parkinsons.ie/40-symptoms/,200.0,,2025-04-14T00:00:00,,time_tag,,
https://www.mayoclinic.org/diseases-conditions/asthma/symptoms-causes/syc-20369653,403.0,,,,,,
https://www.mssociety.org.uk/about-ms/signs-and-symptoms,200.0,2026-05-13T20:01:25+00:00,2026-05-23T07:00:00+00:00,,time_tag,,
https://swhpalmdaleregional.com/about/blog/dont-miss-these-signs-multiple-sclerosis/,403.0,,,,,,
https://www.who.int/news-room/fact-sheets/detail/multiple-sclerosis,200.0,2026-05-13T13:11:13+00:00,,,,,
https://www.yorkeyeassociates.com/eye-care-services/eye-disease-management/macular-degeneration-treatment/what-are-the-risk-factors-for-macular-degeneration/,200.0,,,,,,
https://www.crmd.net/recent-advancements-in-macular-degeneration-treatments/,200.0,,2025-01-13T00:00:37+00:00,2025-01-21T05:03:59+00:00,jsonld,jsonld,
https://www.aao.org/eye-health/tips-prevention/six-things-about-amd,200.0,,2025-12-19T00:00:00,2026-01-25T21:22:56,jsonld,og,
https://changeyegroup.com/age-related-macular-degeneration-risks-and-treatment-options/,200.0,2026-05-13T20:02:52+00:00,2025-03-24T05:55:42+00:00,2025-03-24T05:55:42+00:00,jsonld,jsonld,
https://www.ahajournals.org/doi/10.1161/CIR.0000000000001415,403.0,,,,,,
https://www.aentassociates.com/the-lasting-effects-of-asthma-if-left-untreated/,200.0,,2022-03-23T23:41:02+00:00,2025-02-27T20:51:07+00:00,jsonld,jsonld,
https://www.nhsinform.scot/illnesses-and-conditions/brain-nerves-and-spinal-cord/multiple-sclerosis-ms/,200.0,2026-05-13T20:02:53+00:00,2026-03-12T15:14:10+00:00,2026-03-12T15:14:13+00:00,jsonld,jsonld,
https://impcna.com/how-asthma-affects-the-lungs-and-breathing/,200.0,,2025-03-18T14:12:49+00:00,2025-09-25T12:24:14+00:00,jsonld,jsonld,
https://newsnetwork.mayoclinic.org/discussion/mayo-clinic-uses-gene-editing-to-reverse-inherited-kidney-disease-in-preclinical-study/,403.0,,,,,,
https://www.ninds.nih.gov/health-information/disorders/multiple-sclerosis-ms,200.0,2026-05-13T19:54:59+00:00,,,,,
https://www.hopkinsmedicine.org/health/conditions-and-diseases/multiple-sclerosis-ms,403.0,,,,,,
https://www.healthcentral.com/condition/multiple-sclerosis-complications-and-long-term-effects,200.0,,2024-03-20T12:21:16.808000+00:00,2024-03-25T21:01:56.797000+00:00,jsonld,jsonld,
https://professional.heart.org/en/science-news/2026-guideline-for-the-evaluation-and-management-of-acute-pulmonary-embolism-in-adults,200.0,,,,,,
https://pmc.ncbi.nlm.nih.gov/articles/PMC13035164/,200.0,,,,,,
https://news.ucsb.edu/2025/022244/magic-bullet-polycystic-kidney-disease-making,200.0,,2025-11-18T18:11:46+00:00,,time_tag,,
https://www.nih.gov/news-events/news-releases/scientists-discover-potential-treatment-approaches-polycystic-kidney-disease,200.0,2026-05-13T15:53:13+00:00,,2025-04-01T03:51:15-04:00,,og,
https://pkdcharity.org.uk/research/pkd-uk-research/latest-research-news,200.0,2026-05-13T20:02:54+00:00,2023-02-20T16:05:13+00:00,,jsonld,,
https://resources.healthgrades.com/right-care/asthma/complications-of-severe-asthma,403.0,2025-07-28T16:45:42+00:00,,,,,
https://academic.oup.com/eurpub/article/36/2/ckaf087/8172043,403.0,,,,,,
https://solaci.org/en/2026/02/24/aha-acc-guideline-on-the-management-of-acute-pulmonary-embolism-2026/,200.0,,2026-02-24T19:30:25+00:00,2026-03-13T12:54:58+00:00,jsonld,jsonld,
https://www.betterhealth.vic.gov.au/health/conditionsandtreatments/asthma-medications,200.0,,2015-10-16T00:00:00,,dc,,
https://acaai.org/asthma/treatment/medication/,200.0,2022-11-21T11:14:34+00:00,2020-10-30T17:28:02+00:00,2022-11-21T17:14:34+00:00,jsonld,jsonld,
https://www.mdpi.com/1422-0067/26/18/8925,403.0,,,,,,
https://pmc.ncbi.nlm.nih.gov/articles/PMC8361769/,200.0,,,,,,
https://www.prnewswire.com/news-releases/bright-uro-receives-fda-clearance-for-glean-abdominal-sensor-302765627.html,200.0,2026-05-07T13:07:48+00:00,2026-05-07T09:07:00-04:00,2026-05-07T09:07:34-04:00,jsonld,jsonld,
https://pubs.rsc.org/en/content/articlehtml/2026/tb/d6tb00057f,200.0,,,,,,
https://www.advamed.org/industry-updates/news/bright-uro-receives-fda-clearance-for-glean-abdominal-sensor/,200.0,2026-05-11T17:15:54+00:00,2026-05-08T21:56:51+00:00,2026-05-11T21:15:54+00:00,jsonld,jsonld,
https://www.csuro.com/altaviva-a-new-long-term-treatment-for-urge-incontinence-blog/,200.0,2026-05-13T13:08:05+00:00,2026-02-17T23:50:26+00:00,2026-02-23T19:44:06+00:00,jsonld,jsonld,
https://newsroom.clevelandclinic.org/2025/06/10/cleveland-clinic-is-first-to-use-wireless-catheter-free-device-to-monitor-bladder-dysfunction-in-patients,200.0,,2025-06-10T10:00:00+00:00,2025-06-10T16:35:09+00:00,jsonld,jsonld,
https://www.frontiersin.org/journals/cell-and-developmental-biology/articles/10.3389/fcell.2026.1757935/full,200.0,,2026-02-04T00:00:00,2026-05-13T00:00:00,jsonld,jsonld,
https://orthopedicreviews.openmedicalpublishing.org/article/159607-platelet-rich-plasma-in-the-treatment-of-knee-osteoarthritis-a-bibliometric-analysis-of-global-research-trends,200.0,,2026-04-02T00:32:05+00:00,2026-04-06T17:13:56+00:00,jsonld,jsonld,
https://www.coherentmarketinsights.com/market-insight/crohns-disease-treatment-market-1237,200.0,,2026-02-10T13:27:57-05:00,,jsonld,,
https://surgery.wustl.edu/healthy-eating-for-your-thyroid/,200.0,,2026-01-19T08:00:00-06:00,,time_tag,,
https://www.maxhealthcare.in/blogs/world-thyroid-day,403.0,,,,,,
https://uroweb.org/news/incontinence-uncovered-managing-urgency-without-stress-at-eau26,200.0,,,,,,
https://theamericanchiropractor.com/article/20260401027,200.0,,,,,,
https://www.inspirahealthnetwork.org/news/healthy-living/8-proactive-steps-maintaining-healthy-thyroid-and-preventing-complications,200.0,,2024-02-21T18:36:29+00:00,2025-06-12T17:53:30+00:00,jsonld,jsonld,
https://www.mayoclinic.org/diseases-conditions/chronic-fatigue-syndrome/diagnosis-treatment/drc-20360510,403.0,,,,,,
https://www.healthline.com/health/crohns-disease/financial-health-spotlight,200.0,,,,,,
https://www.hopkinsmd.com/blog/natural-ways-to-support-your-thyroid-function,200.0,,,,,,
https://www.endocrinemds.com/blogs/how-to-keep-your-thyroid-healthy-for-optimal-well-being/,200.0,2026-05-13T14:19:28+00:00,2024-10-11T10:26:14+00:00,2024-11-06T10:50:43+00:00,jsonld,jsonld,
https://www.everydayhealth.com/crohns-disease/high-cost-crohns-disease-treatment/,200.0,,2019-10-28T15:31:00+00:00,2022-12-16T15:00:00+00:00,jsonld,jsonld,
https://www.lalpathlabs.com/blog/lifestyle-changes-to-manage-thyroid-health/,200.0,,2025-04-22T15:32:21+05:30,2025-04-22T15:32:21+05:30,jsonld,jsonld,
https://www.proudp.com/post/oab-urinary-incontinence-treatment-updates-2025-2026,200.0,,2026-02-10T08:00:00+00:00,2026-03-07T02:54:15.517000+00:00,jsonld,jsonld,
https://www.hopkinsmedicine.org/health/conditions-and-diseases/chronic-fatigue-syndrome,403.0,,,,,,
https://www.cdc.gov/me-cfs/management/index.html,200.0,,2024-05-10T04:00:00,,time_tag,,
https://www.nhs.uk/conditions/chronic-fatigue-syndrome-cfs/treatment/,200.0,,2017-10-20T10:55:00,2025-11-11T16:31:46+00:00,og,jsonld,
https://sleepandsinuscenters.com/blog/how-long-is-too-long-for-a-sinus-infection-signs-i-20260201051112,200.0,2026-05-13T20:02:58+00:00,2026-04-16T15:45:50.464000+00:00,2026-04-16T15:45:50.464000+00:00,jsonld,jsonld,
https://www.webmd.com/chronic-fatigue-syndrome/medicines-treat-chronic-fatigue-syndrome,200.0,,2016-09-22T19:00:00,2025-04-08T23:00:00,jsonld,jsonld,
https://www.mayoclinic.org/diseases-conditions/chronic-sinusitis/symptoms-causes/syc-20351661,403.0,,,,,,
https://my.clevelandclinic.org/health/diseases/17701-sinusitis,200.0,,2018-02-14T16:16:15+00:00,2025-12-11T14:28:52+00:00,jsonld,jsonld,
https://besimplywell.org/your-thyroid-matters-what-it-does-and-how-to-keep-it-healthy/,200.0,,2025-09-22T16:17:16-04:00,2025-10-16T11:49:41-04:00,jsonld,jsonld,
https://www.entdocaz.com/blog/1300087-acute-vs-chronic-sinus-infections-key-differences-you-should-know/,200.0,,,,,,
https://www.mssociety.org.uk/about-ms/types-of-ms/relapsing-remitting-ms,200.0,2026-05-13T20:02:58+00:00,,,,,
https://www.templehealth.org/about/blog/multiple-sclerosis-managing-flare-ups,200.0,2026-05-13T15:28:46+00:00,2025-12-11T12:00:00,2025-12-11T13:29:00,jsonld,jsonld,
https://www.avonex.com/en_us/home/what-is-rms.html,200.0,,,,,,
https://www.health.harvard.edu/diseases-and-conditions/chronic-fatigue-syndrome-a-to-z,200.0,,2025-06-13T00:00:00-04:00,2025-06-13T00:00:00-04:00,jsonld,og,
https://www.webmd.com/multiple-sclerosis/ms-flare-ups,200.0,,2017-04-25T19:00:00,2025-08-02T23:00:00,jsonld,jsonld,
https://www.yalemedicine.org/news/how-to-manage-multiple-sclerosis-ms-relapses,200.0,,2024-07-29T00:00:00,,jsonld,,
https://www.ahnpointwellness.com/blog/ways-to-protect-the-health-of-your-thyroid/,200.0,,2022-08-01T21:05:00+00:00,2022-12-21T21:07:52+00:00,jsonld,jsonld,
https://www.webmd.com/asthma/asthma-risk-factors,200.0,,2007-09-26T19:00:00,2022-09-01T07:00:00,jsonld,jsonld,
https://ubiehealth.com/doctors-note/sinusitis-viral-bacterial-symptoms-care-7-clinical1e10,200.0,,2026-02-04T00:00:00+00:00,,jsonld,,
https://pmc.ncbi.nlm.nih.gov/articles/PMC1618803/,200.0,,,,,,
https://www.nationalmssociety.org/managing-ms/treating-ms/managing-relapses,200.0,,,,,,
https://www.gohealthuc.com/library/asthma-triggers-to-avoid-and-how-urgent-care-can-help,403.0,,,,,,
https://www.northwell.edu/news/insights/asthma-self-care-10-tips,200.0,2026-05-13T19:42:54+00:00,2026-04-14T10:01:18-04:00,2026-04-16T15:15:27-04:00,jsonld,jsonld,
https://www.lung.org/lung-health-diseases/lung-disease-lookup/asthma/managing-asthma/reduce-asthma-triggers,200.0,,,,,,
https://www.healthychildren.org/English/health-issues/conditions/allergies-asthma/Pages/asthma-triggers-and-what-to-do-about-them.aspx,200.0,2026-05-13T20:03:00+00:00,2025-04-04T00:00:00,,meta,,
https://www.nhlbi.nih.gov/health/asthma/causes,200.0,2026-05-13T19:08:01+00:00,2024-04-17T12:00:00+00:00,,time_tag,,
https://www.healthline.com/health/multiple-sclerosis/exacerbation-ms-attack,200.0,,2014-01-02T08:00:00+00:00,2024-03-29T04:12:00+00:00,jsonld,jsonld,
https://www.brighamandwomens.org/neurology/multiple-sclerosis-information/rrms,200.0,,,,,,
https://www.brighamandwomens.org/neurology/multiple-sclerosis-information/ms-flare-up,200.0,,,,,,
https://my.clevelandclinic.org/health/diseases/17400-pulmonary-embolism,200.0,,2017-06-06T18:31:37+00:00,2026-04-27T22:22:43+00:00,jsonld,jsonld,
https://www.mayoclinic.org/diseases-conditions/deep-vein-thrombosis/symptoms-causes/syc-20352557,403.0,,,,,,
https://my.clevelandclinic.org/health/diseases/24936-post-thrombotic-syndrome,200.0,,2023-05-02T15:42:14+00:00,2025-11-13T15:16:25+00:00,jsonld,jsonld,
https://www.arnoldpalmerhospital.com/content-hub/how-to-better-manage-your-childs-asthma,200.0,,,,,,
https://inoviavein.com/what-are-the-long-term-complications-of-a-dvt/,200.0,,2023-04-25T16:52:51+00:00,,jsonld,,
https://www.mountsinai.org/care/surgery/services/vascular-surgery/conditions/vein-conditions/deep-vein-thrombosis,403.0,,,,,,
https://www.primehc.com/blog/5-tips-for-managing-asthma-flare-ups-advice-from-hartford-pulmonology-experts,200.0,,2025-10-28T07:33:00,2025-10-28T07:55:00,jsonld,jsonld,
https://www.stoptheclot.org/postthrombotic-syndrome/,200.0,,2014-01-31T20:32:04+00:00,2025-08-20T20:47:39+00:00,jsonld,jsonld,
https://www.asianpainacademy.com/post/fibromyalgia-a-comprehensive-update-for-2026-current-perspectives-on-pathophysiology-diagnosis,200.0,,2026-02-24T07:13:33.300000+00:00,2026-02-24T07:13:33.300000+00:00,jsonld,jsonld,
https://www.dvcstem.com/post/new-treatments-for-fibromyalgia,200.0,2026-05-13T20:03:02+00:00,2026-04-15T00:00:00,2026-04-15T00:00:00,jsonld,jsonld,
https://www.hopkinsmedicine.org/health/conditions-and-diseases/kidney-stones,403.0,,,,,,
https://www.mayoclinic.org/diseases-conditions/kidney-stones/symptoms-causes/syc-20355755,403.0,,,,,,
https://www.ncbi.nlm.nih.gov/books/NBK620950/,200.0,,,,,,
https://www.cedars-sinai.org/health-library/diseases-and-conditions/p/post-thrombotic-syndrome.html,200.0,,,2024-02-29T14:34:28+00:00,,meta,
https://www.yalemedicine.org/news/what-causes-kidney-stones,200.0,,2023-04-19T00:00:00,,jsonld,,
https://www.ouhealth.com/blog/2025/march/understanding-multiple-sclerosis-symptoms-diagno/,,,,,,,"HTTPSConnectionPool(host='www.ouhealth.com', port=443): Max retries exceeded with url: /blog/2025/march/understanding-multiple-sclerosis-symptoms-diagno/ (Caused by NameResolutionError(""HTTPSConnectio"
https://www.urologyhealth.org/urology-a-z/k/kidney-stones,307.0,,,,,,
https://dmvallergy.com/is-asthma-genetic-hereditary-link-to-breathing-problems/,200.0,,2025-06-11T09:56:23+00:00,2026-04-14T14:40:09+00:00,jsonld,jsonld,
https://pmc.ncbi.nlm.nih.gov/articles/PMC12906303/,200.0,,,,,,
https://www.advocatehealth.com/health-services/urology/kidney-stones,200.0,,,,,,
https://www.familyvisionpc.com/blog/1435515-the-complete-guide-to-lifestyle-changes-for-glaucoma-management,200.0,,,,,,
https://www.aafp.org/pubs/afp/issues/2023/0100/tonsillitis-tonsilloliths.html,200.0,2026-05-12T14:36:10+00:00,2023-01-15T00:00:00,,jsonld,,
https://int.livhospital.com/fascinating-stage-4-lupus-life-expectancy-explained/,403.0,,,,,,
https://www.unam.edu.na/wellness/navigating-the-future-what-the-best-cbd-oil-for-fibromyalgia-might-look-892279-like-in-2026/,200.0,,,,,,
https://pmc.ncbi.nlm.nih.gov/articles/PMC11668484/,200.0,,,,,,
https://www.niddk.nih.gov/health-information/urologic-diseases/kidney-stones/symptoms-causes,200.0,,2025-10-03T18:33:30-04:00,2025-10-03T18:33:30-04:00,jsonld,jsonld,
https://www.kidney.org/news-stories/kidney-stone-symptoms-treatments-and-ways-to-lower-your-risk,200.0,2026-05-13T20:03:03+00:00,,,,,
https://www.brownhealth.org/centers-services/kidney-stone-center/about-kidney-stones,200.0,2026-05-13T18:12:05+00:00,,,,,
https://www.mayoclinic.org/diseases-conditions/lupus/symptoms-causes/syc-20365789,403.0,,,,,,
https://nyulangone.org/conditions/kidney-stones/types,200.0,,,,,,
https://ameripharmaspecialty.com/other-health-conditions/lupus-erythematosus-life-expectancy/,200.0,2026-05-08T09:42:08+00:00,2024-07-08T20:58:33+00:00,2026-05-08T16:42:08+00:00,jsonld,jsonld,
https://my.clevelandclinic.org/health/diseases/4875-lupus,200.0,,,,,,
https://health.clevelandclinic.org/ms-flare-up,200.0,2026-05-13T20:03:05+00:00,2024-06-25T10:45:00+00:00,,jsonld,,
https://www.hss.edu/health-library/conditions-and-treatments/lupus-and-organ-damage-top-10-series,200.0,,2024-12-04T00:00:00,,jsonld,,
https://www.webmd.com/lupus/lupus-fatal,200.0,,2022-03-15T08:00:00,2026-03-11T00:00:00,jsonld,jsonld,
https://www.psoriasis.org/living-with-psoriatic-arthritis/,200.0,2026-05-13T17:05:01+00:00,,,,,
https://www.psoriaticarthritisinfo.com/living-with-psoriatic-arthritis/lifestyle-and-diet,200.0,2026-05-12T17:05:43+00:00,,,,,
https://www.bannerhealth.com/healthcareblog/teach-me/6-early-warning-signs-you-have-psoriatic-arthritis,403.0,,,,,,
https://www.raleighmedicalgroup.com/blog/psoriatic-arthritis-early-warning-signs/,200.0,2026-05-07T18:12:07+00:00,2024-02-21T03:04:47+00:00,2025-07-28T18:36:18+00:00,jsonld,jsonld,
https://pmc.ncbi.nlm.nih.gov/articles/PMC13098189/,200.0,,,,,,
https://www.healthline.com/health/psoriasis/reduce-psoriatic-arthritis-risk,200.0,,,,,,
https://www.rhcnj.com/blog/4-ways-to-reduce-your-risk-of-psoriatic-arthritis-when-you-have-psoriasis,200.0,,,,,,
https://www.healthline.com/health/psoriatic-arthritis/psoriatic-arthritis-causes,200.0,,,,,,
https://www.patientslikeme.com/blog/what-happens-when-lupus-goes-untreated,200.0,,,,,,
https://www.bmhsc.org/blog/10-warning-signs-of-psoriatic-arthritis,200.0,2026-05-13T12:17:25+00:00,2025-08-05T00:00:00,2026-01-22T00:00:00,jsonld,jsonld,
https://www.rhcnj.com/blog/learn-how-to-slow-down-the-progression-of-your-psoriatic-arthritis,200.0,,,,,,
https://www.brightfocus.org/resource/expanding-the-alzheimers-treatment-landscape-a-2026-forecast/,200.0,,2026-02-19T21:16:01+00:00,2026-03-17T21:24:12+00:00,jsonld,jsonld,
https://www.webmd.com/dvt/dvt-drugs-in-development,200.0,,2022-05-04T11:32:00,2024-06-08T23:00:00,jsonld,jsonld,
https://thrombosis.org/healthcare-professionals/hcp-articles/the-intersection-of-metabolic-pathways-and-deep-vein-thrombosis,200.0,2026-05-12T21:18:43+00:00,,,,,
https://www.alz.org/news/2026/new-era-early-detection-prevention-cognitive-decline,200.0,,2026-03-12T00:00:00,2026-04-30T00:00:00,jsonld,jsonld,
https://pubmed.ncbi.nlm.nih.gov/6336998/,403.0,,,,,,
https://www.mdpi.com/2306-5354/11/11/1067,403.0,,,,,,
https://www.uclahealth.org/news/article/early-signs-psoriatic-arthritis,200.0,2026-05-13T20:03:05+00:00,,,,,
https://www.hopkinsmedicine.org/health/expert-qa/foods-for-diverticulosis-and-diverticulitis,403.0,,,,,,
https://www.everlywell.com/blog/blood-test/prevent-thyroid-disease/,200.0,2026-05-12T19:01:08+00:00,,,,,
https://www.mayoclinic.org/healthy-lifestyle/nutrition-and-healthy-eating/in-depth/diverticulitis-diet/art-20048499,403.0,,,,,,
https://synapse.patsnap.com/article/what-are-the-current-trends-in-deep-vein-thrombosis-treatment-research-and-development,200.0,,,,,,
https://creakyjoints.org/education/psoriatic-arthritis-causes-risk-factors/,200.0,,2019-08-22T13:56:37+00:00,2020-08-26T20:07:01+00:00,jsonld,jsonld,
https://www.bswhealth.com/blog/diverticulitis-flare-up-strategies,200.0,,,,,,
https://www.webmd.com/digestive-disorders/understanding-diverticulitis-prevention,200.0,,2001-12-31T20:00:00,2026-04-09T00:00:00,jsonld,jsonld,
https://www.ucsfhealth.org/health-articles/diverticular-disease-and-diet,200.0,,,,,,
https://www.nm.org/healthbeat/healthy-tips/nutrition/What-to-Eat-and-Avoid-During-a-Diverticulitis-Flare-Up,200.0,,,,,,
https://www.uclahealth.org/news/article/diverticulitis-usually-managed-lifestyle-changes,200.0,2026-05-13T20:01:29+00:00,,,,,
https://www.henryford.com/blog/2023/12/how-to-manage-diverticulitis-with-diet,200.0,,,,,,
https://nyulangone.org/conditions/diverticular-disease/treatments/lifestyle-changes-for-diverticular-disease,200.0,,,,,,
https://www.jigsaw-dx.com/post/exploring-the-pros-and-cons-of-an-autism-diagnosis,200.0,2026-05-13T20:03:09+00:00,,,,,
https://www.health.harvard.edu/digestive-health/the-dos-and-donts-of-managing-diverticular-disease,200.0,,2026-04-17T00:00:00-04:00,2026-04-17T00:00:00-04:00,jsonld,og,
https://www.mayoclinic.org/diseases-conditions/osteoarthritis/diagnosis-treatment/drc-20351930,403.0,,,,,,
https://www.nhs.uk/conditions/osteoarthritis/treatment/,200.0,,2017-10-23T11:04:00,2025-08-14T13:50:02+00:00,og,jsonld,
https://www.arthritis.org/health-wellness/treatment/treatment-plan/disease-management/treatments-for-osteoarthritis,200.0,,2025-12-19T00:00:00,,og,,
https://www.ncbi.nlm.nih.gov/books/NBK499848/,200.0,,,,,,
https://www.reddit.com/r/Autism_Parenting/comments/1hygqxm/pros_and_cons_of_autism_diagnosis/,200.0,,,,,,
https://www.aarp.org/health/conditions-treatments/joint-pain-and-oa-treatment/,200.0,,2022-12-01T20:17:00+00:00,2025-12-22T15:55:00+00:00,jsonld,jsonld,
https://www.midjerseyortho.com/blog/is-arthritis-reversible,200.0,,,,,,
https://www.prolianceorthopedicassociates.com/news/how-do-you-treat-arthritis-pain-without-surgery,200.0,2026-05-13T20:03:09+00:00,,,,,
https://pmc.ncbi.nlm.nih.gov/articles/PMC13100647/,200.0,,,,,,
https://pmc.ncbi.nlm.nih.gov/articles/PMC5817324/,200.0,,,,,,
https://pmc.ncbi.nlm.nih.gov/articles/PMC12914275/,200.0,,,,,,
https://iptw.com/effective-osteoarthritis-treatments/,200.0,,2025-05-22T20:32:09+00:00,2025-05-22T20:32:10+00:00,jsonld,jsonld,
https://www.businesswire.com/news/home/20260317448000/en/Six-New-EAU-2026-Abstracts-Show-CVAC-System-Delivers-Consistently-Low-Residual-Stone-Volume-Greater-Procedural-Efficiency-and-Reduced-Downstream-Clinical-and-Economic-Burden,403.0,,,,,,
https://www.tandfonline.com/doi/full/10.2147/RRU.S517758,403.0,,,,,,
https://www.keyautismservices.com/blog/is-it-worth-getting-an-autism-diagnosis,200.0,2026-05-13T20:03:10+00:00,,,,,
https://autism.org/autism-prognosis/,403.0,,,,,,
https://www.drtimgreenwell.com.au/insights/cataract-nonsurgical-treatments,200.0,,2021-12-10T14:11:03+10:30,2022-01-04T11:29:20+10:30,jsonld,jsonld,
https://www.spandidos-publications.com/10.3892/mmr.2024.13387,200.0,,,,,,
https://www.kidney.org/kidney-topics/kidney-stones,200.0,2026-05-13T20:03:10+00:00,,,,,
https://today.duke.edu/2026/04/drinking-enough-water-prevent-kidney-stones-difficult-even-support,200.0,,,,,,
https://www.miamiurologyconsultants.com/blog/break-wave-kidney-stone-treatment-2026.html,200.0,2026-05-13T20:03:11+00:00,,,,,
https://www.premieridaho.com/blog/how-diet-and-lifestyle-impact-cataract-development,200.0,2026-05-13T20:03:12+00:00,,,,,
https://www.publichealth.pitt.edu/news/climate-alert-warmer-temperatures-worsen-kidney-disease,200.0,,2026-02-27T11:15:41-05:00,,time_tag,,
https://stanmed.stanford.edu/new-drugs-kidney-stones/,200.0,,2026-02-25T23:21:01+00:00,2026-04-22T18:48:13+00:00,jsonld,jsonld,
https://nkfm.org/conditions/kidney-stones/,200.0,,2021-10-22T16:44:34+00:00,2024-06-25T19:29:50+00:00,jsonld,jsonld,
https://www.venturacountylasik.com/6-diet-and-lifestyle-changes-to-reduce-your-risk-of-cataracts/,403.0,,,,,,
https://nweyeclinic.com/10-effective-cataract-treatment-without-surgery-options-you-need/,200.0,,2026-03-31T00:32:30+00:00,2026-05-06T01:17:53+00:00,jsonld,jsonld,
https://www.hopkinsmedicine.org/health/conditions-and-diseases/atrial-fibrillation/afib-complications,403.0,,,,,,
https://www.cedars-sinai.org/stories-and-insights/healthy-living/why-atrial-fibrillation-can-go-unrecognized-and-untreated,200.0,2026-05-13T20:03:13+00:00,2025-11-20T00:00:00,2025-11-20T00:00:00,jsonld,jsonld,
https://www.insightvisionoc.com/vision-therapy/understanding-the-reality-and-effective-treatments-for-cataract/,200.0,,,,,,
https://www.mayoclinic.org/diseases-conditions/atrial-fibrillation/symptoms-causes/syc-20350624,403.0,,,,,,
https://badgut.org/information-centre/health-nutrition/advances-in-dd-and-diet/,200.0,,2022-10-16T17:53:35+00:00,2023-09-06T21:44:06+00:00,jsonld,jsonld,
https://www.watchman.com/en-us/resources/articles/understanding-afib/afib-risks-dangerous.html,200.0,2026-05-13T20:03:13+00:00,,,,,
https://www.mayoclinic.org/diseases-conditions/high-blood-cholesterol/in-depth/reduce-cholesterol/art-20045935,403.0,,,,,,
https://www.webmd.com/cholesterol-management/pcsk9-inhibitors-treatment,200.0,,2017-02-15T19:00:00,2024-11-15T00:00:00,jsonld,jsonld,
https://coheneyeinstitute.com/blog/alternative-treatments-to-cataracts/,200.0,,,2026-05-13T07:09:00,,jsonld,
https://www.goodrx.com/conditions/high-cholesterol/pcsk9-inhibitors-vs-statins,403.0,,,,,,
https://unitedveincenters.com/blog/the-most-effective-varicose-vein-treatments-in-2026/,200.0,,2026-01-14T09:00:00-05:00,2026-02-03T13:59:29-05:00,jsonld,jsonld,
https://www.lung.org/lung-health-diseases/lung-disease-lookup/pulmonary-embolism/symptoms-diagnosis,200.0,,,,,,
https://www.heart.org/en/health-topics/atrial-fibrillation/who-is-at-risk-for-atrial-fibrillation-af-or-afib,200.0,,,,,,
https://www.memorialvision.com/blog/cataracts-and-nutrition-how-diet-impacts-cataract-development.html,200.0,,,,,,
https://www.mayoclinic.org/symptoms/shortness-of-breath/basics/causes/sym-20050890,403.0,,,,,,
https://www.nhsinform.scot/illnesses-and-conditions/lungs-and-airways/shortness-of-breath/,200.0,2026-05-13T20:03:14+00:00,2023-01-31T17:16:32+00:00,2026-03-18T08:34:16+00:00,jsonld,jsonld,
https://www.universityhealth.com/blog/health-risks-associated-with-atrial-fibrillation,200.0,,,,,,
https://www.hopkinsmedicine.org/health/conditions-and-diseases/stroke/stroke-recovery-timeline,403.0,,,,,,
https://www.royalbucks.co.uk/news/7-stages-of-stroke-recovery/,200.0,2026-05-12T14:13:17+00:00,,2025-03-06T11:14:03+00:00,,og,
https://www.businessresearchinsights.com/market-reports/varicose-veins-treatment-market-128343,200.0,,,,,,
https://coscardiology.com/chest-pain-and-shortness-of-breath/,200.0,,2025-09-09T13:39:11+00:00,2025-09-12T15:03:29+00:00,jsonld,jsonld,
https://my.clevelandclinic.org/health/symptoms/21209-chest-pain,200.0,,2020-01-15T13:16:22+00:00,2025-12-18T16:34:42+00:00,jsonld,jsonld,
https://www.nhlbi.nih.gov/health/stroke/recovery,200.0,2026-05-13T19:10:43+00:00,2023-05-26T12:00:00+00:00,,time_tag,,
https://cvgcares.com/chest-pain-and-shortness-of-breath-causes-you-shouldnt-ignore/,200.0,,2026-03-25T09:25:12+00:00,2026-04-21T12:49:37+00:00,jsonld,jsonld,
https://www.nhs.uk/conditions/stroke/recovery/,200.0,,2024-09-19T15:05:00,2025-11-12T16:31:51+00:00,og,jsonld,
https://www.saebo.com/blogs/clinical-article/the-stages-of-stroke-recovery,200.0,,2018-06-09T13:16:09+00:00,2024-04-23T18:35:28+00:00,jsonld,jsonld,
https://superpower.com/supplement-guides/supplements-that-lower-cholesterol,200.0,2026-05-13T20:03:16+00:00,,,,,
https://jassm.org/history-of-anterior-cruciate-ligament-surgery/,200.0,,2020-06-15T18:30:00+00:00,2020-11-13T13:20:08+00:00,jsonld,jsonld,
https://www.goodrx.com/conditions/ulcerative-colitis,403.0,,,,,,
https://www.encompasshealth.com/health-resources/articles/stroke-recovery-stages,200.0,,,,,,
https://www.barrowneuro.org/treatment/stroke-rehabilitation/,200.0,,2020-11-18T21:41:44+00:00,2025-06-03T17:34:12+00:00,jsonld,jsonld,
https://www.healthpartners.com/blog/stroke-recovery-timeline/,200.0,2026-05-13T20:03:16+00:00,2021-05-03T17:31:47+00:00,2025-10-30T21:45:32+00:00,jsonld,jsonld,
https://www.mayoclinic.org/diseases-conditions/dry-macular-degeneration/diagnosis-treatment/drc-20350381,403.0,,,,,,
https://www.brightfocus.org/resource/treatments-for-macular-degeneration-2/,200.0,,2025-07-17T18:00:00+00:00,2025-08-14T17:44:15+00:00,jsonld,jsonld,
https://www.templehealth.org/about/blog/the-road-to-recovery-after-a-stroke,200.0,2026-05-13T20:03:16+00:00,2024-05-21T12:00:00,2024-11-20T11:19:00,jsonld,jsonld,
https://www.prnewswire.com/news-releases/sebela-pharmaceuticals-presents-phase-3-tegoprazan-data-in-erosive-esophagitis-at-digestive-disease-week-ddw-2026-302762622.html,200.0,2026-05-12T15:44:23+00:00,2026-05-05T10:30:00-04:00,2026-05-05T10:30:00-04:00,jsonld,jsonld,
https://www.hcplive.com/view/tegoprazan-nda-seeks-fda-approval-for-3-gerd-indications,403.0,,,,,,
https://pmc.ncbi.nlm.nih.gov/articles/PMC5698527/,200.0,,,,,,
https://www.visionpointeye.com/cataracts/6-lifestyle-changes-that-can-help-delay-the-development-of-cataracts/,200.0,,2025-06-06T16:27:00+00:00,2025-06-09T16:29:16+00:00,jsonld,jsonld,
https://insighteyespecialists.com/7-ways-to-protect-your-eyes-from-age-related-macular-degeneration/,200.0,2026-05-13T16:07:13+00:00,2025-02-10T18:23:39+00:00,,jsonld,,
https://www.uclahealth.org/news/article/how-cope-with-age-related-macular-degeneration,200.0,2026-05-13T20:03:16+00:00,,,,,
https://www.macular.org/about-macular-degeneration/what-is-macular-degeneration/reduce-your-risk/ten-things-you-can-do-improve-your-vision,200.0,,,,,,
https://sleep.hms.harvard.edu/education-training/public-education/sleep-and-health-education-program/sleep-health-education-28,200.0,2026-05-13T08:29:42+00:00,,,,,
https://www.loyolamedicine.org/blog-articles/silent-threat-sleep-apnea,200.0,2026-05-13T18:14:30+00:00,2024-12-19T00:00:00,2026-03-01T00:00:00,jsonld,jsonld,
https://www.ellissleepcenter.com/blog/the-surprising-health-risks-of-untreated-sleep-apnea-st-louis,200.0,,2025-07-08T18:18:00-04:00,2025-06-11T16:19:43-04:00,jsonld,jsonld,
https://health.clevelandclinic.org/gerd-diet,200.0,2026-05-13T20:03:18+00:00,2025-05-21T04:02:00+00:00,,jsonld,,
https://www.careprohs.com/blog/post/what-happens-when-sleep-apnea-is-left-untreated-,403.0,,,,,,
https://www.mayoclinic.org/diseases-conditions/sleep-apnea/symptoms-causes/syc-20377631,403.0,,,,,,
https://www.hopkinsmedicine.org/health/wellness-and-prevention/the-dangers-of-uncontrolled-sleep-apnea,403.0,,,,,,
https://www.sleepapneasandiego.com/blog/2025/4/26/the-warning-signs-while-sleeping,200.0,,2025-04-26T14:01:14-07:00,2025-04-26T14:04:43-07:00,jsonld,jsonld,
https://www.macularsociety.org/support/daily-life/practical-guides/healthy-living/nutrition/,200.0,,,,,,
https://femwomenswellness.com/long-term-effects-of-untreated-obstructive-sleep-apnea-osa/,200.0,2026-05-13T00:37:58+00:00,,,,,
https://www.providenceent.com/what-are-the-long-term-effects-of-untreated-sleep-apnea/,200.0,,2025-06-04T19:51:48+00:00,2026-01-26T14:15:21+00:00,jsonld,jsonld,
https://www.nhs.uk/conditions/asthma/,200.0,,2025-03-25T13:25:48.340000+00:00,2025-04-10T16:00:15+00:00,jsonld,jsonld,
https://www.gweye.com/blog/2017/04/13/benefits-of-early-macular-degeneration-181329/,200.0,,,,,,
https://discoverwhr.nih.gov/research/menopause/,200.0,2026-05-08T17:45:59+00:00,,2026-02-23T00:00:00,,meta,
https://pmc.ncbi.nlm.nih.gov/articles/PMC3230095/,200.0,,,,,,
https://newsnetwork.mayoclinic.org/discussion/mayo-clinic-study-finds-majority-of-midlife-women-with-menopause-symptoms-do-not-seek-care/,403.0,,,,,,
https://www.aamc.org/news/new-treatments-renewed-focus-galvanize-menopause-care,200.0,2026-05-13T18:08:20+00:00,2025-09-17T12:50:11-04:00,2025-09-17T14:42:57-04:00,jsonld,jsonld,
https://www.mayoclinic.org/diseases-conditions/chronic-fatigue-syndrome/symptoms-causes/syc-20360490,403.0,,,,,,
https://pmc.ncbi.nlm.nih.gov/articles/PMC11526618/,200.0,,,,,,
https://uihc.org/health-topics/do-you-have-central-sleep-apnea-know-signs-and-what-do-next,200.0,2026-05-13T20:03:19+00:00,2025-07-16T12:16:40-05:00,2025-07-16T12:59:08-05:00,jsonld,jsonld,
https://medlineplus.gov/myalgicencephalomyelitischronicfatiguesyndrome.html,200.0,2026-05-13T04:15:14+00:00,1999-02-19T00:00:00,,dc,,
https://www.mayoclinic.org/diseases-conditions/multiple-sclerosis/expert-answers/emerging-treatments-for-ms/faq-20096786,403.0,,,,,,
https://somnomed.com/au/untreated-sleep-apnea/,200.0,,2022-07-21T17:30:27+10:00,2022-07-22T11:25:11+10:00,jsonld,jsonld,
https://www.mdfoundation.com.au/about-macular-disease/age-related-macular-degeneration/nutrition-for-amd/,200.0,,2019-12-04T18:51:17+00:00,2025-03-14T05:36:47+00:00,jsonld,jsonld,
https://www.sleepdunwoody.com/blog/2025/03/02/consequences-of-untreated-sleep-apnea/,200.0,,2025-03-02T15:08:06+00:00,2025-05-19T15:08:28+00:00,jsonld,jsonld,
https://www.ajmc.com/view/advances-in-ms-therapies-reshape-the-treatment-landscape,403.0,,,,,,
https://www.health.harvard.edu/diseases-and-conditions/macular-degeneration-a-to-z,200.0,,2024-11-20T00:00:00-05:00,2024-11-20T00:00:00-05:00,jsonld,og,
https://my.clevelandclinic.org/health/diseases/17209-marfan-syndrome,200.0,,2023-08-29T14:15:06+00:00,2026-04-27T19:04:42+00:00,jsonld,jsonld,
https://www.healthcentral.com/condition/multiple-sclerosis/experimental-treatment,403.0,,,,,,
https://www.psoriasis.org/advance/aad-2026-redefining-psoriasis-care/,200.0,2026-05-13T17:04:57+00:00,,,,,
https://mymsaa.org/news/whats-new-in-ms-research-january-2025/,200.0,,2025-01-28T16:20:37+00:00,2025-03-06T17:12:29+00:00,jsonld,jsonld,
https://www.massgeneralbrigham.org/en/about/newsroom/articles/foralumab,200.0,2026-05-13T18:52:40+00:00,2025-03-24T00:00:00,,time_tag,,
https://healthcare.utah.edu/cardiovascular/conditions/marfan-syndrome,200.0,2026-05-13T14:36:17+00:00,2024-01-25T15:58:25-07:00,2026-04-27T14:39:25-06:00,og,og,
https://www.genome.gov/Genetic-Disorders/Marfan-Syndrome,200.0,,2019-03-09T00:14:23-05:00,2017-05-30T12:00:00,jsonld,jsonld,
https://www.dermatologytimes.com/view/redefining-treatment-success-in-the-modern-psoriasis-era,403.0,,,,,,
https://mscenter.weillcornell.org/news-and-updates/emerging-therapies-multiple-sclerosis,200.0,2026-05-13T19:40:11+00:00,,,,,
https://www.ncl.ac.uk/press/articles/latest/2026/02/psoriasisresearch/,200.0,2026-05-13T18:08:01+00:00,2026-02-05T00:00:00,,meta,,
https://www.sciencedaily.com/releases/2026/02/260204121549.htm,200.0,2026-05-13T14:47:41+00:00,,2026-05-13T14:34:01+00:00,,meta,
https://www.betterhealth.vic.gov.au/health/conditionsandtreatments/asthma-management,200.0,,1999-10-25T00:00:00,,dc,,
https://www.nhs.uk/conditions/age-related-macular-degeneration-amd/symptoms/,200.0,,2017-10-23T15:52:00,2025-01-31T16:37:51+00:00,og,jsonld,
https://www.brightfocus.org/macular/signs-symptoms/,200.0,,2024-08-22T15:15:03+00:00,2025-03-06T22:41:38+00:00,jsonld,jsonld,
https://www.californiaretina.com/blog/early-signs-and-symptoms-of-age-related-macular-degeneration-what-to-look-for,200.0,,2024-06-27T00:00:00,2024-08-29T12:54:00,jsonld,jsonld,
https://hamden.refocuseyedoctors.com/article/early-signs-you-might-miss-in-amd/,200.0,,,,,,
https://www.ncbi.nlm.nih.gov/books/NBK537339/,200.0,,,,,,
https://drkislan.com/what-are-the-early-warning-signs-of-macular-degeneration/,200.0,,2024-07-16T17:46:34+00:00,2024-07-16T17:46:34+00:00,jsonld,jsonld,
https://www.reddit.com/r/migraine/comments/1r3szxb/new_migraine_research_out_jan_2026_i_was_a/,200.0,,,,,,
https://www.kidney.org/news-stories/aca-open-enrollment-begins-november-1-what-kidney-patients-need-to-know,200.0,2026-05-13T20:03:21+00:00,,,,,
https://stanfordhealthcare.org/medical-conditions/eyes-and-vision/macular-degeneration/symptoms.html,200.0,2026-05-13T00:53:29+00:00,2019-07-01T11:12:58,,meta,,
https://www.hillsvisionstudio.com/blog/whats-the-difference-between-wet-and-dry-macular-degeneration.html,200.0,,,,,,
https://www.crmd.net/recognizing-early-signs-and-symptoms-of-macular-degeneration/,200.0,,2024-09-30T08:58:35+00:00,2024-11-01T11:32:54+00:00,jsonld,jsonld,
https://www.crmd.net/symptoms-of-wet-and-dry-macular-degeneration-how-they-differ/,200.0,,2024-11-01T08:48:29+00:00,2024-11-18T09:23:26+00:00,jsonld,jsonld,
https://www.warbyparker.com/learn/wet-vs-dry-macular-degeneration,200.0,,2025-03-10T13:29:18-04:00,2026-04-02T03:12:42-04:00,jsonld,jsonld,
https://www.ninds.nih.gov/health-information/disorders/migraine,200.0,2026-05-13T17:58:17+00:00,,,,,
https://www.uchicagomedicine.org/forefront/orthopaedics-articles/rotator-cuff-injuries,200.0,,,,,,
https://www.ssmhealth.com/services/orthopedics/shoulder-upper-extremity/rotator-cuff-injuries,200.0,,,,,,
https://www.uc.edu/news/articles/2026/01/whats-behind-the-mysterious-rise-of-migraines.html,200.0,2026-05-13T20:03:25+00:00,2026-01-05T00:00:00,2026-01-05T00:00:00,jsonld,jsonld,
https://www.centennialfamilyeyecare.com/blog/early-warning-signs-of-macular-degeneration.html,200.0,,,,,,
https://orthorepair.com/blog/why-is-2026-the-year-to-finally-break-free-from-chronic-headaches/,200.0,2026-05-13T20:03:25+00:00,2026-02-06T07:00:28+00:00,,jsonld,,
https://www.hss.edu/health-library/conditions-and-treatments/list/rotator-cuff-tear,200.0,,2024-09-29T00:00:00,,jsonld,,
https://medlineplus.gov/rotatorcuffinjuries.html,200.0,2026-05-13T04:15:16+00:00,2011-12-05T00:00:00,,dc,,
https://www.summitortho.com/find-care/services-conditions/shoulder/shoulder-related-conditions-treatments/rotator-cuff-tear/,200.0,2026-05-13T00:32:52+00:00,2011-10-10T18:33:32-05:00,2025-12-09T10:57:25-06:00,jsonld,jsonld,
https://en.wikipedia.org/wiki/Long_COVID,200.0,2026-05-13T00:15:41+00:00,,,,,
https://pmc.ncbi.nlm.nih.gov/articles/PMC11974196/,200.0,,,,,,
https://www.mayoclinic.org/diseases-conditions/coronavirus/in-depth/coronavirus-long-term-effects/art-20490351,403.0,,,,,,
https://headaches.org/why-migraine-prevention-matters-in-primary-care/,200.0,,,,,,
https://pmc.ncbi.nlm.nih.gov/articles/PMC12608444/,200.0,,,,,,
https://orthoinfo.aaos.org/en/diseases--conditions/rotator-cuff-tears/,200.0,,,,,,
https://www.cdc.gov/long-covid/living-with/index.html,200.0,,2026-03-09T04:00:00,,time_tag,,
https://xtalks.com/thyroid-awareness-month-2026-new-advances-in-diagnosis-and-treatment-4567/,200.0,,2026-01-05T11:30:09+00:00,,jsonld,,
https://www.psoriasis.org/advance/is-psoriasis-genetic/,200.0,2026-05-13T17:04:57+00:00,,,,,
https://www.palomahealth.com/learn/natural-desiccated-thyroid-ndt-fda-policy-shift-march-2026,200.0,2026-05-13T20:03:26+00:00,2026-03-21T00:00:00,2026-03-21T00:00:00,jsonld,jsonld,
https://www.webmd.com/skin-problems-and-treatments/psoriasis/prevent-flare-ups,200.0,,2003-09-28T19:00:00,2025-10-16T23:00:00,jsonld,jsonld,
https://www.psoriasis.org/causes/,200.0,2026-05-13T17:04:58+00:00,,,,,
https://endocrinenews.endocrine.org/pharma-friday-april-10-2026/,200.0,2026-05-13T14:15:45+00:00,2026-04-10T16:18:00+00:00,,jsonld,,
https://www.aad.org/public/diseases/psoriasis/triggers/flares,200.0,,,,,,
https://etj.bioscientifica.com/view/journals/etj/14/4/ETJ-25-0078.xml,200.0,,2025-08-01T00:00:00,,og,,
https://www.altitudedermatology.com/blog-post/healthy-diet-and-psoriasis-management,200.0,2026-05-13T20:03:26+00:00,,,,,
https://www.webmd.com/skin-problems-and-treatments/psoriasis/psoriasis-genetic-link,200.0,,2020-05-13T07:00:00,2024-09-26T23:00:00,jsonld,jsonld,
https://www.ehlers-danlos.com/road-to-2026/,200.0,2026-05-13T20:03:26+00:00,2024-03-25T10:56:45+00:00,2026-04-28T16:48:52+00:00,jsonld,jsonld,
https://www.ehlers-danlos.com/the-future-of-eds-and-hsd/,200.0,2026-05-13T20:03:26+00:00,2025-11-11T13:27:00+00:00,,jsonld,,
https://adaderm.com/psoriasis-flare-up-whats-happening-to-your-skin-and-how-to-regain-control/,200.0,2026-05-13T20:03:27+00:00,2025-11-25T23:14:07+00:00,2025-12-02T23:29:08+00:00,jsonld,jsonld,
https://mcpress.mayoclinic.org/living-well/how-to-prevent-psoriasis-flare-ups/,403.0,,,,,,
https://pmc.ncbi.nlm.nih.gov/articles/PMC11877729/,200.0,,,,,,
https://www.health.ny.gov/diseases/long_covid/,200.0,,,,,,
https://www.thefibroguy.com/blog/eds-classification-2026-road-to-2026/,200.0,,2026-03-30T10:21:23+00:00,2026-05-04T10:34:26+00:00,jsonld,jsonld,
https://health.clevelandclinic.org/psoriasis-flare-up-treatment-and-prevention,200.0,2026-05-13T20:03:27+00:00,2024-04-08T10:45:00+00:00,,jsonld,,
https://www.dermatologistnewyork.org/blog/8-lifestyle-habits-to-make-if-you-have-psoriasis/,200.0,,2026-01-08T17:07:49,2026-02-15T15:11:02,jsonld,jsonld,
https://www.cidrap.umn.edu/covid-19/studies-1-7-us-working-age-adults-report-long-covid-heaviest-burden-poor,200.0,2026-05-13T20:03:26+00:00,2025-04-09T14:20:12-05:00,2025-04-09T14:20:12-05:00,jsonld,jsonld,
https://www.health.harvard.edu/diseases-and-conditions/a-deeper-look-at-psoriasis,200.0,,2018-11-01T00:00:00-04:00,2018-11-01T00:00:00-04:00,jsonld,og,
https://www.bhf.org.uk/informationsupport/heart-matters-magazine/news/coronavirus-and-your-health/long-covid,200.0,,2025-10-22T09:39:26,2025-10-22T09:39:26,jsonld,jsonld,
https://www.healthline.com/health/kidney-health/kidney-infection-when-to-go-to-hospital,200.0,,2021-04-12T08:14:00+00:00,2021-04-12T08:14:00+00:00,jsonld,jsonld,
https://www.kidneyfund.org/all-about-kidneys/other-kidney-problems/kidney-infection,200.0,2026-05-13T19:16:56+00:00,2025-10-01T08:00:00-04:00,2025-10-10T11:26:32-04:00,jsonld,jsonld,
https://www.yalemedicine.org/conditions/long-covid-post-covid-conditions-pcc,200.0,,2025-02-11T00:00:00,2025-02-11T00:00:00,jsonld,jsonld,
https://www.urologyhealth.org/urology-a-z/k/kidney-infection-(pyelonephritis),307.0,,,,,,
https://www.health.state.mn.us/diseases/longcovid/about.html,200.0,2026-05-13T20:03:28+00:00,,,,,
https://pmc.ncbi.nlm.nih.gov/articles/PMC2852736/,200.0,,,,,,
https://www.nhsinform.scot/illnesses-and-conditions/kidneys-bladder-and-prostate/kidney-infection/,200.0,2026-05-13T20:03:28+00:00,2023-02-13T15:47:44+00:00,2026-03-18T09:36:27+00:00,jsonld,jsonld,
https://medlineplus.gov/celiacdisease.html,200.0,2026-05-13T04:15:12+00:00,1999-11-10T00:00:00,,dc,,
https://www.urologycenterofflorida.com/blog/common-signs-of-a-kidney-infection,200.0,,,,,,
https://svmc.org/news-events/article/celiac-disease-why-it-often-goes-undiagnosed-and-potential-health-risks,200.0,2026-05-13T20:03:28+00:00,2025-05-23T13:47:53+00:00,,time_tag,,
https://www.mayoclinic.org/diseases-conditions/celiac-disease/symptoms-causes/syc-20352220,403.0,,,,,,
https://ancmn.com/kidney-infection-symptoms-early-signs-you-should-not-ignore/,200.0,,2026-03-09T05:55:52+00:00,2026-03-09T07:14:21+00:00,jsonld,jsonld,
https://www.niddk.nih.gov/health-information/urologic-diseases/kidney-infection-pyelonephritis/symptoms-causes,200.0,,2025-10-03T18:30:03-04:00,2025-10-03T18:30:03-04:00,jsonld,jsonld,
https://celiac.org/about-celiac-disease/symptoms-of-celiac-disease/,200.0,,,,,,
https://www.brighamandwomens.org/campaigns/physicians/understanding-long-term-effects-of-covid-19,200.0,,,,,,
https://hamiltongi.com/can-you-develop-celiac-disease-later-in-life-2/,200.0,,2025-01-17T02:26:34+00:00,2025-04-01T20:45:58+00:00,jsonld,jsonld,
https://www.chop.edu/conditions-diseases/celiac-disease,200.0,2026-05-13T19:36:56+00:00,,,,,
https://cdhf.ca/en/uncovering-the-hidden-symptoms-of-celiac-disease-what-you-need-to-know/,403.0,,,,,,
https://my.clevelandclinic.org/health/diseases/7049-tennis-elbow-lateral-epicondylitis,200.0,,2016-12-19T20:38:25+00:00,2026-04-14T18:32:05+00:00,jsonld,jsonld,
https://www.niddk.nih.gov/health-information/digestive-diseases/celiac-disease/symptoms-causes,200.0,,2025-10-03T18:31:40-04:00,2025-10-03T18:31:40-04:00,jsonld,jsonld,
https://www.briankellymd.com/blog/tennis-elbow-6-warning-signs-you-shouldn-t-ignore,200.0,,2025-11-17T10:43:00,2025-11-17T11:02:00,jsonld,jsonld,
https://www.nhsinform.scot/long-term-effects-of-covid-19-long-covid/about-long-covid/signs-and-symptoms-of-long-covid/,200.0,2026-05-13T20:03:30+00:00,2023-11-27T11:15:45+00:00,2026-03-30T14:15:05+00:00,jsonld,jsonld,
https://www.yalemedicine.org/news/long-covid-symptoms,200.0,,2023-10-27T00:00:00,,jsonld,,
https://www.gpoa.com/blog/how-to-recognize-tennis-elbow-5-key-symptoms-you-shouldn-t-ignore,200.0,,2026-01-07T15:10:00,2026-01-07T15:37:00,jsonld,jsonld,
https://oip.com/tennis-elbow-vs-golf-elbow-explained/,200.0,,2025-06-06T08:39:15-04:00,2025-08-04T15:02:02-04:00,jsonld,jsonld,
https://eswi.org/education-hub/long-covid-awareness-day-15-march-2026,200.0,,,,,,
https://www.healthdirect.gov.au/tennis-elbow,200.0,,,,,,
https://www.cidrap.umn.edu/covid-19/long-covid-prevalence-may-vary-covid-19-variant-time-infection,200.0,2026-05-13T19:46:35+00:00,2026-03-12T14:46:35-05:00,2026-03-12T14:46:35-05:00,jsonld,jsonld,
https://www.delveinsight.com/blog/varicose-vein-treaatment-devices-landscape,200.0,2026-02-09T04:51:26+00:00,2026-01-28T17:17:00+05:30,2026-01-28T16:18:11+05:30,jsonld,jsonld,
https://www.wearehuman8.com/news/shingles-the-hidden-risk-for-adults-with-certain-chronic-health-conditions-closing-the-health-awareness-gap/,200.0,,2026-02-23T08:00:00+00:00,2026-02-23T08:00:29+00:00,jsonld,jsonld,
https://www.fullrangeortho.com/blog/the-differences-between-tennis-and-golfers-elbow/,200.0,,2024-01-18T11:39:18+00:00,2024-01-18T11:39:46+00:00,jsonld,jsonld,
https://www.ajmc.com/view/faq-how-long-covid-is-defined-diagnosed-and-managed-in-2026,403.0,,,,,,
https://pmc.ncbi.nlm.nih.gov/articles/PMC8108907/,200.0,,,,,,
https://www.who.int/europe/event/myth-busters--debunking-long-covid-myths-and-misconceptions,200.0,2026-05-13T13:29:10+00:00,,,,,
https://eyemdmonterey.com/blog/is-it-possible-to-cure-cataract-issues-without-surgery/,,,,,,,"HTTPSConnectionPool(host='eyemdmonterey.com', port=443): Max retries exceeded with url: /blog/is-it-possible-to-cure-cataract-issues-without-surgery/ (Caused by ConnectTimeoutError(<HTTPSConnection(ho"
https://pmc.ncbi.nlm.nih.gov/articles/PMC10745813/,200.0,,,,,,
https://www.allamerican-hi.com/blog/roofing-shingles-prices-2026/,403.0,,,,,,
https://ctaroofing.com/blog/impact-resistant-shingles/,200.0,2026-05-13T20:03:32+00:00,2026-01-21T18:19:48-04:00,2026-03-27T12:23:27-04:00,jsonld,jsonld,
https://www.ipscpgh.com/blog/new-treatment-for-fibromyalgia,200.0,,2024-09-28T10:00:00,2025-08-08T02:07:00,jsonld,jsonld,
https://medicine.utah.edu/anesthesiology/news/2026/05/lab-clinic-dr-norman-taylors-fibromyalgia-research-points-toward-new,200.0,2026-05-13T14:58:33+00:00,2026-05-05T08:00:00-06:00,2026-05-05T00:01:20-06:00,jsonld,og,
https://www.alz.org/alzheimers-dementia/10_signs,200.0,,,,,,
https://pmc.ncbi.nlm.nih.gov/articles/PMC10891029/,200.0,,,,,,
https://www.healthcentral.com/condition/psoriasis/mastering-the-psoriasis-treatment-equation,403.0,,,,,,
https://www.doctronic.ai/blog/covid-19-long-term-symptoms/,200.0,,2026-03-17T00:00:00,2026-04-30T00:00:00,jsonld,jsonld,
https://www.iasp-pain.org/publications/relief-news/article/fibromyalgia/,200.0,,2018-03-22T04:00:00+00:00,2021-11-02T21:24:45+00:00,jsonld,jsonld,
https://www.mayoclinic.org/diseases-conditions/psoriasis/diagnosis-treatment/drc-20355845,403.0,,,,,,
https://rethinkingclinicaltrials.org/news/april-2-2026-in-fm-tips-pragmatic-trial-adding-tens-to-physical-therapy-improved-fibromyalgia-pain/,200.0,,2026-04-02T08:00:25+00:00,2026-04-02T16:04:05+00:00,jsonld,jsonld,
https://www.alzinfo.org/understand-alzheimers/top-ten-signs-of-alzheimers/,406.0,2026-05-13T20:03:33+00:00,,,,,
https://www.fivensondermatology.com/blog/1334427-how-to-choose-the-right-psoriasis-treatment-for-your-skin-type/,200.0,,,,,,
https://alzheimer.ca/en/about-dementia/do-i-have-dementia/10-warning-signs-dementia,200.0,2026-05-13T20:03:34+00:00,,,,,
https://www.autoimmuneinstitute.org/covid_timeline/long-covid-treatment-trials-2026-recover-update/,200.0,,2026-02-09T12:25:13-05:00,2026-03-16T14:44:41-04:00,jsonld,jsonld,
https://en.wikipedia.org/wiki/HTTP_Strict_Transport_Security,200.0,2026-05-11T22:37:39+00:00,2009-11-19T10:01:10+00:00,2026-04-16T09:51:11+00:00,jsonld,jsonld,
https://https.cio.gov/hsts/,200.0,2021-05-05T14:16:59+00:00,,,,,
https://developer.mozilla.org/en-US/docs/Web/HTTP/Reference/Headers/Strict-Transport-Security,200.0,2026-05-13T01:29:01+00:00,2026-04-23T21:06:05+00:00,,time_tag,,
https://neo4j.com/blog/news/neo4j-offering/,200.0,,2025-04-02T15:00:00+00:00,2026-05-01T20:25:45+00:00,jsonld,jsonld,
https://jcadonline.com/psoriasis-april-2019/,200.0,2026-05-13T20:03:35+00:00,2019-04-01T00:00:00,2019-05-17T00:00:00,jsonld,jsonld,
https://www.geeksforgeeks.org/dbms/neo4j-introduction/,200.0,,2019-08-13T06:27:21,2025-07-12T03:04:31,jsonld,jsonld,
https://learn.microsoft.com/en-us/exchange/plan-and-deploy/post-installation-tasks/security-best-practices/configure-http-strict-transport-security-in-exchange-server,200.0,2025-05-09T17:33:43+00:00,,,,,
https://cloudfleet.ai/blog/cloud-native-how-to/2026-04-top-5-hybrid-kubernetes-platforms-2026/,200.0,,2026-04-03T10:00:00+00:00,2026-04-03T10:00:00+00:00,jsonld,jsonld,
https://www.samitivejhospitals.com/article/detail/symptoms-of-long-covid,200.0,,,,,,
https://roofright.com/the-most-popular-roofing-shingle-colors-in-2026/,200.0,,2025-11-10T10:59:41-05:00,2025-11-10T11:00:56-05:00,jsonld,jsonld,
https://developers.openai.com/api/docs/guides/model-selection,200.0,2026-05-13T16:13:14+00:00,,,,,
https://neo4j.com/top-ten-reasons/,200.0,,2015-03-25T12:45:07+00:00,2021-09-29T17:42:30+00:00,jsonld,jsonld,
https://medium.com/@Modexa/10-bun-workflows-that-turbocharge-full-stack-dev-c1ed0d129d32,200.0,,2025-10-01T01:33:24+00:00,2025-10-01T01:33:24+00:00,jsonld,jsonld,
https://medium.com/@vinoji2005/day-20-kubernetes-service-mesh-with-istio-09214c5a2917,200.0,,2024-06-25T17:06:29+00:00,2024-06-25T17:06:29+00:00,jsonld,jsonld,
https://www.reddit.com/r/kubernetes/comments/1q8373f/where_the_cloud_ecosystem_is_heading_in_2026_top/,200.0,,,,,,
https://vaccines4life.com/engage/saw2026/,200.0,,2026-02-17T12:22:27+00:00,2026-03-02T16:54:01+00:00,jsonld,jsonld,
https://snyk.io/blog/javascript-runtime-compare-node-deno-bun/,200.0,,2023-09-05T00:00:00-05:00,2023-09-05T00:00:00-05:00,jsonld,jsonld,
https://www.codecademy.com/learn/learn-websockets,200.0,,,,,,
https://www.solo.io/topics/openshift/openshift-service-mesh,200.0,2026-05-13T20:03:36+00:00,2025-06-26T21:11:23.481000+00:00,2025-05-26T10:09:58.546000+00:00,jsonld,jsonld,
https://www.parseable.com/blog/log-aggregation-tools,200.0,,2026-02-18T00:00:00,2026-04-15T00:00:00,jsonld,jsonld,
https://www.avatier.com/blog/oauth-explained-identity-governance/,200.0,,,,,,
https://www.groundcover.com/learn/logging/log-aggregation,200.0,2026-05-13T20:03:36+00:00,,,,,
https://medium.com/@seanhoyeonjin/websockets-for-beginners-e60c541bc00a,200.0,,2021-11-14T17:19:50+00:00,2021-11-14T17:19:50+00:00,jsonld,jsonld,
https://www.gartner.com/reviews/market/observability-platforms/compare/datadog-vs-grafana-labs,403.0,,,,,,
https://nurbak.com/en/blog/datadog-vs-grafana-vs-splunk/,200.0,,2026-03-30T00:00:00,2026-04-07T00:00:00,jsonld,jsonld,
https://www.siriusopensource.com/en-us/blog/true-cost-grafana,200.0,,,,,,
https://www.reddit.com/r/LangChain/comments/1olxptq/how_to_start_learning_langchain_and_langgraph_for/,200.0,,,,,,
https://bun.com/,200.0,2026-05-13T12:55:03+00:00,,,,,
https://www.mdpi.com/1999-5903/18/1/57,403.0,,,,,,
https://openid.net/news/,200.0,,2023-02-15T15:52:21-05:00,2025-02-20T05:54:50-05:00,jsonld,jsonld,
https://aembit.io/blog/oauth-2-1-guide-migration-security/,200.0,,2025-12-02T08:09:39+00:00,2026-03-16T20:02:32+00:00,og,og,
https://dev.to/pratikpathak/top-vector-databases-for-ai-agents-a-2026-developer-guide-436k,200.0,,2026-05-09T10:09:46+00:00,2026-05-09T10:09:46+00:00,jsonld,jsonld,
https://blog.bytebytego.com/p/a-guide-to-service-mesh-architectural,200.0,,2025-12-04T16:31:08+00:00,2025-12-04T16:31:08+00:00,jsonld,jsonld,
https://www.buoyant.io/self-paced-courses,200.0,2026-05-13T20:03:37+00:00,,,,,
https://sease.io/2024/09/neo4j-optimization-tips.html,200.0,2026-05-05T17:04:48+00:00,2024-09-13T13:08:00+00:00,,jsonld,,
https://neo4j.com/blog/developer/learning-neo4j-your-way/,200.0,,2023-08-08T01:10:00+00:00,2026-03-16T18:37:30+00:00,jsonld,jsonld,
https://dilipkumar.medium.com/mastering-service-mesh-a-deep-dive-into-istio-bec12f4517a5,200.0,,2026-03-29T14:20:29+00:00,2026-04-04T17:00:51+00:00,jsonld,jsonld,
https://www.cloudtoggle.com/blog-en/datadog-vs-grafana/,200.0,,2026-03-01T08:41:57+00:00,,jsonld,,
https://www.everlywell.com/blog/celiac-disease/hidden-symptoms-of-celiac-disease/,200.0,2026-05-12T19:01:09+00:00,,,,,
https://www.sixfivemedia.com/content/a-decade-of-aws-lambda-leading-the-future-of-serverless-computing,200.0,2026-05-13T20:03:38+00:00,,,,,
https://neo4j.com/docs/aura/tutorials/performance-improvements/,200.0,2026-05-11T08:32:47+00:00,,,,,
https://flowfuse.com/blog/2024/11/getting-the-most-out-of-mqtt-for-industrial-iot/,200.0,,2024-11-25T00:00:00+00:00,2025-07-23T00:00:00+00:00,jsonld,jsonld,
https://temporal.io/blog/aws-reinvent-2025-recap,200.0,2026-05-13T20:03:38+00:00,,,,,
https://medium.com/@yusufdataen/the-future-of-serverless-what-aws-lambda-will-look-like-in-2030-da1e738efccb,200.0,,2025-09-13T20:01:42+00:00,2025-09-13T20:01:42+00:00,jsonld,jsonld,
https://www.infoworld.com/javascript/,200.0,,,,,,
https://repost.aws/articles/ARAKARrW9ZSxedHGgOQU765A/re-invent-2025-what-s-new-with-aws-lambda,200.0,,2026-02-19T19:16:43.722000+00:00,2026-02-19T19:16:57.316000+00:00,jsonld,jsonld,
https://vaclaimsinsider.com/bdd-va-claim-explained/,200.0,,2025-05-28T11:13:01-05:00,2025-05-28T11:13:08-05:00,jsonld,jsonld,
https://javascriptweekly.com/latest,200.0,,,,,,
https://www.csoonline.com/article/4168568/13-new-critical-holes-in-javascript-sandbox-allow-execution-of-arbitrary-code.html,200.0,,2026-05-07T19:32:35-04:00,2026-05-08T14:45:46-04:00,jsonld,jsonld,
https://www.reddit.com/r/OpenAI/comments/16le9sb/what_are_people_using_the_openai_apis_for/,200.0,,,,,,
https://www.reddit.com/r/PrometheusMonitoring/comments/m3io6o/sizing_considerations_for_prometheus/,200.0,,,,,,
https://www.dash0.com/guides/prometheus-monitoring,200.0,,,2026-04-17T12:27:22+00:00,,jsonld,
https://ssojet.com/blog/saml-sso-how-it-works-guide,200.0,,2025-06-11T05:01:40+00:00,2025-06-11T05:01:40+00:00,jsonld,jsonld,
https://www.datacamp.com/tutorial/guide-to-openai-api-on-tutorial-best-practices,200.0,,2023-10-18T09:07:00+00:00,,jsonld,,
https://medium.com/@ibm_ptc_security/saml-security-fundamentals-and-penetration-testing-892145dde398,200.0,,2025-08-04T11:41:39+00:00,2025-08-04T11:41:39+00:00,jsonld,jsonld,
https://www.hivemq.com/blog/underutilized-mqtt-5-features-enhance-iot-data-flows/,200.0,,2024-11-12T00:00:00,2026-02-19T00:00:00,jsonld,jsonld,
https://victoriametrics.com/blog/prometheus-monitoring-metrics-counters-gauges-histogram-summaries/,200.0,2026-05-12T16:39:15+00:00,2025-02-21T00:00:00+00:00,2025-02-21T00:00:00+00:00,jsonld,jsonld,
https://blog.hubspot.com/website/what-is-open-ai-api,200.0,2024-10-31T18:52:54+00:00,2024-10-31T18:52:54+00:00,2024-10-31T18:52:54+00:00,jsonld,jsonld,
https://opensource.microsoft.com/blog/programming-language/javascript/,200.0,,2025-03-10T07:00:00-07:00,,time_tag,,
https://www.drugs.com/sfx/nac-side-effects.html,403.0,,,,,,
https://www.wyndly.com/blogs/learn/allergic-reaction-to-gnat-bites,200.0,,2025-02-26T18:48:36-07:00,2025-02-26T18:48:36-07:00,jsonld,jsonld,
https://veteransguide.org/va-disability/bdd-claim/,200.0,,2024-02-07T18:58:00+00:00,2026-04-27T14:19:08+00:00,jsonld,jsonld,
https://duendesoftware.com/learn/7-common-security-pitfalls-oauth-2-0-implementations,200.0,,2025-12-24T00:00:00,,time_tag,,
https://www.healthline.com/health/gnat-bites,200.0,,2019-11-06T17:10:18+00:00,2025-06-17T09:39:47+00:00,jsonld,jsonld,
https://portswigger.net/web-security/oauth,200.0,,,,,,
https://www.pubnub.com/blog/oauth-vs-oauth2-key-differences-and-when-to-use-each/,200.0,2026-05-12T19:46:42+00:00,2023-11-13T23:00:00+00:00,,jsonld,,
https://leanopstech.com/blog/aws-dynamodb-pricing-2026/,200.0,2026-05-13T20:03:41+00:00,2026-04-26T00:00:00+00:00,2026-04-26T00:00:00+00:00,jsonld,jsonld,
https://medium.com/securing/what-is-going-on-with-oauth-2-0-and-why-you-should-not-use-it-for-authentication-5f47597b2611,200.0,,2018-12-12T15:51:02+00:00,2020-11-10T08:15:07+00:00,jsonld,jsonld,
https://www.digitalinformationworld.com/2023/11/should-you-use-oauth-20-pros-and-cons.html,200.0,2026-05-13T10:43:19+00:00,2023-11-21T10:38:00+05:00,2023-11-21T10:59:56+05:00,jsonld,jsonld,
https://code.tutsplus.com/oauth-20-the-good-the-bad-the-ugly--net-33216a,200.0,2023-05-25T15:14:04+00:00,2013-07-12T23:08:53+00:00,,jsonld,,
https://bitwarden.com/resources/are-passkeys-safer-than-passwords/,200.0,,,,,,
https://www.dashlane.com/blog/what-is-a-passkey-and-how-does-it-work,200.0,,2024-02-28T11:00:00+00:00,2026-05-07T10:00:00+00:00,og,og,
https://www.fairwinds.com/blog/2026-kubernetes-playbook-ai-self-healing-clusters-growth,200.0,2026-05-07T02:41:14+00:00,,,,,
https://medium.com/@bhagyarana80/top-10-fastapi-mistakes-new-devs-make-cdc031d25e02,200.0,,2025-09-05T13:01:49+00:00,2025-09-05T13:01:49+00:00,jsonld,jsonld,
https://cloudfix.com/blog/dynamodb-standard-ia/,200.0,,2026-01-01T19:30:27+00:00,2026-01-07T18:26:35+00:00,jsonld,jsonld,
https://cprfirstaid.com.au/gnat-bites-and-risks-are-gnats-harmful-to-humans/,403.0,,,,,,
https://github.com/zhanymkanov/fastapi-best-practices,200.0,,,,,,
https://cloudburn.io/blog/amazon-dynamodb-pricing,200.0,,2026-02-13T19:00:00+01:00,2026-04-07T16:35:17+02:00,og,og,
https://www.appviewx.com/blogs/why-is-tls-1-3-better-and-safer-than-tls-1-2/,200.0,2026-05-13T07:19:09+00:00,2022-03-03T07:24:32+00:00,2025-12-09T06:10:46+00:00,jsonld,jsonld,
https://www.mobiloud.com/blog/what-is-a-service-worker,200.0,2026-05-13T20:03:42+00:00,,,,,
https://developer.mozilla.org/en-US/docs/Web/API/Service_Worker_API,200.0,2026-05-13T01:28:29+00:00,2026-03-08T23:23:17+00:00,,time_tag,,
https://portworx.com/blog/kubernetes-enterprise-adoption-trends/,200.0,,2026-03-20T20:01:54+00:00,2026-03-23T14:52:25+00:00,jsonld,jsonld,
https://python.plainenglish.io/8-fastapi-features-i-wish-i-knew-before-my-first-client-project-1aa0d1a86d67,200.0,,2026-01-16T05:55:50+00:00,2026-01-16T18:09:36+00:00,jsonld,jsonld,
https://dev.to/mukhilpadmanabhan/service-workers-revolutionizing-modern-web-apps-24pk,200.0,,2025-01-13T17:03:00+00:00,2025-01-13T17:03:00+00:00,jsonld,jsonld,
https://medium.com/@meiyee715/best-practices-for-api-key-safety-2025-edition-637ea613d34d,200.0,,2025-06-25T21:01:21+00:00,2025-06-25T21:01:21+00:00,jsonld,jsonld,
https://www.reddit.com/r/reactnative/comments/1n9o9wx/how_to_secure_openai_api_key_in_react_native/,200.0,,,,,,
https://zenvanriel.com/ai-engineer-blog/openai-api-best-practices/,200.0,2026-05-13T04:03:28+00:00,2026-05-13T04:02:06.057000+00:00,2026-05-13T04:02:06.057000+00:00,jsonld,jsonld,
https://ostridelabs.com/kubernetes-pros-cons-2026-fintech/,200.0,,2026-04-17T14:25:56+00:00,2026-04-28T12:02:17+00:00,jsonld,jsonld,
https://help.openai.com/en/articles/8304786-how-can-i-keep-my-openai-accounts-secure,200.0,,,,,,
https://milvus.io/ai-quick-reference/how-can-i-store-and-manage-openai-api-keys-securely,200.0,,,,,,
https://www.seaflux.tech/blogs/kubernetes-in-2026-when-to-use-kubernetes/,200.0,2026-05-13T13:43:26+00:00,,,,,
https://blog.pixelfreestudio.com/the-role-of-service-workers-in-web-performance/,200.0,,2024-07-17T12:00:54+00:00,2024-08-09T11:56:35+00:00,jsonld,jsonld,
https://www.reddit.com/r/MachineLearning/comments/n5f9u5/d_have_you_ever_faced_attacks_on_deep_learning/,200.0,,,,,,
https://help.openai.com/en/articles/5112595-best-practices-for-api-key-safety,200.0,,,,,,
https://dev.to/gursharansingh/rag-in-practice-part-6-rag-fine-tuning-or-long-context-36je,200.0,,2026-04-21T03:43:42+00:00,2026-04-24T03:38:45+00:00,jsonld,jsonld,
https://raghunitb.medium.com/rag-vs-plain-llm-why-retrieval-makes-answers-cheaper-fresher-and-traceable-2f28e6120f30,200.0,,2025-09-14T07:21:47+00:00,2025-09-14T15:54:11+00:00,jsonld,jsonld,
https://siliconangle.com/2024/04/23/openai-enhances-security-control-cost-management-enterprise-api-users/,200.0,,2024-04-23T20:17:18-04:00,2024-04-23T20:23:37-04:00,og,og,
https://systemdr.substack.com/p/cqrs-pattern-separating-reads-and,200.0,,2025-06-20T08:31:20+00:00,2025-06-20T08:31:20+00:00,jsonld,jsonld,
https://www.freecodecamp.org/news/service-workers-the-little-heroes-behind-progressive-web-apps-431cc22d0f16/,200.0,,2018-02-05T11:28:49+00:00,2024-08-13T13:07:24.621000+00:00,jsonld,jsonld,
https://nats.io/about/,200.0,,,,,,
https://redis.io/blog/rag-vs-large-context-window-ai-apps/,200.0,,2026-02-06T16:12:19+00:00,2026-02-06T16:14:38+00:00,jsonld,jsonld,
https://www.meilisearch.com/blog/rag-vs-long-context-llms,200.0,,2025-11-25T00:00:00+00:00,2025-11-25T00:00:00+00:00,jsonld,jsonld,
https://dev.to/_d7eb1c1703182e3ce1782/best-python-developer-tools-in-2026-ides-linters-testing-and-more-m2l,200.0,,2026-03-25T02:25:32+00:00,2026-03-25T02:25:32+00:00,jsonld,jsonld,
https://medium.com/the-pythonworld/my-entire-python-development-setup-in-2026-every-tool-listed-4f41561e82e6,200.0,,2026-04-03T09:06:18+00:00,2026-04-03T09:06:18+00:00,jsonld,jsonld,
https://www.meilisearch.com/blog/rag-vs-prompt-engineering,200.0,,2025-10-28T00:00:00+00:00,2025-10-28T00:00:00+00:00,jsonld,jsonld,
https://adamj.eu/tech/2022/10/15/how-to-rebase-stacked-git-branches/,200.0,2026-05-13T10:18:48+00:00,2022-10-15T00:00:00,,time_tag,,
https://www.confluent.io/learn/cqrs/,200.0,,,,,,
https://www.beyondidentity.com/resource/the-attacker-gave-claude-their-api-key-why-ai-agents-need-hardware-bound-identity,200.0,2026-05-13T20:03:45+00:00,2026-02-03T00:00:00,2026-02-03T00:00:00,jsonld,jsonld,
https://www.reddit.com/r/ClaudeCode/comments/1sd8t5u/anthropic_isnt_the_only_reason_youre_hitting/,200.0,,,,,,
https://thectoclub.com/tools/kubernetes-review/,403.0,,,,,,
https://www.index.dev/skill-vs-skill/backend-kafka-vs-rabbitmq-vs-nats,200.0,,,,,,
https://github.blog/open-source/git/highlights-from-git-2-48/,200.0,,2025-01-10T10:28:50-08:00,2025-01-15T19:49:57+00:00,jsonld,jsonld,
https://greennode.ai/blog/advantages-and-disadvantages-of-deep-learning,200.0,,,,,,
https://medium.com/@simbatmotsi/exploring-meilisearch-typesense-and-elasticsearch-my-journey-back-to-blogging-8ce608e93c71,200.0,,2024-09-12T08:35:25+00:00,2024-09-12T08:35:25+00:00,jsonld,jsonld,
https://iternal.ai/blockify-vector-databases,200.0,,,,,,
https://devops.com/security-flaws-in-anthropics-claude-code-risk-stolen-data-system-takeover/,200.0,,2026-02-26T14:36:01+00:00,2026-02-26T14:52:20+00:00,jsonld,jsonld,
https://www.jusdb.com/blog/elasticsearch-vs-typesense-vs-meilisearch,200.0,,2023-09-14T10:00:00+00:00,2026-05-11T04:43:18.798507+00:00,jsonld,jsonld,
https://medium.com/@shailendrasinghpatil/kafka-anti-patterns-common-pitfalls-and-how-to-avoid-them-833cdcf2df89,200.0,,2025-03-13T02:25:47+00:00,2025-03-13T02:25:47+00:00,jsonld,jsonld,
https://medium.com/@sanikapatil0213/spring-boot-4-will-change-everything-and-most-developers-arent-ready-2104d7b2eba1,200.0,,2025-12-07T13:00:24+00:00,2025-12-07T13:00:24+00:00,jsonld,jsonld,
https://www.baeldung.com/spring-boot-4-spring-framework-7,200.0,2026-05-10T04:07:48+00:00,2025-09-12T01:33:31+00:00,2026-03-04T08:34:02+00:00,jsonld,jsonld,
https://spring.io/projects/release-highlights/,200.0,,,,,,
https://oneuptime.com/blog/post/2026-03-31-mongodb-mongodb-vs-elasticsearch-search-and-storage/view,200.0,,2026-03-31T00:00:00+00:00,2026-03-31T00:00:00+00:00,jsonld,jsonld,
https://www.moderne.ai/blog/spring-boot-4-upgrade-insights,200.0,2026-05-13T20:03:47+00:00,,,,,
https://medium.com/@arnabgolder7/aws-api-gateway-timeout-heres-how-i-fixed-it-4d9875e197bc,200.0,,2025-12-29T08:47:05+00:00,2025-12-29T08:47:05+00:00,jsonld,jsonld,
https://www.codecademy.com/article/setup-deep-learning-environment,200.0,,,,,,
https://www.openlogic.com/blog/kafka-vulnerabilities-remediation-steps,200.0,2026-05-13T20:03:46+00:00,,,,,
https://www.knowi.com/blog/elasticsearch-or-opensearch-which-one-to-choose/,200.0,,2025-09-02T18:58:57+00:00,2026-04-24T18:56:08+00:00,jsonld,jsonld,
https://aws.plainenglish.io/why-your-api-gateway-is-slow-and-the-fix-nobody-talks-about-76f8ef2c9ff5,200.0,,2025-08-17T01:21:52+00:00,2025-08-17T01:21:52+00:00,jsonld,jsonld,
https://auth0.com/intro-to-iam/what-is-oauth-2,200.0,,,,,,
https://medium.com/the-modern-scientist/implementing-oauth-2-0-login-a-comprehensive-guide-2be417441fa6,200.0,,2024-08-07T12:54:46+00:00,2024-08-12T13:55:03+00:00,jsonld,jsonld,
https://www.gravitee.io/blog/how-long-does-it-take-to-implement-an-api-gateway-solution,200.0,2026-05-12T21:40:14+00:00,2025-07-18T10:17:12+00:00,2025-08-07T08:57:42.082000+00:00,jsonld,jsonld,
https://tuxcare.com/blog/apache-kafka-security/,200.0,,2025-08-22T12:32:58+00:00,2025-12-30T21:31:52+00:00,jsonld,jsonld,
https://developers.google.com/identity/protocols/oauth2,200.0,2026-04-03T18:30:23+00:00,,,,,
https://www.mdpi.com/2076-3417/16/6/2971,403.0,,,,,,
https://en.wikipedia.org/wiki/Amazon_DynamoDB,200.0,2026-05-11T22:44:07+00:00,2012-01-21T17:18:28+00:00,2025-11-28T00:06:07+00:00,jsonld,jsonld,
https://www.redhat.com/en/blog/3-common-challenges-using-apache-kafka,200.0,,2021-12-09T21:23:55+00:00,2025-12-09T20:14:06+00:00,jsonld,jsonld,
https://www.anthropic.com/engineering/april-23-postmortem,200.0,,,,,,
https://www.reddit.com/r/flask/comments/49od6a/ask_flask_tips_and_tricks_every_flask_user_should/,200.0,,,,,,
https://aws.amazon.com/dynamodb/features/,200.0,2026-04-29T18:29:07+00:00,,,,,
https://ieeexplore.ieee.org/document/10163103/,200.0,,,,,,
https://aaronparecki.com/oauth-2-simplified/,200.0,,2026-12-28T00:00:00,,time_tag,,
https://medium.com/swlh/architecture-of-amazons-dynamodb-and-why-its-performance-is-so-high-31d4274c3129,200.0,,2020-08-12T02:41:04+00:00,2020-08-24T06:42:52+00:00,jsonld,jsonld,
https://medium.com/@priyansu011/10-tips-every-flask-developer-should-know-3b0b70ce8750,200.0,,2025-04-01T09:07:21+00:00,2025-04-01T09:07:21+00:00,jsonld,jsonld,
https://docs.apigee.com/api-platform/security/oauth/oauth-introduction,200.0,2026-02-02T16:18:40+00:00,,,,,
https://www.scylladb.com/learn/dynamodb/introduction-to-dynamodb/,200.0,2026-05-01T14:35:30+00:00,2025-01-13T12:57:45+00:00,2026-05-01T21:35:30+00:00,jsonld,jsonld,
https://learn.microsoft.com/en-us/windows/dev-environment/javascript/nodejs-on-windows,200.0,2026-01-07T05:01:51+00:00,,,,,
https://dev.to/igahsamuel/nodejs-understanding-the-difference-between-current-and-lts-versions-2dek,200.0,,2024-06-27T15:12:56+00:00,2024-06-27T15:19:12+00:00,jsonld,jsonld,
https://www.silicondata.com/use-cases/anthropic-claude-api-pricing-2026/,200.0,2026-05-13T10:31:51+00:00,2026-03-12T00:00:00+00:00,,time_tag,,
https://medium.com/@SanmarkSolutions/10-reasons-to-choose-nodejs-for-your-next-web-development-project-b9742a2273f2,200.0,,2023-11-04T08:16:58+00:00,2023-11-04T08:16:58+00:00,jsonld,jsonld,
https://escape.tech/blog/best-practices-protect-flask-applications/,200.0,,2024-01-09T15:25:10+00:00,2025-04-14T16:04:43+00:00,jsonld,jsonld,
https://dev.to/rahuls24/essential-jwt-security-best-practices-for-developers-7k5,200.0,,2025-09-27T01:23:12+00:00,2025-09-27T01:23:12+00:00,jsonld,jsonld,
https://pecollective.com/tools/anthropic-api-pricing/,200.0,2026-04-30T22:15:12+00:00,,,,,
https://www.tandfonline.com/doi/abs/10.1080/15391523.2014.888272,403.0,,,,,,
https://www.geeksforgeeks.org/node-js/difference-between-lts-and-stable-version-of-node-js/,200.0,,2022-12-08T12:30:34,2025-07-23T03:44:49,jsonld,jsonld,
https://tsh.io/blog/why-use-nodejs,200.0,,2023-06-13T00:00:00,,jsonld,,
https://www.vonage.com/resources/articles/jwt-authentication-explained/,403.0,,,,,,
https://arxiv.org/abs/2505.08119,200.0,2025-05-14T00:12:50+00:00,,,,,
https://www.finout.io/blog/claude-pricing-in-2026-for-individuals-organizations-and-developers,200.0,2026-05-11T10:30:32+00:00,2026-04-10T15:34:19,2026-05-05T13:18:51,jsonld,jsonld,
https://dev.to/pipipi-dev/vercel-optimization-reducing-build-time-and-improving-response-2eji,200.0,,2025-12-13T04:32:42+00:00,2025-12-25T03:26:08+00:00,jsonld,jsonld,
https://www.levo.ai/resources/blogs/jwt-token-security-best-practices,200.0,2026-05-13T20:03:51+00:00,,,,,
https://auth0.com/blog/a-look-at-the-latest-draft-for-jwt-bcp/,200.0,,2018-04-11T12:30:00,2018-04-11T12:30:00,jsonld,jsonld,
https://dev.to/mechcloud_academy/the-gitops-standard-in-2026-a-comparative-research-analysis-of-argocd-and-fluxcd-46d8,200.0,,2026-03-06T17:25:40+00:00,2026-03-06T18:22:18+00:00,jsonld,jsonld,
https://bigdataboutique.com/blog/fine-tuning-llms-when-rag-isnt-enough,200.0,,2026-05-10T08:00:00+00:00,2026-05-10T08:00:00+00:00,jsonld,jsonld,
https://wbassler23.medium.com/getting-started-with-prometheus-pt-1-8f95eef417ed,200.0,,2018-07-21T00:06:30+00:00,2019-03-25T18:39:47+00:00,jsonld,jsonld,
https://prometheus.io/docs/prometheus/latest/getting_started/,200.0,,,,,,
https://medium.com/@ntiinsd/ssl-tls-and-https-explained-the-clear-no-nonsense-guide-you-actually-need-in-2026-026a66bd5018,200.0,,2026-01-25T14:32:01+00:00,2026-01-25T14:32:01+00:00,jsonld,jsonld,
https://www.statsig.com/perspectives/enhancing-edge-performance-with-vercel-and-statsig,200.0,,2025-01-19T00:00:00,2025-01-22T18:42:36.590000+00:00,jsonld,jsonld,
https://www.refontelearning.com/blog/how-to-learn-prometheus-and-grafana-for-beginners,200.0,,,,,,
https://blog.cloudflare.com/automatically-secure/,200.0,,2025-09-24T14:00:00+00:00,2026-03-13T18:28:14.401000+00:00,og,og,
https://gcore.com/learning/what-is-tls-1-3,200.0,2026-05-08T18:06:03+00:00,2025-11-26T00:32:14.693000+00:00,2025-11-26T07:04:31.186000+00:00,jsonld,jsonld,
https://www.sentinelone.com/blog/prometheus-tutorial-detailed-guide-to-getting-started/,200.0,,2019-11-05T13:52:46+00:00,2022-10-27T20:44:30+00:00,jsonld,jsonld,
https://www.pingcap.com/blog/reducing-latency-by-80-with-edge-functions-tidb-serverless/,200.0,,2023-12-06T09:12:34+00:00,2024-03-18T14:00:03+00:00,jsonld,jsonld,
https://pmc.ncbi.nlm.nih.gov/articles/PMC12667511/,200.0,,,,,,
https://cloud.google.com/blog/topics/google-cloud-next/welcome-to-google-cloud-next26,200.0,,2026-04-22T00:00:00,,jsonld,,
https://www.infoq.com/news/2026/03/fosdem-webtransport-vs-websocket/,200.0,2026-05-13T20:03:52+00:00,2026-03-29T20:53:00+00:00,2026-03-29T20:53:00+00:00,jsonld,jsonld,
https://vldb.org/cidrdb/2024/motherduck-duckdb-in-the-cloud-and-in-the-client.html,200.0,,,,,,
https://www.reddit.com/r/AISEOInsider/comments/1qvu1nk/google_gemini_new_features_2026_the_update_that/,200.0,,,,,,
https://www.reddit.com/r/GeminiAI/comments/1s9lyty/gemini_in_2026_where_it_actually_wins_and_where/,200.0,,,,,,
https://findskill.ai/blog/gemini-api-pricing-guide/,200.0,,2026-04-03T00:00:00,2026-04-21T00:00:00,jsonld,jsonld,
https://reintech.io/blog/kubernetes-service-mesh-comparison-2026-istio-linkerd-cilium,200.0,,2026-02-19T08:00:23.942000+00:00,2026-04-12T07:00:24.072000+00:00,jsonld,jsonld,
https://thenewstack.io/microsoft-wants-to-make-service-mesh-invisible/,200.0,2026-05-08T17:09:01+00:00,2026-04-08T17:11:05+00:00,2026-04-08T17:17:04+00:00,jsonld,jsonld,
https://codilime.com/blog/why-service-mesh/,200.0,,2023-06-20T10:22:44.589000+00:00,,jsonld,,
https://www.spurnow.com/en/blogs/how-does-gemini-ai-work,200.0,,2025-12-13T13:18:38.794523+00:00,2025-12-25T00:13:52.793000+00:00,jsonld,jsonld,
https://spin.ai/blog/an-introduction-to-oauth-2-0-working-principles-and-risks/,200.0,2026-05-13T15:07:21+00:00,2022-12-29T18:10:00+02:00,2023-02-07T19:46:00+02:00,jsonld,jsonld,
https://medium.com/@shael.01gaurav/http-strict-transport-security-hsts-a-must-have-for-web-security-75a2a5a62e38,200.0,,2025-05-21T12:11:49+00:00,2025-05-21T12:30:59+00:00,jsonld,jsonld,
https://expertperspectives.com/choosing-topical-treatments-for-plaque-psoriasis-patient-preferences/,,,,,,,"HTTPSConnectionPool(host='expertperspectives.com', port=443): Read timed out. (read timeout=20)"
https://medium.com/@orlando1409/beyond-kubernetes-platform-engineering-trends-for-2026-8f82e09e27e0,200.0,,2026-01-01T00:00:36+00:00,2026-01-02T14:54:38+00:00,jsonld,jsonld,
https://medium.com/@inprogrammer/fastapi-vs-flask-vs-django-which-to-choose-in-2026-c51b243174b5,200.0,,2026-01-15T06:23:54+00:00,2026-02-05T11:13:21+00:00,jsonld,jsonld,
https://puffersoft.com/do-you-really-need-a-service-mesh-in-kubernetes-environment/,200.0,,2025-09-12T20:05:14+00:00,2025-09-12T20:05:16+00:00,jsonld,jsonld,
https://victoriametrics.com/blog/alerting-recording-rules-alertmanager/,200.0,2026-05-13T15:38:02+00:00,2025-03-18T00:00:00+00:00,2025-03-18T00:00:00+00:00,jsonld,jsonld,
https://oneuptime.com/blog/post/2026-01-30-prometheus-alert-rule-design/view,200.0,,2026-01-30T00:00:00+00:00,2026-01-30T00:00:00+00:00,jsonld,jsonld,
https://medium.com/@junnexclusive/monitoring-alerting-prometheus-grafana-alertmanager-c38a903ce405,200.0,,2025-04-08T16:47:30+00:00,2025-04-08T16:47:30+00:00,jsonld,jsonld,
https://cloudnativenow.com/contributed-content/why-service-mesh-is-poised-for-a-dramatic-comeback-in-2026/,200.0,,2026-03-05T12:13:15+00:00,,jsonld,,
https://nabcoit.com/ssl-security-is-essential-for-protecting-cyber/,200.0,,2024-08-24T05:38:03+03:00,2026-01-21T16:25:14+03:00,og,og,
https://greekmythologytours.com/blog/greek-mythology/the-enigmatic-prometheus,200.0,2024-02-16T12:05:37+00:00,,,,,
https://python.plainenglish.io/why-we-choose-flask-in-2026-207b70849efc,200.0,,2026-02-08T07:37:18+00:00,2026-02-08T07:37:18+00:00,jsonld,jsonld,
https://securew2.com/blog/tls-explained,403.0,,,,,,
https://prometheus.io/docs/prometheus/latest/configuration/alerting_rules/,200.0,,,,,,
https://docs.sysdig.com/en/sysdig-monitor/prometheus-alerts/,200.0,2026-05-13T15:41:18+00:00,,,,,
https://www.britannica.com/topic/Prometheus-Greek-god,200.0,,1998-07-20T00:00:00+00:00,,jsonld,,
https://www.geeksforgeeks.org/advance-java/spring-boot/,200.0,,2023-05-08T03:15:47,2026-05-09T03:03:29,jsonld,jsonld,
https://raisingchildren.net.au/guides/movie-reviews/prometheus,403.0,,,,,,
https://machinelearningmastery.com/introduction-to-small-language-models-the-complete-guide-for-2026/,200.0,2026-05-13T03:12:11+00:00,2026-02-24T11:00:36+00:00,,jsonld,,
https://techsy.io/en/blog/best-llm-fine-tuning-tools,200.0,,2026-03-18T00:00:00+00:00,2026-05-12T00:00:00+00:00,jsonld,jsonld,
https://spring.io/quickstart/,200.0,,,,,,
https://www.codingshuttle.com/spring-boot-handbook/spring-boot-tutorial-a-comprehensive-guide-for-beginners,200.0,2026-05-12T07:20:47+00:00,2025-01-31T10:20:34.531000+00:00,,og,,
https://study.com/academy/lesson/who-was-the-god-prometheus-mythology-lesson-quiz.html,200.0,,,,,,
https://developers.openai.com/api/docs/guides/production-best-practices,200.0,2026-05-13T15:24:58+00:00,,,,,
https://www.reddit.com/r/LocalLLM/comments/1rkqwmu/how_to_finetune_llms_in_2026/,200.0,,,,,,
https://www.dchost.com/blog/en/updates-to-tls-1-3-standards-and-what-they-mean-for-your-servers/,200.0,,2025-11-21T18:06:33+03:00,2025-11-21T18:06:33+03:00,jsonld,jsonld,
https://thirdeyedata.ai/data-ai-industry-insights/a-complete-guide-to-the-openai-api-step-by-step-guide-for-2024-25,200.0,2026-05-13T20:03:57+00:00,,,,,
https://www.secondtalent.com/resources/top-platforms-to-fine-tune-open-source-llms/,200.0,,2026-01-02T17:56:38+08:00,2026-05-12T13:47:39+08:00,jsonld,jsonld,
https://www.redpanda.com/guides/kafka-performance-kafka-performance-tuning,200.0,2026-05-13T20:03:57+00:00,2025-12-08T00:00:00,2025-12-08T00:00:00,jsonld,jsonld,
https://github.com/orgs/community/discussions/180221,200.0,,,,,,
https://petapixel.com/2026/04/17/8-astrophotography-lessons-the-beginner-guides-leave-out/,200.0,2026-04-20T08:42:56+00:00,2026-04-17T21:19:11+00:00,2026-04-20T15:42:56+00:00,jsonld,jsonld,
https://dev.to/cookieduster_n/seo-for-astro-how-to-make-the-fastest-framework-also-the-smartest-501o,200.0,,2025-10-16T13:54:49+00:00,2025-10-16T13:54:49+00:00,jsonld,jsonld,
https://www.conduktor.io/glossary/kafka-performance-tuning-guide,200.0,2026-05-13T20:03:58+00:00,2026-05-06T00:00:00,2026-05-06T00:00:00,jsonld,jsonld,
https://born.mt/insights/astro-framework-guide/,200.0,,2025-12-12T00:00:00,2025-12-12T00:00:00,jsonld,jsonld,
https://www.nomadasaurus.com/astrophotography-settings-tips/,200.0,2026-05-13T20:03:58+00:00,2026-01-09T13:07:20+10:00,2026-01-12T12:07:43+10:00,jsonld,jsonld,
https://www.livescience.com/technology/astrophotography-settings-101-a-step-by-step-guide-to-nailing-your-shot,200.0,2026-05-10T14:45:21+00:00,2025-09-04T14:00:00+00:00,2025-09-04T14:00:00+00:00,jsonld,jsonld,
https://oneuptime.com/blog/post/2026-02-26-argocd-best-practices-security-hardening/view,200.0,,2026-02-26T00:00:00+00:00,2026-02-26T00:00:00+00:00,jsonld,jsonld,
https://medium.com/@nemagan/optimizing-kafka-performance-tips-for-tuning-and-scaling-kafka-clusters-ebc08153c661,200.0,,2025-03-18T05:31:23+00:00,2025-03-18T05:31:23+00:00,jsonld,jsonld,
https://joost.blog/astro-seo-complete-guide/,200.0,2026-05-13T20:03:58+00:00,2026-04-12T00:00:00+00:00,2026-05-13T19:33:36+00:00,jsonld,jsonld,
https://octopus.com/devops/argo-cd/argo-security/,200.0,2026-05-13T14:10:30+00:00,,,,,
https://arxiv.org/abs/2511.11399,200.0,2026-01-22T01:27:57+00:00,,,,,
https://neciudan.dev/astro-seo-checklist-2026,200.0,,2026-04-25T00:00:00+00:00,2026-04-25T00:00:00+00:00,jsonld,jsonld,
https://www.jessops.com/c/advice/our-photography-blog/a-beginners-guide-to-astrophotography,200.0,,,,,,
https://medium.com/exness-blog/securing-continuous-delivery-argo-cd-threat-detection-6296f97c9197,200.0,,2024-10-17T15:04:38+00:00,2024-10-17T15:26:36+00:00,jsonld,jsonld,
https://www.mdpi.com/2076-3417/13/9/5770,403.0,,,,,,
https://academic.oup.com/dsh/article/41/Supplement_1/i3/8213722,403.0,,,,,,
https://digitalcommons.kennesaw.edu/cday/Fall_2024/PhD_Research/6/,200.0,,,,,,
https://www.sentinelone.com/blog/aws-lambda-use-cases/,200.0,,2020-07-15T17:45:21+00:00,2022-10-27T19:43:08+00:00,jsonld,jsonld,
https://ieeexplore.ieee.org/document/10989349/,200.0,,,,,,
https://www.serverless.com/aws-lambda,200.0,,,2026-03-30T00:00:00,,jsonld,
https://www.logicata.com/blog/aws-lambda-use-cases/,200.0,2026-05-12T15:59:16+00:00,2023-05-30T00:00:00+00:00,2026-02-23T00:00:00+00:00,jsonld,jsonld,
https://developers.cloudflare.com/workers/reference/how-workers-works/,200.0,,2026-04-23T17:53:52+00:00,,time_tag,,
https://grafana.com/blog/opentelemetry-best-practices-a-users-guide-to-getting-started-with-opentelemetry/,200.0,,2023-12-19T00:00:00,,jsonld,,
https://intuitionlabs.ai/articles/ai-api-pricing-comparison-grok-gemini-openai-claude,200.0,,2025-12-03T06:59:00+00:00,2026-05-11T06:03:08.636000+00:00,jsonld,jsonld,
https://pecollective.com/tools/best-ai-api-providers/,200.0,2026-04-30T22:15:12+00:00,,,,,
https://culturalanalytics.org/article/id/1027/,200.0,,2026-04-16T00:00:00,,dc,,
https://www.kay-rottmann.de/en/blog/chatgpt-vs-claude-vs-gemini-2026/,200.0,2026-04-10T21:01:03+00:00,2026-04-10T00:00:00+00:00,2026-04-10T00:00:00+00:00,jsonld,jsonld,
https://www.reddit.com/r/artificial/comments/1qo7psc/what_are_your_top_llm_picks_in_2026_and_why/,200.0,,,,,,
https://www.reddit.com/r/OpenAI/comments/1j91vbx/openai_launches_new_tools_apis_for_building/,200.0,,,,,,
https://certainly.io/blog/llm-providers-comparison-2026,200.0,,,,,,
https://developers.openai.com/api/docs/changelog,200.0,2026-05-13T15:04:29+00:00,,,,,
https://medium.com/@anyapi.ai/claude-api-vs-chatgpt-api-vs-gemini-api-which-ai-api-is-best-for-your-project-dbaf2feaee76,200.0,,2026-01-11T15:04:55+00:00,2026-01-11T15:04:55+00:00,jsonld,jsonld,
https://mem0.ai/blog/llm-api-cost-breakdown-claude-gemini-openai-compared,200.0,2026-05-13T17:25:10+00:00,2026-04-20T00:00:00+00:00,2026-04-20T11:26:45.298000+00:00,jsonld,jsonld,
https://openai.com/research/index/release/,200.0,,2026-05-07T10:00:00,,time_tag,,
https://cheatsheetseries.owasp.org/cheatsheets/JSON_Web_Token_for_Java_Cheat_Sheet.html,200.0,2026-05-13T13:28:49+00:00,,,,,
https://www.wiz.io/academy/container-security/top-docker-alternatives,200.0,,2026-02-26T10:47:07-05:00,2026-02-26T10:47:07-05:00,jsonld,jsonld,
https://medium.com/@naresh3.nani/jwt-best-practices-for-secure-jwt-implementation-824397787752,200.0,,2024-10-09T09:17:48+00:00,2024-10-09T09:17:48+00:00,jsonld,jsonld,
https://byteiota.com/astro-zero-javascript-framework/,200.0,,2026-04-07T02:44:58+00:00,2026-04-07T02:44:58+05:30,jsonld,jsonld,
https://bindplane.com/blog/opentelemetry-tips-every-devops-engineer-should-know,200.0,,2024-10-11T14:56:24.996000+00:00,,time_tag,,
https://www.reddit.com/r/node/comments/1ad9i9p/jwt_auth_best_practices/,200.0,,,,,,
https://snyk.io/blog/top-3-security-best-practices-for-handling-jwts/,200.0,,2023-12-18T14:00:00-05:00,2023-12-18T14:00:00-05:00,jsonld,jsonld,
https://sfailabs.com/guides/how-to-get-google-gemini-api-key,200.0,2026-05-13T12:30:49+00:00,2026-04-01T00:00:00,2026-04-01T00:00:00,jsonld,jsonld,
https://www.apideck.com/blog/how-to-get-your-gemini-api-key,200.0,,2025-09-11T18:01:00+03:00,2026-05-06T07:55:13.380000+00:00,jsonld,jsonld,
https://istio.io/latest/about/service-mesh/,200.0,,,,,,
https://blog.stackademic.com/whats-new-in-openai-api-the-hidden-features-99-haven-t-explored-yet-6ccdbf965abc,200.0,,2025-03-19T08:02:39+00:00,2025-03-23T22:01:20+00:00,jsonld,jsonld,
https://oneuptime.com/blog/post/2025-12-15-what-is-istio-in-kubernetes-and-why-do-we-need-it/view,200.0,,2025-12-15T00:00:00+00:00,2025-12-15T00:00:00+00:00,jsonld,jsonld,
https://oneuptime.com/blog/post/2026-02-24-how-to-diagnose-slow-response-times-with-istio/view,200.0,,2026-02-24T00:00:00+00:00,2026-02-24T00:00:00+00:00,jsonld,jsonld,
https://istio.io/latest/docs/tasks/traffic-management/request-timeouts/,200.0,,,,,,
https://www.schwab.com/learn/story/guide-on-taking-social-security,200.0,,,,,,
https://www.radware.com/cyberpedia/application-security/jwt-authentication/,200.0,,2026-03-13T14:42:55+00:00,2026-03-16T16:15:28+00:00,jsonld,jsonld,
https://www.aarp.org/social-security/retirement/basics/,200.0,,2025-04-16T16:04:00+00:00,2026-01-12T22:01:00+00:00,jsonld,jsonld,
https://www.fidelity.com/learning-center/smart-money/what-is-a-robo-advisor,403.0,,,,,,
https://vercel.com/blog/edge-functions-generally-available,200.0,,2022-12-15T00:00:00,,time_tag,,
https://github.com/istio/istio/issues/51160,200.0,,2024-05-20T22:54:12+00:00,,jsonld,,
https://www.lpl.com/join-lpl/why-choose-lpl/news-and-insights/financial-advisors-tax-planning.html,403.0,,,,,,
https://www.schwab.com/learn/story/reduce-emotional-trading-with-robo-advisors,200.0,,,,,,
https://www.jessicalynginsurance.com/blog/personal-umbrella-insurance-protect-your-2026-future,200.0,,2026-04-23T03:43:00-05:00,2026-05-03T03:47:55-05:00,jsonld,jsonld,
https://www.parkshorewealth.com/blog/changing-financial-advisors-what-you-need-to-know-about-taxes,200.0,,2024-04-15T08:00:00-07:00,2024-04-22T11:08:17-07:00,jsonld,jsonld,
https://www.usa.gov/what-is-social-security,200.0,2026-05-13T14:27:21+00:00,,,,,
https://www.bankrate.com/mortgages/how-does-refinancing-a-mortgage-work/,200.0,,2021-12-21T05:00:00+00:00,2026-01-21T18:25:30+00:00,jsonld,jsonld,
https://www.bankrate.com/investing/financial-advisors/what-is-a-fiduciary/,200.0,,2022-06-03T04:00:00+00:00,2025-05-19T18:26:42+00:00,jsonld,jsonld,
https://web.dev/blog/bbc-hsts,200.0,2022-07-25T07:00:00+00:00,,2022-07-25T00:00:00,,jsonld,
https://www.intersystems.com/resources/rag-vs-fine-tuning-vs-prompt-engineering-everything-you-need-to-know/,,,,,,,"HTTPSConnectionPool(host='www.intersystems.com', port=443): Read timed out. (read timeout=20)"
https://www.investor.gov/introduction-investing/investing-basics/glossary/robo-adviser,200.0,,,,,,
https://www.rocketmortgage.com/learn/should-i-refinance,403.0,,,,,,
https://www.centralbank.net/learning-center/budget-and-save/finance-101/can-you-get-a-tax-deduction-for-financial-advisory-fees/,200.0,,,,,,
https://uagria.com/fee-only-fiduciary-advisor/,200.0,2026-05-13T20:04:05+00:00,2025-07-02T20:51:12+00:00,2025-07-02T20:51:12+00:00,jsonld,jsonld,
https://www.reddit.com/r/financialindependence/comments/1m0jgvo/flat_fee_only_financial_advisors_how_do_i/,200.0,,,,,,
https://www.morningstar.com/personal-finance/are-robo-advisors-still-worth-it,200.0,,2025-05-02T00:00:00,,time_tag,,
https://www.reddit.com/r/Insurance/comments/1ps1ktr/whole_life_insurance_2026_which_policies_actually/,200.0,,,,,,
https://insights.bbrown.com/markettrends/personal-insurance/umbrella-excess-liability,200.0,,,,,,
https://intelligentinvestingllc.com/2025/08/14/fee-only-financial-planning-faq-complete-guide/,403.0,,,,,,
https://bondvigilantes.com/blog/2026/05/a-braive-new-world-for-high-yield/,200.0,,2026-05-07T13:37:28+00:00,2026-05-07T13:37:34+00:00,jsonld,jsonld,
https://moneyguy.com/article/a-guide-to-working-with-a-fee-only-financial-advisor/,200.0,,2023-03-09T12:00:57-05:00,2026-01-15T20:13:54-05:00,jsonld,jsonld,
https://toofer.com/blog/umbrella-insurance-myths-debunked-2026/,200.0,2026-05-13T20:04:06+00:00,2026-05-01T22:51:01+00:00,2026-05-04T13:25:39+00:00,jsonld,jsonld,
https://www.rocketmortgage.com/learn/types-of-va-loans,403.0,,,,,,
https://www.va.gov/housing-assistance/home-loans/loan-types/,200.0,,2025-03-19T00:00:00,,time_tag,,
https://www.schwab.com/learn/story/bond-market-2026-what-could-go-wrong,200.0,,,,,,
https://www.freedommortgage.com/learn/mortgages/types-of-va-loans,200.0,,2026-02-18T18:30:50+00:00,2026-01-30T00:00:00,jsonld,jsonld,
https://www.thefederalsavingsbank.com/Blog/types-of-va-loans-and-their-advantages-whats-right-for-you/,200.0,,2025-03-19T10:00:45+00:00,,og,,
https://www.bostonifi.com/resources/blog/comprehensive-cfp-exam-guide,200.0,2026-05-12T15:44:21+00:00,2025-08-18T04:15:00+00:00,2026-02-23T20:34:38.565000+00:00,jsonld,jsonld,
https://verdence.com/insight/what-is-a-fiduciary-financial-advisor/,200.0,,2025-09-15T11:04:58+00:00,2025-09-26T17:31:47+00:00,jsonld,jsonld,
https://dalton-education.com/article/your-cfp-exam-day-performance-program,200.0,,,,,,
https://advisors.vanguard.com/insights/article/series/active-fixed-income-perspectives,200.0,,,,,,
https://www.rasmussen.edu/degrees/business/blog/how-to-become-a-fiduciary-financial-advisor/,200.0,,2025-10-23T01:00:00+00:00,2025-10-23T15:38:39+00:00,jsonld,jsonld,
https://sandstoneins.com/blog/life-insurance-in-2026-types-coverage-and-how-to-choose-the-right-policy/,200.0,,2026-05-01T15:52:50+00:00,2026-05-01T16:13:56+00:00,jsonld,jsonld,
https://www.thezebra.com/resources/home/renters-insurance-trends/,403.0,,,,,,
https://www.lemonade.com/renters/explained/what-is-renters-insurance-and-whats-covered/,200.0,,2022-01-02T14:34:47+00:00,2026-04-28T13:28:10+00:00,jsonld,jsonld,
https://www.fidelity.com/news/article/default/202605121000PRIMZONEFULLFEED9715766,403.0,,,,,,
https://www.chase.com/personal/investments/learning-and-insights/article/new-529-plan-rules-2026,200.0,,2026-01-21T00:00:00,,jsonld,,
https://www.kaplanfinancial.com/resources/getting-started/how-to-pass-the-cfp-exam,200.0,,2026-03-11T00:00:00+00:00,,og,,
https://www.experian.com/blogs/ask-experian/fiduciary-vs-financial-advisor/,200.0,2026-05-13T18:58:43+00:00,2025-06-16T00:00:00,2025-06-16T00:00:00,jsonld,jsonld,
https://www.reddit.com/r/traumatoolbox/comments/ry314a/10_warning_signs_you_have_a_trauma_bond/,200.0,,,,,,
https://www.investing.com/academy/stock-picks/top-ten-2026-stocks/,200.0,,2025-12-18T16:46:33+00:00,2026-04-28T10:17:42+00:00,jsonld,jsonld,
https://www.forbes.com/advisor/homeowners-insurance/best-renters-insurance/,403.0,,,,,,
https://evolvetherapygroup.com/are-you-experiencing-a-trauma-bond-5-important-signs-to-watch-for/,200.0,2026-05-13T15:22:07+00:00,2024-05-20T05:57:30-04:00,2024-08-29T14:00:32-04:00,jsonld,jsonld,
https://www.schwab.com/learn/story/how-to-freeze-credit-score,200.0,,,,,,
https://www.aura.com/learn/credit-lock-vs-credit-freeze,200.0,2026-05-13T20:04:09+00:00,2023-01-27T00:00:00+00:00,2023-01-27T00:00:00+00:00,jsonld,jsonld,
https://www.barchart.com/story/news/1803017/top-renters-insurance-provider-lemonade-announces-launch-of-renters-insurance-in-new-hampshire,200.0,2026-05-08T14:00:00+00:00,2026-05-08T09:00:00-05:00,2026-05-08T09:00:00-05:00,jsonld,jsonld,
https://www.empower.com/the-currency/money/what-is-fiduciary-advisor,200.0,2026-05-13T20:04:08+00:00,,,,,
https://www.bankrate.com/investing/best-performing-stocks/,200.0,,,,,,
https://consumer.ftc.gov/articles/credit-freezes-and-fraud-alerts,200.0,2026-05-13T20:00:50+00:00,2021-05-04T18:02:57-04:00,2025-09-30T16:26:09-04:00,og,og,
https://aspenviewmh.com/10-signs-of-trauma-bonding/,200.0,2026-05-13T20:04:09+00:00,2025-09-19T23:43:00+00:00,2026-01-30T22:29:48+00:00,jsonld,jsonld,
https://brewsterphd.com/10-signs-of-trauma-bonding/,200.0,,2026-02-10T17:21:38+00:00,,jsonld,,
https://www.reddit.com/r/financialindependence/comments/11owz5a/when_should_someone_have_a_fiduciary_financial/,200.0,,,,,,
https://www.fieldandmain.com/blog/what-is-a-fiduciary-financial-advisor-and-why-do-you-need-one/,200.0,,2021-03-29T20:13:52+00:00,2025-05-16T17:50:10+00:00,og,og,
https://daviscapitalsite.com/why-every-investor-needs-a-fiduciary-advisor-in-2026/,403.0,,,,,,
https://datalign.com/blog/ask-better-questions-financial-advisor-vs-fiduciary-advisor,200.0,2026-05-13T18:17:49+00:00,2026-01-09T00:00:00+00:00,,time_tag,,
https://www.regions.com/insights/personal/article/7-powerful-benefits-of-529-plans,200.0,,,,,,
https://www.emboldcu.org/blog/announcements/how-to-freeze-your-credit-and-why-its-a-smart-move/,200.0,,2024-10-21T18:57:38+00:00,2025-10-02T23:34:14+00:00,jsonld,jsonld,
https://www.investor.gov/introduction-investing/general-resources/news-alerts/alerts-bulletins/investor-bulletins/introduction-529-plans-investor-bulletin,200.0,,,,,,
https://www.theeducationplan.com/the-wide-ranging-benefits-of-a-529-plan,200.0,,,,,,
https://www.fidelity.com/learning-center/personal-finance/college-planning/abcs-of-college-savings-plans,403.0,,,,,,
https://www.reddit.com/r/investing/comments/1kwo6i2/what_is_your_general_take_on_investing_in/,200.0,,,,,,
https://investor.vanguard.com/investor-resources-education/understanding-investment-types/us-treasury-bonds,200.0,,,,,,
https://www.blackrock.com/us/individual/products/529-college-savings-plans,200.0,,,,,,
https://www.firstcommand.com/coaching-center/military-life/529-plan-military/,200.0,2026-05-08T17:09:48+00:00,2026-04-03T14:00:00+00:00,,jsonld,,
https://www.experian.com/blogs/ask-experian/are-government-bonds-risk-free/,200.0,2026-05-13T18:58:06+00:00,2023-08-16T00:00:00,2023-08-16T00:00:00,jsonld,jsonld,
https://www.schwab.com/learn/story/managing-cost-long-term-care,200.0,,,,,,
https://www.reddit.com/r/ChubbyFIRE/comments/1mh1hm3/what_should_i_do_about_longterm_care_insurance/,200.0,,,,,,
https://coascenters.howard.edu/racial-differences-demand-cash-value-life-insurance,200.0,2026-05-13T20:04:12+00:00,2023-11-27T01:04:57-05:00,2023-11-27T13:48:38-05:00,jsonld,jsonld,
https://www.fidelity.com/viewpoints/personal-finance/long-term-care-costs-options,403.0,,,,,,
https://www.chicagofed.org/publications/economic-perspectives/2017/8,200.0,2025-12-17T15:36:45+00:00,,,,,
https://www.boldin.com/retirement/alternatives-to-long-term-care-insurance/,200.0,2026-05-13T18:16:49+00:00,2025-10-09T11:08:00+00:00,2025-10-30T22:58:43+00:00,jsonld,jsonld,
https://www.citizensbank.com/learning/tax-loss-harvesting.aspx,200.0,,,2025-07-01T00:00:01-05:00,,jsonld,
https://www.ncoa.org/article/6-potential-roadblocks-to-getting-long-term-care-insurance/,200.0,,2024-12-09T05:00:00+00:00,,time_tag,,
https://www.schwab.com/learn/story/how-to-cut-your-tax-bill-with-tax-loss-harvesting,200.0,,,,,,
https://investor.vanguard.com/investor-resources-education/taxes/offset-gains-loss-harvesting,200.0,,,,,,
https://am.gs.com/en-us/advisors/campaign/tax-loss-harvesting-strategies-how-they-work,200.0,,,,,,
https://www.morganstanley.com/articles/tax-loss-harvesting,200.0,2026-05-13T13:35:30+00:00,,,,,
https://www.citi.com/credit-cards/understanding-credit-cards/pros-and-cons-of-freezing-credit,200.0,2026-05-13T20:03:52+00:00,2025-06-18T00:00:00,,jsonld,,
https://www.fidelity.com/learning-center/personal-finance/how-to-freeze-your-credit,403.0,,,,,,
https://www.morganstanley.com/atwork/employees/learning-center/articles/stock-options-101,200.0,2026-05-13T09:44:18+00:00,,,,,
https://www.transunion.com/credit-freeze,403.0,,,,,,
https://www.kiplinger.com/investing/is-this-old-fashioned-investing-strategy-holding-your-portfolio-back,200.0,2026-05-10T09:41:00+00:00,2026-05-10T09:40:00+00:00,2026-05-10T09:40:00+00:00,jsonld,jsonld,
https://www.experian.com/blogs/ask-experian/credit-education/preventing-fraud/security-freeze/,200.0,2026-05-13T18:58:26+00:00,2025-09-22T00:00:00,2025-09-22T00:00:00,jsonld,jsonld,
https://www.merrilledge.com/article/what-is-tax-loss-harvesting,200.0,,2025-05-06T00:00:00,2025-05-06T00:00:00,jsonld,jsonld,
https://smartasset.com/financial-advisor/is-it-worth-paying-a-financial-advisor,200.0,,2019-11-22T18:10:42+00:00,2026-03-24T16:46:02+00:00,jsonld,jsonld,
https://beyondyourhammock.com/mistakes-with-stock-options/,200.0,,2021-09-24T09:00:00+00:00,,jsonld,,
https://www.personalinvesting.jpmorgan.com/insights/our-2026-investment-outlook-key-highlights,200.0,2026-05-13T10:08:34+00:00,,,,,
https://www.jpmorganworkplacesolutions.com/insights/share-options-will-help-your-business-thrive/,200.0,2026-05-13T20:04:16+00:00,2025-11-18T00:00:00,,jsonld,,
https://www.allstate.com/resources/identity-protection/credit-freeze-vs-lock,200.0,,,,,,
https://www.johnsonfinancialgroup.com/about-us/newsroom/mortgage-rates-on-the-decline-should-you-refinance-in-2026/,200.0,,2019-11-14T21:00:11+00:00,,og,,
https://www.ownup.com/learn/refinancing/mortgage-refinancing-trends/,200.0,,,,,,
https://www.noradarealestate.com/blog/are-lower-mortgage-rates-in-2026-set-to-trigger-a-refinance-boom/,200.0,,2026-03-02T11:45:50+00:00,2026-03-02T11:46:43+00:00,jsonld,jsonld,
https://smartasset.com/investing/pros-and-cons-of-treasury-bonds,200.0,,2024-04-12T16:05:58+00:00,2025-05-20T20:03:47+00:00,jsonld,jsonld,
https://www.schwab.com/options/options-trading-strategies,200.0,2026-05-13T17:49:37+00:00,,,,,
https://www.tradevision.io/blog/the-5-options-trading-strategies-for-beginners/,200.0,,2024-09-30T14:57:51+00:00,2024-09-29T15:00:48+00:00,jsonld,jsonld,
https://www.optionseducation.org/strategies/all-strategies-en,200.0,,,,,,
https://www.schwab.com/learn/story/basic-call-and-put-options-strategies,200.0,,,,,,
https://www.schwab.com/why-schwab,200.0,2026-05-13T17:45:33+00:00,,,,,
https://www.reddit.com/r/Schwab/comments/1fas66v/benefits_of_charles_schwab/,200.0,,,,,,
https://www.udemy.com/course/ai-automated-investing-using-robo-advisors/,200.0,,2021-06-22T00:00:00,,jsonld,,
https://reliancefinancial.com/refinancing-right-now-when-it-actually-makes-sense-2026-guide/,200.0,,2026-05-10T21:26:18-07:00,2026-05-10T21:27:12-07:00,jsonld,jsonld,
https://www.schwab.com/,200.0,,,,,,
https://pressroom.aboutschwab.com/press-releases/press-release/2023/Schwab-Introduces-Differentiated-Experiences-to-Support-High-Net-Worth-Investors/default.aspx,200.0,,,,,,
https://www.ally.com/stories/invest/trading-options-for-beginners/,200.0,2026-05-01T14:48:09+00:00,2021-07-08T00:00:00+00:00,2026-03-12T00:00:00+00:00,jsonld,jsonld,
https://www.schwab.com/invest-with-us,200.0,2026-05-13T17:45:12+00:00,,,,,
https://artkai.io/blog/robo-advisor-development,200.0,,2023-04-11T09:01:00+00:00,2025-08-25T13:20:15+00:00,jsonld,jsonld,
https://www.goodrx.com/insurance/medicaid/medicaid-work-requirements,403.0,,,,,,
https://hcpf.colorado.gov/impact,200.0,2026-05-13T17:28:23+00:00,,,,,
https://www.kff.org/medicaid/medicaid-what-to-watch-in-2026/,200.0,,2026-01-23T14:00:00+00:00,,jsonld,,
https://www.empower.com/the-currency/money/big-changes-529s-2025-spending-bill-news,200.0,2026-05-13T20:02:24+00:00,,,,,
https://www.healthfirstcolorado.com/frequently-asked-questions/medicaid-changes-2026-2027/,200.0,,2025-10-24T20:56:27+00:00,2026-03-31T22:41:20+00:00,jsonld,jsonld,
https://globalrealassets.georgetown.edu/insight/the-role-of-reits-in-diversifying-your-investment-portfolio/,403.0,,,,,,
https://www.plansponsor.com/529-able-accounts-kicked-off-2026-with-continued-growth/,200.0,,2026-05-08T21:01:03+00:00,2026-05-08T21:01:03+00:00,jsonld,jsonld,
https://www.fool.com/investing/2025/03/30/the-ultimate-guide-to-reits-strategies-to-buy-hold/,200.0,,2025-03-30T14:06:00+00:00,2025-03-30T14:06:03+00:00,jsonld,jsonld,
http://mastersinvest.com/newblog/2020/2/3/learning-from-charles-schwab,200.0,,2020-04-10T01:36:45-04:00,2021-04-25T00:43:00-04:00,jsonld,jsonld,
https://international.schwab.com/why-charles-schwab,403.0,,,,,,
https://www.legalaiddc.org/legal-info/medicare-medicaid-big-beautiful-bill,200.0,,,,,,
https://www.aboutschwab.com/story-of-an-investing-revolution,403.0,,,,,,
https://www.morningstar.com/personal-finance/morningstar-529-ratings-best-plans,200.0,,2025-11-10T00:00:00,,time_tag,,
https://www.schwab.com/learn/story/algorithm-advantage,200.0,,,,,,
https://silverstarreit.com/reit-investing/,200.0,,2022-08-04T07:26:25+00:00,2023-08-14T06:13:37+00:00,jsonld,jsonld,
https://www.schwab.com/learn/topic/research,200.0,,,,,,
https://www.kiplinger.com/personal-finance/insurance/umbrella-insurance/603237/how-much-umbrella-insurance-do-i-need,200.0,2026-05-11T14:32:38+00:00,2021-08-03T17:10:11+00:00,2026-02-18T23:03:33+00:00,jsonld,jsonld,
https://www.cpai.com/Education-Resources/Me-My-Family/Personal-liability-tips/Personal-Umbrella-Insurance-Unpacked,200.0,,,,,,
https://www.fidelity.com/viewpoints/wealth-management/do-you-need-umbrella-insurance,403.0,,,,,,
https://www.fmins.com/blog/what-is-umbrella-insurance/,200.0,,2025-11-12T07:30:34-05:00,2026-01-02T10:49:35-05:00,jsonld,jsonld,
https://www.brookings.edu/articles/robo-advice-an-effective-tool-to-reduce-inequalities/,200.0,2026-05-13T20:04:22+00:00,2022-10-05T13:00:14+00:00,,jsonld,,
https://www.ithinkfi.org/blog/blog-detail/ithink-blog/2026/05/11/how-to-build-credit-fast-in-2026---ithink-financial,200.0,,,,,,
https://www.freedommortgage.com/learn/mortgages/what-is-a-usda-loan,200.0,,2026-02-19T15:52:59+00:00,2025-11-03T00:00:00,jsonld,jsonld,
https://bankquality.com/blog/the-dark-side-of-robo-advisors:-are-they-worth-the-hype-/,200.0,,,,,,
https://www.reddit.com/r/Mortgages/comments/1c4xuii/explain_how_a_usda_loan_works_please/,200.0,,,,,,
https://www.warriortrading.com/a-beginners-guide-to-futures-trading/,403.0,,,,,,
https://www.experian.com/blogs/ask-experian/credit-education/improving-credit/improve-credit-score/,200.0,2026-05-13T18:58:26+00:00,2026-05-08T00:00:00,2026-05-08T00:00:00,jsonld,jsonld,
https://ninjatrader.com/futures/futures-trading-basics/futures-trading-plan/,200.0,,,,,,
https://www.neighborsbank.com/learn/usda-loan-benefits/,200.0,,,,,,
https://www.pnc.com/insights/personal-finance/borrow/what-is-a-va-loan.html,,,,,,,"HTTPSConnectionPool(host='www.pnc.com', port=443): Read timed out. (read timeout=20)"
https://www.schwab.com/learn/story/7-tips-every-futures-trader-should-know,200.0,,,,,,
https://www.nuveen.com/en-us/insights/fixed-income/high-yield-bonds-no-longer-junk-but-still-high-yield,,,,,,,"HTTPSConnectionPool(host='www.nuveen.com', port=443): Read timed out. (read timeout=20)"
https://news.clemson.edu/whats-the-standard-deduction-an-accounting-expert-explains-how-it-simplifies-tax-filing-and-saves-most-americans-money/,200.0,,2024-11-08T14:44:41+00:00,2024-11-12T17:16:53+00:00,jsonld,jsonld,
https://www.fidelity.com/learning-center/smart-money/standard-deduction,403.0,,,,,,
https://www.empower.com/the-currency/money/tax-deductions,200.0,2026-05-13T20:04:26+00:00,,,,,
https://www.firstcitizens.com/wealth/insights/tax-planning/tax-deductions-to-consider-this-year,200.0,2026-05-13T20:04:27+00:00,2026-02-12T21:00:00-08:00,2026-05-05T17:00:23-07:00,jsonld,jsonld,
https://www.usbank.com/wealth-management/financial-perspectives/financial-planning/should-i-itemize-my-taxes.html,200.0,2026-05-13T20:04:27+00:00,2025-09-19T16:34:00+00:00,2025-09-19T16:34:00+00:00,og,og,
https://www.empower.com/the-currency/money/standard-deduction,200.0,2026-05-13T20:03:56+00:00,,,,,
https://taxfoundation.org/data/all/federal/2026-tax-brackets/,200.0,,2026-01-01T22:08:57+00:00,2026-04-15T19:46:36+00:00,jsonld,jsonld,
https://www.atlanticcoastmortgage.com/what-is-a-usda-loan-and-how-it-works/,200.0,,2018-08-16T19:27:09+00:00,2020-12-03T15:36:38+00:00,jsonld,jsonld,
https://www.irs.gov/publications/p1099,200.0,2026-05-13T19:53:58+00:00,,,,,
https://www.landmarkcpas.com/obbba-increases-1099-filing-threshold/,200.0,,2025-08-05T18:53:56+00:00,,jsonld,,
https://calibrecpa.com/tax-regulation-reporting/2026-reporting-changes-for-1099-forms/,200.0,,2026-03-20T13:04:55+00:00,2026-04-28T16:20:56+00:00,jsonld,jsonld,
https://www.experian.com/blogs/employer-services/irs-draft-2026-forms-1099-nec-and-1099-misc/,200.0,,2026-04-07T17:20:07+00:00,2026-04-07T17:20:08+00:00,jsonld,jsonld,
https://www.aarp.org/caregiving/financial-legal/understanding-long-term-care-insurance/,200.0,,2021-10-13T04:00:00+00:00,2024-02-06T20:46:00+00:00,jsonld,jsonld,
https://www.tiaa.org/public/invest/services/wealth-management/perspectives/needanadvisor,,,,,,,"HTTPSConnectionPool(host='www.tiaa.org', port=443): Read timed out. (read timeout=20)"
https://www.ncoa.org/article/what-are-the-three-types-of-long-term-care-insurance/,200.0,,2024-10-18T04:00:00+00:00,,time_tag,,
https://nationalmortgageprofessional.com/news/home-insurance-market-be-shaped-climate-risk-and-tech-26,403.0,,,,,,
https://www.ltcfeds.gov/long-term-care/insurance,200.0,,,,,,
https://ternercenter.berkeley.edu/research-and-policy/the-california-home-insurance-challenge-in-eight-charts/,200.0,,2025-12-05T12:21:06+00:00,2026-03-18T20:42:29+00:00,jsonld,jsonld,
https://www.thezebra.com/resources/home/home-insurance-trends/,403.0,,,,,,
https://www.capfed.com/about-capfed/news/choosing-the-right-homeowners-insurance-coverage,403.0,,,,,,
https://matic.com/blog/2026-home-insurance-predictions/,200.0,,2025-12-18T15:25:01+00:00,2025-12-19T17:24:39+00:00,jsonld,jsonld,
https://www.smallworldfs.com/investing/,403.0,,,,,,
https://www.bankrate.com/investing/best-online-brokers/,200.0,,,,,,
https://www.acorns.com/learn/investing/robo-advisor/,200.0,,,,,,
https://www.mintos.com/blog/what-is-a-robo-advisor/,200.0,,2024-10-15T09:23:04+00:00,2025-12-29T13:30:24+00:00,jsonld,jsonld,
https://us.etrade.com/knowledge/library/getting-started/is-a-robo-right-for-you,200.0,,,,,,
https://www.einsurance.com/journal/homeowners-insurance-what-is-changing-and-how-to-save/,200.0,,2026-01-29T17:00:48+00:00,,jsonld,,
https://www.fidelity.com/learning-center/trading-investing/tips-and-inflation,403.0,,,,,,
https://www.fool.com/investing/how-to-invest/bonds/treasury-bonds/,200.0,2026-05-13T20:04:31+00:00,2025-12-19T18:15:56.324000+00:00,2025-12-19T18:15:56.324000+00:00,jsonld,jsonld,
https://optimusfutures.com/blog/futures-trading-strategies/,200.0,2026-05-13T19:31:03+00:00,2025-09-03T15:58:22+00:00,2025-09-08T14:55:04+00:00,jsonld,jsonld,
https://www.joinarc.com/learning-center/maximizing-yield-with-treasury-bill-ladder,200.0,,2023-03-02T17:00:00+00:00,,time_tag,,
https://www.farther.com/foundations/how-to-build-a-treasury-bill-ladder,200.0,2026-05-13T20:04:32+00:00,,,,,
https://www.53.com/content/fifth-third/en/financial-insights/personal/home-ownership/what-is-a-jumbo-loan.html,200.0,,,,,,
https://www.chase.com/personal/investments/learning-and-insights/article/how-to-buy-municipal-bonds,200.0,,2023-08-17T00:00:00,2025-10-09T00:00:00,jsonld,jsonld,
https://en.wikipedia.org/wiki/Long-term_care_insurance,403.0,,,,,,
https://www.lendingtree.com/home/mortgage/what-is-a-jumbo-loan/,200.0,2026-05-13T20:04:33+00:00,2026-02-26T13:28:19+00:00,2026-03-05T20:04:32+00:00,jsonld,jsonld,
https://www.farther.com/foundations/municipal-bond-income-for-retirement-pros-and-cons,200.0,2026-05-13T20:04:33+00:00,,,,,
https://www.businessinsider.com/personal-finance/investing/treasury-bonds,200.0,2025-04-10T13:39:05+00:00,2024-12-09T21:49:52.956000+00:00,2025-04-10T13:39:05.777000+00:00,jsonld,jsonld,
https://www.forbes.com/sites/investor-hub/article/what-is-municipal-bond-and-how-to-buy-this-kind-of-security/,200.0,,2024-10-17T00:00:00,2026-05-06T00:00:00,og,og,
https://www.carlylefinancial.com/blog/tax-considerations-jumbo-mortgage-borrowers-2/,200.0,2026-05-13T12:57:27+00:00,2024-08-22T14:54:15+00:00,2026-05-13T11:46:42+00:00,jsonld,jsonld,
https://allhearthomecare.com/when-to-use-ltc-insurance/,200.0,2026-05-13T19:53:59+00:00,2026-01-21T03:06:19+00:00,2026-01-21T04:15:06+00:00,jsonld,jsonld,
https://www.bankerslife.com/insights/healthy-aging/what-disqualifies-you-from-long-term-care-insurance/,200.0,,2025-08-27T13:00:44+00:00,,jsonld,,
https://www.rate.com/mortgage/resource/jumbo-loan-limit,403.0,,,,,,
https://www.homelight.com/blog/buyer-what-is-a-jumbo-mortgage/,200.0,,2026-02-17T02:00:33-08:00,2026-02-17T20:28:08-08:00,jsonld,jsonld,
https://www.hartfordfunds.com/practice-management/client-conversations/investing-for-income/five-reasons-municipal-bonds-arent-just-for-the-rich.html,200.0,,2026-02-16T01:58:00,,og,,
https://www.bankrate.com/mortgages/jumbo-loan-limits/,200.0,,2021-02-09T05:00:00+00:00,2025-12-02T18:59:21+00:00,jsonld,jsonld,
https://www.experian.com/blogs/ask-experian/jumbo-loan-limits/,200.0,2026-05-13T18:59:09+00:00,2026-03-18T00:00:00,2026-03-18T00:00:00,jsonld,jsonld,
https://www.debofsky.com/articles/common-problems-people-encounter-when-seeking-long-term-care-benefits/,200.0,,2017-11-15T06:00:00+00:00,2024-07-29T15:22:48+00:00,jsonld,jsonld,
https://www.pennymac.com/blog/online-avm-tools-vs-appraisals,200.0,2026-05-08T03:43:11+00:00,2018-01-04T00:00:00-08:00,2018-01-04T00:00:00-08:00,jsonld,jsonld,
https://www.empower.com/the-currency/money/income-tax-brackets,200.0,2026-05-13T20:02:16+00:00,,,,,
https://www.schwab.com/learn/story/what-are-tax-brackets-and-marginal-tax-rates,200.0,,,,,,
https://akrivisteam.com/blog/real-estate-evaluations-vs-automated-value-models/,403.0,,,,,,
https://www.aceableagent.com/blog/whats-difference-between-real-estate-appraisal-and-cma/,200.0,,,,,,
https://latitudeco.com/bpo-broker-price-opinion-vs-appraisal/,200.0,2026-05-13T20:04:36+00:00,2024-10-11T16:31:29+00:00,2024-11-19T22:12:03+00:00,jsonld,jsonld,
https://www.bankrate.com/insurance/homeowners-insurance/how-much-homeowners-insurance/,200.0,,2019-10-24T04:00:00+00:00,2025-07-08T14:24:21+00:00,jsonld,jsonld,
https://www.consumerfinance.gov/about-us/newsroom/cfpb-takes-action-on-bait-and-switch-credit-card-rewards-tactics/,403.0,,,,,,
https://dynastycapgroup.com/appraisals-vs-broker-price-opinions-bpos-key-differences-and-lender-preferences/,403.0,,,,,,
https://www.amerisave.com/learn/desktop-appraisals-in-what-mortgage-borrowers-need-to-know-about-this-fasttrack-option,200.0,2026-05-13T20:04:37+00:00,,,,,
https://www.superiorschoolnc.com/career-hub/launch/comparative-market-analysis-vs-property-appraisal/,200.0,,2025-04-23T14:08:33+00:00,2026-02-06T15:31:02+00:00,jsonld,jsonld,
https://www.remax-ner-berlin-nh.com/home/appraisals-vs-cmas/,200.0,2026-05-13T20:04:37+00:00,,,,,
https://www.chase.com/personal/investments/learning-and-insights/article/what-are-covered-calls,200.0,,2025-03-27T00:00:00,2026-03-20T00:00:00,jsonld,jsonld,
https://www.schwab.com/learn/story/options-trading-basics-covered-call-strategy,200.0,,,,,,
https://www.stocktrak.com/what-is-a-covered-call/,200.0,,2025-05-26T18:03:16+00:00,2025-06-02T13:50:53+00:00,jsonld,jsonld,
https://www.reddit.com/r/options/comments/1j2iq4x/covered_call_examples/,200.0,,,,,,
https://www.longangle.com/research/high-net-worth-asset-allocation,200.0,,2026-03-02T07:45:00-05:00,2026-04-14T23:15:49-04:00,jsonld,jsonld,
https://www.kiplinger.com/article/insurance/t034-c000-s002-how-to-shop-for-life-insurance.html,200.0,2026-05-10T05:19:28+00:00,2023-10-03T10:00:00+00:00,2025-01-03T23:14:37+00:00,jsonld,jsonld,
https://www.opendoor.com/articles/appraisal-industry-faces-major-transformation,200.0,,2025-12-10T00:00:00+00:00,2026-04-15T08:09:37.317000+00:00,jsonld,jsonld,
https://corporatefinanceinstitute.com/resources/derivatives/covered-call/,200.0,,2019-04-02T18:54:49+00:00,2025-01-27T01:56:17,jsonld,jsonld,
https://www.theamericancollege.edu/knowledge-hub/insights/the-ultimate-guide-for-choosing-the-best-type-of-life-insurance-policy,200.0,2026-05-13T16:46:13+00:00,,,,,
https://www.hrblock.com/tax-center/filing/credits/child-tax-credit/,403.0,,,,,,
https://blog.massmutual.com/retiring-investing/reits-portfolio-invest,,,,,,,"HTTPSConnectionPool(host='blog.massmutual.com', port=443): Read timed out. (read timeout=20)"
https://taxpolicycenter.org/briefing-book/what-child-tax-credit,200.0,2026-05-13T19:41:48+00:00,,,,,
https://www.experian.com/blogs/ask-experian/what-to-consider-when-buying-life-insurance/,200.0,2026-05-13T18:59:44+00:00,2024-01-31T00:00:00,2024-01-31T00:00:00,jsonld,jsonld,
https://turbotax.intuit.com/tax-tips/family/child-tax-credit/L9ZIjdlZz,200.0,2026-05-10T06:34:41+00:00,,,,,
https://capturetheatlas.com/how-to-photograph-the-milky-way/,200.0,2026-05-13T17:04:18+00:00,2025-12-28T11:09:09+00:00,2025-12-28T18:04:23+00:00,jsonld,jsonld,
https://www.floridariskpartners.com/navigating-the-claims-process-for-umbrella-insurance-what-to-expect/,200.0,,2024-11-29T06:24:00+00:00,2024-12-03T19:57:29+00:00,jsonld,jsonld,
https://www.irs.gov/credits-deductions/individuals/child-tax-credit,200.0,2026-05-13T19:52:47+00:00,,,,,
https://www.home.saxo/learn/guides/financial-literacy/how-dividends-work-a-comprehensive-guide-to-dividend-investing,200.0,,2026-05-13T11:17:00+00:00,,time_tag,,
https://www.bankrate.com/investing/how-to-invest-in-dividend-stocks/,200.0,,2021-08-11T04:00:00+00:00,2025-09-05T13:35:42+00:00,jsonld,jsonld,
https://blog.taxact.com/what-is-the-child-tax-credit/,200.0,,2025-07-22T19:14:29+00:00,2025-10-24T18:25:18+00:00,og,og,
https://consumer.ftc.gov/articles/reverse-mortgages,200.0,2026-05-13T20:00:56+00:00,2015-06-02T01:00:00-04:00,2025-12-09T14:26:15-05:00,og,og,
https://www.raymondjames.com/vivianinvestmentpartners/blog/2023/10/24/why-a-reverse-mortgage-might-be-a-good-idea,403.0,,,,,,
https://migonline.com/blog/2023/08/23/history-and-background-of-the-usda-home-loan/,,,,,,,"HTTPSConnectionPool(host='migonline.com', port=443): Max retries exceeded with url: /blog/2023/08/23/history-and-background-of-the-usda-home-loan/ (Caused by ConnectTimeoutError(<HTTPSConnection(host="
https://www.hsfkramer.com/notes/taxaustralia/2026-posts/federal-budget-2026-back-to-the-future,403.0,,,,,,
https://www.cbsnews.com/news/is-reverse-mortgage-worth-it-what-experts-think/,200.0,2026-05-13T20:04:40+00:00,2023-05-09T09:39:45-04:00,2023-05-09T09:39:45-04:00,jsonld,jsonld,
https://www.bankrate.com/mortgages/reverse-mortgage-pros-and-cons/,200.0,,2020-08-20T04:00:00+00:00,2025-07-21T21:33:50+00:00,jsonld,jsonld,
https://www.mecu.com/Learn/Education/levelUP-Blog/Your-2026-Credit-Score-Playbook-The-Biggest-Change,403.0,,,,,,
https://www.rd.usda.gov/programs-services/single-family-housing-programs/single-family-housing-guaranteed-loan-program,,,,,,,"HTTPSConnectionPool(host='www.rd.usda.gov', port=443): Read timed out. (read timeout=20)"
https://www.lendingtree.com/auto/debt-statistics/,200.0,2026-05-13T20:04:41+00:00,2019-02-11T00:00:00+00:00,2026-03-23T19:57:20+00:00,jsonld,jsonld,
https://plaid.com/resources/lending/alternative-credit-data/,200.0,2026-05-13T19:47:15+00:00,2025-02-25T14:28:00-08:00,2025-12-08T09:37:00-08:00,jsonld,jsonld,
https://www.theguardian.com/australia-news/2026/may/12/australia-federal-budget-2026-tax-reform-capital-gains-cgt-changes-negative-gearing-housing-first-time-home-buyers-investors-explained,200.0,,2026-05-12T09:48:38+00:00,2026-05-12T10:50:00+00:00,jsonld,jsonld,
https://www.werize.com/2026-guide-what-is-alternative-credit-scoring/,200.0,,2026-02-19T12:21:22+00:00,2026-02-19T12:21:23+00:00,jsonld,jsonld,
https://www.vaneck.com/us/en/blogs/income-investing/how-to-develop-a-dividend-investing-strategy-a-comprehensive-guide/,200.0,,2026-04-08T10:49:00+00:00,,og,,
https://www.fhfa.gov/policy/credit-scores,200.0,2026-05-13T13:55:48+00:00,,2026-04-22T00:00:00,,og,
https://www.janushenderson.com/social/article/high-yield-bonds-outlook-increasing-selectivity-in-2026/,200.0,,2025-12-11T00:00:00,2025-12-11T18:59:24+00:00,jsonld,og,
https://dalton-education.com/article/four-steps-how-to-become-a-certified-financial-planner,200.0,,,,,,
https://www.usda.gov/about-usda/news/blog/build-your-way-homeownership-usdas-help,,,,,,,"HTTPSConnectionPool(host='www.usda.gov', port=443): Read timed out. (read timeout=20)"
https://bondbloxxetf.com/2026-fixed-income-market-outlook/,200.0,,2025-12-08T22:10:42+00:00,2026-01-27T19:21:19+00:00,jsonld,jsonld,
https://stripe.com/resources/more/alternative-credit-data-101-what-it-is-and-what-its-used-for,200.0,,2024-08-08T00:00:00-07:00,,jsonld,,
https://www.pinebridge.com/en/insights/2026-fixed-income-outlook,200.0,,,,,,
https://www.schwab.com/learn/story/corporate-bond-outlook,200.0,,,,,,
https://pages.cloudflare.com/,200.0,,,,,,
https://www.centerfinplan.com/money-centered/2025/7/16/what-is-a-cfp-and-why-it-matters-for-emerging-planners,200.0,,2025-09-02T08:00:00-04:00,2025-09-02T08:00:58-04:00,jsonld,jsonld,
https://www.kaplanfinancial.com/resources/getting-started/how-to-become-a-cfp-professional,200.0,,2026-03-23T00:00:00+00:00,,og,,
https://www.att.org.uk/technical/news/202627-tax-year-updates-housekeeping-individuals,200.0,2026-05-13T19:08:19+00:00,,,,,
https://www.kaplanfinancial.com/resources/getting-started/what-does-a-cfp-professional-do,200.0,,2026-03-11T00:00:00+00:00,,og,,
https://www.sumgrowth.com/top-etfs/largest-high-yield-bonds-etfs.html,200.0,,2025-04-30T00:00:00,,jsonld,,
https://major.io/p/cloudfront-migration/,200.0,2026-05-13T11:48:07+00:00,2023-02-17T00:00:00+00:00,2026-05-10T09:15:13+00:00,jsonld,jsonld,
https://financialplanningonline.bu.edu/articles/how-to-become-a-financial-planner-cfp/,200.0,,2025-11-17T20:24:31+00:00,2025-11-17T20:24:31+00:00,jsonld,jsonld,
https://www.hrblock.com/tax-center/tax-breaks-money/maximize-tax-refund/,403.0,,,,,,
https://www.fidelity.com/learning-center/smart-money/tax-deductions-and-credits,403.0,,,,,,
https://www.cbpp.org/research/policy-basics-introduction-to-medicaid,403.0,,,,,,
https://www.ameriprise.com/financial-goals-priorities/taxes/tax-deductions-tax-credits,200.0,,,,,,
https://1800accountant.com/blog/maximize-small-business-tax-deductions,200.0,,2025-12-30T00:00:00,2026-05-05T00:00:00,jsonld,jsonld,
https://www.irs.gov/newsroom/tax-credits-for-individuals-what-they-mean-and-how-they-can-help-refunds,200.0,2026-05-13T20:00:05+00:00,,,,,
https://en.wikipedia.org/wiki/Medicaid,200.0,2026-05-13T00:10:05+00:00,2002-06-09T18:49:19+00:00,2026-05-06T20:12:37+00:00,jsonld,jsonld,
https://www.gounion.bank/u-for-you-blog/5-ways-to-save-on-your-taxes,200.0,,2025-02-24T00:00:00,2025-02-24T00:00:00,jsonld,jsonld,
https://www.merceradvisors.com/insights/investing/rsus-101-a-tech-professionals-guide-to-equity-tax-strategy-and-financial-planning/,200.0,2026-04-16T06:14:15+00:00,2025-06-06T12:55:36+00:00,2026-04-16T12:14:15+00:00,jsonld,jsonld,
https://www.eztaxreturn.com/blog/9-ways-to-maximize-your-tax-refund/,200.0,2026-05-13T17:05:37+00:00,2025-12-01T18:14:32+00:00,2025-12-05T23:05:25+00:00,jsonld,jsonld,
https://facet.com/equity/understanding-restricted-stock-units-rsus-taxes-vesting-schedules-pros-cons/,200.0,,2023-10-27T18:49:34+00:00,2026-05-07T21:32:10+00:00,jsonld,jsonld,
https://www.macpac.gov/medicaid-101/,200.0,,,,,,
https://www.bankrate.com/investing/restricted-stock-units/,200.0,,2023-09-29T04:00:00+00:00,2024-10-09T13:21:54+00:00,jsonld,jsonld,
https://www.esofund.com/blog/stock-options-vs-rsus,200.0,2026-05-13T20:04:45+00:00,2026-03-30T00:00:00,2026-03-30T00:00:00,jsonld,jsonld,
https://ninjatrader.com/futures/why-trade-futures/,200.0,,,,,,
https://www.healthcare.gov/medicaid-chip/,200.0,2026-05-06T22:46:49+00:00,,,,,
https://www.schwab.com/learn/story/basics-trading-futures-contracts,200.0,,,,,,
https://robinhood.com/us/en/learn/articles/intro-to-futures/,200.0,,2026-03-03T23:23:25.232000+00:00,,time_tag,,
https://www.metrotrade.com/the-pros-and-cons-of-trading-futures/,200.0,2026-05-13T20:04:47+00:00,2025-07-15T09:27:15,2026-05-07T09:29:38,jsonld,jsonld,
https://www.aarp.org/social-security/faq/medical-conditions/,200.0,,2021-03-23T04:00:00+00:00,2025-09-30T15:23:00+00:00,jsonld,jsonld,
https://www.makefloridayourhome.com/learn/usda-loans-florida,200.0,,2023-06-16T00:00:00,2026-03-24T00:00:00,jsonld,jsonld,
https://lemoinelawfirm.com/top-10-signs-you-will-win-disability-benefits/,200.0,,2025-04-20T18:18:54+00:00,2025-04-22T18:19:35+00:00,jsonld,jsonld,
https://www.nydisabilitylaw.com/news-resources/5-clear-signs-youll-be-approved-for-ssdi-benefits/,200.0,2025-04-23T15:28:58+00:00,2022-11-17T16:06:09+00:00,2025-04-23T15:28:58+00:00,jsonld,jsonld,
https://disabilityassociates.com/social-security-disability-benefits-for-anxiety-and-depression/,200.0,2026-05-10T18:07:38+00:00,2024-10-13T19:53:34+00:00,2025-06-23T11:18:47+00:00,jsonld,jsonld,
https://www.stephensfiddesmcgill.com/signs-you-will-be-approved-for-social-security-disability/,200.0,2026-05-09T22:37:54+00:00,2025-01-22T11:59:00-06:00,2026-01-21T13:15:56-06:00,jsonld,jsonld,
https://www.reddit.com/r/FirstTimeHomeBuyer/comments/1m0mjsr/are_usda_loans_too_good_to_be_true/,200.0,,,,,,
https://www.reddit.com/r/CreditCards/comments/y0rszy/why_do_credit_card_companies_offer_0_apr/,200.0,,,,,,
https://www.reddit.com/r/personalfinance/comments/1ehnfkn/how_do_they_profit_from_0_intro_apr_credit_cards/,200.0,,,,,,
https://usdaloanpro.com/florida-usda-manufactured-home-loans-in-2026-existing-homes-are-eligible-what-changed-and-who-qualifies/,403.0,,,,,,
https://www.onemainfinancial.com/personal-loans/resources/what-does-zero-apr-mean,403.0,,,,,,
https://www.amerisave.com/glossary/usda-loans-what-they-are-and-how-they-work-in,200.0,2026-05-13T20:04:48+00:00,,,,,
https://www.researchaffiliates.com/insights/publications/articles/808-value-in-recessions-and-recoveries,200.0,,,,,,
https://www.reddit.com/r/CoveredCalls/comments/1qb9f61/covered_calls_guide_based_on_my_experience_advice/,200.0,,,,,,
https://www.td.com/us/en/personal-banking/learning/borrowing-credit/how-do-0-percent-apr-credit-cards-work,200.0,2026-05-13T15:14:41+00:00,,,,,
https://www.experian.com/blogs/ask-experian/how-do-0-apr-credit-cards-work/,200.0,2026-05-13T18:58:46+00:00,2025-10-27T00:00:00,2025-10-27T00:00:00,jsonld,jsonld,
https://thepointsguy.com/credit-cards/top-credit-cards-for-travel/,200.0,,2026-05-08T16:30:37+00:00,2026-05-08T15:13:47+00:00,jsonld,jsonld,
https://www.reddit.com/r/CoveredCalls/comments/1pe5gva/just_got_into_covered_calls_a_month_ago_heres_my/,200.0,,,,,,
https://thepointsguy.com/credit-cards/best-premium-travel-rewards-cards/,200.0,,2026-05-04T14:00:23+00:00,2026-05-04T14:00:43+00:00,jsonld,jsonld,
https://www.discover.com/credit-cards/card-smarts/what-does-0-intro-apr-mean-credit-cards/,200.0,2026-05-13T11:14:42+00:00,2021-01-11T12:30:00-06:00,2025-09-09T08:56:00+00:00,og,jsonld,
https://www.dailydrop.com/best-credit-cards/travel-cards,200.0,2026-05-13T20:04:49+00:00,,,,,
https://www.reddit.com/r/CreditCards/comments/1ss8u4i/best_travel_card_with_no_annual_fee_and_no/,200.0,,,,,,
https://ideas.repec.org/a/now/jnlcfr/104.00000115.html,200.0,,2022-05-13T00:00:00,,jsonld,,
https://www.cambridge.org/core/journals/journal-of-financial-and-quantitative-analysis/article/is-the-value-premium-dead-forecasting-valuegrowth-cycles-with-the-implied-value-premium/435A9DD112FA371FD268C05757B9E1E3,200.0,,,,,,
https://www.usbank.com/credit-cards/credit-card-insider/credit-card-basics/what-is-a-0-apr-credit-card.html,200.0,2026-05-13T20:04:49+00:00,,2025-11-06T19:23:53.999000+00:00,,og,
https://www.cambridge.org/core/journals/journal-of-pension-economics-and-finance/article/retirement-tax-shields-a-cohort-study-of-traditional-and-roth-accounts/F481CE3D7758D2FD231F219CE175668E,200.0,,,,,,
https://www.creditkarma.com/credit-cards/travel,200.0,2017-02-03T12:18:14+00:00,,,,,
https://www.ficoscore.com/faqs-about-fico-scores-us,200.0,2026-05-13T17:07:35+00:00,,,,,
https://www.optionseducation.org/strategies/all-strategies/covered-call-buy-write,200.0,,,,,,
https://smartasset.com/investing/pros-and-cons-of-futures-trading,200.0,,2024-11-17T20:21:57+00:00,2025-07-24T19:27:53+00:00,jsonld,jsonld,
https://www.experian.com/blogs/ask-experian/fico-score-what-it-is-and-why-its-important/,200.0,2026-05-13T18:58:43+00:00,2024-07-24T00:00:00,2024-07-24T00:00:00,jsonld,jsonld,
https://www.firstmid.com/articles/how-credit-scores-are-changing--and-what-it-means-for-you,200.0,,,,,,
https://www.lendingtree.com/credit-repair/credit-score-stats-page/,200.0,2026-05-13T20:04:51+00:00,2019-02-14T06:02:00+00:00,2024-05-23T20:04:51+00:00,jsonld,jsonld,
https://chicagounbound.uchicago.edu/law_and_economics/954/,200.0,,,,,,
https://getstello.ai/the-complete-guide-to-equity-compensation-rsus-stock-options-and-strategic-target-setting/,200.0,2026-05-13T10:58:01+00:00,2026-03-27T16:37:46+00:00,2026-03-27T16:39:02+00:00,jsonld,jsonld,
https://journals.ue.poznan.pl/REF/article/view/2151,200.0,,2025-08-01T00:00:00,,dc,,
https://www.nfcc.org/blog/what-you-need-to-know-about-the-latest-fico-score-changes/,200.0,,2020-01-28T17:11:24+00:00,2026-05-05T19:17:12+00:00,jsonld,jsonld,
https://www.empower.com/the-currency/money/stock-options-vs-rsu,200.0,2026-05-13T19:42:33+00:00,,,,,
https://www.cakeequity.com/guides/stock-options-vs-rsu,200.0,2026-05-13T20:04:52+00:00,2026-02-14T00:00:00,2026-02-14T00:00:00,jsonld,jsonld,
https://www.esoppartners.com/blog/types-of-equity-compensation,200.0,2026-05-07T02:53:36+00:00,2022-09-20T18:10:36+00:00,2023-03-14T13:57:01.932000+00:00,jsonld,jsonld,
https://carta.com/learn/equity/rsu-vs-stock-options/,200.0,,,,,,
https://www.grandwealth.com/insights/5-types-of-stock-compensation-unscrambling-the-alphabet-soup,200.0,2026-05-13T20:04:53+00:00,,,,,
https://www.cboe.com/insights/posts/the-state-of-the-options-industry-q-1-2026/,200.0,,,,,,
https://www.pilieromazza.com/a-quick-guide-to-phantom-stock-and-stock-appreciation-rights/,200.0,,2017-07-06T01:46:54+00:00,2020-07-15T01:47:38+00:00,jsonld,jsonld,
https://mcfcu.org/financialwellness/your-2026-credit-score-playbook-the-biggest-changes-and-what-they-mean-for-you/,200.0,,2026-01-05T09:01:36-05:00,2026-01-05T09:01:36-05:00,jsonld,jsonld,
https://carta.com/learn/equity/compensation/,200.0,,,,,,
https://www.nceo.org/what-is-employee-ownership/stock-options-restricted-phantom-sars-espps,200.0,2026-05-13T19:15:02+00:00,,,,,
https://visionlink.co/blog/6-ltip-alternatives-to-sharing-stock,200.0,2026-05-07T05:36:00+00:00,,,,,
https://internationalbanker.com/brokerage/will-us-bond-markets-continue-to-confound-expectations-in-2026/,403.0,,,,,,
https://consumer.ftc.gov/articles/credit-scores,200.0,2026-05-13T20:04:52+00:00,2023-11-07T08:30:00-05:00,2026-05-05T10:36:23-04:00,og,og,
https://tciwealth.com/blog/equity-compensation-101/,200.0,,2025-03-19T16:20:03+00:00,2025-03-19T16:53:47+00:00,jsonld,jsonld,
https://www.schwab.com/learn/story/fixed-income-outlook,200.0,,,,,,
https://www.irs.gov/taxtopics/tc502,200.0,2026-05-13T19:53:47+00:00,,,,,
https://www.fidelity.com/learning-center/trading-investing/bond-market-outlook,403.0,,,,,,
https://www.irs.gov/instructions/i7206,200.0,2026-05-13T19:53:46+00:00,,,,,
https://www.aarp.org/medicare/are-medicare-premiums-tax-deductible/,200.0,,2022-10-27T04:00:00+00:00,2026-03-10T17:37:00+00:00,jsonld,jsonld,
https://www.humana.com/medicare/medicare-resources/are-medicare-premiums-tax-deductible,200.0,,,,,,
https://www.nkcpa.com/are-you-missing-a-valuable-tax-deduction-for-medicare-premiums,200.0,,2025-06-17T17:34:33,2025-06-17T17:33:50,jsonld,jsonld,
https://www.blakeelliottinsurance.com/article/is-medigap-insurance-tax-deductible/,200.0,,2022-02-06T00:00:00,,jsonld,,
https://en.wikipedia.org/wiki/Gratuity,200.0,2026-05-11T22:02:16+00:00,2002-12-14T11:51:40+00:00,2026-05-11T04:22:57+00:00,jsonld,jsonld,
https://www.tiphaus.com/blog/understanding-tip-culture-in-the-usa-canada-and-the-world/,200.0,,,,,,
https://www.kyivworkshop.com/blogs/news/gratuity-vs-tip,200.0,,2025-03-18T10:42:32-04:00,2026-04-15T04:34:00-04:00,jsonld,jsonld,
https://www.medicareresources.org/faqs/can-i-deduct-my-medicare-premiums-on-my-tax-return/,200.0,,2025-11-24T03:44:11-06:00,2025-11-24T15:38:16-06:00,jsonld,jsonld,
https://www.wisk.ai/blog/understanding-restaurant-tipping-guidelines-for-tip-jars-service-fees-and-more,200.0,2026-05-13T20:04:56+00:00,2025-08-29T18:26:33.688000+00:00,2025-08-29T12:08:28.881000+00:00,jsonld,jsonld,
https://www.forex.com/en-us/trading-guides/robo-trading-advisor-performance-and-returns-for-top-robo-advisors/,403.0,,,,,,
https://gotab.com/latest/exploring-different-tipping-models-in-the-hospitality-industry,200.0,2026-05-13T20:04:57+00:00,2025-12-16T00:00:00,2025-12-16T00:00:00,jsonld,jsonld,
https://stories.uh.edu/magazine/magazine/online-stories/2025/has-u-s-tipping-culture-reached-a-tipping-point/index.html,200.0,2026-04-10T18:04:21+00:00,,,,,
https://us.etrade.com/knowledge/library/taxes/wash-sale,200.0,,2019-11-15T00:00:00,2019-11-15T00:00:00,jsonld,jsonld,
https://www.schwab.com/learn/story/year-end-tax-trading-wash-sales-and-more,200.0,,,,,,
https://www.kiplinger.com/investing/how-to-pick-the-best-robo-advisor-for-you,200.0,2026-05-05T05:22:48+00:00,2023-01-25T22:10:56+00:00,2025-03-18T18:08:52+00:00,jsonld,jsonld,
https://www.restaurant365.com/blog/guide-to-tipping-for-restaurant-managers/,200.0,,2024-02-08T15:57:44-06:00,2026-04-16T13:30:14-06:00,jsonld,jsonld,
https://bradyware.com/avoid-wash-sale-woes/,403.0,,,,,,
https://www.schwab.com/learn/story/primer-on-wash-sales,200.0,,,,,,
https://www.globalrescue.com/common/blog/detail/tipping-guide-american-travelers/,200.0,,,,,,
https://elevatecu.com/blog/how-to-improve-your-credit-score-in-2026,200.0,2026-05-08T22:20:47+00:00,2026-01-13T14:00:00,2026-01-13T14:00:00,jsonld,jsonld,
https://turbotax.intuit.com/tax-tips/investments-and-taxes/wash-sale-rule-what-is-it-how-does-it-work-and-more/c5ANd7xnJ,200.0,2026-05-10T06:32:38+00:00,,,,,
https://www.chase.com/personal/credit-cards/education/credit-score/how-to-improve-your-credit-score-fast,200.0,,,,,,
https://ilhealthagents.com/insurance-news/how-to-claim-tax-deductions-for-medigap-premiums/,200.0,,2025-09-15T04:50:36+00:00,2026-01-03T22:06:27+00:00,jsonld,jsonld,
https://www.hancockwhitney.com/insights/7-steps-improve-credit-score,200.0,2026-05-09T09:40:16+00:00,2025-07-16T21:36:32+00:00,2025-08-25T15:18:34.532000+00:00,jsonld,jsonld,
https://www.equifax.com/personal/education/credit/score/articles/-/learn/raise-credit-scores-fast/,200.0,,2023-05-03T00:00:00,2023-05-13T00:00:00,jsonld,jsonld,
https://investor.vanguard.com/investor-resources-education/iras/ira-roth-conversion,200.0,,,,,,
https://www.fswb.bank/about/five-tips-for-improving-your-credit-score,200.0,,,,,,
https://dorseywealth.com/blog/roth-conversion-vs-backdoor-roth,200.0,,2025-11-05T00:00:00,,time_tag,,
https://www.experian.com/blogs/ask-experian/ways-to-improve-credit/,200.0,2026-05-13T18:59:24+00:00,2025-11-25T00:00:00,2025-11-25T00:00:00,jsonld,jsonld,
https://www.middlefieldbank.bank/blog/post/5-ways-to-boost-your-credit-score-in-2026,200.0,,,,,,
https://www.apsitaxes.com/blog/roth-conversion-vs-recharacterization,200.0,2026-05-13T20:05:00+00:00,2025-11-13T00:00:00,2025-11-06T00:00:00,jsonld,jsonld,
https://privatebank.jpmorgan.com/nam/en/insights/wealth-planning/for-your-year-end-tax-planning-beware-the-wash-sale-rule,200.0,,2025-08-25T10:30:00+05:30,,jsonld,,
https://www.ffcommunity.com/credit_score_changes_2026,200.0,,2026-01-12T11:59:01-05:00,2026-01-12T14:17:21-05:00,jsonld,jsonld,
https://www.criadv.com/insight/converting-traditional-ira-to-roth/,200.0,,2025-04-24T13:55:19+00:00,2025-04-24T13:55:20+00:00,jsonld,jsonld,
https://www.joseosegura.com/p/an-alternative-to-a-roth-conversion,200.0,2026-05-13T20:05:01+00:00,,,,,
https://www.microbiltconnect.com/article/the-difference-between-regular-credit-reports-and-alternative-credit-reports,,,,,,,"HTTPSConnectionPool(host='www.microbiltconnect.com', port=443): Max retries exceeded with url: /article/the-difference-between-regular-credit-reports-and-alternative-credit-reports (Caused by ConnectT"
https://www.nolo.com/legal-encyclopedia/getting-fha-loan-after-foreclosure-bankruptcy.html,200.0,2026-05-13T20:05:01+00:00,2013-09-06T11:11:59-07:00,2025-01-29T16:07:00-08:00,jsonld,jsonld,
https://luminasolar.com/25-tips-to-improve-credit-in-2026-and-beyond/,200.0,,2025-12-16T14:47:35+00:00,2026-04-02T22:45:12+00:00,jsonld,jsonld,
https://www.fha.com/fha_article?id=4170,403.0,,,,,,
https://ilhealthagents.com/insurance-news/how-to-claim-medigap-premiums-on-taxes/,200.0,,2026-01-03T22:00:54+00:00,2026-01-03T22:07:14+00:00,jsonld,jsonld,
https://www.chase.com/personal/mortgage/education/financing-a-home/fha-appraisal-requirements,200.0,,2023-10-10T00:00:00,2025-05-30T00:00:00,jsonld,jsonld,
https://better.com/content/fha-loan-inspection-requirements,200.0,,,,,,
https://www.apmortgage.com/blog/recovering-from-foreclosure-with-fha-loan,200.0,2026-05-13T19:31:41+00:00,,,,,
https://gomortgage.com/fha-repair-guidelines/,200.0,,2024-01-04T16:55:00+00:00,2025-09-30T04:26:12+00:00,jsonld,jsonld,
https://www.reddit.com/r/investing/comments/1p1hjrp/tax_loss_harvesting_what_are_the_principles_and/,200.0,,,,,,
https://www.charlotteobserver.com/careers-education/what-is-a-cfp/,,,,,,,"HTTPSConnectionPool(host='www.charlotteobserver.com', port=443): Read timed out. (read timeout=20)"
https://support.sofi.com/hc/en-us/articles/360039716572-How-long-will-it-take-for-my-money-to-be-invested-in-my-Robo-Invest-account,200.0,,2025-07-16T15:21:02+00:00,,time_tag,,
https://www.wealthenhancement.com/blog/essential-tax-loss-harvesting-tips,200.0,2026-05-13T19:30:56+00:00,2025-12-11T00:00:00,,jsonld,,
https://www.newamericanfunding.com/learning-center/homebuyers/fha-appraisal-red-flags/,200.0,,2024-05-23T16:00:00+00:00,2024-08-22T23:10:55+00:00,jsonld,jsonld,
https://www.housesthatshine.com/blog/most-common-fha-appraisal-repairs/,200.0,,2024-11-07T00:00:00,,time_tag,,
https://www.veritasappraisals.com/fha,200.0,,,,,,
https://www.fidelity.com/viewpoints/personal-finance/tax-loss-harvesting,403.0,,,,,,
https://www.unbiased.co.uk/discover/personal-finance/savings-investing/what-is-a-robo-adviser,200.0,,2025-02-11T16:19:18.163000+00:00,2026-03-12T00:00:00+00:00,jsonld,jsonld,
https://vantagescore.com/resources/knowledge-center/press_releases/vantagescore-creditgauge-february-2026-average-vantagescore-increases-to-701-as-lenders-boost-new-credit-despite-macro-headwinds,403.0,2026-05-12T16:03:48+00:00,,,,,
https://turbotax.intuit.com/tax-tips/investments-and-taxes/5-situations-to-consider-tax-loss-harvesting/L06jlQWfl,200.0,2026-05-10T06:31:24+00:00,,,,,
https://newsroom.transunion.com/transunions-2026-mortgage-pricing-goes-live--prioritizing-lower-costs-for-homebuyers/,200.0,,2026-01-08T22:15:00+01:00,2026-01-08T22:19:42+01:00,jsonld,jsonld,
https://www.kiplinger.com/personal-finance/college/best-529-plans,200.0,2026-05-12T22:26:34+00:00,2024-10-09T16:30:51+00:00,2026-05-06T22:04:05+00:00,jsonld,jsonld,
https://www.bankrate.com/investing/robo-advisors/,200.0,,2020-10-27T04:00:00+00:00,2025-12-13T01:41:59+00:00,jsonld,jsonld,
https://www.experianplc.com/newsroom/press-releases/2026/experian-announces--0-99-pricing-for-vantagescore-4-0-to-acceler,200.0,,,,,,
https://www.advisorperspectives.com/commentaries/2026/05/11/the-529-evolution-from-college-savings-to-versatile-financial-tool-1,403.0,,,,,,
https://www.elgacu.com/your-2026-credit-score-playbook-the-biggest-changes-and-what-they-mean-for-you/,200.0,2026-05-13T20:04:58+00:00,2026-01-16T08:00:00-05:00,2026-02-23T10:32:24-05:00,jsonld,jsonld,
https://www.metrickesq.com/blog/what-are-my-options-for-stopping-an-fha-foreclosure/,200.0,,2019-09-05T14:29:12+00:00,2020-04-20T13:44:58+00:00,jsonld,jsonld,
https://www.rocketmortgage.com/learn/how-long-does-fha-approval-take,403.0,,,,,,
https://www.range.com/blog/529-plans-major-upgrade-high-earners,200.0,2026-05-13T14:15:05+00:00,2026-02-27T00:00:00,2026-02-27T00:00:00,jsonld,jsonld,
https://www.morningstar.com/news/business-wire/20260424569267/vantagescore-creditgauge-march-2026-credit-conditions-improve-as-consumers-pull-back-on-borrowing-and-reduce-card-balances,200.0,,2026-04-24T12:00:00+00:00,,time_tag,,
https://www.reddit.com/r/RealEstate/comments/r8g0ur/how_quickly_can_you_close_on_an_fha_loan/,200.0,,,,,,
https://www.hud.gov/helping-americans/fha-loss-mitigation,200.0,2026-05-12T14:22:46+00:00,,,,,
https://bipartisanpolicy.org/explainer/whats-driving-higher-tax-refunds-in-2026/,200.0,2026-05-13T18:12:24+00:00,2026-02-12T19:57:50+00:00,2026-02-12T19:57:51+00:00,jsonld,jsonld,
https://www.medicaid.gov/medicaid/benefits,,,,,,,"HTTPSConnectionPool(host='www.medicaid.gov', port=443): Read timed out. (read timeout=20)"
https://www.adp.com/resources/articles-and-insights/articles/s/self-employment-tax.aspx,403.0,,,,,,
https://www.regions.com/insights/wealth/article/impact-2026-tax-changes,200.0,,,,,,
https://www.hrblock.com/tax-center/small-business/self-employed/self-employment-tax/,403.0,,,,,,
https://turbotax.intuit.com/tax-tips/tax-deductions-and-credits/tax-deductions-2020-what-will-sunset-or-change/L7gdLfrub,200.0,2026-05-10T06:34:13+00:00,,,,,
https://www.stephanoslack.com/2026/02/05/clean-energy-tax-credits-in-2026-what-remains-whats-ending-and-why-timing-matters/,200.0,,,,,,
https://optionalpha.com/strategies/covered-call,200.0,2026-05-13T17:08:38+00:00,2021-01-04T00:00:00,,og,,
https://www.experian.com/blogs/ask-experian/how-to-get-an-fha-loan/,200.0,2026-05-13T18:58:59+00:00,2026-04-23T00:00:00,2026-04-23T00:00:00,jsonld,jsonld,
https://povertycenter.columbia.edu/child-tax-credit,403.0,,,,,,
https://turbotax.intuit.com/tax-tips/self-employment-taxes/the-self-employment-tax/L8xXjolB4,200.0,2026-05-10T06:33:00+00:00,,,,,
https://polstontax.com/blog/heres-the-tax-credits-and-tax-deductions-that-changed-for-2026/,200.0,,2026-01-15T12:52:00-05:00,2026-01-20T22:06:04-05:00,jsonld,jsonld,
https://blog.taxact.com/tax-tips-for-the-self-employed/,200.0,,2025-10-29T16:41:45+00:00,2025-10-29T16:41:50+00:00,og,og,
https://www.lynalden.com/covered-calls/,403.0,,,,,,
https://www.cbpp.org/research/federal-tax/gains-from-expanded-child-tax-credit-outweigh-overstated-employment-worries,403.0,,,,,,
https://consumer.ftc.gov/financing-or-leasing-car,200.0,2026-05-13T20:02:44+00:00,2022-07-21T08:34:42-04:00,2025-09-10T22:55:46-04:00,og,og,
https://darrowwealthmanagement.com/blog/how-to-find-a-fee-only-financial-advisor/,200.0,,2025-02-14T00:00:03-05:00,2026-03-02T15:34:06-05:00,jsonld,jsonld,
https://beingboss.club/articles/understanding-self-employment-tax,200.0,2023-06-06T15:07:02+00:00,2016-12-21T05:00:00+00:00,2018-08-29T03:12:48+00:00,jsonld,jsonld,
https://pmc.ncbi.nlm.nih.gov/articles/PMC11456322/,200.0,,,,,,
https://www.fidelity.com/learning-center/smart-money/covered-call,403.0,,,,,,
https://www.brookings.edu/articles/the-expanded-child-tax-credit-the-ctcs-history-impact-and-uncertain-future/,200.0,2026-05-13T20:05:07+00:00,2021-06-18T13:30:57+00:00,2022-03-21T20:53:55+00:00,jsonld,jsonld,
https://onpay.com/insights/child-tax-credit-changes-obbba/,200.0,,2026-01-21T19:06:54+00:00,2026-01-21T00:00:00,jsonld,jsonld,
https://taxpolicycenter.org/taxvox/child-tax-credit-changes-boost-and-stabilize-benefits-some-still-exclude-lowest-income,200.0,2026-05-13T20:05:06+00:00,2025-09-10T11:00:00+00:00,,time_tag,,
https://firstfocus.org/resource/the-child-tax-credit-and-its-potential-impact-on-the-lives-of-children-and-future-of-the-nation/,429.0,,,,,,
https://www.niskanencenter.org/disentangling-in-work-and-child-tax-credits-to-address-improper-payments/,200.0,2025-04-09T16:46:48+00:00,2025-03-26T15:30:00+00:00,2025-04-09T20:46:48+00:00,jsonld,jsonld,
https://www.ncoa.org/article/5-steps-to-choosing-a-medicare-plan/,200.0,,2026-03-25T04:00:00+00:00,,time_tag,,
https://www.orangecountyscu.org/stories/the-pros-and-cons-of-long-term-auto-loans/,200.0,2026-05-13T20:05:07+00:00,,,,,
https://www.medicare.gov/basics/get-started-with-medicare/medicare-basics/parts-of-medicare,200.0,2026-05-13T15:48:50+00:00,,,,,
https://www.aarp.org/medicare/understanding-medicare-the-plans/,200.0,,2010-12-30T05:00:00+00:00,2024-10-09T04:00:00+00:00,jsonld,jsonld,
https://www.medicare.gov/basics/get-started-with-medicare/get-more-coverage/joining-a-plan,200.0,2026-05-13T15:49:05+00:00,,,,,
https://www.azibo.com/blog/real-estate-crowdfunding,200.0,2026-05-13T20:05:08+00:00,2024-11-28T00:00:00,,og,,
https://www.ncoa.org/article/a-7-point-checklist-for-choosing-a-medicare-advantage-plan/,200.0,,2025-11-21T05:00:00+00:00,,time_tag,,
https://www.healthpartners.com/blog/parts-of-medicare-explained/,200.0,2026-05-13T20:05:08+00:00,2023-03-23T03:06:02+00:00,2025-06-19T19:46:37+00:00,jsonld,jsonld,
https://www.medicareresources.org/medicare-open-enrollment/,200.0,,2025-11-17T00:01:51-06:00,2026-01-15T14:24:49-06:00,jsonld,jsonld,
https://www.cms.gov/newsroom/fact-sheets/2026-medicare-parts-b-premiums-deductibles,200.0,2026-05-12T22:19:43+00:00,2025-11-14T07:00:00-05:00,2026-03-03T18:26:21-05:00,jsonld,jsonld,
https://www.therealestatecrowdfundingreview.com/top-25-real-estate-crowdfunding-sites-reviews-and-rankings,200.0,,,,,,
https://investor.vanguard.com/investor-resources-education/article/how-to-set-up-backdoor-ira,200.0,,,,,,
https://www.schwab.com/learn/story/income-too-high-roth-ira-try-these-alternatives,200.0,,,,,,
https://www.morningstar.com/personal-finance/how-rebalance-your-portfolio-before-2026-2,200.0,,2025-11-06T00:00:00,,time_tag,,
https://www.moaa.org/content/publications-and-media/news-articles/2025-news-articles/finance/roth-ira-restrictions-how-you-can-plan-ahead-to-avoid-taxes-(or-penalties)/,200.0,,2025-02-05T00:00:00,,og,,
https://www.anthem.com/medicare/learn-about-medicare/medicare-enrollment,200.0,2026-05-13T19:35:45+00:00,,,,,
https://www.goldmansachs.com/insights/articles/us-stocks-forecast-to-rise-in-2026,200.0,2026-05-08T20:27:30+00:00,2026-04-29T00:00:00,,jsonld,,
https://www.blackrock.com/us/individual/insights/equity-market-outlook,200.0,,,,,,
https://www.adp.com/resources/articles-and-insights/articles/w/what-is-a-tax-credit.aspx,403.0,,,,,,
https://www.thrivent.com/insights/retirement-planning/5-alternatives-if-you-make-too-much-to-contribute-to-a-roth-ira,200.0,,2025-02-11T00:00:00,2026-03-09T00:00:00,jsonld,jsonld,
https://wealthkeel.com/blog/5-traps-that-could-derail-your-roth-ira/,200.0,,2024-04-25T17:25:14+00:00,2025-01-22T17:30:05+00:00,jsonld,jsonld,
https://www.cbpp.org/research/policy-basics-the-earned-income-tax-credit,403.0,,,,,,
https://en.wikipedia.org/wiki/Robo-advisor,403.0,,,,,,
https://turbotax.intuit.com/tax-tips/tax-deductions-and-credits/the-5-biggest-tax-credits-you-might-qualify-for/L3o8qrNnC,200.0,2026-05-10T06:33:00+00:00,,,,,
https://www.loansbyworld.com/blog/whats-a-tax-credit-and-how-does-it-work,200.0,2026-05-13T20:05:11+00:00,,,,,
https://d3.harvard.edu/platform-digit/submission/robo-advisors-and-the-business-of-automated-advice/,200.0,,2018-04-09T18:49:28+00:00,2018-04-09T18:49:53+00:00,jsonld,jsonld,
https://smartasset.com/taxes/all-about-child-tax-credits,200.0,,2016-01-20T10:00:13+00:00,2026-04-16T17:21:12+00:00,jsonld,jsonld,
https://www.indeed.com/career-advice/career-development/telecommuting-vs-remote-work,403.0,,,,,,
https://medium.com/@fxis.ai/why-ai-disruption-will-end-freelancing-as-we-know-it-520ddac225bf,200.0,,2025-07-21T13:36:44+00:00,2025-07-21T13:36:44+00:00,jsonld,jsonld,
https://www.dol.gov/newsroom/releases/whd/whd20260226,403.0,,,,,,
https://www.lee.senate.gov/2026/3/lee-introduces-21st-century-worker-act-to-deregulate-independent-contract-work,403.0,,,,,,
https://www.im.natixis.com/en-us/insights/portfolio-construction/2025/three-etf-trends-poised-to-shape-2026,200.0,2026-05-13T20:05:11+00:00,2025-12-04T05:00:00+00:00,2026-01-06T14:54:25.395000+00:00,jsonld,jsonld,
https://itep.org/child-tax-credit-2026-obbba-trump-taxes/,200.0,,2026-03-10T07:48:57-04:00,2026-03-10T15:32:07-04:00,jsonld,jsonld,
https://www.jobbers.io/new-freelance-websites-for-2026-comprehensive-guide-to-emerging-platforms/,403.0,,,,,,
https://www.marcus.com/us/en/resources/investing/how-do-robo-advisors-work,200.0,2026-05-13T20:05:11+00:00,2025-04-22T00:00:00,,jsonld,,
https://www.oysterhr.com/library/sabbatical-leave,200.0,2026-05-13T20:05:12+00:00,2026-05-11T00:00:00,2026-05-10T00:00:00,jsonld,jsonld,
https://mosey.com/blog/remote-work-vs-telework/,200.0,,2025-12-22T00:00:00+00:00,2025-12-22T00:00:00+00:00,og,og,
https://www.berryvirtual.com/blog/5-easy-remote-jobs-that-pay-well-in-2026,200.0,2026-05-13T20:05:12+00:00,2026-02-20T19:38:50.216000+00:00,2026-02-20T19:38:18.561000+00:00,jsonld,jsonld,
https://medium.com/@averageguymedianow/the-layoff-era-understanding-job-cuts-from-2025-to-2026-e36ab1b62746,200.0,,2025-12-14T16:12:41+00:00,2025-12-14T16:12:41+00:00,jsonld,jsonld,
https://www.intuit.com/blog/innovative-thinking/hybrid-vs-remote-vs-telework/,200.0,,2025-08-01T07:04:45+00:00,2025-10-24T22:10:10+00:00,jsonld,jsonld,
https://medium.com/@yunusgurguz11/why-i-prefer-becoming-a-data-engineer-over-a-data-scientist-fdd608a6c076,200.0,,2025-05-21T17:50:47+00:00,2025-05-21T17:50:47+00:00,jsonld,jsonld,
https://www.reddit.com/r/dataengineering/comments/1lptae2/advice_is_data_engineering_a_safe_career_choice/,200.0,,,,,,
https://www.reddit.com/r/dataengineering/comments/1qhk6rc/is_shifting_to_data_engineering_really_a_good/,200.0,,,,,,
https://www.fastcompany.com/91538649/layoffs-are-actually-on-the-decline-in-2026-but-not-in-the-tech-industry,403.0,,,,,,
https://levelup.gitconnected.com/why-technical-interviews-are-broken-and-what-we-can-do-about-it-8cfcf8f64b15,200.0,,2026-02-18T18:20:23+00:00,2026-04-13T21:48:46+00:00,jsonld,jsonld,
https://www.berkshireassociates.com/blog/the-2026-rif-reality-why-layoffs-are-complicated,200.0,2026-05-07T03:33:34+00:00,2026-03-13T17:21:29+00:00,2026-03-16T18:08:45.609000+00:00,jsonld,jsonld,
https://www.gable.to/blog/post/work-from-home-statistics,200.0,2026-05-13T20:05:13+00:00,2026-04-29T00:00:00,2026-04-19T00:00:00,jsonld,jsonld,
https://blog.theinterviewguys.com/the-star-method/,200.0,2026-05-13T19:40:44+00:00,2026-01-13T09:19:42-08:00,2026-05-06T14:01:41-07:00,jsonld,jsonld,
https://www.reddit.com/r/datascience/comments/1qja2xv/best_and_worst_companies_for_ds_in_2026/,200.0,,,,,,
https://developers.google.com/tech-writing/becoming,200.0,2025-03-31T18:06:35+00:00,,,,,
https://onboardcoworking.com/difference-remote-work-vs-telework/,200.0,,2025-07-17T01:49:48+00:00,,jsonld,,
https://www.aihr.com/blog/sabbatical-leave/,200.0,,2025-01-17T09:21:55+00:00,2026-03-31T07:57:41+00:00,jsonld,jsonld,
https://brianjenney.medium.com/why-i-bombed-my-system-design-interviews-and-how-you-can-avoid-it-8d6e98439150,200.0,,2025-07-26T14:56:49+00:00,2025-07-26T14:56:49+00:00,jsonld,jsonld,
https://app.favikon.com/public/ranking/creators/all-categories_all-niches_linkedin/,200.0,,,,,,
https://eliteresumes.co/career-resources/interview-prep/behavioral-interview-questions.html,200.0,2025-11-28T07:04:43+00:00,2025-11-27T00:00:00+00:00,2025-11-27T00:00:00+00:00,jsonld,jsonld,
https://taplio.com/blog/top-linkedin-influencers-to-follow,200.0,2026-05-13T20:05:14+00:00,2024-06-09T00:00:00+00:00,2024-06-09T00:00:00+00:00,jsonld,jsonld,
https://smartasset.com/taxes/tax-credits,200.0,,2023-03-07T12:13:24+00:00,2026-04-15T19:19:25+00:00,jsonld,jsonld,
https://www.apollotechnical.com/career-change-statistics/,200.0,2026-05-13T15:39:16+00:00,2026-02-21T16:13:00+00:00,2026-04-10T21:00:49+00:00,og,og,
https://medium.com/design-bootcamp/dont-waste-time-learning-ux-design-in-2026-do-this-instead-357c3738381e,200.0,,2026-02-02T04:22:22+00:00,2026-02-02T10:46:36+00:00,jsonld,jsonld,
https://www.pce.uw.edu/news-features/articles/technical-writing-jobs,200.0,,2024-01-31T12:06:54,,jsonld,,
https://jsenich.esourcecoach.com/the-most-common-reasons-people-change-careers/,200.0,,,,,,
https://www.talentrank.ai/resources/blog/star-interview-method,200.0,,2025-01-01T00:00:00,,jsonld,,
https://www.reddit.com/r/favikon/comments/1s3bebe/top_10_linkedin_creators_in/,200.0,,,,,,
https://medium.com/design-bootcamp/i-asked-gpt-5-about-the-future-of-ux-design-job-hunt-nightmare-618560042848,200.0,,2025-08-12T02:45:23+00:00,2025-08-13T00:10:24+00:00,jsonld,jsonld,
https://www.fullstack.com/labs/resources/blog/top-5-ux-ui-design-trends-in-2025-the-future-of-user-experiences,200.0,2026-05-13T20:05:15+00:00,,2025-10-01T10:00:00+03:00,,jsonld,
https://www.park.edu/blog/exploring-the-career-of-a-technical-writer-what-they-do-and-how-to-get-started/,200.0,,2025-07-14T17:25:36+00:00,,jsonld,,
https://www.reddit.com/r/UXDesign/comments/1p2575k/lets_grab_a_glass_of_water_and_talk_about_our/,200.0,,,,,,
https://www.reddit.com/r/UXDesign/comments/1hpx9hl/future_of_ux_design_field/,200.0,,,,,,
https://www.adp.com/resources/articles-and-insights/articles/p/paid-time-off-policy.aspx,403.0,,,,,,
https://www.outx.ai/blog/most-followed-person-linkedin,200.0,,2026-02-05T02:00:00+05:30,2026-02-05T02:00:00+05:30,jsonld,jsonld,
https://www.c-suite-strategy.com/blog/maximizing-the-impact-the-comprehensive-chief-of-staff-role-in-modern-organizations,200.0,,2024-06-26T03:03:05+02:00,2025-06-12T18:35:28+02:00,jsonld,jsonld,
https://medium.com/@ashokcodes/the-future-of-software-engineer-interviews-f78413a74203,200.0,,2025-05-28T22:24:32+00:00,2025-05-28T22:24:32+00:00,jsonld,jsonld,
https://vchiefs.com/the-many-flavors-of-chiefs-of-staff/,403.0,,,,,,
https://acacia.edu/blog/u-s-education-in-2026-the-big-changes-every-educator-should-prepare-for/,200.0,2026-05-13T09:50:54+00:00,2025-11-17T08:51:52+00:00,2026-04-08T09:02:57+00:00,jsonld,jsonld,
https://anderson.edu/blog-stories/reasons-to-go-back-to-school/,403.0,,,,,,
https://elevationchiefofstaff.com/cos-blog/what-does-a-chief-of-staff-actually-do-a-day-in-the-life-explained,200.0,,2025-04-25T12:46:14-05:00,2025-07-10T13:47:56-05:00,jsonld,jsonld,
https://www.nextlevel.coach/blog/chief-of-staff-common-mistakes,200.0,,2026-01-29T07:08:29-05:00,2026-03-08T04:14:23-04:00,jsonld,jsonld,
https://www.reddit.com/r/consulting/comments/1m12mzd/chief_of_staff_is_a_terrible_name_for_the_job/,200.0,,,,,,
https://www.beckershospitalreview.com/hospital-management-administration/why-chief-of-staff-is-one-of-the-hardest-jobs-you-can-have/,403.0,,,,,,
https://medium.com/@tedriter/its-lonely-near-the-top-challenges-for-chiefs-of-staff-79cb9cbdccbe,200.0,,2019-02-11T21:46:05+00:00,2019-03-08T18:01:33+00:00,jsonld,jsonld,
https://www.brodacoaching.com/how-to-switch-industries-during-a-tough-job-market-and-still-win,200.0,,2025-09-28T11:00:07,2025-11-17T13:19:05,jsonld,jsonld,
https://www.mutualofomaha.com/advice/medicare/new-to-medicare/medicare-an-introductory-guide,,,,,,,"HTTPSConnectionPool(host='www.mutualofomaha.com', port=443): Max retries exceeded with url: /advice/medicare/new-to-medicare/medicare-an-introductory-guide (Caused by NameResolutionError(""HTTPSConnect"
https://www.straighterline.com/blog/where-start-want-to-go-back-to-school,200.0,,2026-02-03T00:00:00-05:00,2026-02-03T12:17:00-05:00,jsonld,jsonld,
https://tietalent.com/en/blog/253/career-change-a-step-by-step-guide,200.0,,2026-02-26T09:42:43.425000+00:00,2026-05-05T14:12:21.543000+00:00,jsonld,jsonld,
https://www.frontlinesourcegroup.com/blog-the-career-change-conundrum-making-a-smooth-transition-into-a-new-industry.html,200.0,,,,,,
https://hrdailyadvisor.hci.org/2026/02/27/the-hidden-cost-of-silence-how-low-psychological-safety-in-the-workplace-undermines-compliance-culture-and-growth/,200.0,,2026-02-27T10:00:00+00:00,2026-02-16T17:08:04+00:00,jsonld,jsonld,
https://www.refontelearning.com/blog/devops-engineering-in-2026-top-trends-in-demand-skills-and-career-strategies,200.0,,,,,,
https://www.credaily.com/reviews/best-real-estate-crowdfunding-sites/,200.0,,2024-01-30T11:48:13+00:00,2025-11-24T19:12:03+00:00,jsonld,jsonld,
https://medium.com/tietalent-com/career-change-in-2026-a-practical-roadmap-for-making-the-leap-e9b3b8dda40d,200.0,,2026-03-03T13:54:26+00:00,2026-03-03T13:54:26+00:00,jsonld,jsonld,
https://www.gallup.com/workplace/349484/state-of-the-global-workplace.aspx,200.0,2026-05-13T20:05:17+00:00,2021-06-15T03:30:00+00:00,2021-06-15T03:30:00+00:00,jsonld,jsonld,
https://dev.to/__be2942592/how-to-switch-careers-into-tech-or-out-of-it-in-2026-2mgl,200.0,,2026-02-25T00:25:13+00:00,2026-02-25T00:25:13+00:00,jsonld,jsonld,
https://thervo.com/costs/how-much-does-a-career-coach-cost,200.0,2026-05-13T20:05:19+00:00,2022-10-28T18:49:52.562000+00:00,2024-09-23T20:57:35.276000+00:00,jsonld,jsonld,
https://www.wellnessalliance.org/resources-and-tools/news-and-information/2026/01/27/building-a-psychologically-safe-workplace--a-key-step-in-reducing-employee-stress,200.0,2026-05-13T20:05:19+00:00,,,,,
https://employmenthero.com/uk/blog/how-to-change-career-2026/,200.0,,2026-01-08T12:23:33+00:00,2026-01-09T00:40:07+00:00,jsonld,jsonld,
https://pmc.ncbi.nlm.nih.gov/articles/PMC11153200/,200.0,,,,,,
https://pmc.ncbi.nlm.nih.gov/articles/PMC12847366/,200.0,,,,,,
https://www.davron.net/should-you-change-jobs-2026/,200.0,2026-05-13T06:50:21+00:00,,,,,
https://www.trinet.com/insights/how-long-is-paternity-leave,200.0,,2024-12-18T12:00:00+00:00,2026-04-02T12:10:14.585000+00:00,jsonld,jsonld,
https://burnettspecialists.com/blog/navigating-career-changes-tips-for-professionals-entering-new-industries/,200.0,,2025-04-17T13:05:32+00:00,2025-04-29T16:27:17+00:00,jsonld,jsonld,
https://www.guardianlife.com/group/how-long-is-maternity-leave,200.0,,,,,,
https://www.whitecoatinvestor.com/roth-contribution-or-conversion/,200.0,2026-05-13T20:05:20+00:00,2025-03-07T07:30:11+00:00,2026-04-06T04:12:28+00:00,jsonld,jsonld,
https://www.whitecoatinvestor.com/are-municipal-bonds-safe/,200.0,2026-05-13T20:05:21+00:00,2024-06-29T06:30:30+00:00,2026-05-02T18:44:45+00:00,jsonld,jsonld,
https://www.mba.com/business-school-and-careers/career-possibilities/what-is-the-smartest-career-pivot-in-2026,200.0,,,,,,
https://parwcc.com/what-career-professionals-need-to-understand-now-the-2026-job-market-shift/,200.0,,2026-05-01T08:30:20+00:00,,jsonld,,
https://www.paycor.com/resource-center/articles/maternity-leave-laws-by-state/,200.0,2026-02-02T17:02:15+00:00,2022-02-18T18:07:00-05:00,2026-02-02T17:02:15-05:00,jsonld,jsonld,
https://www.indeed.com/career-advice/career-development/severance-agreement,403.0,,,,,,
https://www.whattoexpect.com/pregnancy/maternity-leave,200.0,,2015-11-19T16:28:52,2025-01-14T21:40:00,jsonld,jsonld,
https://metricool.com/linkedin-trends/,200.0,,2026-04-16T12:28:31+00:00,2026-04-16T12:28:32+00:00,jsonld,jsonld,
https://www.fidelity.com/learning-center/smart-money/severance-pay,403.0,,,,,,
https://www.paychex.com/articles/human-resources/severance-pay,200.0,2026-05-13T19:35:35+00:00,,,,,
https://originality.ai/blog/linkedin-ai-study-engagement,200.0,2026-05-13T20:05:22+00:00,2026-01-22T12:05:49.098000+00:00,2026-01-20T16:24:52.592000+00:00,jsonld,jsonld,
https://www.newamerica.org/insights/paid-family-leave-how-much-time-enough/a-timeline-of-paid-family-leave/,200.0,,2026-01-25T16:50:34+00:00,2026-02-24T13:37:38+00:00,jsonld,jsonld,
https://employerbranding.news/the-future-of-recruiting-2025-linkedins-take-on-whats-next-for-talent-acquisition/,200.0,,2025-03-05T23:05:14+00:00,2025-08-29T00:58:36+00:00,jsonld,jsonld,
https://seas.harvard.edu/news/how-become-data-scientist,200.0,2026-05-13T16:39:22+00:00,2025-02-03T07:00:00-05:00,2025-02-25T18:19:42-05:00,jsonld,jsonld,
https://hrinsider.ca/psychological-health-and-safety-planning-for-hr-teams-in-2026/,200.0,,2026-01-05T22:19:32-07:00,,og,,
https://news.linkedin.com/2026/LinkedIn-Research-Talent-2026,200.0,,2026-01-07T05:30:00-08:00,,time_tag,,
https://medium.com/@sahin.samia/a-comprehensive-guide-to-become-a-self-taught-data-scientist-69e769c63f95,200.0,,2024-01-06T13:55:26+00:00,2024-04-09T09:31:59+00:00,jsonld,jsonld,
https://legal.thomsonreuters.com/en/insights/articles/what-employers-need-to-know-about-severance-packages,200.0,2026-05-13T20:05:22+00:00,2025-01-30T18:30:00,,time_tag,,
https://tesseon.com/blog/employers-guide-to-severance-pay/,200.0,,2025-05-21T11:20:55-05:00,2025-05-28T14:36:42-05:00,jsonld,jsonld,
https://resufit.com/blog/resumeio-review-pricing-templates-worth-it/,200.0,,2026-03-06T00:00:00+00:00,,jsonld,,
https://www.edx.org/become/how-to-become-a-data-scientist,200.0,2026-05-13T14:13:01+00:00,2024-09-16T21:16:38+00:00,2026-03-26T20:49:18+00:00,jsonld,jsonld,
https://unemployment.dc.gov/page/apply-benefits,200.0,2026-05-13T14:50:27+00:00,,,,,
https://cdle.colorado.gov/unemployment/ui-claimant-guide/applying-for-ui-benefits,200.0,2026-05-12T22:39:04+00:00,,,,,
https://www.centerpointfm.com/blog/10-questions-for-restricted-stock-units-rsus,200.0,,2022-01-21T17:02:51-08:00,2024-12-23T12:05:16-08:00,jsonld,jsonld,
https://resumeoptimizerpro.com/blog/resume-writing-service-review,200.0,,2026-04-12T00:00:00,2026-04-12T00:00:00,jsonld,jsonld,
https://bigthink.com/business/the-career-ladder-is-broken-heres-what-replaces-it/,403.0,,,,,,
https://www.ie.edu/uncover-ie/how-to-become-a-data-scientist-master-in-business-analytics-and-data-science/,200.0,,2026-01-13T11:00:00+00:00,2026-04-23T15:08:01+00:00,jsonld,jsonld,
https://business.linkedin.com/hire/resources/future-of-recruiting,200.0,2026-05-13T20:05:24+00:00,,,,,
https://fferoz.medium.com/the-career-ladder-is-gone-what-comes-next-9b1f7b7a6d45,200.0,,2026-01-25T12:25:05+00:00,2026-01-25T12:25:05+00:00,jsonld,jsonld,
https://www.fastcompany.com/91513919/ai-is-reshaping-career-ladders,403.0,,,,,,
https://www.talentguard.com/how-to-develop-a-career-ladder-for-employees,200.0,,,2026-01-05T17:07:28+00:00,,og,
https://www.twc.texas.gov/services/apply-benefits,403.0,,,,,,
https://www.psychologytoday.com/us/blog/the-evolving-workforce/202605/the-vanishing-rung-ai-is-climbing-the-career-ladder,200.0,2026-05-08T01:40:50+00:00,2026-05-07T21:40:50-04:00,2026-05-07T21:40:50-04:00,jsonld,jsonld,
https://www.reddit.com/r/levels_fyi/comments/1saw6zu/is_the_career_ladder_getting_shorter/,200.0,,,,,,
https://darrowwealthmanagement.com/blog/restricted-stock-units/,200.0,,2026-03-12T14:44:41-04:00,2026-03-12T15:09:04-04:00,jsonld,jsonld,
https://tdwealth.net/rsu-tax-planning-strategies-tech-executives/,403.0,,,,,,
https://hateithere.co/articles/2025-11-21/its-time-to-make-2026-the-year-you-actually-plan-ahead/,200.0,2025-11-21T16:18:45+00:00,2025-11-21T16:50:04+00:00,2025-11-21T21:18:45+00:00,jsonld,jsonld,
https://summitry.com/blog/rsu-vesting-schedules/,200.0,,2025-08-07T18:48:12+00:00,2026-04-14T16:29:34+00:00,jsonld,jsonld,
https://esd.wa.gov/get-financial-help/unemployment-benefits/applying-unemployment-benefits/how-apply-unemployment-benefits,200.0,2026-05-13T19:53:56+00:00,,,,,
https://archerim.com/10-simple-tips-to-maximize-your-restricted-stock/,200.0,,2025-05-27T17:49:17+00:00,2026-03-26T08:23:02+00:00,jsonld,jsonld,
https://www.fairstone.ie/blogs/new-year-new-wealth-goals-how-to-set-a-5-year-financial-strategy-that-works/,200.0,2026-05-13T17:06:11+00:00,2026-01-02T08:00:55+00:00,2026-04-06T16:56:29+00:00,jsonld,jsonld,
https://www.reddit.com/r/cybersecurity/comments/1que54r/getting_into_security_engineering/,200.0,,,,,,
https://tryhackme.com/careers/security-engineer,200.0,,,,,,
https://medium.com/@Isidro/coding-journey-solving-150-leetcode-problems-410f835fea32,200.0,,2024-03-11T05:49:16+00:00,2024-10-16T19:16:16+00:00,jsonld,jsonld,
http://english.scio.gov.cn/m/in-depth/2026-03/04/content_118359611.html,200.0,2026-03-05T00:52:04+00:00,,,,,
https://www.jit.io/resources/devsecops/a-comprehensive-guide-to-becoming-a-security-engineer,200.0,,2024-12-18T18:57:18.929000+00:00,2024-12-18T18:57:18.929000+00:00,jsonld,jsonld,
https://www.zoom.com/en/blog/hybrid-work-trends/,200.0,,2026-03-01T14:51:00+00:00,2024-12-09T14:51:00+00:00,jsonld,jsonld,
https://www.nimblework.com/blog/project-management-influencers/,200.0,2026-05-08T01:18:03+00:00,2024-10-21T11:45:32+00:00,2026-02-18T09:11:52+00:00,jsonld,jsonld,
https://buildempire.co.uk/employee-feedback-statistics/,200.0,2026-05-12T15:42:17+00:00,2026-04-02T08:00:00+00:00,2026-04-15T12:01:28+00:00,jsonld,jsonld,
https://www.leahcrump.com/blog/your-2026-plan-the-most-grounding-thing-you-can-do-for-your-business-and-your-life,200.0,,,,,,
https://www.hireborderless.com/post/employee-feedback-statistics,200.0,2026-05-13T20:05:27+00:00,2026-03-19T00:00:00,2026-03-19T00:00:00,jsonld,jsonld,
https://www.forbes.com/advisor/business/software/best-project-management-software/,403.0,,,,,,
https://siepr.stanford.edu/publications/policy-brief/hybrid-future-work,200.0,2026-05-13T00:48:37+00:00,,,,,
https://www.cakeequity.com/guides/stock-vesting,200.0,2026-05-13T20:05:27+00:00,2025-05-22T00:00:00,2025-03-11T00:00:00,jsonld,jsonld,
https://primeast.com/insights/the-benefits-of-360-feedback-for-managers-in-2026/,200.0,,2026-02-19T10:30:36+00:00,2026-02-19T10:30:36+00:00,jsonld,jsonld,
https://codemify.com/qa-startup-success-roadmap,200.0,2026-04-22T00:58:32+00:00,,,,,
https://secfi.com/learn/stock-option-vesting-schedule,200.0,,2020-04-14T00:00:00,2025-08-06T13:51:41+00:00,jsonld,jsonld,
https://www.forbes.com/sites/karadennison/2025/09/22/why-gen-z-is-choosing-the-career-lily-pad-over-the-career-ladder/,200.0,,2025-09-22T00:00:00,2025-09-22T00:00:00,og,og,
https://carta.com/learn/equity/stock-options/,200.0,,,,,,
https://quashbugs.com/blog/qa-tester-career-path-2025,200.0,,2025-07-25T16:00:00+05:30,,jsonld,,
https://bestcompaniesgroup.com/blog/kick-off-2026-with-a-listening-strategy-why-employee-feedback-sets-the-tone-for-the-year-ahead/,200.0,,2026-01-28T21:59:02+00:00,2026-01-29T17:42:24+00:00,jsonld,jsonld,
https://www.range.com/blog/rsu,200.0,2026-05-13T18:18:46+00:00,2025-07-22T00:00:00,2025-07-22T00:00:00,jsonld,jsonld,
https://www.coursereport.com/blog/quality-assurance-qa-testing-jobs-career-path-for-bootcampers,200.0,,2024-04-12T13:47:00-04:00,2024-04-12T14:16:00-04:00,jsonld,jsonld,
https://www.blankrome.com/publications/state-and-local-tax-implications-remote-workforce,200.0,,2024-10-03T00:00:00+00:00,2026-02-13T14:27:27+00:00,jsonld,jsonld,
https://www.wierenga.tax/understanding-tax-implications-of-remote-work-in-the-u-s,200.0,2026-05-13T20:05:29+00:00,,,,,
https://clararamosgonzalez.com/blog/how-do-i-become-a-qa-engineer/,200.0,,2025-07-23T17:17:27+02:00,2025-07-23T17:20:48+02:00,jsonld,jsonld,
https://www.edstellar.com/blog/site-reliability-engineer-skills,200.0,2026-05-13T20:05:29+00:00,2026-01-13T00:00:00+05:30,2026-02-18T00:00:00+05:30,jsonld,jsonld,
https://rootly.com/sre/2026-ai-observability-trends-predictive-alerts-auto-fixes-94739,200.0,2026-05-13T20:05:29+00:00,2026-04-30T13:26:08.880000+00:00,2026-04-29T16:25:07.937000+00:00,jsonld,jsonld,
https://www.performyard.com/articles/performance-management-statistics,200.0,2026-05-13T20:05:29+00:00,2026-02-06T00:00:00,2026-02-06T00:00:00,jsonld,jsonld,
https://www.reddit.com/r/devops/comments/1s28xen/devops_ai_where_are_we_headed_need_honest/,200.0,,,,,,
https://dev.to/charliemorrison/i-tracked-12-counter-offer-negotiations-in-2026-here-are-the-4-that-worked-and-the-8-that-28n2,200.0,,2026-05-02T20:12:57+00:00,2026-05-04T19:53:56+00:00,jsonld,jsonld,
https://www.skillcycle.com/blog/calculate-performance-review-costs/,200.0,,2025-11-12T15:50:26+00:00,2025-11-12T15:53:53+00:00,jsonld,jsonld,
https://www.apmdigest.com/sre-report-2026-reliability-being-redefined-0,200.0,2026-05-13T20:05:29+00:00,2026-05-07T11:00:00-05:00,,time_tag,,
https://www.hrperformancesolutions.net/blog/how-much-does-performance-management-software-cost,200.0,,2026-02-18T00:00:00,,jsonld,,
https://www.amerisave.com/learn/how-much-to-offer-on-a-house-in-strategic-decisions-that-make-or-break-your-purchase,200.0,2026-05-13T20:05:30+00:00,,,,,
https://www.reddit.com/r/fatFIRE/comments/11bmib2/voluntary_severance_package_vs_being_laid_off/,200.0,,,,,,
https://taxfoundation.org/blog/remote-work-tax-season/,200.0,,2024-02-14T20:54:12+00:00,2024-07-18T14:40:51+00:00,jsonld,jsonld,
https://www.ottingerlaw.com/blog/severance-packages-ny/,200.0,2026-05-13T20:05:31+00:00,2013-08-22T19:08:27+00:00,2025-09-13T01:01:36+00:00,jsonld,jsonld,
https://www.refontelearning.com/blog/the-future-of-devops-engineering-in-2026-how-smart-professionals-are-building-long-term-careers-with-refonte-learning,200.0,,,,,,
https://itnext.io/10-essential-tips-to-become-a-successful-cloud-security-engineer-04e89fbbc0f0,,,,,,,"HTTPSConnectionPool(host='itnext.io', port=443): Max retries exceeded with url: /10-essential-tips-to-become-a-successful-cloud-security-engineer-04e89fbbc0f0 (Caused by SSLError(SSLCertVerificationEr"
https://www.indeed.com/career-advice/career-development/laid-off-vs-fired,403.0,,,,,,
https://educegroup.com/blog/layoff-alternatives-why-to-consider-a-voluntary-separation-program/,200.0,2024-12-04T08:41:33+00:00,2024-06-12T14:14:37+00:00,2024-12-04T13:41:33+00:00,jsonld,jsonld,
https://www.remotely.works/blog/what-are-the-best-practices-for-interviewing-a-security-engineer,200.0,2026-05-13T20:05:31+00:00,,,,,
https://www.reddit.com/r/platformengineering/comments/1ox7w4j/software_or_platform_engineering_which_one_is/,200.0,,,,,,
https://platformengineering.org/blog/being-a-platform-engineer-in-2026,200.0,2026-05-13T20:05:31+00:00,,,,,
https://www.reddit.com/r/linkedin/comments/1pzh9tl/give_your_linkedin_profile_a_2026_makeover_what/,200.0,,,,,,
https://paligo.net/blog/technical-writing/the-biggest-challenges-for-technical-writers/,200.0,2026-05-13T14:05:35+00:00,2024-01-18T09:05:35+00:00,2025-11-12T15:11:30+00:00,jsonld,jsonld,
https://www.kore1.com/platform-engineer-role-skills-salary/,200.0,,2026-03-24T19:22:41+00:00,2026-04-29T22:27:29+00:00,jsonld,jsonld,
https://www.reddit.com/r/technicalwriting/comments/1p69uaj/will_aifirst_documentation_make_technical_writers/,200.0,,,,,,
https://wsidigitaladvisors.uk/your-ultimate-linkedin-guide-for-2026/,403.0,,,,,,
https://www.sociabble.com/blog/employee-advocacy/linkedin-profile-optimization/,200.0,,2025-11-03T11:00:32+00:00,2026-03-26T16:04:03+00:00,jsonld,jsonld,
https://document360.com/blog/technical-writing-trends/,200.0,2026-05-13T20:05:32+00:00,2026-02-13T06:07:09+00:00,2026-03-06T08:05:35+00:00,jsonld,jsonld,
https://platformengineering.com/editorial-calendar/best-of-2025/here-is-why-platform-engineering-may-be-a-more-lucrative-career-than-you-think-2/,200.0,,2025-12-25T14:00:35+00:00,2025-12-22T20:23:18-04:00,jsonld,og,
https://cuttingedgepr.com/articles/career-paths-in-qa-where-can-you-go-after-five-years/,403.0,,,,,,
https://www.indeed.com/career-advice/finding-a-job/how-to-become-qa-engineer,403.0,,,,,,
https://www.cherryleaf.com/2025/12/podcast-164-trends-in-technical-writing-careers-for-2026-and-beyond/,200.0,,2025-12-11T09:32:21+00:00,,jsonld,,
https://www.capterra.com/performance-appraisal-software/,403.0,,,,,,
https://idratherbewriting.com/blog/tech-comm-predictions-for-2026,200.0,2026-05-12T04:59:26+00:00,2026-01-01T00:00:00-08:00,2026-01-01T00:00:00-08:00,jsonld,jsonld,
https://medium.com/softserve-technical-communication/technical-writing-trends-2026-lessons-from-a-year-of-ai-73e107390052,200.0,,2026-01-22T10:00:09+00:00,2026-01-22T10:10:48+00:00,jsonld,jsonld,
https://www.reddit.com/r/QualityAssurance/comments/1gqf8i3/remote_qa_engineers_how_much_time_on_average_do/,200.0,,,,,,
https://techtailorsqa.com/blog/how-long-does-qa-testing-take/,200.0,2026-04-16T11:44:05+00:00,2025-06-16T00:00:00+00:00,,time_tag,,
https://www.findyouredge.app/news/good-half-marathon-time-benchmarks-2026,200.0,2026-05-13T20:05:34+00:00,,,,,
https://www.timelytext.com/technical-writing-trends-for-2026/,200.0,,2026-01-07T19:27:58+00:00,2026-02-09T19:55:49+00:00,jsonld,jsonld,
https://www.choosept.com/guide/physical-therapy-guide-tennis-elbow-lateral-epicondylitis,200.0,,2022-02-08T01:00:00,,og,,
https://www.boostcamp.app/blogs/best-upper-lower-workout-split,200.0,,2023-09-15T13:09:33.048000+00:00,2024-11-29T18:28:10.993000+00:00,jsonld,jsonld,
https://arvo.guru/resources/upper-lower-3-day,200.0,,2026-03-12T00:00:00,2026-03-12T00:00:00,jsonld,jsonld,
https://elliotchan.com/2026/02/28/12-weeks-to-a-sub-150-half-marathon-the-full-journey/,200.0,,2026-02-28T23:03:51+00:00,2026-02-28T23:06:17+00:00,og,og,
https://healthcare.utah.edu/healthfeed/2026/01/5-training-tips-running-half-marathon-or-marathon,200.0,2026-05-13T14:32:20+00:00,2026-01-28T08:00:00-07:00,2026-01-28T09:38:31-07:00,jsonld,og,
https://www.healthline.com/health/fitness/metcon-workout,200.0,,2021-04-08T06:00:00+00:00,2021-04-08T06:00:00+00:00,jsonld,jsonld,
https://www.webmd.com/fitness-exercise/what-is-metabolic-conditioning,200.0,,2021-11-23T20:17:00,2026-02-20T00:00:00,jsonld,jsonld,
https://www.trainheroic.com/blog/bar-muscle-up-progression/,200.0,,2024-08-20T03:52:32+00:00,2025-05-21T15:51:26+00:00,jsonld,jsonld,
https://nfpt.com/a-fresh-take-on-metcon-workouts/,200.0,,2025-09-08T16:03:43-04:00,2025-09-08T16:03:43-04:00,jsonld,jsonld,
https://mirrorsdelivered.com/blogs/industry-news-trends/fitness-trends-whats-hot-and-whats-not,200.0,,2026-01-06T12:33:00,2026-01-06T12:33:00,jsonld,jsonld,
https://dlakecreates.com/half-marathon-better-than-marathon/,403.0,,,,,,
https://www.bodi.com/blog/muscle-up-progression,200.0,,2024-12-20T17:30:36+00:00,2024-12-20T09:30:36-08:00,jsonld,time_tag,
https://marathonhandbook.com/threshold-run-guide/,200.0,2026-05-13T20:05:36+00:00,2025-11-02T12:47:24+00:00,2026-04-30T09:10:42+00:00,jsonld,jsonld,
https://www.mckinsey.com/capabilities/strategy-and-corporate-finance/our-insights/how-to-be-a-better-chief-of-staff,,,,,,,"HTTPSConnectionPool(host='www.mckinsey.com', port=443): Read timed out. (read timeout=20)"
https://www.mckinsey.com/capabilities/strategy-and-corporate-finance/our-insights/chief-of-staff-anatomy-of-the-role-in-eight-charts,,,,,,,"HTTPSConnectionPool(host='www.mckinsey.com', port=443): Read timed out. (read timeout=20)"
https://ischool.syracuse.edu/data-science-skills/,200.0,,2026-01-20T09:49:00-05:00,2026-04-02T08:02:34-04:00,jsonld,jsonld,
https://www.reddit.com/r/f45/comments/16b5xa8/how_can_i_get_the_best_results_with_f45/,200.0,,,,,,
https://pubmed.ncbi.nlm.nih.gov/24728927/,403.0,,,,,,
https://f45training.com/workouts/,200.0,2026-05-13T20:05:36+00:00,2023-05-26T08:07:24+00:00,2026-05-01T18:18:43+00:00,jsonld,jsonld,
https://tommorrison.uk/blog/2017-12-29/the-only-6-muscle-up-progressions-you-will-ever-need,200.0,,,,,,
https://www.sport-fitness-advisor.com/lactate-threshold.html,200.0,2026-05-13T17:28:57+00:00,2017-09-17T09:12:05+00:00,2017-09-17T09:13:12+00:00,jsonld,jsonld,
https://pmc.ncbi.nlm.nih.gov/articles/PMC5407958/,200.0,,,,,,
https://www.womenshealthmag.com/uk/fitness/workouts/a40699530/f45-challenge/,200.0,,2022-08-01T06:00:05.268595+00:00,2025-05-07T15:11:00+00:00,jsonld,jsonld,
https://bunaroba.ch/en/knowledge/endurance-strength-combination/,200.0,2026-04-24T21:58:14+00:00,2025-10-06T00:00:00+00:00,2025-10-06T00:00:00+00:00,jsonld,jsonld,
https://www.reddit.com/r/weightlifting/comments/1q6n57s/how_much_would_you_realistically_pay_for_a_2day/,200.0,,,,,,
https://www.frontiersin.org/journals/sports-and-active-living/articles/10.3389/fspor.2025.1692399/full,200.0,,2026-01-23T00:00:00,2026-05-13T00:00:00,jsonld,jsonld,
https://www.unm.edu/~lkravitz/Article%20folder/lactatethreshold.html,200.0,2005-05-04T07:40:25+00:00,,,,,
https://www.trainingpeaks.com/blog/risks-of-concurrent-training/,200.0,,2021-05-20T10:48:05-06:00,2026-01-13T10:13:20-07:00,jsonld,jsonld,
https://www.frontiersin.org/journals/physiology/articles/10.3389/fphys.2018.01057/full,200.0,,2018-08-07T00:00:00,2026-05-12T00:00:00,jsonld,jsonld,
https://f45training.kr/article/boosting-your-challenge-with-supplements/,200.0,2026-05-13T20:05:38+00:00,2020-02-10T04:26:01+00:00,2023-07-14T08:39:19+00:00,jsonld,jsonld,
https://www.spinfinite.ca/post/why-scheduling-your-spin-classes-and-workouts-matters-more-than-you-think,200.0,,2025-04-30T16:41:59.992000+00:00,2025-04-30T19:42:13.874000+00:00,jsonld,jsonld,
https://dcweightlifting.org/product/six-week-introduction-to-olympic-weightlifting/,429.0,,,,,,
https://support.trainwithmorpheus.com/support/solutions/articles/4000226097-deload-or-maintenance-weeks-and-their-role-in-long-term-recovery,200.0,,,,,,
https://fitnessista.com/f45-for-beginners-what-to-expect-at-a-class/,200.0,,2024-08-15T12:00:43+00:00,2024-08-16T22:39:47+00:00,jsonld,jsonld,
https://themovementathlete.com/planche-injury-prevention/,200.0,,2025-02-20T11:55:00-05:00,,time_tag,,
https://www.clubcalisthenics.com/post/breaking-down-the-planche,200.0,,2020-12-16T16:06:30.276000+00:00,2020-12-28T19:57:32.389000+00:00,jsonld,jsonld,
https://www.reddit.com/r/BestTriathletes/comments/1q1ol2e/megathread_the_best_triathlon_training_plans_for/,200.0,,,,,,
https://ericflag.com/en/blogs/info/8-tips-to-get-your-front-lever,200.0,,2021-11-25T11:02:20,2026-02-09T15:45:21,jsonld,jsonld,
https://www.thewholehealthpractice.com/post/concurrent-training-for-strength-and-cardio-how-to-avoid-the-interference-effect,200.0,,2025-05-01T09:41:45.574000+00:00,2025-11-20T07:40:27.924000+00:00,jsonld,jsonld,
https://gmb.io/planche/,200.0,2026-05-13T20:05:39+00:00,2026-02-06T05:57:38-08:00,2026-04-13T00:19:25-07:00,jsonld,jsonld,
https://www.usaweightlifting.org/Join-USAWeightlifting,200.0,,,,,,
https://www.purewow.com/wellness/fitness-trends-2026,200.0,,2026-02-19T17:05:00-05:00,2026-02-19T17:05:00-05:00,jsonld,jsonld,
https://www.mckinsey.com/capabilities/strategy-and-corporate-finance/our-insights/seeing-around-corners-how-to-excel-as-a-chief-of-staff,,,,,,,"HTTPSConnectionPool(host='www.mckinsey.com', port=443): Read timed out. (read timeout=20)"
https://www.solostreetworkout.com/en/front-lever-progressions/,200.0,2026-05-13T17:16:05+00:00,2025-09-07T20:59:38+00:00,2026-02-01T11:02:31+00:00,og,og,
https://www.gornation.com/blogs/calisthenics-exercises/front-lever,200.0,,,,,,
https://www.webmd.com/diet/health-benefits-bcaas,200.0,,2020-01-11T00:00:00,2024-09-10T23:00:00,jsonld,jsonld,
https://prosupps.com/blogs/articles/how-much-bcaa-do-you-need-in-a-day,200.0,,2021-04-29T15:30:00+00:00,2026-03-31T23:29:16+00:00,jsonld,jsonld,
https://www.jimstoppani.com/supplements/the-best-way-to-use-bcaas,200.0,,,,,,
https://biogena.com/en/knowledge/guide/bcaa_bba_407361,200.0,,2024-02-12T16:53:44+01:00,,jsonld,,
https://www.happyway.com.au/blogs/news/a-beginners-guide-to-bcaas,200.0,,,,,,
https://www.jefit.com/wp/exercise-tips/the-new-rules-of-strength-training-in-2026/,200.0,,2025-12-24T09:27:00+00:00,,jsonld,,
https://1upnutrition.com/blogs/expert-advice/bcaa-supplements-effective-dose-for-muscle-growth-and-fat-loss,200.0,,,,,,
https://medium.com/@fitdemocracy/6-fitness-trends-set-to-define-2026-b312fa990206,200.0,,2026-01-10T17:37:26+00:00,2026-01-10T17:37:26+00:00,jsonld,jsonld,
https://www.redbull.com/us-en/triathlon-training-for-beginners,403.0,,,,,,
https://www.tandfonline.com/doi/full/10.1080/10413200.2025.2507636,403.0,,,,,,
https://learn.athleanx.com/articles/complete-bcaa-guide,200.0,,2025-08-15T15:21:22-04:00,2025-08-15T19:21:28-04:00,jsonld,jsonld,
https://www.ptpioneer.com/personal-training/best-weightlifting-certifications/,200.0,,2021-08-24T14:00:00,2024-04-16T15:34:00,jsonld,jsonld,
https://www.myprocoach.net/blog/no-time-to-train-for-triathlon-heres-the-ultimate-busy-triathlete-plan/,200.0,2026-05-13T10:32:34+00:00,2025-02-26T17:18:21+01:00,2025-02-26T17:18:21+01:00,jsonld,jsonld,
https://cdnsciencepub.com/doi/abs/10.1139/apnm-2021-0103,403.0,,,,,,
https://kevinjuehlke.com/front-lever/,200.0,,2020-01-29T17:00:00+01:00,2021-06-20T01:46:40+02:00,jsonld,jsonld,
https://www.mdpi.com/2075-4663/3/3/209,403.0,,,,,,
https://pmc.ncbi.nlm.nih.gov/articles/PMC7552788/,200.0,,,,,,
https://calisthenics-family.com/articles/human-flag-progression-exercises/,200.0,2026-05-13T13:21:18+00:00,2021-03-11T15:52:23+00:00,2021-06-21T13:04:51+00:00,jsonld,jsonld,
https://www.totalstrengthfitness.com/the-science-behind-the-art-of-marathon-taper/,200.0,,2020-05-31T16:56:50+00:00,2021-08-29T19:07:19+00:00,jsonld,jsonld,
https://www.bergmovement.com/calisthenics-blog/human-flag-progressions-beginner-to-advanced-progressions,200.0,,2023-07-19T13:36:00+02:00,2024-09-03T16:00:59+02:00,jsonld,jsonld,
https://www.cedars-sinai.org/stories-and-insights/healthy-living/should-you-take-creatine-what-to-know-before-you-supplement,200.0,2026-05-13T20:05:42+00:00,2026-05-10T00:00:00,2026-05-08T00:00:00,jsonld,jsonld,
https://ericflag.com/en/blogs/info/how-to-make-the-human-flag,200.0,,2022-02-25T14:03:26,2025-06-26T15:11:30,jsonld,jsonld,
https://pmc.ncbi.nlm.nih.gov/articles/PMC11723027/,200.0,,,,,,
https://www.bassmedicalgroup.com/blog-post/creatine-muscle-brain-benefits,200.0,2026-05-13T20:05:42+00:00,2025-08-20T00:00:00-07:00,2026-04-20T00:00:00-07:00,jsonld,jsonld,
https://orgs.noomii.com/how-much-does-career-coaching-cost/,200.0,,2025-11-30T08:20:53+00:00,2025-11-30T08:20:53+00:00,jsonld,jsonld,
https://www.healthline.com/nutrition/creatine-exercise-performance,200.0,,2020-02-05T08:57:00+00:00,2020-02-05T08:57:00+00:00,jsonld,jsonld,
https://www.hoka.com/en/gb/triathlon-training-for-beginners/,406.0,,,,,,
https://www.uclahealth.org/news/article/why-everyones-talking-about-creatine,200.0,2026-05-13T19:37:35+00:00,,,,,
https://www.menshealth.com/nutrition/a71179276/how-much-creatine-daily-grams/,200.0,,2026-05-05T11:00:04.740660+00:00,2026-05-05T11:00:00+00:00,jsonld,og,
https://www.ptpioneer.com/personal-training/certifications/study/periodization/,200.0,,2024-08-21T16:06:00,2024-09-09T20:07:00,jsonld,jsonld,
https://www.sciencedaily.com/releases/2026/05/260504023828.htm,200.0,2026-05-13T14:35:20+00:00,,2026-05-13T14:34:01+00:00,,meta,
https://www.aston.ac.uk/sport/news/tips/fitness-exercise/push-pull-legs,200.0,2026-05-13T14:52:14+00:00,,,,,
https://www.220triathlon.com/training/beginners/how-to-train-for-a-duathlon,200.0,,2026-02-10T09:39:09+00:00,2026-02-10T09:39:10+00:00,jsonld,jsonld,
https://athletica.ai/sports/duathlon,200.0,2026-05-13T20:05:43+00:00,,,,,
https://teammisfit.com/human-flag-progression-a-comprehensive-guide/,200.0,,2024-01-23T20:22:33+00:00,2024-01-23T20:25:33+00:00,jsonld,jsonld,
https://www.strengthlog.com/pplul-split/,429.0,,,,,,
https://www.healthline.com/nutrition/push-pull-workout,200.0,,2020-09-29T05:00:00+00:00,2025-02-10T22:10:41+00:00,jsonld,jsonld,
https://www.reddit.com/r/f45/comments/1hco7b4/new_trainer_advice/,200.0,,,,,,
https://emilyfieldrd.com/blog/simple-steps-to-adjust-your-macros/,200.0,2026-03-23T21:14:39+00:00,2022-08-12T12:28:51-05:00,2023-03-31T15:28:33-05:00,jsonld,jsonld,
https://www.reddit.com/r/running/comments/76piry/nyt_article_what_halfmarathons_teach_us_about/,200.0,,,,,,
https://www.puregym.com/blog/push-pull-legs/,200.0,,2026-03-20T11:57:03.997000+00:00,,time_tag,,
https://www.muscleandstrength.com/workouts/6-day-powerbuilding-split-meal-plan,200.0,2026-05-13T20:04:08+00:00,2014-07-21T00:00:00,2021-03-23T00:00:00,jsonld,jsonld,
https://www.garagegymreviews.com/push-pull-legs-routine,200.0,2026-05-13T13:31:24+00:00,2024-04-13T17:12:23-04:00,2024-04-13T17:12:26-04:00,jsonld,jsonld,
https://klimmzugstangen.de/en/blog/exercises/workout-plan-master-the-muscle-up-in-4-8-weeks-with-6-core-exercises,200.0,,,,,,
https://www.coloradotrackclub.com/half-marathon,200.0,,,,,,
https://www.hevyapp.com/exercises/muscle-up/,200.0,2026-05-13T14:15:21+00:00,2022-05-21T16:14:11+00:00,2025-05-29T09:03:08+00:00,jsonld,jsonld,
https://us.myprotein.com/thezone/training/push-pull-legs-routine-best-mass-building-workout-split/,200.0,,2025-09-01T10:23:12+00:00,2025-09-29T14:21:22+00:00,jsonld,jsonld,
https://pilatesjournal.com/articles/2026-pilates-predictions-industry-leaders,200.0,,2025-12-26T12:02:42+11:00,2026-05-04T15:15:08+10:00,jsonld,jsonld,
https://peakprimalwellness.com/blogs/wellness/innovations-in-pilates-equipment-2026,200.0,,2026-04-19T09:38:39-07:00,2026-04-20T09:13:41-07:00,jsonld,jsonld,
https://wodprep.com/blog/bar-muscle-ups-3-step-progression/,403.0,,,,,,
https://summerfunfitness.com/strict-bar-muscle-ups-progression/,403.0,,,,,,
https://www.vinmec.com/eng/blog/7-effects-of-fatty-foods-on-your-body-en,200.0,2026-05-13T20:05:45+00:00,2025-04-21T08:31:15.289000+00:00,2025-04-21T08:31:15.301000+00:00,jsonld,jsonld,
https://www.tastingtable.com/1203179/why-it-can-be-dangerous-to-make-garlic-confit/,200.0,,2023-02-20T03:00:00+00:00,2023-02-20T03:00:01+00:00,jsonld,jsonld,
https://www.orlandohealth.com/content-hub/how-fat-affects-your-gi-tract,403.0,,,,,,
https://depilatesstore.nl/en/blogs/kennisbank/pilates-in-2026-de-trends-ontwikkelingen,200.0,,2025-12-07T09:33:13+01:00,2025-12-23T09:00:01+01:00,jsonld,jsonld,
https://www.getflavor.com/summer-of-souvlaki/,200.0,,2022-05-15T20:24:32+00:00,2023-05-09T12:46:06+00:00,og,og,
https://scitechdaily.com/cooking-with-garlic-and-onions-you-might-be-adding-hidden-harmful-fats-to-your-meals/,200.0,2026-05-13T20:05:46+00:00,2025-01-03T09:24:13+00:00,2025-01-05T02:05:24+00:00,jsonld,jsonld,
https://www.healthline.com/nutrition/is-duck-fat-healthy,200.0,,,,,,
https://barrebody.com.au/blog/future-of-pilates-teaching-trends-2026/,200.0,2026-05-13T14:06:47+00:00,2026-01-18T21:44:23+00:00,2026-01-18T21:44:24+00:00,jsonld,jsonld,
https://inquiringchef.com/spatchcock-roasted-turkey-with-herbs/,200.0,2026-05-13T14:38:07+00:00,2019-11-01T07:00:00+00:00,2026-01-19T12:46:02+00:00,jsonld,jsonld,
https://sporked.com/article/new-pepperidge-farm-maggies-apple-pie-cookies-2026/,200.0,,2026-05-06T04:00:00-07:00,2026-05-06T10:12:28-07:00,jsonld,jsonld,
https://upstartkitchen.wordpress.com/answers/garlic-confit-delicious-or-deadly/,200.0,,2011-12-03T13:49:18+00:00,2011-12-03T14:03:14+00:00,og,og,
https://www.staysnatched.com/spatchcock-turkey/,200.0,2026-05-13T12:43:31+00:00,2022-11-11T07:41:00+00:00,2025-09-29T02:12:12+00:00,jsonld,jsonld,
https://whatsgabycooking.com/herb-roasted-spatchcock-turkey/,200.0,2026-05-13T19:02:54+00:00,2016-11-16T13:00:32-08:00,2023-09-30T09:54:15-07:00,jsonld,jsonld,
https://themom100.com/recipe/how-to-make-a-perfect-roast-chicken/,200.0,2026-05-13T18:50:08+00:00,2020-09-13T16:00:00+00:00,2026-03-09T16:58:04+00:00,jsonld,jsonld,
https://steamandbake.com/how-to-roast-chicken-in-a-steam-oven-3/,200.0,2026-05-13T20:05:47+00:00,2018-08-29T13:49:22+08:00,2026-01-28T17:34:57+08:00,jsonld,jsonld,
https://souvlakiauthentique.com/traditional-vs-modern-souvlaki-the-key-differences/,200.0,2026-05-13T19:02:53+00:00,2025-10-13T13:10:13+00:00,2025-10-13T13:10:16+00:00,jsonld,jsonld,
https://www.businessinsider.com/best-2-ingredient-roast-chicken-recipe-chef-how-to-make-2026-1,200.0,2026-01-27T14:09:52+00:00,2026-01-27T14:09:52.689000+00:00,2026-01-27T14:09:52.689000+00:00,jsonld,jsonld,
https://unitehealth.com.au/blog/2026-fitness-industry-trends,200.0,,,,,,
https://www.premiermagazine.biz/news-blog/life/health-fitness/wellness-trends-set-to-shape-2026/,200.0,,2025-12-17T23:11:10+00:00,2025-12-17T23:14:52+00:00,jsonld,jsonld,
https://tastesbetterfromscratch.com/pumpkin-pie-with-caramel-pecan-topping/,200.0,2026-05-13T12:23:55+00:00,2022-11-14T12:00:00+00:00,2022-11-14T12:00:04+00:00,jsonld,jsonld,
https://parade.com/food/paella-is-trending-la-tienda-announces-contest,403.0,,,,,,
https://www.theguardian.com/food/2026/may/11/roast-chicken-braised-peas-lettuce-recipe-david-gingell,200.0,,2026-05-11T05:00:46+00:00,2026-05-11T05:00:46+00:00,jsonld,jsonld,
https://www.onceuponachef.com/recipes/perfect-pumpkin-pie.html,200.0,2026-05-13T20:05:48+00:00,2024-11-25T23:09:01+00:00,2025-11-18T13:29:06+00:00,jsonld,jsonld,
https://www.thekitchn.com/pumpkin-pie-recipe-23691122,403.0,,,,,,
https://foodess.com/spatchcock-turkey/,200.0,2026-05-13T20:05:48+00:00,2025-11-04T19:28:18+00:00,2025-11-04T19:31:51+00:00,jsonld,jsonld,
https://www.tasteofhome.com/collection/10-new-years-recipe-ideas-2026/,403.0,,,,,,
https://applytofaceblog.com/fool-proof-ratatouille/,403.0,,,,,,
https://www.vaimomatskuu.com/en/recipes/garlic-confit-a-dream-or-a-nightmare/,200.0,,2021-10-04T14:25:14+00:00,2021-10-04T18:35:53+00:00,jsonld,jsonld,
https://natashaskitchen.com/air-fryer-whole-chicken/,200.0,2026-05-13T20:05:48+00:00,2026-02-20T16:53:54+00:00,2026-02-20T17:16:21+00:00,jsonld,jsonld,
https://www.flourcraftbakery.com/recipes/last-of-summer-ratatouille,200.0,,2021-08-30T17:06:00-07:00,2021-08-30T17:06:32-07:00,jsonld,jsonld,
https://www.prnewswire.com/news-releases/conagra-brands-future-of-frozen-food-2026-reviews-trends-shaping-93-5-billion-industry-302660287.html,200.0,2026-05-13T05:22:58+00:00,2026-01-14T07:30:00-05:00,2026-01-14T07:30:38-05:00,jsonld,jsonld,
https://www.modernhoney.com/marry-me-gnocchi/,200.0,2026-05-13T09:37:29+00:00,2025-05-29T20:53:54+00:00,2025-05-29T20:53:56+00:00,jsonld,jsonld,
https://honestcooking.com/herbed-skillet-ratatouille/,200.0,2026-05-13T20:05:48+00:00,2026-03-12T18:00:00+00:00,2026-03-14T15:38:51+00:00,jsonld,jsonld,
https://www.sialparis.com/en/trends/sectoral-innovations/frozen-food-market-innovation,403.0,,,,,,
https://www.tasteatlas.com/best-rated-sourdough-breads-in-the-world,403.0,,,,,,
https://eatcounter.com/blogs/news/the-frozen-meals-aisle-in-2026-whats-changed-and-what-to-buy-now,200.0,,2026-04-01T14:12:01-07:00,2026-04-05T16:32:08-07:00,jsonld,jsonld,
https://guide.michelin.com/us/en/article/dining-in/how-to-make-thai-green-curry-like-a-michelin-starred-restaurant,200.0,,2022-09-16T09:11:00,2022-10-04T03:50:00,jsonld,jsonld,
https://blog.misfitsmarket.com/biggest-food-trends-2026/,200.0,,2025-12-24T22:16:33+00:00,2026-02-01T18:38:57+00:00,jsonld,jsonld,
https://www.tandfonline.com/doi/abs/10.1080/22797254.2018.1550351,403.0,,,,,,
https://ir.kroger.com/news/news-details/2026/Kroger-Reveals-Food-Trend-Predictions-of-2026/default.aspx,200.0,,,,,,
https://arxiv.org/abs/2508.12873,200.0,2025-08-19T01:09:44+00:00,,,,,
https://www.tomsguide.com/home/kitchen-dining/sourdough-is-the-hottest-accessory-of-2026-says-vogue-and-you-only-need-this-one-product-to-start-baking-like-a-pro,200.0,2026-05-12T16:38:01+00:00,2026-01-17T10:30:00+00:00,2026-01-17T10:30:00+00:00,jsonld,jsonld,
https://www.hellofresh.co.uk/stories/how-to-cook/tikka-masala,403.0,,,,,,
https://wholefully.com/how-meal-prep-101/,200.0,2026-05-13T20:05:50+00:00,2019-07-29T10:00:39+00:00,2025-06-12T18:50:24+00:00,jsonld,jsonld,
https://www.pizzaptah.pizza/blog/48-hour-biga-dough,200.0,,2021-01-22T18:06:00-05:00,2025-08-23T08:19:54-04:00,jsonld,jsonld,
https://www.pizzanapoletana.org/en/373-neapolitan_pizza_the__sixth_taste__revealed,200.0,,,,,,
https://www.imarcgroup.com/gnocchi-manufacturing-plant-project-report,200.0,,,,,,
https://asabasaspice.com/blogs/articles/the-fascinating-history-of-tikka-masala,200.0,,2024-01-28T00:13:45+00:00,,jsonld,,
https://www.bocobites.com/products/boeuf-bourguignon-red-wine-beef-stew-14-1oz,200.0,,,,,,
https://pmc.ncbi.nlm.nih.gov/articles/PMC12111284/,200.0,,,,,,
https://www.akjournals.com/view/journals/446/17/S1/article-p61.xml,200.0,,2021-08-19T00:00:00,,og,,
https://hiphipgourmet.com/types-of-bagels/,200.0,,2025-05-16T17:53:50+00:00,2026-01-30T16:50:19+00:00,jsonld,jsonld,
https://pmc.ncbi.nlm.nih.gov/articles/PMC12428365/,200.0,,,,,,
https://heygrillhey.com/how-to-spatchcock-turkey/,200.0,2026-05-13T06:00:07+00:00,2023-08-30T14:00:45+00:00,,jsonld,,
https://pmc.ncbi.nlm.nih.gov/articles/PMC11275468/,200.0,,,,,,
https://www.indianhealthyrecipes.com/chicken-tikka-masala/,200.0,2026-05-13T15:00:27+00:00,2022-06-17T01:20:00+00:00,2024-05-09T05:41:08+00:00,jsonld,jsonld,
https://nordicdough.com/pizza-dough-innovation-research/,200.0,,2024-12-31T16:25:05+00:00,2024-12-31T16:25:05+00:00,jsonld,jsonld,
https://www.currycorneraz.com/paneer-tikka-vs-paneer-tikka-masala-which-one-should-you-try-in-tempe,200.0,,2026-04-20T09:00:54+00:00,2026-04-20T09:00:55+00:00,jsonld,jsonld,
https://spanishsabores.com/traditional-spanish-paella-recipe/,200.0,2026-05-13T17:50:36+00:00,2021-05-11T14:00:00+00:00,2021-05-19T07:27:16+00:00,jsonld,jsonld,
https://www.healthline.com/nutrition/healthy-low-carb-meals,200.0,,,,,,
https://souvlakiauthentique.com/what-is-souvlaki-greek-street-food-guide/,200.0,2026-05-13T18:11:01+00:00,2026-04-23T13:56:05+00:00,2026-04-23T13:56:08+00:00,jsonld,jsonld,
https://www.masterclass.com/articles/low-carb-meals,403.0,,,,,,
https://www.delish.com/cooking/recipe-ideas/g3593/low-carb-recipes/,200.0,,2018-03-30T16:11:00-04:00,2026-01-19T19:05:00-05:00,jsonld,jsonld,
https://www.preprints.org/manuscript/202406.1581,403.0,,,,,,
https://souvlakiauthentique.com/interesting-facts-about-greek-souvlaki/,200.0,2026-05-13T19:03:26+00:00,2025-12-07T11:14:20+00:00,2026-03-24T11:32:54+00:00,jsonld,jsonld,
https://meikoandthedish.com/spatchcock-turkey-guide/,200.0,2026-05-13T08:21:57+00:00,2016-11-21T02:50:26+00:00,2021-11-20T00:18:33+00:00,jsonld,jsonld,
https://greekreporter.com/2025/06/29/bronze-age-souvlaki-santorini/,200.0,2026-05-13T20:05:53+00:00,2025-06-29T15:23:45+00:00,2025-06-30T16:29:30+00:00,jsonld,jsonld,
https://www.acouplecooks.com/easy-vegetarian-recipes/,200.0,2026-05-13T20:05:53+00:00,2025-12-10T17:30:00+00:00,2026-02-26T15:47:21+00:00,jsonld,jsonld,
https://guide.michelin.com/us/en/article/dining-out/the-michelin-guide-to-texas-barbecue-where-to-find-the-state-s-best-brisket-and-beyond,200.0,,2026-04-22T02:35:00,2026-04-22T02:40:00,jsonld,jsonld,
https://cyprus-mail.com/2024/10/19/souvlaki-the-history-of-an-iconic-street-food,200.0,,2024-10-19T08:34:00+00:00,,jsonld,,
https://nationaldaycalendar.com/celebrations/national-tempura-day-january-7,200.0,2026-05-13T20:05:53+00:00,2026-01-07T00:00:00,2026-04-14T07:31:52+00:00,time_tag,jsonld,
https://texas-barbecue.com/the-2026-texas-barbecue-top-50/,200.0,2026-05-12T22:11:22+00:00,2026-03-02T15:00:00+00:00,2026-05-04T15:55:14+00:00,jsonld,jsonld,
https://www.cnet.com/home/kitchen-and-household/i-wont-make-roasted-chicken-in-the-oven-again-heres-the-45-minute-method-i-use/,200.0,2026-05-13T20:05:48+00:00,2026-04-01T13:33:00+00:00,2026-04-01T13:33:00+00:00,jsonld,jsonld,
https://guide.michelin.com/mo/en/article/features/tempura_en,200.0,,2021-06-22T12:00:00,2021-08-10T02:23:00,jsonld,jsonld,
https://www.daysoftheyear.com/days/tempura-day/,200.0,2026-05-13T00:00:00+00:00,2017-12-23T11:24:59+00:00,2026-05-13T00:00:00+00:00,jsonld,jsonld,
https://kobesteakhouse.com/what-is-tempura-your-guide-to-crispy-perfection/,200.0,2024-04-17T09:09:31+00:00,2024-04-15T21:21:07+00:00,2024-04-17T13:09:31+00:00,og,og,
https://www.kimecopak.ca/blogs/sushi/forecast-2026-emerging-ingredient-trends-in-sushi-ramen,200.0,,2025-10-14T02:23:36+00:00,,jsonld,,
https://www.mdpi.com/2076-3417/15/22/12282,403.0,,,,,,
https://insights.made-in-china.com/What-Makes-Sushi-the-World-s-Most-Surprising-Food-Craze-in-2026_sAWfIaKxsJHS.html,200.0,,2026-02-25T05:03:32+08:00,2026-02-25T11:59:27+08:00,jsonld,jsonld,
https://baklavamore.com/blogs/news/past-present-and-tommorow-of-baklava,200.0,,2025-11-11T19:13:37+00:00,,jsonld,,
https://www.reddit.com/r/Cooking/comments/1qvypqr/french_onion_soup_improvements/,200.0,,,,,,
https://www.jmst.org/EN/10.1016/j.jmst.2024.04.021,,,,,,,"HTTPSConnectionPool(host='www.jmst.org', port=443): Max retries exceeded with url: /EN/10.1016/j.jmst.2024.04.021 (Caused by NewConnectionError(""HTTPSConnection(host='www.jmst.org', port=443): Failed "
https://thejapanesefoodlab.com/tempura-science/,200.0,,,,,,
https://tastewise.io/blog/sushi-food-trend,200.0,,2026-01-28T09:21:59+00:00,2026-01-28T09:21:59+00:00,jsonld,jsonld,
https://damassweets.com/which-country-has-the-best-baklava-malaysia/,200.0,,2026-04-25T12:11:18+00:00,2026-04-25T12:11:18+00:00,jsonld,jsonld,
https://heated.medium.com/why-you-should-make-this-version-of-french-onion-soup-c610720ba427,200.0,,2020-12-21T13:46:42+00:00,2020-12-21T13:46:42+00:00,jsonld,jsonld,
https://www.floatingkitchen.net/three-onion-french-onion-soup/,200.0,2026-05-13T07:40:28+00:00,2025-01-06T00:00:00,,jsonld,,
https://www.mayoclinic.org/healthy-lifestyle/nutrition-and-healthy-eating/in-depth/mediterranean-diet/art-20047801,403.0,,,,,,
https://www.health.harvard.edu/blog/a-practical-guide-to-the-mediterranean-diet-2019032116194,200.0,,2026-04-20T00:00:00-04:00,2026-04-20T00:00:00-04:00,jsonld,og,
https://www.themediterraneandish.com/best-mediterranean-recipes-of-2018/,200.0,2026-05-13T19:56:41+00:00,2024-12-23T13:54:50+00:00,2025-12-23T16:32:11+00:00,jsonld,jsonld,
https://damassweets.com/baklava-online-malaysia-buyers-comparison-guide/,200.0,,2026-04-10T15:36:52+00:00,2026-04-20T13:46:15+00:00,jsonld,jsonld,
https://my.clevelandclinic.org/health/articles/16037-mediterranean-diet,200.0,,2023-08-30T19:10:22+00:00,2026-04-14T17:47:52+00:00,jsonld,jsonld,
https://calseafood.net/2026/04/28/fusion-fish-and-future-tech-whats-shaping-sushi-in-2026/,200.0,,2026-04-28T21:13:03+00:00,,jsonld,,
https://www.webmd.com/diet/the-mediterranean-diet,200.0,,2013-12-10T20:00:00,2025-02-18T01:00:00,jsonld,jsonld,
https://www.datainsightsmarket.com/reports/thai-curry-1245125,200.0,2026-05-13T20:05:56+00:00,2026-02-05T01:56:44.843000+00:00,,time_tag,,
https://www.heart.org/en/healthy-living/healthy-eating/eat-smart/nutrition-basics/mediterranean-diet,200.0,,,,,,
https://pastaaffair.substack.com/p/ragu-bolognese-pasta-sauce-has-an,200.0,,2026-05-11T10:34:27+00:00,2026-05-11T10:34:27+00:00,jsonld,jsonld,
https://cookswithoutborders.com/new-story/2020/12/12/moussaka-magnificent-makeover,200.0,,2020-12-13T11:44:01-06:00,2021-02-21T16:23:02-06:00,jsonld,jsonld,
https://www.nosta.ie/moussaka/,200.0,,2021-09-29T12:33:57+00:00,2021-09-29T12:58:04+00:00,jsonld,jsonld,
https://www.snapcalorie.com/nutrition/thai_red_curry_nutrition.html,200.0,2026-04-21T13:02:32+00:00,2026-04-21T05:51:40+00:00,2026-04-21T05:51:40+00:00,jsonld,jsonld,
https://namjaibrand.com/en/blog/global-food-trends-2026-when-local-cuisine-and-thai-curry-paste-take-the-world-stage/,200.0,,2026-02-10T06:44:43+00:00,2026-02-10T06:50:20+00:00,jsonld,jsonld,
https://en.wikipedia.org/wiki/Moussaka,200.0,2026-05-12T23:20:45+00:00,2004-06-03T08:20:05+00:00,2026-03-19T12:44:34+00:00,jsonld,jsonld,
https://bellavistahotel.gr/moussaka-a-truly-not-greek-dish/,403.0,,,,,,
https://www.reddit.com/r/KoreaExperience/comments/1riev9d/bomdong_spring_cabbage_bibimbap_is_koreas_new/,200.0,,,,,,
https://www.reddit.com/r/KoreanFood/comments/1rl8h3g/beyond_the_sugar_hype_the_2026_spring_essential/,200.0,,,,,,
https://www.reddit.com/r/seoul/comments/1rk7pyj/bomdong_spring_cabbage_bibimbap_is_koreas_new/,200.0,,,,,,
https://biomedpharmajournal.org/vol8no1/in-vitro-individual-antibacterial-activity-of-thai-red-curry-paste-ingredients-against-salmonella-enterica-enteritidis-human-and-listeria-monocytogenes-10403s-2/,200.0,,,,,,
https://foodandarchaeology.com/greek-moussaka-and-the-history-of-eggplants/,200.0,,2021-08-23T00:00:00,,jsonld,,
https://www.nationalgeographic.com/travel/article/everything-you-need-to-know-about-moussaka-classic-greek-dish,200.0,2026-05-13T20:06:33+00:00,2023-08-23T07:00:00+00:00,,jsonld,,
https://www.rimping.com/blog/7261/moussaka-greek-baked-eggplant,200.0,,,,,,
https://www.visitnorway.com/things-to-do/news/,200.0,,,,,,
https://dataintelo.com/report/korean-bbq-restaurant-market,200.0,,2025-10-01T03:45:44+05:30,2026-04-22T06:56:36+05:30,jsonld,jsonld,
https://chefcrete.com/moussaka-recipe/,200.0,,2026-04-10T00:00:00,,jsonld,,
https://www.visitnorway.com/things-to-do/grand-openings/,200.0,,,,,,
https://www.chosun.com/english/travel-food-en/2026/03/02/7W334S46XNEDZLAMMRLYXVBIJE/,200.0,2026-05-13T20:05:59+00:00,2026-03-01T15:39:34.700000+00:00,2026-03-01T15:39:00+00:00,jsonld,jsonld,
https://en.wikivoyage.org/wiki/Nusantara,200.0,2026-05-09T02:40:47+00:00,2022-06-02T10:19:49+00:00,2026-03-23T11:23:24+00:00,jsonld,jsonld,
https://mersetbateaux.com/en/norways-flying-electric-ferries-a-leap-toward-zero-emission-coastal-travel/,200.0,,2026-04-10T13:26:45+01:00,,time_tag,,
https://seads.adb.org/articles/12-things-know-tourism-and-travel-southeast-asia,200.0,2026-05-13T12:04:10+00:00,2026-02-02T12:00:00+00:00,,time_tag,,
https://en.visitbergen.com/whats-on/festivals,200.0,,,,,,
https://bmjopensem.bmj.com/content/5/1/e000509,403.0,,,,,,
https://www.cenhot.com/blog/the-rise-of-korean-bbq-and-hot-pot-dining-trends-to-watch-in-2025_b94,200.0,,,,,,
https://www.delfinafoundation.com/platform/moussaka-and-the-politics-of-spices/,200.0,,2024-03-17T00:44:34+00:00,2024-03-17T18:45:14+00:00,jsonld,jsonld,
https://www.asiliaafrica.com/blog/planning-your-first-kenya-safari/,200.0,2026-05-13T09:39:40+00:00,2025-08-14T15:51:30+02:00,2025-12-29T09:15:48+02:00,jsonld,jsonld,
https://safarifrank.com/blog/fly-in-safaris-in-kenya-the-ultimate-high-end-safari-experience/,200.0,2026-05-13T20:06:00+00:00,2025-03-27T07:57:24+00:00,2026-03-07T10:11:50+00:00,jsonld,jsonld,
https://indonesiaexpat.id/outreach/observations/investing-in-indonesias-tourism-future-ross-woods-on-trends-challenges-and-opportunities/,200.0,,2025-05-08T05:10:40+00:00,2025-05-08T05:13:14+00:00,jsonld,jsonld,
https://www.lovers.nl/blog/everything-you-need-to-know-about-the-amsterdam-canals/,200.0,2026-05-13T14:52:37+00:00,,,,,
https://en.wikipedia.org/wiki/Canals_of_Amsterdam,200.0,2026-05-11T22:27:57+00:00,2007-10-10T21:22:51+00:00,2026-03-31T14:53:56+00:00,jsonld,jsonld,
https://hevycoach.com/glossary/metabolic-conditioning/,200.0,,2024-03-13T19:57:20+00:00,2024-05-10T12:35:20+00:00,jsonld,jsonld,
https://mokumboot.nl/en/blog/10-facts-about-amsterdams-canals/,200.0,2026-05-12T23:37:26+00:00,2025-07-01T09:44:09+00:00,,jsonld,,
https://www.canal-cruise-amsterdam.com/history/,200.0,,,2026-04-10T07:22:24.832000+00:00,,jsonld,
https://thenextcrossing.com/how-to-book-safari-in-kenya,403.0,,,,,,
https://www.goodhousekeeping.com/food-recipes/healthy/g4357/mediterranean-diet-meal-plan/,200.0,,2017-05-19T19:30:00-04:00,2025-05-27T18:27:00-04:00,jsonld,jsonld,
https://www.rei.com/learn/expert-advice/training-for-your-first-triathlon-tips-and-exercises.html,,,,,,,"HTTPSConnectionPool(host='www.rei.com', port=443): Read timed out. (read timeout=20)"
https://www.reddit.com/r/traveladvice/comments/1ni1czz/first_long_haul_how_do_you_guys_sleep_on_planes/,200.0,,,,,,
https://www.eatingeurope.com/blog/amsterdam-canals/,200.0,,2014-10-16T00:00:00+00:00,2019-11-13T10:43:27+00:00,jsonld,jsonld,
https://www.amsterdamprivateboat.com/blog/canal-belt-amsterdam/,200.0,,2025-10-01T10:42:53+00:00,2025-10-01T10:42:53+00:00,jsonld,jsonld,
https://www.contiki.com/six-two/article/fun-facts-about-amsterdams-canals/,200.0,,2025-01-20T12:01:11+00:00,2025-02-03T09:09:14+00:00,jsonld,jsonld,
https://casper.com/blogs/article/how-to-sleep-on-a-plane,200.0,,2025-02-12T14:30:46-05:00,2019-12-13T17:52:06-05:00,jsonld,jsonld,
https://gowithguide.com/blog/is-lisbon-a-walkable-city-what-walking-really-feels-like-once-youre-there-6063,200.0,,,,,,
https://www.abroadwithash.com/how-many-days-in-lisbon/,200.0,2026-05-13T20:06:02+00:00,2025-03-30T14:00:00+00:00,2025-08-14T18:09:28+00:00,jsonld,jsonld,
https://jenterratravels.com/kenya-safari-everything-you-need-to-know/,200.0,,2025-01-15T21:10:28+00:00,2025-01-17T14:50:09+00:00,jsonld,jsonld,
https://www.indoned.id/labuan-bajo-in-2026-the-emerging-capital-of-indonesian-eco-investment/,200.0,,2025-12-09T07:03:30+00:00,,jsonld,,
https://www.henryford.com/blog/2025/04/how-to-actually-sleep-on-a-plane,200.0,,,,,,
https://www.vibranttravelco.com/post/understanding-the-layout-of-seoul-a-traveler-s-guide-to-neighborhoods-and-navigation,200.0,,2025-10-20T20:13:38.015000+00:00,2026-04-06T22:52:56.635000+00:00,jsonld,jsonld,
https://en.wikipedia.org/wiki/List_of_districts_of_Seoul,200.0,2026-05-12T23:23:12+00:00,2006-12-31T05:01:22+00:00,2026-03-26T13:02:51+00:00,jsonld,jsonld,
https://mantasleep.com/blogs/sleep/fall-asleep-on-a-plane-fast,200.0,,2025-01-21T22:37:44-08:00,2025-01-21T22:37:44-08:00,jsonld,jsonld,
https://www.forbes.com/sites/davidnikel/2025/12/22/whats-new-in-norway-travel-for-2026/,200.0,,2025-12-22T00:00:00,2025-12-29T00:00:00,og,og,
https://www.sleep365.com/blogs/news/how-to-sleep-on-a-plane-for-long-flights-and-short-ones-too,200.0,,2022-07-24T22:10:10+00:00,,jsonld,,
https://wheatlesswanderlust.com/10-days-italy-itinerary/,200.0,2026-05-13T19:10:47+00:00,2021-11-09T22:39:21-08:00,2026-02-09T14:55:57-08:00,jsonld,jsonld,
https://www.sophiesworld.net/seoul-neighbourhoods-south-korea/,403.0,,,,,,
https://www.celebritycruises.com/blog/amsterdam-canals,200.0,2026-05-13T20:06:03+00:00,2025-11-05T18:38:03+00:00,2025-11-05T18:38:03+00:00,jsonld,jsonld,
https://pathstotravel.com/locals-guide-my-five-favourite-neighbourhoods-in-seoul/,200.0,2026-05-13T18:23:13+00:00,2025-04-10T15:46:46+00:00,2025-11-16T19:06:26+00:00,jsonld,jsonld,
https://www.cityunscripted.com/travel-magazine/seoul-neighborhoods,200.0,,2025-09-05T00:00:00+01:00,,jsonld,,
https://www.reddit.com/r/VisitingIceland/comments/1rysbdf/how_to_plan_your_iceland_itinerary_a_stepbystep/,200.0,,,,,,
https://www.reddit.com/r/awardtravel/comments/1q46jm6/does_award_travel_ever_beat_cash_price_for/,200.0,,,,,,
https://www.responsibletravel.com/holidays/iceland/travel-guide/overtourism-in-iceland,200.0,,,,,,
https://awardtravelfinder.com/what-is-award-travel,200.0,2026-05-13T20:06:04+00:00,,,,,
https://www.insideasiatours.com/blog/seoul,200.0,2026-05-13T20:06:03+00:00,,,,,
https://www.roughguides.com/italy/itineraries/,200.0,,2024-11-18T17:25:08.122000+00:00,2026-04-10T07:15:15.461000+00:00,jsonld,jsonld,
https://tripwis.com/my-guide-on-where-to-stay-in-seoul/,200.0,,2025-05-31T05:43:09+00:00,2026-04-07T15:11:09+00:00,jsonld,jsonld,
https://www.tourradar.com/n/chile-2-week,200.0,2026-05-13T20:06:04+00:00,,,,,
https://www.traverse-blog.com/iceland-itinerary-two-weeks/,403.0,,,,,,
https://maison-siam.com/best-areas-buy-condo-bangkok/,,,,,,,"HTTPSConnectionPool(host='maison-siam.com', port=443): Max retries exceeded with url: /best-areas-buy-condo-bangkok/ (Caused by NameResolutionError(""HTTPSConnection(host='maison-siam.com', port=443): "
https://thattravelista.com/italy-one-week-itinerary/,200.0,,2020-08-09T23:03:34+00:00,2025-06-01T05:59:13+00:00,jsonld,jsonld,
https://www.kimkim.com/sc/chile-11-day-tours,200.0,,,,,,
https://wanderful-stories.com/10-reasons-why-you-should-visit-iceland/,200.0,,2021-02-06T11:33:00+00:00,2021-02-10T07:56:56+00:00,jsonld,jsonld,
https://www.asialifestylemagazine.com/moving-to-bangkok-as-expat-2026/,200.0,,2026-04-05T14:03:12+07:00,2026-04-05T14:03:39+07:00,jsonld,jsonld,
https://www.reddit.com/r/Venturex/comments/1rhpxyl/global_entry_vs_tsa_pre_check_question/,200.0,,,,,,
https://theprivatetraveller.com/travel-itineraries/24-days-luxury-chile,200.0,,2023-02-13T14:02:00+00:00,2025-03-28T19:28:13+00:00,jsonld,jsonld,
https://www.roughguides.com/costa-rica/itineraries/10-days-in-costa-rica-itinerary/,200.0,,2024-10-28T05:27:20.855000+00:00,2025-11-11T16:22:34.303000+00:00,jsonld,jsonld,
https://www.britishairways.com/content/information/partners-and-alliances/oneworld/frequent-flyer-benefits,200.0,,,,,,
https://www.tiffanywhsu.com/home/santiago-three-day-itinerary,200.0,,2026-03-15T08:39:02-07:00,2026-04-29T08:00:23-07:00,jsonld,jsonld,
https://thepointsguy.com/loyalty-programs/oneworld-alliance-benefits/,200.0,,2025-03-25T16:00:40+00:00,2025-03-24T19:58:26+00:00,jsonld,jsonld,
https://sayhueque.com/trip/best-itinerary-to-discover-chile/,200.0,2026-05-13T20:06:05+00:00,2020-10-07T14:44:42+00:00,2026-05-13T19:42:34+00:00,jsonld,jsonld,
https://www.jetsetteralerts.com/travel-budget-needed-for-seoul-south-korea/,200.0,,2024-06-27T06:39:25+00:00,2025-12-24T05:36:29+00:00,jsonld,jsonld,
https://ecordua.com/en/blog-en/regions-of-chile-guide/,200.0,,2025-05-24T22:19:28+00:00,2025-06-04T16:13:18+00:00,jsonld,jsonld,
https://www.cathaypacific.com/cx/en_US/rewards-and-partnerships/oneworld.html,200.0,2026-05-13T06:08:27+00:00,,,,,
https://en.wikipedia.org/wiki/Oneworld,200.0,2026-05-11T22:03:12+00:00,,,,,
https://www.neverendingfootsteps.com/cost-of-travel-south-korea-budget/,200.0,,2025-08-26T06:41:00+00:00,2026-02-10T02:41:22+00:00,og,og,
https://portugalgetaways.com/en-us/destination/lisbon/general-articles/best-area-stay-lisbon-portugal,200.0,,,,,,
https://anywhereweroam.com/where-to-stay-in-lisbon/,200.0,2026-05-13T20:06:06+00:00,2026-02-19T17:12:35+00:00,2026-03-02T09:07:07+00:00,jsonld,jsonld,
https://portugalgetaways.com/en-us/destination/lisbon/general-articles/lisbon-historical-neighborhoods,200.0,,,,,,
https://worldlyadventurer.com/chile-itinerary/,200.0,,2018-01-19T11:16:02+00:00,2025-04-19T20:51:10+01:00,jsonld,jsonld,
https://www.lonelyplanet.com/articles/tsa-precheck-vs-global-entry,200.0,,2023-10-20T15:51:18+00:00,2025-10-13T15:51:18+00:00,jsonld,jsonld,
https://www.portugalist.com/place/lisbon-nearby/lisbon/,200.0,2026-05-13T16:45:58+00:00,,,,,
https://www.thatbangkoklife.com/best-places-to-live-in-bangkok/,200.0,,2019-09-29T06:23:59+00:00,2026-04-14T03:08:52+00:00,jsonld,jsonld,
https://thethaiger.com/thai-life/property/why-investors-prefer-bangkok-property-2026,200.0,,2026-04-17T16:12:01+07:00,2026-05-04T15:53:05+07:00,jsonld,jsonld,
https://wheatlesswanderlust.com/10-days-in-portugal-itinerary/,200.0,2026-05-13T15:45:20+00:00,2021-12-12T08:28:04-08:00,2025-12-04T10:55:33-08:00,jsonld,jsonld,
https://mexiconewsdaily.com/travel/where-to-travel-in-mexico-2025-guide-history-buffs/,200.0,2026-05-13T20:06:07+00:00,2025-08-10T13:53:14+00:00,,jsonld,,
https://www.history.com/articles/mexico-timeline,200.0,,2010-01-27T14:06:52+00:00,2025-05-28T15:01:21.656000+00:00,jsonld,jsonld,
https://www.thecollector.com/places-visit-mexico-history-buffs/,200.0,,,,,,
https://perksoftravelling.com/2026-insider-guide-to-lisbon/,403.0,,,,,,
https://www.kimkim.com/c/archaeology-and-culture-in-mexico-15-days,200.0,,2022-06-07T22:19:46+00:00,2022-11-14T07:34:50+00:00,jsonld,jsonld,
https://www.veloso.com/mexico/reasons-to-visit/colonial-heritage/,200.0,,,,,,
https://onbalivin.com/alternative-destinations-in-bali-beyond-canggu-and-ubud/,200.0,,2025-07-08T07:40:22+00:00,2025-07-08T07:51:07+00:00,jsonld,jsonld,
https://www.forbes.com/advisor/credit-cards/how-to-pick-an-airline-credit-card/,403.0,,,,,,
https://www.roadtripsforfamilies.com/exploring-colonial-cities-in-mexico-a-step-by-step-guide/,200.0,2026-05-13T19:04:21+00:00,2025-04-30T00:28:07+00:00,,jsonld,,
https://www.travelinsurance.com/how-to-compare-and-buy-travel-insurance-online/,403.0,,,,,,
https://ca.hotels.com/go/mexico/great-unesco-sites-mexico,429.0,,,,,,
https://www.audleytravel.com/us/sweden/best-time-to-visit,403.0,,,,,,
https://luggageandlipstick.com/mexico-ruins/,200.0,,2023-06-15T12:24:31+00:00,2023-08-01T21:11:29+00:00,jsonld,jsonld,
https://www.sevencorners.com/blog/travel-insurance-advice/travel-insurance-companies-vs-travel-comparison-sites-what-you-should-know,200.0,,,,,,
https://visitsweden.com/what-to-do/culture-history-and-art/swedish-traditions/midsummer-tradition/midsummer/,200.0,,2020-02-26T00:00:00+01:00,2026-04-28T00:00:00+02:00,jsonld,jsonld,
https://exploresumba.com/kampung-prai-ijing-asean-sustainable-tourism-award-2026/,200.0,,2026-02-04T04:15:28+00:00,2026-03-31T04:51:34+00:00,jsonld,jsonld,
https://www.kimkim.com/c/best-time-of-year-to-visit-sweden,200.0,,2022-07-13T14:38:28+00:00,2026-04-08T17:56:03+00:00,jsonld,jsonld,
https://mamalovesrome.com/how-to-plan-rome-sightseeing/,200.0,,2022-10-09T10:09:00+00:00,2022-10-19T08:31:49+00:00,jsonld,jsonld,
https://thelondonthing.co.uk/best-lisbon-neighbourhoods/,200.0,,2026-03-04T17:10:40+00:00,2026-03-09T18:24:59+00:00,jsonld,jsonld,
https://www.insuremytrip.com/travel-insurance-plans-coverages/travel-insurance-comparison-guide/,200.0,,2026-03-30T17:51:44+00:00,2026-03-30T17:51:45+00:00,jsonld,jsonld,
https://www.pacificprime.com/blog/travel-insurance-how-to-compare-plans-effectively.html,200.0,,2026-01-16T09:29:53+00:00,2026-01-16T11:59:25+00:00,jsonld,jsonld,
https://www.visitstockholm.com/see-do/attractions/biggest-upcoming-events/,200.0,,2018-01-04T13:57:47+00:00,2026-04-05T09:34:15.238214+00:00,jsonld,jsonld,
https://inoldcities.com/how-to-get-the-most-out-of-travel-credit-cards/,200.0,2026-05-13T20:06:09+00:00,2022-10-17T21:17:00-04:00,2025-04-24T00:33:39-04:00,jsonld,jsonld,
https://www.trailfinders.com/blogs/how-to-spend-two-weeks-exploring-the-best-of-colombia,200.0,,,,,,
https://dailypassport.com/tips-for-renting-car-abroad/,200.0,2026-05-13T20:06:10+00:00,2025-07-18T20:42:21+00:00,2025-08-06T20:57:34+00:00,jsonld,jsonld,
https://www.ricksteves.com/travel-tips/transportation/booking-a-car,200.0,,2013-08-22T23:45:22+00:00,2026-05-05T22:23:11+00:00,jsonld,jsonld,
https://www.travellocal.com/articles/an-essential-guide-to-historical-sites-in-colombia,200.0,,2026-02-10T05:00:00,,og,,
https://www.jacadatravel.com/latin-america/trips/colombias-hidden-highlights/,200.0,,,2025-12-31T10:18:44+00:00,,og,
https://www.royalcaribbean.com/inspire/famous-landmarks-in-colombia,200.0,2026-05-13T11:34:26+00:00,,,,,
https://www.ace.aaa.com/travel/advocacy/renting-car-internationally.html,200.0,2026-05-13T20:06:10+00:00,,,,,
https://visitmycolombia.com/en/history-of-colombia-a-journey-through-the-ages/,200.0,,2024-01-01T18:13:50+00:00,2025-09-04T10:49:37+00:00,jsonld,jsonld,
https://www.kimkim.com/c/colombias-cities-archaeological-wonders-11-days,200.0,,2022-10-19T12:33:25+00:00,2022-10-24T18:33:13+00:00,jsonld,jsonld,
https://www.travelweekly.com/Middle-East-Africa-Travel/Insights/How-Africa-plans-to-transform-luxury-travel-in-2026,403.0,,,,,,
https://www.kuodatravel.com/blog/historical-sites-in-colombia/,200.0,,2025-05-25T08:00:59-05:00,2025-05-25T08:00:59-05:00,jsonld,jsonld,
https://www.reddit.com/r/TravelNoPics/comments/1dd1ttu/just_about_two_full_weeks_in_colombia_are_we/,200.0,,,,,,
https://myvirtualworldtrip.com/2023/01/30/history-of-colombia-timeline/,200.0,,2023-01-31T02:33:28+00:00,2023-02-11T15:54:19+00:00,og,og,
https://www.safari.com/blog/the-future-of-african-safaris-top-travel-trends,200.0,,2025-09-03T00:00:00,,jsonld,,
https://happytowander.com/eurail-pass-review/,200.0,2026-05-13T13:41:28+00:00,2019-11-26T11:39:50+00:00,2026-04-21T10:46:44+00:00,jsonld,jsonld,
https://www.aig.ie/home/solutions/our-blog/tips-for-hiring-a-car-abroad,200.0,2026-05-13T20:06:11+00:00,2023-10-08T00:00:00,,jsonld,,
https://mrhudsonexplores.com/mr-hudson-on/14-days-in-colombia-the-complete-two-week-itinerary/,200.0,,2023-03-03T16:30:12+00:00,2025-07-24T13:44:37+00:00,jsonld,jsonld,
https://safarifrank.com/blog/franks-2026-predictions-for-africas-next-luxury-travel-trends/,200.0,2026-05-13T20:06:11+00:00,2026-01-06T12:21:36+00:00,2026-02-11T05:18:35+00:00,jsonld,jsonld,
https://www.kimkim.com/sc/colombia-tours,200.0,,,,,,
https://www.travelpulse.com/news/features/summer-travel-2026-will-be-most-expensive-in-years-airlines-aren-t-backing-off-high-prices,403.0,,,,,,
https://thepointsguy.com/loyalty-programs/airline-status-matches-challenges/,200.0,,2026-01-15T13:00:25+00:00,2026-01-15T13:00:41+00:00,jsonld,jsonld,
https://www.reddit.com/r/delta/comments/16lzk4k/people_who_status_match_are_insane/,200.0,,,,,,
https://simpleflying.com/cost-flying-premium-economy-2026-economy/,200.0,,2026-04-06T22:00:18+00:00,2026-04-06T22:00:18+00:00,jsonld,jsonld,
https://www.turningleftforless.com/status-matches-and-challenges/,200.0,,2025-06-25T15:00:38+00:00,2025-06-25T11:04:50+01:00,jsonld,og,
https://site.nightsbridge.com/2026-travel-trends-sa/,200.0,2026-05-13T20:06:12+00:00,2026-03-25T08:12:51+00:00,2026-05-12T06:52:02+00:00,jsonld,jsonld,
https://travel.gc.ca/destinations/south-africa,200.0,,,2026-05-12T00:00:00,,dc,
https://wild-about-travel.com/2-weeks-in-brazil-itinerary/,200.0,2026-05-13T12:52:21+00:00,2021-11-23T23:23:00+01:00,2024-07-10T19:51:39+02:00,jsonld,jsonld,
https://havasbrazil.com.br/10-incredible-places-to-visit-in-brazil-in-2026-part-1/,200.0,,2026-04-07T11:40:17-03:00,2026-04-07T12:16:35-03:00,jsonld,jsonld,
https://www.roughguides.com/brazil/itineraries/10-days-in-brazil-itinerary/,200.0,,2024-10-18T07:22:58.040000+00:00,2024-12-02T08:31:19.549000+00:00,jsonld,jsonld,
https://radicalstorage.com/travel/italy-travel-guide/,200.0,,2026-05-09T16:40:37+00:00,2026-05-09T16:40:42+00:00,jsonld,jsonld,
https://www.besabine.com/en/safety-colombia/,200.0,,2020-09-21T16:45:43+00:00,2026-04-10T15:27:06+00:00,jsonld,jsonld,
https://www.nomadicmatt.com/travel-blogs/colombia-safety/,200.0,2026-05-13T16:08:07+00:00,2019-06-22T12:59:28+00:00,2026-02-03T07:36:29+00:00,jsonld,jsonld,
https://www.under30experiences.com/blog/guide-to-safety-in-bogota-colombia,200.0,2026-05-13T20:06:13+00:00,,,,,
https://www.viator.com/blog/First-Timers-Guide-to-Rome/l28581,403.0,,,,,,
https://www.blumar.com.br/blog/post.php?post=285,200.0,,,,,,
https://www.odynovotours.com/italy/how-to-plan-a-trip.html,200.0,2026-05-13T11:19:42+00:00,,,,,
https://loyaltyrewardco.com/status-match-fraud/,200.0,2026-05-13T16:33:03+00:00,2024-10-15T23:42:38+00:00,2024-12-10T23:22:56+00:00,jsonld,jsonld,
https://uncovercolombia.com/tours/colonial-towns-tour/,200.0,,,,,,
https://untolditaly.com/italy-travel-guide/,200.0,2026-05-13T14:59:13+00:00,2026-03-23T11:04:19+00:00,2026-04-12T23:42:46+00:00,jsonld,jsonld,
https://westcotthouse.com/top-5-must-have-qualities-of-a-luxury-hotel-that-you-should-know/,200.0,,2025-08-08T08:49:46+00:00,,og,,
https://en.wikipedia.org/wiki/Trenitalia,200.0,2026-05-12T23:20:51+00:00,2004-08-26T12:31:28+00:00,2026-03-21T09:15:31+00:00,jsonld,jsonld,
https://www.thetrainline.com/en-us/train-companies/trenitalia,200.0,,,,,,
https://roaminghistorian.com/2025/04/06/essential-italy-travel-tips/,429.0,,,,,,
https://www.trenitalia.com/en/intercity.html,200.0,,,,,,
https://www.italiarail.com/types-trains,200.0,2026-05-13T09:40:37+00:00,,,,,
https://www.iberia.com/us/our-alliances/oneworld/frequent-flyers-benefits/,403.0,,,,,,
https://www.bonitotravel.com/en/post/best-places-to-visit-brazil,200.0,,2025-11-28T09:46:04.956000+00:00,2026-04-13T13:21:23.058000+00:00,jsonld,jsonld,
https://www.italiarail.com/italian-high-speed-trains,200.0,2026-05-13T16:32:06+00:00,,,,,
https://www.firebirdtours.com/blog/popular-trains-italy,200.0,,,,,,
https://www.earthbeneathourfeet.com/post/2-weeks-brazil-itinerary,200.0,,2024-12-23T12:28:10.824000+00:00,2025-03-16T14:10:59.136000+00:00,jsonld,jsonld,
https://www.thetrainline.com/trains/italy/high-speed,200.0,,,,,,
https://indieintrepid.com/blog/the-ultimate-vacation-packing-list-2026/,429.0,,,,,,
https://wavesnbackpack.com/en/costa-rica-itinerary-the-2-weeks-travel-guide/,403.0,,,,,,
https://adventureswithsarah.net/adventures-with-sarahs-ultimate-packing-list-for-summer-2026/,200.0,2026-05-13T18:51:33+00:00,2026-04-29T10:43:19+00:00,2026-04-29T10:43:21+00:00,jsonld,jsonld,
https://www.seat61.com/trains-and-routes/trenitalia-intercity-trains.htm,200.0,2026-04-23T13:39:06+00:00,,,,,
https://ouritalianjourney.com/3-train-options-italy-with-valuable-tips/,200.0,,2026-03-29T14:17:46+00:00,2026-03-29T16:17:46+02:00,jsonld,og,
https://redwhiteadventures.com/digital-nomad-essentials/,200.0,2026-05-13T20:06:17+00:00,2026-01-28T03:10:29+00:00,2026-04-21T05:42:49+00:00,jsonld,jsonld,
https://extraordinaryjourneys.com/luxury-travel-stories/read/brazil-travel-guide-12-essential-tips-for-first-time-visitors,200.0,2026-05-13T11:11:18+00:00,2026-02-04T00:00:00,2026-02-27T21:12:31+00:00,jsonld,jsonld,
https://www.theinnatstonecliffe.com/blog/the-ultimate-packing-list-best-items-for-travel-in-2026-including-mackinac-island-essentials,200.0,,,,,,
https://ticotimes.net/2026/01/28/costa-rica-stays-central-americas-priciest-vacation-destination,200.0,2026-05-08T13:42:10+00:00,2026-01-29T01:05:00+00:00,2026-01-28T22:19:24+00:00,jsonld,jsonld,
https://www.ingnok.com/blogs/ingnok-portable-monitor-an-overview/the-digital-nomads-tech-toolkit-3-essentials-for-2026,200.0,,2026-03-27T02:55:36-07:00,2026-03-27T03:52:41-07:00,jsonld,jsonld,
https://www.theorderlyspace.com/blog-archive/two-week-brazil-itinerary,200.0,,2025-01-12T17:57:44-05:00,2025-01-12T18:00:33-05:00,jsonld,jsonld,
https://www.outdoorgearlab.com/topics/travel/best-packing-list,200.0,,,,,,
https://thenomadcloud.com/why-2026-is-the-year-of-the-multi-base-nomad-lifestyle/,403.0,,,,,,
https://www.jacadatravel.com/latin-america/brazil/travel-guides/beautiful-places-in-brazil/,200.0,,2025-08-14T10:31:43+01:00,2026-01-22T14:56:36+00:00,jsonld,jsonld,
https://blog.nomadstays.com/digital-nomad-trends-2026-the-evolution-of-work-from-anywhere-culture/,200.0,,2025-12-15T16:48:08+00:00,2025-12-15T16:48:33+00:00,jsonld,jsonld,
https://www.latinadventures.com/best-time-to-travel-to-brazil/,200.0,,2026-01-30T22:24:55-05:00,2026-02-20T19:00:13-05:00,og,og,
https://www.enchantingtravels.com/destinations/south-america/brazil/best-time-to-visit-brazil/,200.0,,,2025-09-24T10:25:58+00:00,,og,
https://www.citi.com/travel/travel-guide/car-rental-tips/cheapest-best-time-book-car-rental,200.0,2026-05-13T18:53:24+00:00,2025-03-03T00:00:00,,jsonld,,
https://www.eurail.com/en/plan-your-trip,200.0,2026-05-13T11:51:39+00:00,,,,,
https://www.eurail.com/en/help/already-bought-pass/adding-and-activating-your-mobile-pass,200.0,2026-05-13T19:35:39+00:00,,,,,
https://eatsleepbreathetravel.com/2-week-brazil-itinerary/,200.0,2026-05-13T12:45:55+00:00,2026-01-15T14:57:34+00:00,2026-01-15T14:57:36+00:00,jsonld,jsonld,
https://help.raileurope.com/article/43899-getting-started-with-your-eurail-interrail-mobile-pass,403.0,,,,,,
https://www.reddit.com/r/Interrail/comments/13e3st0/just_some_questions_before_i_use_eurail_for_the/,200.0,,,,,,
https://en.wikipedia.org/wiki/2023_Hong_Kong_electoral_changes,403.0,,,,,,
https://www.klook.com/blog/eurail-pass-guide/,403.0,,,,,,
https://www.seat61.com/how-to-use-a-eurail-pass.htm,200.0,2026-05-02T07:44:48+00:00,,,,,
https://helpmezuka.com/brazil-itinerary-three-weeks/,200.0,2026-05-13T12:41:10+00:00,2025-03-30T09:14:29+00:00,2025-07-28T14:44:04+00:00,jsonld,jsonld,
https://www.scmp.com/opinion/hong-kong-opinion/article/3294242/hong-kongs-revamped-district-council-system-working-well,200.0,2026-05-13T16:42:20+00:00,2025-01-13T05:30:08+08:00,2025-01-13T08:38:50+08:00,jsonld,jsonld,
https://findingalexx.com/how-to-use-a-eurail-pass-faqs/,200.0,2026-05-13T09:57:25+00:00,2025-04-29T01:21:03+12:00,2026-03-10T00:57:19+13:00,jsonld,jsonld,
https://www.reddit.com/r/uktravel/comments/1lp04jl/9_day_uk_itinerary_check/,200.0,,,,,,
https://www.arup.com/en-us/projects/kai-tak-redevelopment/,200.0,,,,,,
https://www.odynovotours.com/egypt/cairo/grand-egyptian-museum.html,200.0,2026-05-13T09:06:24+00:00,,,,,
https://www.atlys.com/blog/minimum-bank-balance-for-schengen-visa,200.0,,,,,,
https://www.openpr.com/news/4503309/10-things-to-do-in-egypt-in-2026,403.0,,,,,,
https://www.archsd.gov.hk/archsd/html/report2025/en/case-study/4.html,200.0,,,,,,
https://luxurylatinamerica.com/blog/2024/03/31/places-to-visit-in-brazil/,200.0,,2024-03-31T14:41:45-04:00,2026-01-13T12:31:52-05:00,jsonld,jsonld,
https://ellamckendrick.com/kenya-vs-tanzania/,200.0,2026-05-08T06:23:08+00:00,2026-04-15T12:09:23+00:00,2026-05-08T06:22:38+00:00,jsonld,jsonld,
https://english.news.cn/20251229/a63d2f12144445429bb5fee274b24954/c.html,200.0,,,,,,
https://www.booking.com/guides/article/cars/when-is-the-best-time-to-rent-a-car.html,200.0,,,,,,
https://cleopatra.travel/egypt-travel-trends-why-more-travelers-are-choosing-egypt-in-2026/,200.0,2026-05-13T14:40:57+00:00,2026-03-12T03:40:08+00:00,2026-03-26T03:42:34+00:00,jsonld,jsonld,
https://egyptbestvacations.com/the-ultimate-egypt-travel-guide-2026/,200.0,2026-04-15T11:23:42+00:00,2021-08-12T22:17:22+00:00,2025-10-26T09:38:59+00:00,jsonld,jsonld,
https://www.reddit.com/r/CreditCards/comments/1qx2z4x/at_what_point_do_travel_miles_stop_beating_2_cash/,200.0,,,,,,
https://breezesafaris.com/best-safaris-in-africa/,200.0,,2026-04-05T08:01:21+00:00,2026-05-13T14:31:37+00:00,jsonld,jsonld,
https://www.space.com/stargazing/solar-eclipses/total-solar-eclipse-2026-vs-2027-which-one-should-you-choose,200.0,2026-05-10T10:01:08+00:00,2026-05-10T10:00:00+00:00,2026-05-10T10:00:00+00:00,jsonld,jsonld,
https://www.myegypttravel.com/egypt-travel-tips-expert-advice-essential-guides/hidden-gems-in-egypt-off-the-beaten-path-destinations/,200.0,,2026-01-10T10:36:49+00:00,2026-01-10T10:36:49+00:00,jsonld,jsonld,
https://www.consumerscu.org/blog/using-miles-and-points-vs-cash-for-flights,200.0,2026-05-13T20:06:23+00:00,2025-07-02T12:00:33+00:00,2025-06-27T17:14:43+00:00,og,og,
https://www.reddit.com/r/CapitalOne_/comments/1t9rqe0/miles_vs_cash_back_which_wins/,200.0,,,,,,
https://egyptunitedtours.com/egypt-solar-eclipse/,200.0,2026-05-13T19:29:45+00:00,2026-04-30T15:23:46+00:00,2026-05-03T14:08:12+00:00,jsonld,jsonld,
https://www.lifeinnorway.net/travel-trends/,200.0,,2026-04-20T09:52:39+00:00,2026-04-20T09:52:42+00:00,jsonld,jsonld,
https://www.reddit.com/r/oneworld/comments/1iy9h13/how_to_maximize_ff_points_and_gain_status_for/,200.0,,,,,,
https://boards.cruisecritic.com/topic/3020741-norwegian-fjords-2026/,403.0,,,,,,
https://frugalflyer.ca/blog/oneworld-emerald-status-guide/,200.0,2026-05-13T20:06:23+00:00,2024-03-15T13:48:00+00:00,2025-09-17T02:30:22+00:00,jsonld,jsonld,
https://www.dailydrop.com/newsletters/my-hunt-for-oneworld-status,200.0,2026-05-13T20:06:23+00:00,2025-03-18T00:00:00,2025-02-28T00:00:00,jsonld,jsonld,
https://simpleflying.com/oneworld-sapphire-status-fast/,200.0,,2024-06-28T17:00:13+00:00,2024-06-28T17:00:13+00:00,jsonld,jsonld,
https://www.delta.com/bag-guarantee,200.0,2026-04-22T04:08:06+00:00,,,,,
https://thepointsguy.com/loyalty-programs/oneworld-partner-tickets/,200.0,,2022-05-20T17:45:18+00:00,2022-05-20T17:34:08+00:00,jsonld,jsonld,
https://en.wikipedia.org/wiki/Travel_visa,200.0,2026-05-13T00:30:49+00:00,,,,,
https://us.iasservices.org.uk/america/visitor/,200.0,2026-05-13T20:06:24+00:00,2019-12-11T12:15:49-05:00,,jsonld,,
https://www.alluringworld.com/spain-2026-the-ultimate-guide-to-culture-coastlines/,200.0,2026-05-13T16:02:09+00:00,2026-02-11T16:25:05+00:00,2026-02-14T14:53:45+00:00,og,og,
https://www.lugless.com/practical-guide-to-easy-luggage-shipping/,200.0,2026-05-13T20:06:24+00:00,2026-03-09T18:00:29+00:00,2026-03-31T14:00:13+00:00,jsonld,jsonld,
https://www.kayak.com/news/best-time-to-book-a-rental-car/,200.0,,2026-04-21T11:12:04+00:00,2026-05-07T09:03:16+00:00,jsonld,jsonld,
https://www.machupicchu.org/spain-budget-guide-2026-complete-cost-breakdown.htm,403.0,,,,,,
https://italiantourism.us/planning-italy-vacation-2026/,500.0,,,,,,
https://www.roafly.com/blog/best-time-to-visit-spain,200.0,,2026-02-23T18:18:57,2026-02-23T19:01:30,jsonld,jsonld,
https://www.weroad.com/blog/the-best-places-to-visit-in-spain,200.0,,2026-02-19T10:04:18+00:00,,jsonld,,
https://thattravelista.com/spain-one-week-itinerary/,200.0,,2024-08-26T03:24:21+00:00,2026-03-06T19:34:46+00:00,jsonld,jsonld,
https://www.businessresearchinsights.com/market-reports/travelers-vaccines-market-106688,200.0,,,,,,
https://www.tourlane.com/europe/spain/travel-cost/,200.0,,,,,,
https://haydenlaw.com/2025/03/what-is-a-visitor-visa/,200.0,,2025-03-29T20:02:27-07:00,2025-03-29T20:26:27-07:00,jsonld,jsonld,
https://www.towardshealthcare.com/insights/travel-vaccination-service-market-sizing,200.0,,2026-04-21T00:00:00,2026-04-21T00:00:00,jsonld,jsonld,
https://www.persistencemarketresearch.com/blog/travel-vaccines-market.asp,200.0,,2026-04-15T00:00:00+00:00,2026-04-15T00:00:00+00:00,jsonld,jsonld,
https://home-affairs.ec.europa.eu/policies/schengen/schengen-area_en,200.0,,2025-05-27T14:00:00+02:00,,jsonld,,
https://www.cascadiadaily.com/paid-content/traveling-in-2026-heres-the-vaccines-and-medications-you-may-need/,200.0,2025-12-12T11:20:28+00:00,,,,,
https://www.chase.com/personal/credit-cards/education/basics/when-to-use-miles-or-cash,200.0,,2023-09-27T00:00:00,,jsonld,,
https://www.y-axis.com/blog/top-10-reasons-for-schengen-visa-rejection-and-tips-to-avoid-them/,200.0,,,2025-10-27T11:44:09+00:00,,og,
https://www.reddit.com/r/travel/comments/r1gtpl/warning_about_eurail_passes/,200.0,,,,,,
https://www.reddit.com/r/koreatravel/comments/1ko9vox/my_far_too_long_everything_you_need_to_know_when/,200.0,,,,,,
https://www.bontraveler.com/seoul-itinerary/,200.0,2026-05-11T18:48:13+00:00,2025-04-03T20:17:36+00:00,2025-04-30T18:29:25+00:00,jsonld,jsonld,
https://thriftytraveler.com/guides/points/use-points-vs-paying-cash/,200.0,,2025-04-02T07:42:53-05:00,2025-05-16T12:14:53-05:00,jsonld,jsonld,
https://www.nomadicmatt.com/travel-blogs/eurail-passes-breakdown/,200.0,2026-05-13T14:05:54+00:00,2018-07-02T13:00:25+00:00,2026-03-13T08:56:50+00:00,jsonld,jsonld,
https://www.reddit.com/r/koreatravel/comments/1g3qqs6/first_korea_trip_itinerary_general_tips_advice/,200.0,,,,,,
https://www.islands.com/2111281/rick-steves-team-why-spain-hot-spot-travel-this-year-how-prepare/,200.0,,2026-03-02T22:45:00+00:00,2026-03-02T22:45:00+00:00,jsonld,jsonld,
https://www.petrinadarrah.com/posts/new-zealand-two-week-itinerary,200.0,,2025-07-28T23:17:00-07:00,2025-10-02T16:34:11-07:00,jsonld,jsonld,
https://apassionandapassport.com/south-korea-itinerary-7-days/,200.0,,2024-08-13T04:14:00+00:00,2025-05-20T19:01:16+00:00,jsonld,jsonld,
https://girlonazebra.com/is-seoul-worth-visiting/,200.0,2026-05-13T15:49:28+00:00,2026-01-17T10:40:05+00:00,2026-02-21T10:34:51+00:00,time_tag,time_tag,
https://ulysse.com/news/en/travel-ideas/spain-is-packed-right-now-how-to-travel-in-2026-without-the-crowds-or-the-price-shock-1476,200.0,2026-05-09T01:31:04+00:00,2026-01-20T13:00:00+00:00,,jsonld,,
https://guestnewzealand.com/north-or-south-island-new-zealand,200.0,,2025-12-20T00:00:00,,og,,
https://www.forbes.com/sites/davidnikel/2026/01/01/why-sweden-belongs-on-your-2026-travel-list/,,,,,,,"HTTPSConnectionPool(host='www.forbes.com', port=443): Read timed out. (read timeout=20)"
https://www.pointsforfamilytravel.com/blog/the-complete-guide-to-credit-card-travel-transfer-partners,200.0,,2023-02-04T10:26:48-06:00,2026-05-02T07:22:46-05:00,jsonld,jsonld,
https://www.spainlesstraveled.com/blog/top-places-to-visit-in-spain-in-2026,200.0,,2025-12-28T18:57:24+01:00,2026-03-17T11:49:49+01:00,jsonld,jsonld,
https://travelfreely.com/guide-maximizing-credit-card-points-transfer-partners/,200.0,,2025-09-22T13:57:08+00:00,2026-02-24T18:01:49+00:00,jsonld,jsonld,
https://travelwithlesleywhyte.com/new-zealand-travel-packages-a-2026-insiders-guide-to-choosing-your-perfect-trip/,200.0,,,,,,
https://www.reddit.com/r/JapanTravelTips/comments/1ipbnni/best_rail_pass_for_my_japan_itinerary_tokyo/,200.0,,,,,,
https://addieabroad.com/is-the-eurail-pass-worth-it/,200.0,2026-05-13T20:06:29+00:00,2025-06-19T18:30:35-04:00,2025-06-20T22:50:33-04:00,jsonld,jsonld,
https://boldlygo.world/credit-card-transfer-partners/,200.0,2026-05-13T20:06:30+00:00,2026-03-28T18:29:47+00:00,2026-04-04T16:26:20+00:00,jsonld,jsonld,
https://www.sh1.org/fotos/ausl_es.htm,200.0,2025-04-07T19:05:42+00:00,,,,,
https://www.jrailpass.com/faq/japan-rail-pass-trains-included,200.0,2026-05-13T09:26:44+00:00,,,,,
https://www.discovernewzealand.com/blog/how-long-should-you-visit-new-zealand-for-id-227,200.0,,2026-04-10T07:00:00+00:00,2026-04-10T07:00:00+00:00,jsonld,jsonld,
https://upgradedpoints.com/news/2026-points-miles-credit-card-resolutions/,200.0,2026-01-03T14:30:00+00:00,2026-01-03T14:30:00+00:00,2026-01-03T08:30:00-06:00,jsonld,time_tag,
https://nourbelletours.com/best-places-to-visit-in-egypt-2026/,200.0,,,,,,
https://nourbelletours.com/5-days-egypt-itinerary-cairo-luxor-nile-cruise/,200.0,,,,,,
https://info.bankofamerica.com/en/bofa-rewards,200.0,2026-05-13T13:18:48+00:00,2026-02-02T11:30:44-05:00,,jsonld,,
https://www.egyptindependent.com/grand-egyptian-museum-recognized-among-times-2026-greatest-places-in-the-world/,200.0,2026-05-13T12:38:00+00:00,2026-03-27T15:41:05+00:00,2026-03-27T15:54:29+00:00,jsonld,jsonld,
https://www.japan-guide.com/e/e2361.html,200.0,,2026-04-01T00:00:00,,time_tag,,
https://esim.holafly.com/travel-tips/how-to-avoid-jet-lag/,200.0,,2026-02-21T16:48:25+00:00,,jsonld,,
https://egypttoursbylocals.com/historical-sights-in-egypt/,200.0,2026-05-13T16:42:33+00:00,2025-01-20T12:19:39+00:00,2026-01-25T09:37:35+00:00,jsonld,jsonld,
https://findingginamarie.com/articles/egypt-trip-planning,200.0,,2024-12-29T03:48:00-08:00,2026-02-02T21:12:41-08:00,jsonld,jsonld,
https://www.smartraveller.gov.au/destinations/africa/south-africa,,,,,,,"HTTPSConnectionPool(host='www.smartraveller.gov.au', port=443): Read timed out. (read timeout=20)"
https://www.reddit.com/r/travel/comments/1cqmgsc/best_tips_for_jetlag_avoidance/,200.0,,,,,,
https://www.traviaz.com/blog/luxury-tours/Cairo-Sightseeing-Guide-2026,200.0,,,,,,
https://lifestylemedicine.stanford.edu/sleep-traveling-jet-lag/,200.0,,,,,,
https://moonchildsleep.com/blogs/journal/fight-jet-lag,200.0,,2023-11-15T22:43:49+01:00,2026-05-12T13:56:50+02:00,jsonld,jsonld,
https://www.roughguides.com/morocco/itineraries/7-days-in-morocco-itinerary/,200.0,,2024-10-31T13:21:26.650000+00:00,2025-04-29T18:58:07.082000+00:00,jsonld,jsonld,
https://www.wayfarerfootprints.com/post/morocco-itinerary-7-days,404.0,,,,,,
https://theatlasstory.com/morocco-14-days-itinerary/,429.0,,,,,,
https://awaywiththesteiners.com/7-day-morocco-itinerary/,200.0,2026-05-12T19:03:31+00:00,2025-02-25T04:21:15+00:00,2026-01-16T03:04:40+00:00,jsonld,jsonld,
https://egypttourmagic.com/best-tours-and-activities-to-experience-in-egypt-in-2026/,200.0,,2025-12-12T23:51:29+00:00,2026-02-21T01:07:44+00:00,jsonld,jsonld,
https://www.smartraveller.gov.au/destinations/americas/colombia,,,,,,,"HTTPSConnectionPool(host='www.smartraveller.gov.au', port=443): Read timed out. (read timeout=20)"
https://www.coxandkingstravel.com/compass/highlights-of-chile-travel-guide-where-to-go-and-what-to-do,200.0,,,,,,
https://www.foratravel.com/the-journal/definitive-guide-morocco,200.0,,2026-01-23T00:00:00+00:00,2026-01-26T22:35:43.002000+00:00,jsonld,jsonld,
https://www.jacadatravel.com/latin-america/chile/travel-guides/best-time-to-visit-chile/,200.0,,2017-07-24T17:15:33+01:00,2026-04-23T18:46:06+01:00,jsonld,jsonld,
https://thisremotecorner.com/best-places-to-visit-in-chile-for-first-timers/,200.0,2026-05-13T19:50:52+00:00,2021-09-28T20:52:09+00:00,2025-08-09T16:48:41+00:00,jsonld,jsonld,
https://www.lonelyplanet.com/articles/best-road-trips-in-chile,200.0,,2021-10-20T21:57:19+00:00,2025-02-07T17:50:00+00:00,jsonld,jsonld,
https://thepointsguy.com/loyalty-programs/hotel-airline-status-matches/,200.0,,2023-04-21T20:00:58+00:00,2023-05-22T09:30:01+00:00,jsonld,jsonld,
https://news.web.baylor.edu/news/story/2024/jet-lag-drag-why-it-happens-and-how-avoid-it,200.0,2026-05-13T18:48:02+00:00,2024-02-26T14:54:00,,og,,
https://www.roughguides.com/chile/when-to-go/,200.0,,2025-01-07T10:21:51.655000+00:00,2025-05-15T05:39:58.745000+00:00,jsonld,jsonld,
https://worldlyadventurer.com/places-to-visit-in-chile-adventure-travel/,200.0,,2017-06-21T08:00:26+01:00,2023-11-14T11:38:14+00:00,jsonld,jsonld,
https://thepointsguy.com/deals/hotel-elite-status-match-challenge/,200.0,,2026-01-23T20:00:10+00:00,2026-01-23T20:00:11+00:00,jsonld,jsonld,
https://www.hiltonhonors.com/en_US/status-match/landing/,403.0,,,,,,
https://happytowander.com/sweden-travel-tips/,200.0,2026-05-13T13:44:42+00:00,2024-09-05T00:05:47+00:00,2024-10-17T08:01:22+00:00,jsonld,jsonld,
https://schengentraveler.com/travel-sweden/,403.0,,,,,,
https://awardwallet.com/hotels/status-match-offers/,200.0,,2026-02-19T18:10:01+00:00,2026-04-08T14:34:48+00:00,jsonld,jsonld,
https://www.worldatlas.com/cities/7-offbeat-towns-to-visit-in-sweden.html,200.0,2026-05-13T20:06:36+00:00,2024-10-26T11:00:00-04:00,,jsonld,,
https://upgradedpoints.com/travel/hotels/hotel-status-matches-challenges/,200.0,2026-02-27T19:06:54+00:00,2020-03-20T13:30:16+00:00,2026-02-27T19:06:54+00:00,jsonld,jsonld,
https://www.penguintrampoline.com/blog/best-time-to-visit-lapland-finland-sweden-norway,200.0,,2026-02-15T10:02:06+01:00,2026-04-24T14:21:37+02:00,jsonld,jsonld,
https://www.japanhighlights.com/japan/best-time-to-visit,200.0,2026-05-06T03:40:23+00:00,2026-01-14T16:18:20.260000,2026-05-06T11:40:23,jsonld,jsonld,
https://www.klook.com/blog/best-time-to-visit-japan/,403.0,,,,,,
https://selfguidejapan.com/blog/best-time-to-visit-japan-2026,200.0,,2025-12-27T00:00:00,2026-05-09T00:00:00,jsonld,jsonld,
https://www.odynovotours.com/japan/itinerary-ideas.html,200.0,2026-05-13T13:03:04+00:00,,,,,
https://whatsupcourtney.com/first-time-japan-travel-guide/,200.0,2026-05-07T10:52:03+00:00,2025-12-04T23:23:37+00:00,2026-05-07T11:50:54+01:00,jsonld,jsonld,
https://www.machupicchu.org/best-time-to-visit-japan-2026-seasonal-planning-guide.htm,403.0,,,,,,
https://onsafari.com/new-safari-lodges-in-southern-africa-coming-in-2026/,200.0,,2026-01-28T00:34:21+00:00,2026-01-28T00:34:21+00:00,jsonld,jsonld,
https://girleatworld.net/japan-itinerary/,200.0,2026-05-13T12:40:59+00:00,2024-08-13T06:14:39+00:00,2026-03-16T11:38:11+00:00,jsonld,jsonld,
https://www.hoteles.com/go/sweden/sweden-lifesaving-travel-tips,429.0,,,,,,
https://worldsustainabilityfoundation.org/en/new-trip-to-south-africa/,200.0,,,,,,
https://www.theonlyperuguide.com/research/peru-budget-real-prices-for-buses-tours-and-food/,403.0,,,,,,
https://www.earthtrekkers.com/10-days-in-egypt-itinerary-cairo-aswan-luxor-abu-simbel/,200.0,2026-05-13T13:27:15+00:00,2020-01-16T13:08:26-05:00,2025-12-02T16:11:52-05:00,jsonld,jsonld,
https://perubucketlist.com/peru-travel-cost-budget-guide-2026/,200.0,,2026-01-02T23:37:27+00:00,2026-04-30T00:11:32+00:00,jsonld,jsonld,
https://www.aa.com/i18n/travel-info/partner-airlines/oneworld-airline-partners.jsp,403.0,,,,,,
https://visitsweden.com/what-to-do/news/,200.0,,2023-02-21T00:00:00+01:00,2025-12-19T00:00:00+01:00,jsonld,jsonld,
https://www.lonelyplanet.com/destinations/chile,200.0,,,,,,
https://beautahfulworld.com/going-north-my-sweden-itinerary/,200.0,,,,,,
https://www.dumaexplorer.com/blog/tanzania-safari-cost,200.0,,2026-03-11T21:33:42-07:00,2026-05-07T09:32:53-07:00,jsonld,jsonld,
https://leaveyourdailyhell.com/one-week-in-sweden/,200.0,,2023-01-07T06:28:08+00:00,2025-07-10T14:56:30+00:00,jsonld,jsonld,
https://www.afar.com/podcasts/unpacked/where-to-go-2026-hiking-stockholms-archipelago,200.0,,,,,,
https://www.we12travel.com/scandinavia-trip-planning/,200.0,,2024-09-04T11:36:35+00:00,2026-05-11T14:50:29+00:00,jsonld,jsonld,
https://www.reddit.com/r/JapanTravelTips/comments/1q9g8nr/japan_rail_pass_is_it_worth_it/,200.0,,,,,,
https://thenavigatio.com/japan-rail-pass-travel-worth/,200.0,,2019-06-06T18:38:05+01:00,2026-05-06T13:37:06+01:00,jsonld,jsonld,
https://kenyatanzaniasafari.com/kenya-tanzania-safari-cost/,200.0,,2025-11-19T13:57:23+00:00,2025-11-19T13:57:23+00:00,jsonld,jsonld,
https://www.japan-experience.com/plan-your-trip/to-know/before-you-travel/traveling-japan/jr-pass-alternatives,200.0,,2025-02-17T08:49:14+00:00,2025-02-28T01:12:19+00:00,jsonld,jsonld,
https://www.forbes.com/sites/davidnikel/2026/01/04/a-norway-cruise-in-2026-is-about-more-than-just-the-fjords/,200.0,,2026-01-04T00:00:00,2026-01-04T00:00:00,og,og,
https://www.suitcaseandchardonnay.co.za/south-africas-most-anticipated-new-hotels-and-lodges-opening-in-2026/,200.0,,2026-01-20T08:39:53+00:00,2026-01-23T09:59:38+00:00,jsonld,jsonld,
https://www.aafp.org/pubs/afp/issues/2022/0900/malaria.html,200.0,2026-05-12T15:04:26+00:00,2022-09-15T00:00:00,,jsonld,,
https://travelhealthpro.org.uk/factsheet/52/malaria,200.0,,,,,,
https://www.peru-explorer.com/getting-to-machu-picchu-2026-budget-guide-complete-cost-breakdown.htm,202.0,,,,,,
https://www.joinkudos.com/blog/statusmatcher-guide-how-to-get-elite-status-with-airlines-and-hotels-without-starting-from-scratch,200.0,2026-05-13T20:06:40+00:00,,,,,
https://www.turningleftforless.com/hotel-status-matches/,200.0,,2025-07-13T14:00:59+00:00,2025-07-11T15:33:31+01:00,jsonld,og,
https://www.skyscanner.com/car-rental/advice/best-time-to-book-car-rental,200.0,,2025-12-16T13:34:00+00:00,,jsonld,,
https://matthewbaxter.jp/blogs/news/get-a-japan-bus-pass,200.0,,2024-10-03T11:20:19+09:00,2024-10-03T11:20:18+09:00,jsonld,jsonld,
https://kn-tours.net/jr-pass-worth-it-2026/,200.0,2026-05-08T10:52:09+00:00,2026-04-25T11:48:41+00:00,2026-04-25T12:26:43+00:00,jsonld,jsonld,
https://www.smartertravel.com/switch-airlines-keep-your-elite-status/,200.0,,2026-02-26T15:45:08+00:00,2026-02-26T15:45:08+00:00,jsonld,jsonld,
https://www.ncbi.nlm.nih.gov/books/NBK551639/,200.0,,,,,,
https://bestcitizens.com/2023/01/17/why-visa-restrictions-are-bad-and-harmful/,200.0,,2023-01-17T16:24:27+00:00,2023-02-20T14:50:02+00:00,jsonld,jsonld,
https://www.machupicchu.org/tanzania-safari-cost-2026-complete-budget-breakdown-money-saving-tips.htm,403.0,,,,,,
https://www.rainbowtours.co.uk/colombia/travel-guide/best-time-to-visit-colombia,200.0,,,,,,
https://www.enchantingtravels.com/destinations/south-america/colombia/best-time-to-visit-colombia/,200.0,,,2025-09-24T10:29:52+00:00,,og,
https://www.machupicchu.org/jr-pass-japan-guide-2026-is-it-worth-it.htm,403.0,,,,,,
https://www.rebeccaandtheworld.com/why-visit-argentina/,200.0,2026-05-13T20:06:41+00:00,2023-10-24T21:37:33+00:00,2026-02-16T03:58:36+00:00,jsonld,jsonld,
https://www.hudsonandemily.com/argentina-travel-guide/,200.0,,2023-12-22T15:50:00+00:00,2023-12-22T15:50:01+00:00,jsonld,jsonld,
https://www.kuodatravel.com/blog/best-time-to-visit-colombia-travel-guide/,200.0,,2024-12-08T09:29:22-05:00,2024-12-08T09:29:22-05:00,jsonld,jsonld,
https://www.gov.za/news/speeches/president-cyril-ramaphosa-africas-travel-indaba-2026-12-may-2026,200.0,2026-05-13T15:49:07+00:00,2026-05-12T12:00:00+00:00,,time_tag,,
https://cuppatocopatravels.com/south-america/colombia/2-weeks-colombia-itinerary-whistlestop/,200.0,,2019-02-26T18:20:10+00:00,2026-03-01T17:44:19+00:00,jsonld,jsonld,
https://passportagentsinchennai.com/passports/tourist-visa-rejection-reasons-complete-guide-to-avoid-common-mistakes-%EF%BF%BC/,200.0,,2026-02-10T09:29:55+00:00,2026-02-10T09:29:57+00:00,jsonld,jsonld,
https://worldlyadventurer.com/best-time-to-visit-colombia/,200.0,,2023-01-26T08:00:00+00:00,2023-10-06T10:17:03+01:00,jsonld,jsonld,
https://thecuriouspixie.com/colombia-travel-guide/,200.0,2026-05-13T19:07:28+00:00,2022-05-26T20:12:48+00:00,2026-02-17T20:23:10+00:00,jsonld,jsonld,
https://etias.com/etias-requirements/etias-for-american-citizens,200.0,,,,,,
https://magellanjets.com/library/insights/europe-travel-requirement-etias/,200.0,,2026-05-04T19:02:01+00:00,2026-05-04T19:02:03+00:00,jsonld,jsonld,
https://etias.com/etias-requirements/,200.0,,,,,,
https://etias.com/what-is-etias,200.0,,,,,,
https://travel-europe.europa.eu/en/etias/about-etias/news-corner/revised-timeline-ees-and-etias,200.0,2026-05-08T07:25:24+00:00,,,,,
https://simbye.com/blogs/blog/how-much-does-trip-to-morocco-cost-2026-budget-breakdown,200.0,,2026-03-07T16:30:01+00:00,2026-03-22T13:20:22+00:00,jsonld,jsonld,
https://tililatravel.com/is-morocco-expensive-to-visit/,403.0,,,,,,
https://roadtripsbyiva.com/colombia-my-2-weeks-travel-itinerary/,200.0,,2026-02-14T18:08:21+00:00,2026-02-14T18:08:24+00:00,jsonld,jsonld,
https://moroccotabiartetours.com/is-morocco-expensive-to-travel-and-visit/,,,,,,,"('Received response with content-encoding: gzip, but failed to decode it.', error('Error -3 while decompressing data: incorrect header check'))"
https://offtogetlost.com/indonesia-itinerary/,200.0,,2025-05-12T01:20:08+00:00,2026-01-15T18:18:01+00:00,jsonld,jsonld,
https://www.ourescapeclause.com/2-weeks-in-colombia-itinerary/,200.0,,2018-04-08T12:00:46+00:00,2026-04-25T13:05:49+00:00,jsonld,jsonld,
https://www.lodgify.com/guides/airbnb-competitors/airbnb-vs-vrbo/,200.0,,,,,,
https://www.machupicchu.org/morocco-budget-travel-guide-2026-how-to-visit-on-50-day.htm,403.0,,,,,,
https://thebeat.asia/hong-kong/nomads/explore/what-your-hong-kong-neighbourhood-says-about-you,200.0,2026-05-08T13:20:54+00:00,2022-07-08T09:33:00+08:00,2022-09-15T14:41:00+08:00,jsonld,jsonld,
https://www.furnishedfinder.com/blog/airbnb-vs-vrbo-for-owners,403.0,,,,,,
https://www.ourescapeclause.com/trip-to-morocco-travel-budget-cost/,200.0,,2016-06-28T12:07:55+00:00,2025-12-30T18:02:45+00:00,jsonld,jsonld,
https://www.kimkim.com/c/10-days-in-indonesia-unique-itineraries,200.0,,2021-11-02T15:40:54+00:00,2022-10-22T01:37:04+00:00,jsonld,jsonld,
https://moroccolivetrips.com/the-ultimate-2026-morocco-budget-guide/,200.0,,2026-03-14T07:22:24+00:00,2026-05-08T03:43:54+00:00,jsonld,jsonld,
https://www.template.net/documents/itinerary-documents/,200.0,,2022-07-05T02:22:21,2025-10-17T17:19:45,jsonld,jsonld,
https://turno.com/blog/vrbo-vs-airbnb-guide-for-hosts/,403.0,,,,,,
https://awning.com/post/airbnb-vs-vrbo-for-owners,200.0,2026-05-09T06:46:40+00:00,2026-04-24T00:00:00,2026-04-24T00:00:00,jsonld,jsonld,
https://www.homesberg.com/en/whats-the-vrbo/,200.0,,2025-10-23T13:22:57+00:00,2026-01-18T13:07:21+00:00,jsonld,jsonld,
https://www.leonardo-hotels.com/blog/best-berlin-neighbourhoods-where-to-stay-and-explore-in-2026,200.0,,,,,,
https://www.berlin.de/en/public-transportation/1772016-2913840-tickets-fares-and-route-maps.en.html,200.0,2026-01-16T10:24:38+01:00,,,,,
https://www.eatingeurope.com/blog/average-cost-of-food-berlin/,200.0,,2026-03-11T02:30:11+00:00,2026-03-11T10:51:49+00:00,jsonld,jsonld,
https://www.berlinunlocked.de/blog/where-to-stay-berlin/,200.0,,2026-04-13T09:00:00+02:00,2026-04-13T09:00:00+02:00,jsonld,jsonld,
https://staywithstay.com/blog/airbnb-vs-vrbo-for-hosts/,200.0,,,,,,
https://pmc.ncbi.nlm.nih.gov/articles/PMC2918682/,200.0,,,,,,
https://awardtravelfinder.com/status-match,200.0,2026-05-13T20:06:45+00:00,,,,,
https://www.chicagohistory.org/mapping-chicago-and-beyond-what-are-chicagos-neighborhoods-community-areas-and-wards/,200.0,2026-05-13T20:06:45+00:00,2025-05-27T19:12:46+00:00,2025-05-27T21:35:27+00:00,jsonld,jsonld,
https://www.greece-is.com/news/naxos-named-one-of-worlds-top-travel-destination-for-2026/,200.0,,2026-01-16T15:19:03+00:00,,jsonld,,
https://www.tourlane.com/europe/germany/travel-cost-berlin/,200.0,,,,,,
https://www.finalrentals.com/blog/single/things-to-know-when-rent-a-car-abroad,200.0,,,,,,
https://www.roughguides.com/morocco/itineraries/,200.0,,2024-12-05T14:05:57.104000+00:00,2026-01-14T09:10:42.492000+00:00,jsonld,jsonld,
https://thrillingtravel.in/plan-a-trip-to-morocco.html,200.0,2026-05-13T15:21:45+00:00,2024-10-07T19:19:19+05:30,2024-10-07T19:24:23+05:30,jsonld,jsonld,
https://travelnation.co.uk/blog/perfect-2-week-australia-itinerary-first-time-visitors,200.0,2026-05-13T14:54:32+00:00,,,,,
https://royalthailandtours.com/thailand-7-days-itinerary/,200.0,2026-05-13T11:45:38+00:00,2026-03-19T11:25:10+05:00,2026-03-19T11:25:23+05:00,jsonld,jsonld,
https://aboutaustralia.com/blog/the-ultimate-first-timers-guide-to-australia/,202.0,,,,,,
https://onehappytraveler.com/two-weeks-in-australia/,200.0,,2023-12-19T20:41:24-06:00,,time_tag,,
https://www.berlinwalk.com/post/is-berlin-expensive-a-realistic-daily-budget-for-2026-tourists,200.0,,2026-04-30T15:16:12.837000+00:00,2026-04-30T15:16:12.837000+00:00,jsonld,jsonld,
https://fullsuitcase.com/australia-itinerary-ideas/,200.0,,2018-01-15T19:13:05+00:00,2024-05-25T16:03:44+00:00,jsonld,jsonld,
https://www.roughguides.com/thailand/itineraries/10-days-in-thailand-itinerary/,200.0,,2024-11-18T13:02:34.097000+00:00,2025-03-20T15:16:23.753000+00:00,jsonld,jsonld,
https://www.kimkim.com/sc/thailand-2-week-tours,200.0,,,,,,
https://wheretogoin.net/2-week-thailand-itinerary/,202.0,,,,,,
https://danae-explore.com/en/10-day-itinerary-in-Morocco/,200.0,,2025-08-06T01:37:25+00:00,2026-03-31T21:38:28+00:00,jsonld,jsonld,
https://thisremotecorner.com/two-week-thailand-itinerary/,200.0,2026-05-13T19:44:57+00:00,2024-12-08T15:19:47+00:00,2026-02-24T00:50:54+00:00,jsonld,jsonld,
https://adventuresbylana.com/10-day-thailand-itinerary/,200.0,,2021-07-12T23:17:49+00:00,2025-06-25T17:14:40+00:00,jsonld,jsonld,
https://www.alwayspacktissues.com/post/tips-for-renting-a-car-abroad,200.0,,2024-06-10T20:30:05.302000+00:00,2026-01-23T14:32:08.919000+00:00,jsonld,jsonld,
https://www.reddit.com/r/explainlikeimfive/comments/3fhz31/eli5_why_do_some_countries_need_a_lot_of_visa/,200.0,,,,,,
https://en.wikipedia.org/wiki/Neighborhoods_in_New_York_City,200.0,2026-05-11T22:18:53+00:00,2006-07-17T21:25:32+00:00,2025-12-01T07:32:07+00:00,jsonld,jsonld,
https://uk.trtltravel.com/blogs/news/what-is-a-visa-and-why-are-they-important-for-travel,200.0,,2024-01-19T10:00:01+00:00,,jsonld,,
https://www.foratravel.com/guides/RAFTKS/the-best-of-thailand-a-10-day-itinerary-chanda-daly,200.0,,,,,,
https://www.theblondeabroad.com/ultimate-thailand-travel-guide/,200.0,2026-05-13T13:28:25+00:00,2015-04-30T21:42:36+00:00,2024-04-20T08:32:46+00:00,jsonld,jsonld,
https://www.reddit.com/r/Patagonia/comments/1kdnjwd/which_is_better_argentina_or_chile/,200.0,,,,,,
https://doctorrennie.wordpress.com/2025/11/09/2026-travel-medicine-guide-vaccines-antibiotics-safety-tips-and-what-you-dont-need/,200.0,,2025-11-10T07:57:14+00:00,2025-11-10T07:59:20+00:00,og,og,
https://viabam.com/en/blog/nyc-neighborhoods,200.0,,,,,,
https://www.usantini.com/blog/boroughs-of-new-york/,200.0,2026-05-13T20:06:49+00:00,2025-10-28T14:48:42+00:00,2025-11-19T06:20:40+00:00,jsonld,jsonld,
https://blog.ilp.org/carry-on-vs-checked-luggage,200.0,2026-05-13T02:20:38+00:00,,,,,
https://www.reddit.com/r/Patagonia/comments/1gfpe7i/89_days_in_argentina_how_to_split_up_time_between/,200.0,,,,,,
https://www.catterfly.com/blog-detail/sweden-the-art-of-the-slow-journey-2026,200.0,,,,,,
https://www.tsa.gov/travel/security-screening/whatcanibring/all,200.0,2026-05-13T15:20:11+00:00,,,,,
https://www.lonelyplanet.com/articles/chile-vs-argentina,200.0,,2023-09-21T16:30:56+00:00,2025-06-10T13:13:00+00:00,jsonld,jsonld,
https://www.fragomen.com/insights/european-union-european-travel-information-and-authorisation-system-etias-launch-delayed.html,200.0,,,,,,
https://www.roughguides.com/argentina/itineraries/,200.0,,2024-12-02T08:07:08.044000+00:00,2025-09-17T14:14:05.013000+00:00,jsonld,jsonld,
https://miamily.com/blogs/news/the-ultimate-travel-luggage-checklist-what-to-pack-and-how,200.0,,,,,,
https://veggiewayfarer.com/trip-to-argentina-itinerary/,200.0,2026-05-13T20:06:51+00:00,2022-05-11T18:42:12+02:00,2024-09-16T15:40:25+02:00,jsonld,jsonld,
https://pack-lightly.com/comparison-peru-vs-chile/,200.0,,2026-04-17T13:32:52+00:00,2026-04-17T13:32:54+00:00,jsonld,jsonld,
https://www.reddit.com/r/Morocco/comments/y7hw59/1014_days_in_morocco_what_sort_of_itinerary_would/,200.0,,,,,,
https://www.exoticca.com/us/blog/peru-vs-chile-which-destination-is-right-for-your-trip/,200.0,2026-05-13T19:08:15+00:00,2026-03-07T08:39:03+00:00,,og,,
https://www.kimkim.com/c/ultimate-morocco-itineraries-7-10-14-days,200.0,,2020-01-09T07:31:48+00:00,2021-02-18T13:50:30+00:00,jsonld,jsonld,
https://thelatinvestor.com/blogs/news/buenos-aires-good-time,200.0,,2026-01-09T19:47:12+00:00,,jsonld,,
https://www.businesstravelnewseurope.com/Ground-Transport/Trenitalia-unveils-new-Frecciarossa-brand-and-accelerates-fleet-renewal,403.0,,,,,,
https://moroccanzest.com/5-days-in-morocco-itinerary/,202.0,,,,,,
https://awardlocker.com/best-sweet-spots-2026,200.0,,,,,,
https://postcardnarrative.com/morocco/,200.0,,2026-01-26T12:11:16-05:00,2026-02-13T11:36:13-05:00,jsonld,jsonld,
https://www.railwaypro.com/wp/how-italy-is-revolutionizing-regional-rail-transport/,200.0,,2026-03-23T07:43:50+00:00,,jsonld,,
https://expatriateconsultancy.com/moving-to-argentina-in-2026/,200.0,,2026-02-04T21:37:46+00:00,2026-02-04T21:42:34+00:00,jsonld,jsonld,
https://railmarket.com/news/rolling-stock/51454-trenitalia-buys-74-new-frecciarossa-trains,200.0,,2026-02-25T03:00:00+01:00,2026-02-25T01:00:22+01:00,jsonld,jsonld,
https://www.railway.supply/next-generation-frecciarossa-trains-trenitalia-adds-nine/,200.0,2026-05-12T16:41:35+00:00,2026-03-30T10:52:11+03:00,2026-03-30T10:52:13+03:00,jsonld,jsonld,
https://www.who.int/news-room/fact-sheets/detail/yellow-fever,200.0,2026-05-13T13:10:40+00:00,,,,,
https://www.mayoclinic.org/drugs-supplements/yellow-fever-vaccine-subcutaneous-route/description/drg-20066731,403.0,,,,,,
https://wanderupfront.com/best-avios-sweet-spots-for-business-and-first-class/,200.0,2026-05-13T10:20:19+00:00,2026-03-29T19:01:19+01:00,2026-04-26T22:08:11+01:00,jsonld,jsonld,
https://www.cdc.gov/yellow-fever/vaccine/index.html,200.0,,2024-05-15T04:00:00,,time_tag,,
https://www.who.int/teams/immunization-vaccines-and-biologicals/diseases/yellow-fever,200.0,2026-05-13T19:08:12+00:00,,,,,
https://www.railwaypro.com/wp/trenitalia-orders-more-new-generation-frecciarossa-trains/,200.0,,2026-03-25T07:27:37+00:00,,jsonld,,
https://www.cdc.gov/vaccines/hcp/current-vis/yellow-fever.html,200.0,,2020-04-01T04:00:00,,time_tag,,
https://awardtravelfinder.com/aeroplan-sweet-spots,200.0,2026-05-13T20:06:54+00:00,,,,,
https://www.nhs.uk/conditions/yellow-fever/vaccination/,200.0,,2017-10-23T11:51:00,2025-06-25T15:59:32+00:00,og,jsonld,
https://thriftytraveler.com/deals/flights/10-best-deals-2026/,200.0,,2026-03-11T12:33:19-05:00,2026-03-14T08:43:29-05:00,jsonld,jsonld,
https://italiabsolutely.com/news/transportation/trenitalia-ups-the-pace-with-74-new-frecciarossa-trains-by-2030,200.0,2026-03-03T09:56:48+00:00,,,,,
https://www.audleytravel.com/us/australia/country-guides/australia-for-the-first-time-visitor,403.0,,,,,,
https://pmc.ncbi.nlm.nih.gov/articles/PMC6386100/,200.0,,,,,,
https://www.reddit.com/r/AskAnAustralian/comments/1bzo2ym/trip_itinerary_in_australia_first_time/,200.0,,,,,,
https://www.rebeccaandtheworld.com/3-weeks-in-australia-itinerary-ideas/,200.0,,2025-09-24T08:15:01+00:00,2026-02-16T07:52:59+00:00,jsonld,jsonld,
https://www.chop.edu/vaccine-education-center/vaccine-details/yellow-fever-vaccine,200.0,2026-05-13T19:07:13+00:00,,,,,
https://www.hopkinsguides.com/hopkins/view/Johns_Hopkins_ABX_Guide/540594/all/Yellow_fever_vaccine,200.0,,,,,,
https://www.passporthealthusa.com/vaccinations/yellow-fever/,200.0,2026-05-13T18:36:15+00:00,,,,,
https://www.chase.com/travel/guide/hotels/the-edit-by-chase-travel,200.0,,2025-12-04T00:00:00,,jsonld,,
https://thepointsguy.com/credit-cards/video-chase-sapphire-reserve-changes/,200.0,,2025-12-03T14:30:44+00:00,2026-04-30T17:14:34+00:00,jsonld,jsonld,
https://home-affairs.ec.europa.eu/policies/schengen/visa-policy_en,200.0,,2025-06-23T14:00:00+02:00,,jsonld,,
https://www.chase.com/personal/credit-cards/education/basics/how-to-buy-tickets-on-stubhub,200.0,,2025-08-28T00:00:00,,jsonld,,
https://en.wikipedia.org/wiki/Visa_policy_of_the_Schengen_Area,200.0,2026-05-13T11:09:05+00:00,,,,,
https://visa.vfsglobal.com/kaz/en/aut/faq,200.0,2026-04-29T02:56:11+00:00,,,,,
https://www.thetrainline.com/en-us/via/europe/schengen-visa-explained-what-is-it-and-who-needs-one,200.0,,2024-08-28T15:01:35+00:00,2024-09-17T10:02:21+00:00,jsonld,jsonld,
https://adiseesworld.com/3-week-itinerary-in-australia/,200.0,2026-05-12T20:18:21+00:00,2024-06-04T09:23:10+00:00,2024-06-19T15:54:23+00:00,og,og,
https://etias.com/what-is-etias/differences-between-etias-and-schengen-visas,200.0,,,,,,
https://www.bontraveler.com/10-days-spain-itinerary/,200.0,2026-05-11T18:48:17+00:00,2025-03-05T22:16:10+00:00,2025-08-12T03:56:11+00:00,jsonld,jsonld,
https://en.wikipedia.org/wiki/List_of_districts_of_Bangkok,403.0,,,,,,
https://www.reddit.com/r/AfricaTravel/comments/1r5fz9c/best_safari_in_kenya_for_first_timers_who_want/,200.0,,,,,,
https://www.ricksteves.com/tours/spain/best-spain-tour,200.0,,,,,,
https://en.wikipedia.org/wiki/Arrondissements_of_Paris,200.0,2026-05-12T23:20:57+00:00,2004-11-16T14:58:49+00:00,2026-04-08T13:20:50+00:00,jsonld,jsonld,
https://media.chase.com/news/the-most-rewarding-cards-are-here,200.0,2026-05-05T20:52:49+00:00,,,,,
https://support.whoop.com/s/article/Chase-x-WHOOP-Partnership,200.0,2025-05-13T20:06:58+00:00,,,,,
https://brenontheroad.com/best-place-to-stay-in-bangkok-the-ultimate-guide/,200.0,,2019-01-08T14:38:50+00:00,2025-04-15T20:57:00+00:00,jsonld,jsonld,
https://www.hotels.com/go/thailand/most-popular-neighbourhoods-bangkok,429.0,,,,,,
https://valivingbali.com/bali-trip-guide-how-to-experience-bali-like-a-local-not-a-tourist/,200.0,,2026-02-06T15:26:10+07:00,2026-04-16T15:54:45+07:00,jsonld,jsonld,
https://wanderlog.com/list/geoCategory/149366/best-neighborhoods-to-see-in-bangkok,200.0,,,,,,
https://www.frommers.com/destinations/spain/suggested-itineraries/,200.0,2026-05-13T20:07:00+00:00,,,,,
https://faunaexplore.com/destinations/kenya,200.0,,,,,,
https://satiyabalitours.com/article/a-complete-guide-to-bali-traditional-villages-culture-craft-and-community,200.0,,,,,,
https://www.parisinsidersguide.com/paris-arrondissements.html,200.0,,2013-06-01T00:00:00,2026-03-29T00:00:00,jsonld,jsonld,
https://www.franceguide.info/paris/paris-neighbourhoods/,200.0,2026-05-13T19:08:11+00:00,2023-05-31T18:42:25+02:00,2025-02-23T18:33:36+01:00,jsonld,jsonld,
https://www.audleytravel.com/us/brazil/country-guides/best-of-brazil-for-a-first-time-visitor,403.0,,,,,,
https://www.roadsofadventuresafaris.com/blogs/top-10-most-famous-kenya-wildlife-safari-parks-to-visit-on-an-africa-safari,200.0,,,,,,
https://shebuystravel.com/first-timers-brazil-travel-guide/,200.0,2026-05-13T20:07:01+00:00,2026-01-11T22:55:21+00:00,2026-01-11T22:55:25+00:00,jsonld,jsonld,
https://worldinparis.com/paris-arrondissement-guide,200.0,2026-05-13T19:26:54+00:00,2020-12-04T23:05:24+00:00,2026-04-18T07:56:43+00:00,jsonld,jsonld,
https://www.midnightblueelephant.com/where-to-stay-in-bangkok/,200.0,,2026-01-05T11:54:44+02:00,2026-02-11T19:14:06+02:00,jsonld,jsonld,
https://www.kimkim.com/sc/thailand-10-day-tours,200.0,,,,,,
https://www.travelwithdestinationz.com/thailand-travel-blog,200.0,,,,,,
https://www.tourradar.com/n/thailand-10-day,200.0,2026-05-13T20:07:02+00:00,,,,,
https://www.japan-experience.com/preparer-voyage/dossiers/duree-voyage-japon,200.0,,,,,,
https://www.parisunlocked.com/paris-neighbourhoods/full-guide-to-paris-arrondissements-history-meaning/,202.0,,,,,,
https://www.thesmoothescape.com/10-days-in-brazil-itinerary/,200.0,,2021-01-23T02:03:05+00:00,2025-05-20T08:54:16+00:00,jsonld,jsonld,
https://www.travelstart.co.za/blog/brazil-travel-guide/,200.0,,2026-03-17T12:37:16+00:00,,jsonld,,
https://world.thaipbs.or.th/detail/thailand-leads-southeast-asia-in-times-world-greatest-places-2026/61102,200.0,,2026-04-22T13:32:19.245000+00:00,,jsonld,,
https://upgradedpoints.com/credit-cards/reviews/chase-sapphire-reserve/benefits-history/,200.0,2026-05-13T19:37:01+00:00,2026-05-07T20:00:00+00:00,2026-05-07T15:00:00-05:00,jsonld,time_tag,
https://etravelsim.com/blogs/updates/thailand-itinerary-for-10-days,200.0,,2026-01-02T18:52:00+00:00,2026-01-03T18:55:34+00:00,jsonld,jsonld,
https://wallethub.com/edu/cc/chase-sapphire-reserve-benefits/144626,403.0,,,,,,
https://www.forbes.com/advisor/credit-cards/chase-sapphire-reserve-benefits/,403.0,,,,,,
https://the-shooting-star.com/10-days-japan-itinerary/,200.0,2026-05-13T12:20:23+00:00,2025-02-12T05:30:00+00:00,2025-06-24T09:35:34+00:00,jsonld,jsonld,
https://www.securitymagazine.com/blogs/14-security-blog/post/89106-hotel-safety-tips-from-a-former-intelligence-officer,403.0,,,,,,
https://onemileatatime.com/reviews/credit-cards/chase/chase-sapphire-reserve/,200.0,2026-05-13T20:07:04+00:00,2026-05-04T12:09:21+00:00,2026-05-04T12:09:25+00:00,jsonld,jsonld,
https://chertseypharmacy.co.uk/essential-travel-vaccinations-for-2026/,200.0,,2026-04-27T07:33:10+00:00,2026-05-07T12:10:56+00:00,jsonld,jsonld,
https://thepointsguy.com/loyalty-programs/chase-ultimate-rewards-transfer-partners/,200.0,,2026-05-04T16:00:15+00:00,2026-05-04T16:00:42+00:00,jsonld,jsonld,
https://covertrip.com/travel-safety-tips/hotel-safety-tips,200.0,,2011-11-10T11:04:00+00:00,2022-02-13T23:29:15+00:00,jsonld,jsonld,
https://www.journohq.com/blog/20-tips-for-hotel-room-safety-security/,200.0,2026-05-13T15:48:21+00:00,2022-02-10T06:34:06+00:00,2022-10-11T16:34:02+00:00,jsonld,jsonld,
https://upgradedpoints.com/credit-cards/amex-membership-rewards-transfer-partners/,200.0,2026-05-11T15:44:12+00:00,2018-02-09T23:08:24+00:00,2026-05-11T15:44:12+00:00,jsonld,jsonld,
https://www.justia.com/family/divorce/alternatives-to-divorce/annulment/,403.0,,,,,,
https://www.investmentnews.com/fintech/americans-at-risk-of-a-probate-sucker-punch-warns-trust-will/255473,403.0,,,,,,
https://www.oflaherty-law.com/learn-about-law/marriage-annulment-in-illinois-explained-learn-about-law,200.0,2026-05-13T20:07:06+00:00,2024-10-25T20:54:13.991000+00:00,2024-10-25T20:54:13.991000+00:00,jsonld,jsonld,
https://www.aa.com/i18n/aadvantage-program/aadvantage-status/aadvantage-status-match.jsp,403.0,,,,,,
https://www.fastcompany.com/91183335/modernizing-probate-with-legal-tech-challenges-and-opportunities,403.0,,,,,,
https://www.goodhousekeeping.com/travel/travel-tips-and-planning/g66156963/things-you-should-check-for-in-a-hotel-room/,200.0,,2025-09-24T20:19:14.782938-04:00,2025-09-24T20:19:00+00:00,jsonld,og,
https://www.justluxe.com/community/top-10-safety-tips-for-hotels-vacation-rentals-8373/,200.0,2026-05-13T20:07:06+00:00,2025-03-31T20:20:16+00:00,2025-07-27T19:21:01+00:00,jsonld,jsonld,
https://www.illinoislegalaid.org/legal-information/i-want-my-marriage-annulled,200.0,,,,,,
https://www.divorcenet.com/resources/annulment/annulment-basics/illinois.htm,200.0,2026-05-13T20:07:06+00:00,2013-06-28T14:05:37-07:00,2022-06-07T10:52:00-07:00,jsonld,jsonld,
https://www.get-licensed.co.uk/safety-hub/hotel-safety-tips/,200.0,,2024-08-27T08:29:01+00:00,2024-08-29T11:24:59+00:00,jsonld,jsonld,
https://www.americanbar.org/groups/real_property_trust_estate/resources/probate-property/2025-september-october/technology-probate/,403.0,,,,,,
https://www.gibsondunn.com/new-executive-order-directs-agencies-to-default-to-fixed-price-contracting/,200.0,,2026-05-05T22:23:47+00:00,2026-05-05T22:23:50+00:00,jsonld,jsonld,
https://www.atclaw.com/blog/annulment-in-illinois,200.0,2026-05-13T20:07:07+00:00,,,,,
https://rufgill.medium.com/contract-lawyers-fees-how-are-they-calculated-by-jeremy-eveland-c1663c618c12,200.0,,2024-07-12T17:10:38+00:00,2024-07-12T17:10:38+00:00,jsonld,jsonld,
https://www.vasquezlawnc.com/blog/deportation-defense-rights,200.0,,2026-03-04T06:10:44.393000+00:00,2026-03-04T06:10:44.393000+00:00,jsonld,jsonld,
https://www.contractscounsel.com/b/business-contract-drafting-cost,200.0,,2025-07-01T11:02:07+00:00,2025-07-01T11:02:07+00:00,jsonld,jsonld,
https://www.swlaw.com/publication/fixed-price-contracts-will-dominate-government-contracting-after-new-executive-order-restructures-government-contracting-preferences/,200.0,,2026-05-05T22:02:14+00:00,2026-05-05T22:02:18+00:00,jsonld,jsonld,
https://www.maneygordon.com/blog/2025/november/deportation-defense-steps-you-can-take-to-protec/,200.0,,2025-11-02T00:00:00,2025-08-19T00:00:00,jsonld,jsonld,
https://www.findlaw.com/litigation/filing-a-lawsuit.html,200.0,2026-05-13T20:07:08+00:00,2016-04-04T10:47:05-05:00,2025-06-25T16:30:55-05:00,jsonld,jsonld,
https://employmentclassactions.foxrothschild.com/2026/03/cutting-ties-without-cutting-corners-best-practices-for-administering-mass-employee-layoffs/,200.0,2026-03-03T13:54:44+00:00,2026-03-03T13:30:46+00:00,2026-03-03T18:54:44+00:00,jsonld,jsonld,
https://www.fuerzalawyers.com/immigration-law/deportation-defense/,200.0,,,,,,
https://www.hinklaw.com/blog/the-basic-requirements-to-bring-a-lawsuit/,200.0,2026-05-13T20:07:08+00:00,2024-10-16T09:00:44+00:00,,jsonld,,
https://www.wilneroreilly.com/navigating-deportation-defense-options-in-u-s-immigration-law/,200.0,2026-05-13T18:59:06+00:00,2025-04-14T00:02:36+00:00,2025-04-14T00:02:38+00:00,jsonld,jsonld,
https://www.peoples-law.org/how-file-case,200.0,2026-05-13T20:07:08+00:00,2026-03-31T14:45:15-04:00,,time_tag,,
https://www.consumershield.com/articles/how-to-file-a-small-claims-lawsuit,200.0,2026-05-13T20:07:09+00:00,2025-11-12T14:16:26.294000+00:00,2025-11-12T14:16:26.294000+00:00,jsonld,jsonld,
https://shrr.com/news_events/civil-lawsuits-8-step-process/,200.0,2026-05-13T02:21:56+00:00,2023-03-13T16:23:14+00:00,2025-12-22T19:41:54+00:00,jsonld,jsonld,
https://www.faygrafton.com/the-deportation-defense-process-what-you-need-to-know/,403.0,,,,,,
https://www.civillawselfhelpcenter.org/self-help/lawsuits-for-money/pleading-stage-filing-a-complaint-or-responding-to-a-complaint/241-filing-a-complaint-to-start-your-case,200.0,2026-05-13T20:07:10+00:00,,,,,
https://www.daeryunlaw.com/us/practices/detail/how-to-file-a-civil-lawsuit,200.0,,2026-02-03T08:57:56.513000+00:00,2026-02-03T09:01:54.407000+00:00,jsonld,jsonld,
https://courtroom5.com/blog/how-to-file-a-lawsuit-by-yourself-a-simple-guide/,200.0,,2024-11-07T17:34:00+00:00,2024-11-08T05:54:54+00:00,jsonld,jsonld,
https://www.stoel.com/insights/publications/how-does-a-lawsuit-work-basic-steps-in-the-civil,200.0,,2012-01-24T00:00:00,,time_tag,,
https://www.dhollanderlaw.com/blog/what-are-the-essential-steps-in-business-formation/,200.0,2026-05-04T05:02:17+00:00,2025-02-18T00:00:00+00:00,,jsonld,,
https://www.uscourts.gov/about-federal-courts/types-cases/civil-cases,200.0,2026-05-13T18:50:06+00:00,,,,,
https://www.pauldcass.com/blog/the-importance-of-proper-business-formation-for-long-term-success/,200.0,2026-04-30T05:02:10+00:00,2025-08-22T00:00:00+00:00,,jsonld,,
https://blog.cscglobal.com/steps-to-entity-formation-a-corporate-legal-professionals-guide/,200.0,,2025-11-24T17:45:11+00:00,2025-12-15T15:35:02+00:00,jsonld,jsonld,
https://www.experian.com/blogs/ask-experian/what-is-chapter-7-bankruptcy/,200.0,2026-05-13T18:59:34+00:00,2026-03-13T00:00:00,2026-03-13T00:00:00,jsonld,jsonld,
https://upsolve.org/learn/should-i-file-for-chapter-7-bankruptcy/,200.0,2026-05-07T09:42:31+00:00,2019-01-11T07:27:52.190000+00:00,2026-01-14T21:14:18.974000+00:00,jsonld,jsonld,
https://firstprobateloans.com/the-future-of-estate-and-probate-law-how-to-begin-using-ai-in-your-practice/,403.0,,,,,,
https://www.jmuirandassociates.com/guide-to-efficient-corporate-formation,200.0,,2024-03-04T08:55:08+00:00,2024-11-27T00:34:15.502000+00:00,jsonld,jsonld,
https://www.dehlaw.com/texas-bankruptcy-guide/,200.0,2026-03-29T15:36:46+00:00,2026-03-22T21:13:15-05:00,2026-03-22T21:13:15-05:00,jsonld,jsonld,
https://www.cherylsdavislaw.com/practice-areas/chapter-7-bankruptcy-lawyer-texas/understanding-the-process/,403.0,,,,,,
https://herrinlaw.com/knowledge-center/what-is-the-maximum-income-for-chapter-7-in-texas/,202.0,,,,,,
https://www.leinartlaw.com/blog/timeline-for-chapter-7-bankruptcy/,200.0,,2026-01-05T11:27:37+00:00,,jsonld,,
https://www.justia.com/criminal/procedure/warrant-requirement/,403.0,,,,,,
https://marshackhays.com/blog/chapter-7-bankruptcy-timeline/,200.0,,2025-03-21T22:02:13+00:00,2025-04-04T21:10:07+00:00,jsonld,jsonld,
https://www.myrightslawgroup.com/blog/understanding-the-basics-of-arrest-warrants-and-search-warrants/,200.0,2026-05-13T19:09:53+00:00,2026-04-24T22:05:40+00:00,,og,,
https://www.dmca.com/FAQ/What-is-a-DMCA-Takedown,200.0,,,,,,
https://intercom.help/dmca/en/articles/857603-how-much-will-my-takedown-cost,200.0,,2025-04-30T19:49:00+00:00,2025-04-30T19:49:00+00:00,time_tag,jsonld,
https://www.lacriminaldefenseattorney.com/blog/2024/july/search-warrant-requirements-california/,200.0,,2024-07-05T00:00:00,2026-03-03T00:00:00,jsonld,jsonld,
https://www.americanbar.org/groups/real_property_trust_estate/resources/probate-property/2026-march-april/americas-demographic-shifts-reshaping-litigation-over-states/,403.0,,,,,,
https://dmcaforce.com/diy-vs-professional-dmca-takedown-services/,200.0,,2024-07-30T12:38:26+00:00,2024-12-06T23:15:36+00:00,jsonld,jsonld,
https://www.dmca.com/pricing.aspx,200.0,,,,,,
https://cjmdefense.com/blog/what-are-the-new-dui-laws-california/,403.0,,,,,,
https://bernsteininjurylaw.com/blog/how-much-does-it-cost-to-sue-someone/,200.0,,2022-11-29T23:17:36-08:00,2026-02-09T00:17:30-08:00,jsonld,jsonld,
https://www.law.cornell.edu/wex/search_warrant,200.0,2026-05-13T10:01:37+00:00,,,,,
https://hallinanlawfirm.com/california-dui-law-changes-2025-2026-explained/,200.0,,2025-12-11T08:00:29+00:00,2025-12-30T08:01:14+00:00,og,og,
http://judiciariesworldwide.fjc.gov/search-warrants,200.0,2026-03-31T18:00:57+00:00,,,,,
https://www.attorneydaniels.com/post/understanding-the-2026-texas-bankruptcy-income-limits-and-their-impact-on-filings-in-houston,200.0,,2026-02-09T18:37:34.899000+00:00,2026-02-09T18:37:34.899000+00:00,jsonld,jsonld,
https://www.tarmanlaw.com/blog/2026/january/california-traffic-dui-law-changes-taking-effect/,200.0,,,,,,
https://www.americanimmigrationcouncil.org/blog/protecting-immigrants-how-states-can-lead-in-2026/,403.0,,,,,,
https://www.findlaw.com/immigration/citizenship/the-basics-of-naturalization.html,200.0,2026-05-13T20:07:16+00:00,2022-08-19T07:42:46-05:00,2026-04-20T15:41:00-05:00,jsonld,jsonld,
https://www.ilrc.org/community-resources/critical-new-changes-immigration-appeals-process,200.0,2026-05-13T16:12:00+00:00,2026-02-09T12:00:00+00:00,,time_tag,,
https://www.nelsonandmarkslaw.com/blog/2026/january/new-year-same-charge-how-a-dui-from-last-holiday/,200.0,,2026-01-01T00:00:00,2025-12-17T00:00:00,jsonld,jsonld,
https://myattorneyusa.com/immigration-blog/deportation-and-removal/us-immigration-appeals/a-new-era-for-bia-appeals-in-2026-ten-day-notices-discretionary-merits-review-and-the-asylum-statutory-carve-out/,200.0,,2026-02-06T12:20:47+00:00,2026-02-08T11:53:08+00:00,jsonld,jsonld,
https://www.uscis.gov/citizenship/learn-about-citizenship/10-steps-to-naturalization,200.0,2026-05-13T19:40:13+00:00,2025-09-10T00:00:00,2025-09-10T00:00:00,og,og,
https://www.usa.gov/naturalization,200.0,2026-05-13T14:27:17+00:00,,,,,
https://www.boundless.com/immigration-resources/naturalization-explained,200.0,2026-05-13T19:15:21+00:00,2025-12-06T04:47:04.895000+00:00,2025-11-07T22:46:42.162000+00:00,jsonld,jsonld,
https://www.justia.com/immigration/naturalization-citizenship/risks-of-applying-for-citizenship/,403.0,,,,,,
https://oics.utdallas.edu/naturalization/,200.0,2026-05-13T19:45:12+00:00,,,,,
https://www.aila.org/library/think-immigration-why-every-immigration-attorney-should-consider-habeas-in-2026,200.0,,,,,,
https://saenzfirm.com/news-info-en/major-immigration-changes-2026-what-families-should-know/,200.0,,2026-01-15T02:37:10+00:00,2026-01-15T02:49:05+00:00,jsonld,jsonld,
https://www.bankrate.com/personal-finance/debt/what-can-creditors-take-in-a-bankruptcy/,200.0,,2020-12-07T05:00:00+00:00,2025-09-22T19:09:43+00:00,jsonld,jsonld,
https://freeatlastbb.com/blog/how-long-does-it-take-to-get-warrant/,200.0,,2025-09-22T23:20:12+00:00,2025-12-22T06:08:05+00:00,jsonld,jsonld,
https://www.webblawmaine.com/blog/how-long-does-it-take-to-get-a-search-warrant/,200.0,,2026-03-31T11:53:34-04:00,2026-03-31T11:55:42-04:00,og,og,
https://www.vasquezlawnc.com/blog/denaturalization,200.0,,2026-04-17T03:35:45.419000+00:00,2026-04-17T03:35:45.419000+00:00,jsonld,jsonld,
https://www.garfinkelimmigration.com/2024/06/12/tips-for-the-naturalization-process/,200.0,,2024-06-12T17:02:21+00:00,2025-04-07T19:11:13+00:00,jsonld,jsonld,
https://www.dynamisllp.com/knowledge/denaturalization-2026-guilty-plea-citizenship-risk,200.0,,2026-04-06T09:04:15-04:00,2026-04-06T17:50:38-04:00,jsonld,jsonld,
https://edpalermo.com/how-long-does-it-take-to-get-a-warrant/,200.0,2026-05-13T20:07:19+00:00,2023-04-20T16:35:11+00:00,,jsonld,,
https://www.johnzarych.com/the-process-of-search-warrant-approval-by-judges-in-new-jersey/,200.0,,2026-04-08T16:15:45+00:00,2026-05-07T15:19:47+00:00,jsonld,jsonld,
https://ragheblaw.com/blogs/what-are-the-common-reasons-for-citizenship-denial,200.0,,,,,,
https://bassettmurray.com/how-long-does-probate-take/,200.0,2026-05-13T20:07:19+00:00,2025-11-14T15:50:19+00:00,2025-12-26T15:53:13+00:00,jsonld,jsonld,
https://pmc.ncbi.nlm.nih.gov/articles/PMC9794174/,200.0,,,,,,
https://en.wikipedia.org/wiki/Veterans%27_benefits,403.0,,,,,,
https://loigica.com/how-do-i-apply-for-citizenship-in-us-5-mistakes/,200.0,,2026-03-06T15:39:37+00:00,2026-03-09T14:47:57+00:00,jsonld,jsonld,
https://waldronlawfirm.com/law-firm-blog/the-top-reasons-us-citizenship-applications-get-denied/,403.0,,,,,,
https://www.garfinkelimmigration.com/2025/10/01/understanding-the-recent-changes-to-the-u-s-citizenship-process/,200.0,,2025-10-01T18:55:31+00:00,,jsonld,,
https://brookslawfirm.com/blog/what-are-common-reasons-for-citizenship-denial/,200.0,,2025-09-10T17:57:38+00:00,2025-09-11T21:27:03+00:00,jsonld,jsonld,
https://smartasset.com/estate-planning/how-long-does-probate-take-in-michigan,200.0,,2024-09-30T17:20:04+00:00,2024-10-01T13:42:54+00:00,jsonld,jsonld,
https://www.vasquezlawnc.com/blog/citizenship-requirements-2026,200.0,,2026-03-04T04:11:17.341000+00:00,2026-03-04T04:11:17.341000+00:00,jsonld,jsonld,
https://www.pnas.org/doi/10.1073/pnas.2210467120,403.0,,,,,,
https://www.immi-usa.com/denial-of-citizenship/,200.0,2026-03-06T08:48:31+00:00,2026-01-08T09:28:00-05:00,2026-03-06T08:48:31-05:00,jsonld,jsonld,
https://acuity.co/tax-advantages-of-s-corp-election/,200.0,,2026-02-09T15:04:22+00:00,2026-04-15T06:48:18+00:00,og,og,
https://www.law.cornell.edu/wex/non-disclosure_agreement_(nda),200.0,2024-10-22T14:45:48+00:00,,,,,
https://yhbcpa.com/tax-consulting/evaluating-an-s-election-for-2026-considerations-for-business-owners/,200.0,,2025-12-19T16:34:27+00:00,2025-12-19T16:34:29+00:00,jsonld,jsonld,
https://richardson.law/breach-of-contract-statute-of-limitations/,200.0,,2026-04-30T21:01:50+00:00,2026-04-30T21:01:51+00:00,jsonld,jsonld,
https://www.harborcompliance.com/s-corp-election-deadline,200.0,,,,,,
https://www.afslaw.com/perspectives/alerts/breach-nda-duty-return-information-triggers-statute-limitations-trade-secret,200.0,2026-05-13T20:07:21+00:00,2019-05-09T00:00:00-05:00,2023-08-04T13:38:03-04:00,jsonld,jsonld,
https://herrerafirm.com/the-5-year-and-3-year-citizenship-rules-explained/,200.0,,2026-01-22T00:00:00,2026-02-17T17:21:05+00:00,jsonld,og,
https://terms.law/Calcs/statute-of-limitations-map/,200.0,,2026-01-01T00:00:00,2026-03-12T00:00:00,jsonld,jsonld,
https://www.onetrust.com/blog/gdpr-compliance/,200.0,2026-05-13T20:07:22+00:00,2025-12-17T11:53:38+00:00,2025-12-17T11:53:38+00:00,jsonld,jsonld,
https://www.reddit.com/r/privacy/comments/1p2tbq6/eu_proposes_gdpr_overhaul_redefining_personal/,200.0,,,,,,
https://mitsloan.mit.edu/ideas-made-to-matter/gdpr-reduced-firms-data-and-computation-use,200.0,2026-05-13T16:10:30+00:00,2024-09-10T10:25:22-04:00,2026-01-29T10:32:07-05:00,jsonld,jsonld,
https://policyreview.info/tags/issues/gdpr,200.0,,,,,,
https://goldentaxrelief.com/2026/01/07/s-corp-election-pros-and-cons-explained/,200.0,,2026-01-07T14:00:00+00:00,,jsonld,,
https://www.michaelbest.com/insights/u-s-supreme-court-revises-3-year-statute-of-limitations-for-copyright-infringement-damages/,200.0,,2024-05-10T00:00:00+00:00,2026-01-21T23:08:35+00:00,jsonld,jsonld,
https://www.divorcenet.com/resources/uncontested-divorce-california.html,200.0,2026-05-13T20:07:23+00:00,2013-12-10T11:50:11-08:00,2026-01-13T11:09:00-08:00,jsonld,jsonld,
https://quislex.com/services/data-breach/data-breach-notification-lists,200.0,2026-05-11T12:38:26+00:00,,,,,
https://www.foley.com/insights/publications/2026/03/state-data-breach-notification-laws/,200.0,,2026-03-04T19:26:00+00:00,2026-05-05T16:08:43+00:00,jsonld,jsonld,
https://larsonpatentlaw.com/copyright-registration-timing/,200.0,2026-05-13T19:10:32+00:00,2026-03-11T09:00:13-04:00,2026-03-11T09:00:13-04:00,jsonld,jsonld,
https://boutinjones.com/ive-been-waiting-seven-months-for-my-copyright-registration-is-my-creative-work-at-risk-of-an-infringement-suit/,200.0,,2019-10-11T22:13:18-07:00,2025-03-28T11:58:32-07:00,jsonld,jsonld,
https://www.skadden.com/insights/publications/2024/05/supreme-court-clarifies-that-copyright-damages-are-not-limited-to-three-years,200.0,,,,,,
https://www.johnsenlaw.com/post/why-buyers-should-limit-the-timeframe-of-confidentiality-in-ndas,200.0,,2025-07-23T20:48:17.476000+00:00,2025-08-28T23:33:37.692000+00:00,jsonld,jsonld,
https://www.thesafaricollection.com/destinations/kenya/,403.0,,,,,,
https://arapackelaw.com/trademarks/trademark-filing-cost/,200.0,2026-05-12T12:08:19+00:00,2025-12-05T09:49:19-05:00,2025-12-05T09:50:23-05:00,jsonld,jsonld,
https://www.techinsurance.com/cyber-liability-insurance/data-breach-notification-plan,200.0,,,2024-06-23T00:00:00,,jsonld,
https://www.naag.org/issues/consumer-protection/consumer-protection-101/privacy/data-breaches/,200.0,,2020-09-24T14:11:08+00:00,2021-07-14T17:06:42+00:00,jsonld,jsonld,
https://www.trademarkengine.com/blog/how-much-does-trademark-registration-cost/,200.0,2026-05-13T19:15:30+00:00,2026-04-12T23:28:49.977000+00:00,2026-04-12T23:28:48.579000+00:00,jsonld,jsonld,
https://havokjournal.com/culture/travel/eb-1-visa-application-denied-what-to-do/,429.0,,,,,,
https://www.borderlesscounsel.com/blog-news-and-updates/2026/1/9/trademark-filings-in-2026-what-changed-in-the-usptos-december-2025-tmep-update,200.0,,2026-01-09T17:00:32-05:00,2026-01-09T17:00:17-05:00,jsonld,jsonld,
https://howtostartanllc.com/reviews/best-registered-agent-services,200.0,2026-05-13T20:07:25+00:00,2024-02-16T13:26:53-05:00,2026-02-06T14:13:38-05:00,jsonld,jsonld,
https://trademarkcenter.uspto.gov/release-notes,200.0,2026-04-29T00:07:32+00:00,,,,,
https://boostsuite.com/best-registered-agent/corporation/,200.0,2026-05-13T10:32:25+00:00,2022-11-22T06:30:39-04:00,2025-09-10T00:22:00-04:00,jsonld,jsonld,
https://constitutioncenter.org/blog/do-presidential-pardons-remove-the-fifth-amendment-rights-of-recipients,200.0,2026-05-13T20:07:25+00:00,2025-01-23T00:00:00,,jsonld,,
https://www.lisonbeeimmigrationlaw.com/post/10-common-pitfalls-that-occur-during-the-eb-1a-petition-process-and-what-you-can-do-to-fix-them,200.0,,2025-10-30T17:28:25.935000+00:00,2025-10-30T17:28:25.935000+00:00,jsonld,jsonld,
https://www.tahmazianlaw.com/los-angeles-injury-lawyer/how-long-will-my-california-personal-injury-claim-take-to-settle,200.0,2026-05-13T20:07:26+00:00,,,,,
https://venturesmarter.com/best-registered-agent-services/new-york/,200.0,,2025-04-17T00:00:00,2026-04-29T00:00:00,jsonld,jsonld,
https://blog.ceartas.io/p/dmca-takedown-cost,200.0,2026-05-13T20:07:26+00:00,2025-12-18T17:48:43.408000+00:00,2026-02-02T15:41:47+00:00,jsonld,jsonld,
https://www.taylorwessing.com/en/insights-and-events/insights/2026/03/what-are-the-litigation-trends-in-2026,200.0,,,,,,
https://www.nixonpeabody.com/insights/videos/2026/02/09/cyber-insurance-trends-whats-shaping-the-2026-landscape,200.0,,2026-02-09T00:00:00,,jsonld,,
https://www.crews.bank/blog/estate-planning/all-about-trusts-how-tochoose-the-right-trust-for-your-needs,200.0,2026-05-07T09:12:06+00:00,2024-10-01T00:00:00,2024-10-01T00:00:00,jsonld,jsonld,
https://phillipslytle.com/news-events/rise-in-breach-of-contract-disputes-amid-rochesters-economic-uncertainty/,200.0,,,,,,
https://lainjuryattorneys.com/how-long-does-a-pi-case-take-in-ca/,200.0,,2026-03-28T07:13:05+00:00,2026-03-28T07:16:55+00:00,og,og,
https://www.lpl.com/investors/investment-essentials/estate-planning/revocable-vs-irrevocable-trusts-whats-the-difference.html,403.0,,,,,,
https://trademarkregistration.services/blog/best-trademark-registration-services-usa/,200.0,,2025-08-24T08:10:08+00:00,2026-04-21T18:29:19+00:00,jsonld,jsonld,
https://www.wiley.law/alert-Wileys-Cyber-Risks-and-Insurance-2026-Forecast,200.0,,,,,,
https://www.bankrate.com/personal-finance/debt/statute-of-limitations-on-debt/,200.0,,2020-01-20T05:00:00+00:00,2025-08-26T17:07:49+00:00,jsonld,jsonld,
https://wfjlawfirm.com/understanding-the-statute-of-limitations-on-debt-collection/,200.0,2026-05-13T09:25:05+00:00,,,,,
https://www.shepherdoutsourcingservices.com/blog/statute-limitations-debt-collections,200.0,2026-05-13T20:07:28+00:00,,,,,
https://www.merceradvisors.com/insights/trust-estate/what-is-a-revocable-trust-understanding-the-basics-of-living-trusts/,403.0,,,,,,
https://www.kazlg.com/understanding-the-statutes-of-limitations-on-debt-collection/,200.0,,2024-08-07T14:30:00+00:00,2024-10-04T13:53:34+00:00,jsonld,jsonld,
https://www.ltcfeds.gov/care-navigator/types-of-trusts-for-your-estate-which-is-best-for-you,200.0,,,,,,
https://www.postscanmail.com/blog/starting-an-llc-remote-founders-checklist-2026.html,200.0,2026-05-13T16:43:52+00:00,2025-12-29T00:00:00,2025-12-30T00:00:00,jsonld,jsonld,
https://www.usafis.org/what-happens-if-my-eb1-is-denied/,200.0,,2024-01-16T07:46:17+00:00,2024-01-16T07:48:15+00:00,jsonld,jsonld,
https://www.onetrust.com/blog/us-childrens-data-laws-and-consent-what-businesses-need-to-know-in-2026/,200.0,2026-05-13T20:07:29+00:00,2026-04-02T15:09:01+00:00,2026-04-02T15:09:01+00:00,jsonld,jsonld,
https://www.hunton.com/privacy-and-cybersecurity-law-blog/coppa-rule-amendment-compliance-deadline-approaches,200.0,,,,,,
https://www.mayerbrown.com/en/insights/publications/2026/02/ftc-issues-policy-statement-on-age-verification-technologies-under-coppa,200.0,,2026-02-26T00:00:00,2026-02-26T00:00:00,jsonld,jsonld,
https://www.gtlaw.com/en/insights/2026/3/ftc-signals-relaxed-coppa-enforcement-for-age-verification-technologies,200.0,,,,,,
https://www.womblebonddickinson.com/us/insights/alerts/overview-ftcs-2026-childrens-privacy-focus-expect-ongoing-if-not-more-attention,403.0,,,,,,
https://www.freshfields.com/en/our-thinking/blogs/a-fresh-take/a-new-era-for-child-online-privacy-updated-coppa-rule-and-maryland-kids-code-imp-102mop1,200.0,,,,,,
https://www.davispolk.com/insights/client-update/ftc-prioritizes-coppa-enforcement-new-compliance-obligations-take-effect,200.0,2026-05-08T13:51:01+00:00,2026-04-16T15:35:05,,time_tag,,
https://ginsburglawgroup.com/2026/02/your-guide-to-the-statute-of-limitations-on-debt/,200.0,2026-05-13T20:07:30+00:00,2026-02-12T14:40:41+00:00,2026-02-12T15:16:25+00:00,jsonld,jsonld,
https://www.journals.uchicago.edu/doi/abs/10.1086/261870,403.0,,,,,,
https://www.hunton.com/privacy-and-cybersecurity-law-blog/category/childrens-privacy,200.0,,,,,,
https://www.scu.edu/ethics/focus-areas/business-ethics/resources/who-should-pay-the-product-liability-debate/,200.0,2026-05-08T07:25:30+00:00,,,,,
https://www.federalregister.gov/documents/2025/04/22/2025-05904/childrens-online-privacy-protection-rule,200.0,,2025-04-22T00:00:00,,og,,
https://www.drakelawgroup.com/post/product-liability-lawsuits-holding-manufacturers-accountable-for-harmful-products,200.0,2026-05-13T20:07:31+00:00,,,,,
https://www.findlaw.com/forms/resources/living-will/living-will-vs-last-will-and-testament.html,200.0,2026-05-13T20:07:30+00:00,2022-12-06T21:45:48+00:00,2025-06-04T21:42:00+00:00,jsonld,jsonld,
https://www.aarp.org/caregiving/financial-legal/free-printable-advance-directives/,200.0,,,2025-06-02T03:59:05.486000-04:00,,meta,
https://www.cato.org/regulation/spring-2012/does-product-liability-make-us-safer,200.0,,,,,,
https://www.lawofficeofpollytatum.com/blog/living-will-vs-will-in-massachusetts-what-are-the-differences/,200.0,2026-05-13T13:04:35+00:00,2024-08-15T00:20:12,2025-04-08T14:37:00,jsonld,jsonld,
https://www.mayoclinic.org/healthy-lifestyle/consumer-health/in-depth/living-wills/art-20046303,403.0,,,,,,
https://www.findlaw.com/estate/living-will/living-will-basics.html,200.0,2026-05-10T10:44:51+00:00,2016-04-04T11:02:20-05:00,2025-09-02T10:30:00-05:00,jsonld,jsonld,
https://caseylundreganburns.com/living-wills-and-advance-healthcare-directives-lawyer/,200.0,2026-05-13T13:22:14+00:00,2023-02-23T22:37:16+00:00,2025-03-25T18:43:42+00:00,jsonld,jsonld,
https://www.jgwentworth.com/resources/what-is-time-barred-debt,200.0,2026-05-13T20:07:31+00:00,2025-04-09T15:34:16+00:00,2025-04-09T15:59:47+00:00,jsonld,jsonld,
https://usercentrics.com/knowledge-hub/childrens-online-privacy-protection-act-coppa/,200.0,,2026-04-29T07:13:00+00:00,,jsonld,,
https://termly.io/resources/articles/ccpa-vs-cpra/,200.0,2026-05-13T20:07:31+00:00,2025-02-06T00:00:00,2026-03-02T00:00:00,jsonld,jsonld,
https://www.findlaw.com/estate/planning-an-estate/intestate-succession-laws-by-state.html,200.0,2026-04-22T14:27:36+00:00,2017-08-14T17:06:19-05:00,2025-09-04T08:35:00-05:00,jsonld,jsonld,
https://www.law.cornell.edu/wex/intestate_succession,200.0,2026-05-13T10:02:28+00:00,,,,,
https://www.justia.com/estate-planning/wills/intestate-succession-rules/,403.0,,,,,,
https://www.a-lign.com/articles/cpra-vs-ccpa,200.0,2025-04-04T15:42:00+00:00,2021-05-04T13:44:40+00:00,2025-04-04T15:42:00+00:00,jsonld,jsonld,
https://www.gmdlegal.com/create-living-will/,202.0,,,,,,
https://trustandwill.com/learn/intestate-succession-by-state,200.0,,2025-03-21T07:17:15.191000+00:00,2025-11-04T13:51:51.735000+00:00,jsonld,jsonld,
https://www.mass.gov/info-details/massachusetts-law-about-health-care-proxies-and-living-wills,403.0,,,,,,
https://www.atticus.com/advice/general/are-disability-benefits-worth-it-heres-why-you-should-apply,200.0,,2024-04-17T00:00:00,2024-04-18T00:00:00,jsonld,jsonld,
https://www.antonelli-legal.com/faqs/new-york-rules-of-intestacy.cfm,200.0,,,,,,
https://www.alatsaslawfirm.com/library/intestate-succession-laws-in-new-york.cfm,200.0,,,,,,
https://en.wikipedia.org/wiki/Miranda_warning,200.0,2026-05-11T22:00:26+00:00,2001-04-13T19:16:20+00:00,2026-05-04T20:00:22+00:00,jsonld,jsonld,
https://www.metlife.com/stories/legal/how-to-make-a-living-will/,200.0,2026-05-13T20:07:32+00:00,,,,,
https://davidstanleylaw.com/all-there-is-to-know-about-miranda-rights/,200.0,2026-05-13T19:12:30+00:00,,,,,
https://ohiotiger.com/negatives-of-getting-social-security-disability/,403.0,,,,,,
https://rendelmanlaw.com/what-are-your-miranda-rights-and-why-are-they-important/,200.0,,2020-10-14T12:30:17+00:00,2025-12-03T20:23:54+00:00,jsonld,jsonld,
https://www.guardianlife.com/disability-insurance/long-term/vs-social-security,200.0,,,,,,
https://www.allsup.com/blog/five-reasons-to-apply-for-ssdi,200.0,,2018-12-11T00:00:00,,jsonld,,
https://www.thrivent.com/insights/disability-insurance/ssdi-pros-cons-how-it-compares-to-long-term-disability-coverage,200.0,,2024-04-03T00:00:00,2026-01-14T00:00:00,jsonld,jsonld,
https://www.reddit.com/r/SLO/comments/1akph56/jury_duty_what_are_your_tips/,200.0,,,,,,
https://www.ftc.gov/business-guidance/resources/data-breach-response-guide-business,200.0,2026-05-13T20:04:18+00:00,2019-04-29T15:17:09-04:00,2025-06-20T08:56:21-04:00,og,og,
https://www.vincenthugheslaw.com/blog/understanding-your-miranda-rights/,200.0,,,2026-05-13T07:33:00,,jsonld,
https://www.reddit.com/r/bayarea/comments/15k1kim/jury_duty_advice/,200.0,,,,,,
https://www.ftitechnology.com/resources/blog/a-guide-to-data-breach-reporting-obligations,200.0,2026-05-12T10:16:34+00:00,,,,,
https://www.rigneylawindy.com/four-important-facts-about-miranda-rights/,200.0,2026-05-12T07:33:25+00:00,,,,,
https://www.instructables.com/JURY-DUTY-How-to-get-your-walking-papers-and-othe/,200.0,,2011-01-05T00:00:00,2017-11-03T00:00:00,jsonld,jsonld,
https://classactionu.org/resources/data-breach-response-guide/,200.0,,2025-12-02T16:22:45+00:00,2026-05-08T13:10:44+00:00,jsonld,jsonld,
https://www.rocketlawyer.com/real-estate/landlords/eviction/legal-guide/alternatives-to-formal-eviction-can-help-landlords-save-both-time-and-money,200.0,,2021-08-03T20:45:00+00:00,2025-12-30T18:20:00+00:00,jsonld,jsonld,
https://www.savvywealth.com/blog-posts/pros-and-cons-of-irrevocable-trusts,200.0,2026-05-13T20:07:35+00:00,,,,,
https://www.rentecdirect.com/blog/alternatives-for-eviction/,403.0,,,,,,
https://www.findlaw.com/estate/trusts/irrevocable-living-trust.html,200.0,2026-05-06T21:01:05+00:00,2017-07-31T17:05:31-05:00,2025-07-24T12:33:00-05:00,jsonld,jsonld,
https://law.mykajabi.com/blog/alternatives-to-eviction-solutions-that-save-time-and-money,200.0,,,,,,
https://tamblynlaw.com/preparing-for-divorce-in-2026-financial-emotional-and-legal-steps-to-take-before-you-file/,403.0,,,,,,
https://www.stark-stark.com/news/revocable-vs-irrevocable-trusts-choosing-the-right-path-for-your-estate-plan/,200.0,,,2026-01-20T16:15:58+00:00,,og,
https://www.usbank.com/wealth-management/financial-perspectives/trust-and-estate-planning/types-of-trusts-which-should-i-choose.html,200.0,2026-05-13T20:07:36+00:00,2020-11-20T23:11:00+00:00,2020-11-20T23:11:00+00:00,og,og,
https://www.metlife.com/stories/legal/irrevocable-trust/,200.0,2026-05-13T20:07:36+00:00,,,,,
https://www.marble.co/blog/general/divorce/state-of-divorce-in-the-us-2026-the-numbers-behind-a-changing-institution,200.0,,2025-12-31T10:34:49.344000+00:00,2026-05-06T15:09:03.828000+00:00,jsonld,jsonld,
https://www.lasher.com/whats-in-and-whats-out-in-divorce-trends-for-2026/,200.0,,,,,,
https://www.brownfamilylaw.com/blog/divorce-and-family-law-trends-heading-into-2026/,200.0,,2026-02-20T09:22:31+00:00,2026-02-26T18:47:25+00:00,jsonld,jsonld,
https://cantrellfirm.com/blog/irrevocable-trusts-guide/,200.0,,2025-07-22T03:43:58+00:00,2025-10-30T16:36:09+00:00,jsonld,jsonld,
https://en.wikipedia.org/wiki/Common-law_marriage_in_the_United_States,200.0,2026-05-11T22:29:23+00:00,2008-01-10T23:01:38+00:00,2026-04-27T20:23:09+00:00,jsonld,jsonld,
https://www.lasslaw.com/news/2025/september/looking-ahead-key-divorce-law-trends-to-watch-in/,200.0,,2025-09-30T00:00:00,2026-01-21T00:00:00,jsonld,jsonld,
https://www.notanaccident.com/why-common-law-marriage-is-being-abolished-and-what-you-need-to-know-about-it/,200.0,,2016-05-16T15:21:43-04:00,2021-04-23T14:05:09-04:00,jsonld,jsonld,
https://www.connkavanaugh.com/articles-and-resources/basically-married-or-not-the-pitfalls-of-relying-on-common-law-marriage-for-estate-planning/,200.0,2026-05-13T20:07:38+00:00,2025-10-10T02:12:36+00:00,2025-10-10T02:23:18+00:00,jsonld,jsonld,
https://www.hhs.gov/hipaa/for-professionals/security/laws-regulations/index.html,403.0,,,,,,
https://www.courts.wa.gov/newsinfo/resources/?fa=newsinfo_jury.jury_guide,200.0,,,,,,
https://disabilitydenials.com/faqs/what-evidence-is-needed-for-a-disability-appeal/,200.0,,2025-05-29T11:21:56+00:00,2025-06-02T16:17:06+00:00,jsonld,jsonld,
https://smartasset.com/estate-planning/what-are-the-laws-for-intestate-succession,200.0,,2021-08-27T16:16:01+00:00,2023-05-27T22:04:00+00:00,jsonld,jsonld,
https://georgiadisabilitylawyer.com/blog/key-strategies-for-winning-ssdi-appeals-after-a-denial/,200.0,2026-05-12T05:02:04+00:00,2026-02-01T00:00:00+00:00,,jsonld,,
https://www.americandisabilityactiongroup.com/blogs/disability-appeal-process-what-to-expect-and-how-to-prepare/,200.0,,2025-07-25T07:47:36+00:00,2026-05-04T17:22:36+00:00,jsonld,jsonld,
https://www.hyperstart.com/blog/limitation-of-liability/,200.0,2026-05-13T19:11:17+00:00,2025-07-09T06:30:00+00:00,2026-04-01T05:13:46+00:00,jsonld,jsonld,
https://www.practicematch.com/physicians/articles/5-hipaa-violation-examples-and-how-to-avoid-them.cfm,200.0,,,,,,
https://www.iubenda.com/en/blog/what-is-a-limitation-of-liability-clause-heres-everything-you-need-to-know/,200.0,2026-05-13T14:51:28+00:00,2023-03-22T12:07:04+00:00,2025-03-24T13:49:38+00:00,jsonld,jsonld,
https://www.americanbar.org/groups/real_property_trust_estate/resources/estate-planning/living-wills-health-care-proxies-advance-directives/,403.0,,,,,,
https://www.taylorwessing.com/en/insights-and-events/insights/2023/06/uc-interpretation-of-limitation-of-liability-clauses,200.0,,,,,,
https://key2law.com/en/news/limitation-of-liability-how-far-can-you-go-without-losing-enforceability,200.0,,2025-09-26T00:00:00+03:00,2025-09-26T00:00:00+03:00,jsonld,jsonld,
https://www.emilyrubensteinlaw.com/blog/the-hidden-dangers-of-separation-emotional-financial-and-domestic-violence-risks-during-divorce,200.0,,2025-03-21T09:30:00-06:00,2025-03-18T12:50:16-06:00,jsonld,jsonld,
https://lawofficesofkarenkrausbill.com/social-security-disability-insurance/how-to-prepare-for-an-ssdi-appeal-hearing-tips-and-tricks/,200.0,,2023-11-10T20:31:21+00:00,2024-02-07T20:39:39+00:00,jsonld,jsonld,
https://www.remitly.com/us/en/landing/the-immigration-index,200.0,2026-04-08T13:39:37+00:00,,,,,
https://gastelumattorneys.com/disadvantages-of-filing-for-divorce-first-pt1/,403.0,,,,,,
https://www.accountablehq.com/post/hipaa-compliance-at-work-examples-of-violations-and-best-practices,200.0,,2024-03-29T09:00:00+00:00,2025-11-19T18:53:43+00:00,jsonld,jsonld,
https://www.kingsleynapley.co.uk/insights/blogs/corporate-and-commercial-law-blog/why-limitation-of-liability-clauses-deserve-more-attention-than-they-get,200.0,,2026-01-15T00:00:00,2026-01-19T00:00:00,jsonld,jsonld,
https://podorlaw.com/what-does-a-car-accident-lawyer-do-a-complete-guide-to-legal-representation-after-a-crash/,200.0,2026-05-13T20:07:41+00:00,2026-04-17T23:38:06+00:00,2026-04-17T23:38:10+00:00,jsonld,jsonld,
https://lawreview.uchicago.edu/print-archive/injury-equity-rise-future-stakes-settlements,200.0,,2025-05-29T12:00:00+00:00,,time_tag,,
https://rightlawyers.com/divorce-may-affect-health/,202.0,,,,,,
https://www.reddit.com/r/expats/comments/1onc9cv/worth_getting_a_greencard/,200.0,,,,,,
https://www.repository.law.indiana.edu/facpub/3071/,200.0,,,,,,
https://www.sba.gov/business-guide/launch-your-business/register-your-business,200.0,2026-05-13T20:07:41+00:00,,,,,
https://www.boundless.com/immigration-resources/green-card-benefits,200.0,2026-05-13T20:07:42+00:00,2026-04-28T21:14:26.036000+00:00,2026-04-28T15:47:51.735000+00:00,jsonld,jsonld,
https://www.lawoncall.com/business-formation/articles/start-a-corporation/,200.0,,2021-10-18T21:54:49+00:00,2026-03-23T23:12:50+00:00,jsonld,jsonld,
https://legal.thomsonreuters.com/en/insights/articles/how-to-start-a-corporation,200.0,2026-05-13T20:07:42+00:00,2024-02-20T18:30:00,,time_tag,,
https://immigrationhelpla.com/green-card-benefits/,200.0,,,,,,
https://www.wolterskluwer.com/en/expert-insights/starting-a-corporation,200.0,,2024-05-08T00:00:00+00:00,,jsonld,,
https://dfi.wi.gov/Pages/BusinessServices/BusinessEntities/FileOnline.aspx,200.0,2026-05-13T20:07:42+00:00,,,,,
https://www.findlaw.com/state/family-laws/details-on-state-requirements-for-divorce.html,200.0,2026-05-13T20:07:43+00:00,2016-03-31T21:34:53-05:00,2024-12-31T10:55:17-05:00,jsonld,jsonld,
https://eastbaylevinelaw.com/2026/03/which-states-recognize-common-law-marriage-your-2026-legal-guide/,403.0,,,,,,
https://www.adanvega.com/10-life-changing-benefits-of-green-card-you-need-to-know/,200.0,2026-05-13T19:17:52+00:00,2025-10-12T04:49:21+00:00,2026-03-18T03:37:37+00:00,jsonld,jsonld,
https://tenantsunion.org/rights/best-practices-and-tips-for-tenants,200.0,2026-05-01T22:49:20+00:00,2012-01-21T11:43:00+00:00,2020-05-15T19:10:07+00:00,jsonld,jsonld,
https://ag.ny.gov/resources/individuals/tenants-homeowners/tenants,200.0,2026-05-13T20:00:03+00:00,2026-03-05T12:00:00+00:00,,time_tag,,
https://gldlaw.com/the-pros-and-cons-of-a-green-card/,403.0,,,,,,
https://bwilliams.law/the-benefits-of-having-a-green-card/,200.0,,2024-10-30T12:17:49-04:00,2024-10-30T12:17:49-04:00,jsonld,jsonld,
https://www.reddit.com/r/COPYRIGHT/comments/17orm47/how_safe_is_it_to_post_something_without/,200.0,,,,,,
https://www.nyc.gov/content/tenantprotection/pages/,200.0,2026-01-28T16:46:46+00:00,,,,,
https://en.wikipedia.org/wiki/Copyright_registration,403.0,,,,,,
https://roctenantunion.org/tenantrights,200.0,,,,,,
https://www.justia.com/intellectual-property/copyright/registration/,403.0,,,,,,
https://www.copyright.gov/help/faq/faq-general.html,200.0,2026-05-01T15:50:11+00:00,,,,,
https://www.hoyerlawgroup.com/employment-law/the-family-and-medical-leave-act/,200.0,,2021-05-19T05:27:10+00:00,2025-10-21T16:52:55+00:00,jsonld,jsonld,
https://glickmanpc.com/blog/family-and-medical-leave-act-statute-of-limitations/,202.0,,,,,,
https://dworkenlaw.com/individuals-and-families/employment-law/fmla-claims/,200.0,2026-05-13T14:57:09+00:00,2021-02-15T14:30:00+00:00,2021-12-15T20:24:34+00:00,jsonld,jsonld,
https://legalatoms.com/tennessee/how-long-does-divorce-take-in-tennessee/,200.0,,2025-10-23T00:00:00,2025-12-22T00:00:00,jsonld,jsonld,
https://www.harborlaw.com/federal-copyright-registration-all-pros-and-no-cons/,200.0,2026-05-12T14:50:35+00:00,2015-10-08T18:57:05+00:00,2018-08-06T19:00:05+00:00,jsonld,jsonld,
https://travel.state.gov/content/travel/en/legal/visa-law0/visa-bulletin/2026/visa-bulletin-for-april-2026.html,200.0,2026-05-13T20:03:47+00:00,,,,,
https://www.traverselegal.com/blog/do-i-really-need-to-register-my-copyrights/,200.0,,2019-11-22T17:22:12+00:00,2024-07-29T21:29:07+00:00,jsonld,jsonld,
https://nelsonlawgrouppc.com/statute-of-limitations-defined/,200.0,2026-05-13T20:07:45+00:00,2018-05-09T14:37:03+00:00,2025-10-24T15:43:20+00:00,jsonld,jsonld,
https://www.nolo.com/legal-encyclopedia/options-if-you-cant-afford-chapter-7-bankruptcy-lawyer.html,200.0,2026-05-13T20:07:46+00:00,2012-09-11T10:40:58-07:00,2026-03-12T18:58:00-07:00,jsonld,jsonld,
https://www.hornwright.com/employment-law/fmla-retaliation/statute-of-limitations-for-fmla-retaliation/,200.0,,,,,,
https://pmc.ncbi.nlm.nih.gov/articles/PMC10408696/,200.0,,,,,,
https://pmc.ncbi.nlm.nih.gov/articles/PMC13106614/,200.0,,,,,,
https://www.rnlawgroup.com/green-card-rules-in-2026-essential-dos-and-donts-for-new-lawful-permanent-residents/,200.0,2026-05-13T20:05:48+00:00,2026-02-17T17:29:14+00:00,2026-02-17T20:26:50+00:00,jsonld,jsonld,
https://pmc.ncbi.nlm.nih.gov/articles/PMC9160317/,200.0,,,,,,
https://pmc.ncbi.nlm.nih.gov/articles/PMC12401125/,200.0,,,,,,
https://pmc.ncbi.nlm.nih.gov/articles/PMC2628513/,200.0,,,,,,
https://www.ohioattorneygeneral.gov/FAQ/Debt-collection-FAQs,,,,,,,"HTTPSConnectionPool(host='www.ohioattorneygeneral.gov', port=443): Max retries exceeded with url: /FAQ/Debt-collection-FAQs (Caused by ConnectTimeoutError(<HTTPSConnection(host='www.ohioattorneygenera"
https://www.uscourts.gov/court-programs/bankruptcy/bankruptcy-basics/chapter-7-bankruptcy-basics,200.0,2026-05-13T18:52:32+00:00,,,,,
https://news.wttw.com/2026/04/06/anjanette-young-renews-push-state-law-ban-no-knock-warrants-block-officers-pointing-guns,200.0,2026-05-13T19:49:42+00:00,2026-04-06T15:02:00,2026-04-10T11:28:00,jsonld,jsonld,
https://philalegal.org/resources/common-landlord-tenant-issues,200.0,,2021-01-13T12:00:56-05:00,2023-11-08T09:47:53-05:00,og,og,
https://www.thebankruptcysite.org/bankruptcy-process,200.0,2026-05-13T20:07:47+00:00,2010-06-07T14:33:53-07:00,2024-01-04T00:00:00-08:00,jsonld,jsonld,
https://journalofethics.ama-assn.org/article/medical-malpractice-reform-historical-approaches-alternative-models-and-communication-and-resolution/2016-03,200.0,2026-05-05T07:49:25+00:00,2007-04-01T12:00:00+00:00,,time_tag,,
https://renters.equalhousing.org/repairs-security-deposit/repairs/,200.0,2026-05-13T13:38:52+00:00,,,,,
https://www.nolo.com/landlord-tenant/options-when-landlord-refuses-major-repairs.html,200.0,,2012-01-11T17:52:34-08:00,2026-03-26T14:59:00-07:00,jsonld,jsonld,
https://nlsa.us/legal-resources/housing/repairs-to-a-rental-unit/,200.0,2026-05-13T20:07:48+00:00,2020-02-19T14:53:23+00:00,2021-09-22T16:58:05+00:00,jsonld,jsonld,
https://rentpost.com/resources/article/filing-complaint-against-landlord/,200.0,,2026-05-05T20:16:00-04:00,2026-05-06T03:54:51-04:00,jsonld,jsonld,
https://constitution.findlaw.com/amendment4.html,200.0,2026-05-13T20:07:48+00:00,2016-04-04T20:33:52-05:00,2024-08-01T13:48:52-05:00,jsonld,jsonld,
https://epic.org/issues/privacy-laws/fourth-amendment/,200.0,2026-05-13T20:07:48+00:00,,,,,
https://www.sandiegoelderlawandestateplanning.com/california-probate-a-complete-guide-requirements/,200.0,,2025-05-31T02:10:52+00:00,2025-10-20T23:51:13+00:00,jsonld,jsonld,
https://www.brennancenter.org/our-work/research-reports/section-702-foreign-intelligence-surveillance-act-fisa-2026-resource-page,200.0,2026-05-13T19:20:21+00:00,2026-03-16T13:45:45-04:00,,meta,,
https://www.ocelderlaw.com/understanding-the-probate-process-a-step-by-step-guide,200.0,2026-05-13T20:07:49+00:00,,,,,
https://www.techpolicy.press/congress-has-one-chance-to-require-a-warrant-its-about-to-miss-it/,200.0,,2026-04-27T12:44:05.831000+00:00,2026-04-27T12:47:15+00:00,jsonld,jsonld,
https://www.justia.com/military-law/disability-separation-and-retirement/choosing-dod-retirement-benefits-or-va-disability-compensation/,403.0,,,,,,
https://www.nationaldebtrelief.com/blog/debt-guide/bankruptcy/how-to-file-chapter-7-with-no-money/,200.0,,2025-04-23T12:15:00-05:00,,jsonld,,
https://ksmoprobate.com/blog/navigating-probate-top-dos-and-donts-for-a-smooth-process/,200.0,2026-05-10T16:41:52+00:00,2023-03-26T18:14:27+00:00,,jsonld,,
https://www.va.gov/resources/how-are-pension-benefits-and-disability-compensation-different/,200.0,,2022-10-12T00:00:00,,time_tag,,
https://www.bench.co/blog/tax-tips/s-corp-election,200.0,2026-05-13T20:07:50+00:00,2025-04-04T00:00:00,2024-12-20T00:00:00,jsonld,jsonld,
https://jagcpa.com/11-critical-s-corp-election-tips-to-avoid-irs-hassles/,429.0,,,,,,
https://www.heartlandlawfirm.com/probate/probate-survival-guide-expert-tips-for-executors-and-heirs/,200.0,2026-05-13T14:41:45+00:00,2024-05-19T18:27:54+00:00,2024-05-23T16:02:50+00:00,jsonld,jsonld,
https://www.harborcompliance.com/s-corp-tax-benefits,200.0,,,,,,
https://www.cocoon.com/blog/ada-reasonable-accommodations-nonleave-checklist,200.0,2026-05-13T20:07:50+00:00,,,,,
https://www.newamerica.org/insights/oti-signs-letter-urging-stronger-warrant-requirement-section-702-reform/,200.0,,2017-10-13T04:00:00+00:00,2026-02-17T04:07:55+00:00,jsonld,jsonld,
https://vabenefitslawgroup.com/the-difference-between-va-disability-and-pension-benefits/,200.0,,2025-08-28T09:43:26+00:00,2025-08-28T09:43:28+00:00,jsonld,jsonld,
https://drenenfs.com/s-corp-tax-strategies-maximize-savings/,200.0,2025-07-30T15:20:04+00:00,2024-12-01T19:16:38+00:00,2024-12-02T15:37:03+00:00,jsonld,jsonld,
https://www.trupphr.com/2022/managing-ada-accommodation-requests-reasonable-accomodations/,202.0,,,,,,
https://www.nolo.com/legal-encyclopedia/slip-fall-accidents-proving-fault-29845.html,200.0,2026-05-13T20:07:50+00:00,2011-10-10T15:36:25-07:00,2025-12-01T10:15:00-08:00,jsonld,jsonld,
https://www.thefloodlawfirm.com/blog/proving-fault-slip-fall-accident/,200.0,,2025-05-13T14:00:00+00:00,2025-05-16T07:11:33+00:00,jsonld,jsonld,
https://www.americanimmigrationcouncil.org/blog/justice-departments-end-immigration-appeals-deportations/,403.0,,,,,,
https://www.zreynalaw.com/what-is-a-slip-and-fall-case-everything-you-need-to-know-in-2026/,200.0,,2026-04-23T07:05:44+00:00,2026-04-23T11:29:05+00:00,og,og,
https://www.elkandelk.com/how-to-handle-a-slip-and-fall-settlement-without-a-lawyer/,200.0,,2025-10-02T19:09:03+00:00,2026-03-17T16:21:41+00:00,jsonld,jsonld,
https://hrcertification.com/blog/ada-accommodation-assessment-guide-biid1000328,200.0,,,,,,
https://www.agingcare.com/articles/understanding-which-assets-must-go-through-probate-138101.htm,200.0,,,,,,
https://www.dbbwc.com/blog/2025/january/what-you-have-to-prove-in-a-slip-and-fall-case/,200.0,,,,,,
https://www.finnegan.com/en/insights/articles/how-to-fast-track-patents-in-the-u-s-and-globally.html,200.0,,2015-11-03T00:00:00,,jsonld,,
https://www.makaremlaw.com/blog/2025/08/at-will-employment-vs-wrongful-termination-in-california-where-is-the-line/,200.0,,2025-08-25T15:12:06+00:00,2025-08-12T15:36:08+00:00,jsonld,jsonld,
https://www.metlife.com/stories/legal/what-is-probate/,200.0,2026-05-13T20:07:52+00:00,,,,,
https://www.patenthacks.com/resource/how-to-apply-for-a-patent/,200.0,,2021-01-13T16:58:25+00:00,2021-01-26T22:11:38+00:00,jsonld,jsonld,
https://kaushallawyers.com/how-to-prove-negligence-in-a-slip-and-fall-case/,200.0,,2025-09-19T11:03:08+00:00,2025-09-19T11:03:57+00:00,jsonld,jsonld,
https://abramsonlaborgroup.com/wrongful-termination-vs-at-will-employment-whats-the-difference/,200.0,,2025-04-01T09:00:00+00:00,2025-03-05T17:52:41+00:00,jsonld,jsonld,
https://www.lawinfo.com/resources/wrongfultermination/what-is-considered-wrongful-termination.html,200.0,2026-05-13T20:07:52+00:00,2023-05-17T16:33:52+00:00,2024-03-01T21:43:15+00:00,jsonld,jsonld,
https://lntriallawyers.com/blog/what-is-considered-wrongful-termination-in-california/,403.0,,,,,,
https://www.boundless.com/immigration-resources/the-h-1b-visa-explained,200.0,2026-05-13T19:19:08+00:00,2026-04-29T16:18:08.938000+00:00,2026-04-29T13:46:19.502000+00:00,jsonld,jsonld,
https://prodigyfinance.com/resources/blog/h1b-visa-guide/,200.0,2026-05-13T12:33:07+00:00,,,,,
https://www.uschamber.com/co/run/human-resources/sponsor-h1b-visas,200.0,,2026-03-31T15:55:08-04:00,2026-03-31T15:55:08-04:00,jsonld,jsonld,
https://adata.org/employment-resource-hub/guide-requesting-reasonable-accommodations,200.0,,,,,,
https://fynk.com/en/clauses/release-of-all-claims/,200.0,,,,,,
https://www.injurylawyers.com/blog/signing-settlement-release-consequences/,200.0,2026-05-13T20:07:54+00:00,2025-10-17T13:20:41-04:00,2026-04-27T05:01:17-04:00,jsonld,jsonld,
https://www.engels-janzen.com/blog/what-is-considered-wrongful-termination-in-california/,200.0,,2025-08-05T09:43:48+00:00,2026-04-24T13:27:59+00:00,jsonld,jsonld,
https://globallawcenters.com/blogs/visa/11-useful-tips-to-get-through-the-h1b-visa-process/,200.0,2026-05-13T20:07:54+00:00,2019-02-13T17:50:04+00:00,2019-02-13T17:50:04+00:00,jsonld,jsonld,
https://www.gozellaw.com/blog/2026-h1b-visa-lottery-fees-green-card,200.0,,,,,,
https://tracreports.org/reports/768/,200.0,2026-02-26T16:02:30+00:00,,,,,
https://gallowaylawfirm.com/postnuptial-agreements-why-couples-protect-their-futures-after-i-do/,200.0,,2025-05-19T13:16:49+00:00,2025-06-02T22:06:02+00:00,jsonld,jsonld,
https://legalaidatwork.org/factsheet/severance-agreement-and-release-of-claims-fact-sheet/,200.0,2024-10-18T19:37:20+00:00,,2024-10-18T19:37:20+00:00,,og,
https://www.dlapiper.com/en/insights/publications/accelerate/employee-other-service-provider-matters/breaking-up-is-hard-to-do,200.0,,,,,,
https://www.fordharrison.com/2026-h-1b-cap-lottery-registration-and-key-changes-to-selection-process,200.0,,,,,,
https://www.usa.gov/how-to-get-green-card,200.0,2026-05-13T14:27:17+00:00,,,,,
https://www.daeryunlaw.com/us/insights/deportation-defense-attorney-in-nyc,200.0,,2026-02-23T09:28:47.873000+00:00,2026-02-23T09:28:47.873000+00:00,jsonld,jsonld,
https://www.uscis.gov/green-card/green-card-processes-and-procedures,200.0,2026-05-13T19:32:59+00:00,2022-10-19T00:00:00,2022-10-19T00:00:00,og,og,
https://www.ssa.gov/news/en/cola/factsheets/2026.html,403.0,,,,,,
https://temeculadivorce.com/california-postnuptial-agreements-guide,200.0,,2026-03-04T00:00:00,2026-03-04T00:00:00,jsonld,jsonld,
https://gldlaw.com/deportation-defense-checklist-steps-to-take-before-its-too-late/,200.0,,2025-08-07T17:27:38+00:00,2025-12-22T21:05:06+00:00,jsonld,jsonld,
https://hdsa.org/disability-tips/understanding-the-2026-cost-of-living-adjustment/,200.0,,2025-11-20T18:32:29+00:00,2025-12-02T19:05:53+00:00,jsonld,jsonld,
https://www.aarp.org/social-security/cola-impact-on-disability-benefits/,200.0,,2023-10-17T17:44:00+00:00,2025-10-29T15:00:00+00:00,jsonld,jsonld,
https://www.nilc.org/resources/know-your-rights-expedited-removal-expansion/,200.0,,2025-01-24T00:00:00,2025-01-31T00:00:00,jsonld,jsonld,
https://provinziano.com/blog/the-complete-guide-to-postnuptial-agreements-in-california/,200.0,,2025-01-14T20:13:41-05:00,2026-03-28T02:05:02-04:00,jsonld,jsonld,
https://stopsoldiersuicide.org/news/veterans-qualifying-ssdi,200.0,,,,,,
https://michaelarmstronglaw.com/social-security-disability-benefits-pay-chart-guide/,200.0,2026-05-12T08:09:44+00:00,2026-02-08T11:30:09+00:00,2026-05-06T19:30:38+00:00,jsonld,jsonld,
https://www.americandisabilityactiongroup.com/blogs/social-security-disability-payment-chart/,200.0,,2025-11-21T08:56:13+00:00,2026-05-04T18:00:46+00:00,jsonld,jsonld,
https://www.moaa.org/content/benefits-and-discounts/pay-and-benefits/va-claims-and-benefits/other-va-benefits/,200.0,,2019-09-20T00:00:00,,og,,
https://specialneedsanswers.com/28-percent-increase-in-2026-for-ssi-and-ssdi-recipients-21275,200.0,,,,,,
https://www.hillandponton.com/social-security-disability-benefits-guide/,200.0,,,2025-01-03T14:24:53+00:00,,og,
https://www.affleckandgordon.com/blog/2020/december/va-disability-vs-social-security-disability/,200.0,,2020-12-05T00:00:00,2026-03-09T00:00:00,jsonld,jsonld,
https://disabilityhelpgroup.com/getting-both-social-security-and-va-veterans-disability-benefits/,200.0,,,,,,
https://www.reddit.com/r/PersonalFinanceCanada/comments/11tv5l5/what_was_your_experience_of_being_an_executor_of/,200.0,,,,,,
https://tabakattorneys.com/rating-veteran-disability-benefits/,200.0,2026-05-13T20:07:57+00:00,2017-07-04T14:27:24+00:00,,og,,
https://www.patientadvocate.org/explore-our-resources/preserving-income-federal-benefits/comparison-of-federal-vs-state-vs-private-disability-benefits/,503.0,,,,,,
https://www.interstride.com/blog/10-h-1b-benefits-and-how-to-take-advantage-of-them/,200.0,,2024-01-31T10:00:19+00:00,2024-06-27T21:44:12+00:00,jsonld,jsonld,
https://elderlawguidance.com/the-top-5-undiscovered-veterans-benefits-that-you-may-qualify-for/,200.0,,,,,,
https://www.fwd.us/news/h1b-visa-program/,200.0,,2025-01-27T00:01:35+00:00,,time_tag,,
https://internationaloffice.berkeley.edu/h-1b_faqs,200.0,2026-05-13T20:03:58+00:00,,,,,
https://www.immi-usa.com/h1b-visa/h1b-visa-benefits/,200.0,2026-02-06T11:52:16+00:00,,2026-02-06T16:52:16+00:00,,og,
https://www.nycbar.org/what-is-an-executor/,202.0,,,,,,
https://www.uspto.gov/trademarks/basics/strong-trademarks,200.0,,2021-02-17T02:04:30+00:00,2023-11-30T21:34:19+00:00,dc,dc,
https://www.eaglawgroup.com/blog/at-will-employment-california-employer-mistakes-2026/,200.0,2026-05-08T09:38:01+00:00,2026-05-08T09:23:57+00:00,2026-05-08T09:23:58+00:00,jsonld,jsonld,
https://www.uspto.gov/trademarks/basics/trademark-examples,200.0,,2021-02-17T02:01:22+00:00,2023-11-30T21:35:33+00:00,dc,dc,
https://blog.goodlord.co/renters-rights-bill-a-letting-agents-guide,200.0,2026-05-07T18:12:19+00:00,,,,,
https://www.actec.org/resource-center/video/should-i-serve-as-an-executor/,200.0,2026-05-13T14:20:54+00:00,2023-06-02T19:48:00+00:00,2023-11-13T13:36:51+00:00,jsonld,jsonld,
https://www.ourfamilywizard.com/blog/why-pay-child-support,200.0,2026-05-13T19:12:23+00:00,2019-06-20T08:00:44-05:00,2026-04-29T15:02:10-05:00,jsonld,jsonld,
https://www.ourfamilywizard.com/blog/reasons-child-support-modifications-increasing-decreasing-ceasing-payments,200.0,2026-05-13T17:56:11+00:00,2024-07-11T14:15:17-05:00,2026-04-29T15:03:04-05:00,jsonld,jsonld,
https://www.incorp.com/resources/knowledge-base/types-of-trademarks,200.0,,2026-02-09T00:00:00,2026-02-09T00:00:00,jsonld,jsonld,
https://www.clowneylaw.com/blog/california-at-will-employment-law/,200.0,,2024-08-07T19:47:23+00:00,2026-05-13T13:24:17+00:00,jsonld,jsonld,
https://www.metlife.com/stories/legal/executor-of-estate/,200.0,2026-05-13T20:08:00+00:00,,,,,
https://talkingparents.com/blog/child-support-adjustments,200.0,2026-05-12T13:06:41+00:00,2019-10-15T20:04:06,,jsonld,,
https://www.kennedyslaw.com/en/thought-leadership/article/2026/the-renters-rights-act-what-s-changing-what-it-means-for-landlords-and-how-to-mitigate-risks/,200.0,,2026-02-09T00:00:00,,jsonld,,
https://www.forbes.com/sites/stuartanderson/2026/05/11/new-immigration-restrictions-on-h-1b-visas-and-students-are-coming/,200.0,,2026-05-11T00:00:00,2026-05-11T00:00:00,og,og,
https://www.cdflaborlaw.com/blog/key-new-2026-employment-laws-for-california-employers,200.0,2026-05-13T20:08:01+00:00,,,,,
https://www.nycourts.gov/new-york-city-family-court/child-andor-spousal-support,403.0,,,,,,
https://www.nycbar.org/get-legal-help/article/family-law/child-support/,202.0,,,,,,
https://www.experian.com/blogs/ask-experian/what-is-child-support/,200.0,2026-05-13T18:59:34+00:00,2023-05-24T00:00:00,2023-05-24T00:00:00,jsonld,jsonld,
https://www.americanbar.org/groups/real_property_trust_estate/resources/estate-planning/probate-process/,403.0,,,,,,
https://bobbydodd.org/accommodations-at-work-101-what-they-are-and-how-to-do-them-right/,200.0,,2024-04-29T05:30:00-04:00,2025-03-19T16:15:33-04:00,jsonld,jsonld,
https://www.eeoc.gov/publications/ada-your-employment-rights-individual-disability,200.0,2026-05-13T18:46:43+00:00,,,,,
https://accessibility.harvard.edu/reasonable-accommodation-fact-sheet,200.0,2026-05-13T20:08:02+00:00,,,,,
https://www.securview.com/ai-security-essentials/data-breach-notification,200.0,2026-05-13T20:08:02+00:00,2026-05-07T09:43:05.702000+00:00,2026-05-07T09:43:05.702000+00:00,jsonld,jsonld,
https://www.dol.gov/general/topic/benefits-leave/juryduty,403.0,,,,,,
https://dvr.colorado.gov/business-services/americans-with-disabilities-act,200.0,2026-05-11T18:50:37+00:00,,,,,
https://www.eeoc.gov/laws/guidance/enforcement-guidance-reasonable-accommodation-and-undue-hardship-under-ada,200.0,2026-05-13T18:45:07+00:00,2002-10-17T12:00:00+00:00,,time_tag,,
https://commission.europa.eu/law/law-topic/data-protection/rules-business-and-organisations/obligations/what-data-breach-and-what-do-we-have-do-case-data-breach_en,200.0,,,,,,
https://www.westmorelandcountypa.gov/1569/Why-You-Are-Needed-for-Jury-Duty,200.0,2026-05-13T20:08:03+00:00,,,,,
https://www.nationalcivicleague.org/perks-of-jury-duty-research-says-it-boosts-civic-engagement/,200.0,,2024-12-01T15:28:37+00:00,2024-12-02T16:17:30+00:00,jsonld,jsonld,
https://inprimelegal.com/blog/what-are-the-most-common-trademark-classes/,200.0,,2022-02-10T11:16:00,2022-05-16T13:46:02,jsonld,jsonld,
https://www.idx.us/knowledge-center/8-ways-to-make-breach-notification-letters-effective,200.0,,,,,,
https://nmjfirm.com/justice/why-should-you-serve-on-a-jury/,403.0,,,,,,
https://jurorcalling.com/6-amazing-benefits-of-jury-duty/,202.0,,,,,,
https://www.forcepoint.com/blog/insights/tracking-global-data-protection-laws-2026,200.0,,2025-12-12T10:56:43-06:00,2026-05-12T14:22:54-05:00,og,og,
https://www.masudafunai.com/articles/an-overview-of-us-data-breach-notification-laws,200.0,,,,,,
https://www.reddit.com/r/investing/comments/17qzqxf/chapter_11_can_be_a_risky_buying_opportunity_when/,200.0,,,,,,
https://elrolaw.com/blog/pros-and-cons-of-chapter-11-bankruptcy-for-companies-in-financial-distress/,200.0,2024-04-01T10:55:53+00:00,2024-03-29T17:47:38+00:00,2024-04-01T17:55:53+00:00,jsonld,jsonld,
https://adata.org/factsheet/reasonable-accommodations-workplace,200.0,,,,,,
https://privacyrights.org/resources-tools/reports/data-breach-notification-laws-50-state-survey-2026-edition,200.0,2026-05-13T18:36:38+00:00,,,,,
https://berkencloyes.com/benefits-and-challenges-of-chapter-11-bankruptcy-what-you-need-to-know/,202.0,,,,,,
https://www.legalshield.com/blog/how-are-child-custody-arrangements-made,403.0,,,,,,
https://www.custodyxchange.com/locations/usa/colorado/process.php,200.0,,,,,,
https://www.weltman.com/publication-protecting-creditors-in-chapter-11-bankruptcy-top-3-takeaways,200.0,,,,,,
https://www.americanimmigrationcouncil.org/fact-sheet/asylum-united-states/,403.0,,,,,,
https://www.robinsonandhenry.com/blog/family-law/child-custody-in-colorado/,200.0,,2024-09-17T00:21:14.273000+00:00,2025-07-16T19:17:58.964000+00:00,og,og,
https://goldmanlaw303.com/how-to-file-for-child-custody-colorado/,200.0,2021-01-07T19:37:48+00:00,2019-10-31T23:44:43+00:00,2021-01-07T19:37:48+00:00,jsonld,jsonld,
https://www.pricefamlaw.com/how-to-file-for-child-custody-in-colorado/,200.0,,2024-09-07T21:11:55+00:00,2024-10-21T13:21:01+00:00,jsonld,jsonld,
https://leb.fbi.gov/articles/legal-digest/legal-digest-the-public-safety-exception-to-miranda,200.0,2026-05-13T20:08:05+00:00,2011-02-01T14:10:00+00:00,2017-09-25T13:54:49+00:00,jsonld,jsonld,
https://www.rescue.org/article/what-happens-once-asylum-seekers-arrive-us,200.0,2026-05-13T18:44:40+00:00,2024-06-03T13:57:19+00:00,2024-11-05T22:15:41+00:00,jsonld,jsonld,
https://www.uscis.gov/humanitarian/refugees-and-asylum/asylum,200.0,2026-05-13T19:46:50+00:00,2026-04-17T00:00:00,2026-04-17T00:00:00,og,og,
https://www.uscis.gov/humanitarian/refugees-and-asylum/asylum/the-affirmative-asylum-process,200.0,2026-05-13T19:34:21+00:00,2025-10-17T00:00:00,2025-10-17T00:00:00,og,og,
https://www.cfr.org/backgrounders/how-us-asylum-process-works,200.0,2026-05-13T20:08:05+00:00,2023-05-10T12:01:12-04:00,2026-05-05T11:00:19-04:00,jsonld,jsonld,
https://www.justia.com/criminal/plea-bargains/how-judges-review-plea-bargains/,403.0,,,,,,
https://www.nacdl.org/Article/May2016-FromthePresidentMirandav-Arizo,200.0,,,,,,
https://www.icmc.net/2025/11/26/legal-process-of-seeking-asylum/,200.0,2026-05-11T02:41:08+00:00,2025-11-26T18:33:29+00:00,2026-02-04T16:39:05+00:00,jsonld,jsonld,
https://www.aclu.org/news/criminal-law-reform/coercive-plea-bargaining-has-poisoned-the-criminal-justice-system-its-time-to-suck-the-venom-out,200.0,,2020-01-13T17:54:06+00:00,2023-07-17T18:05:10+00:00,jsonld,jsonld,
https://legaljournal.princeton.edu/the-unconstitutionality-of-modern-plea-bargaining-curbing-prosecutorial-vindictiveness/,200.0,,2025-02-17T17:04:58+00:00,2025-03-10T04:36:24+00:00,jsonld,jsonld,
https://nwlc.org/resource/fact-sheet-eeoc-complaint-process/,200.0,,2022-02-16T07:06:30+00:00,2026-03-09T18:43:45+00:00,jsonld,jsonld,
https://www.usa.gov/asylum,200.0,2026-05-13T14:27:11+00:00,,,,,
https://blog.frankcrum.com/what-does-eeoc-stand-for,200.0,2026-05-07T03:56:05+00:00,,,,,
https://emtrain.com/blog/diversity/how-to-file-an-eeoc-complaint-a-step-by-step-guide/,200.0,2025-11-04T09:08:48+00:00,2025-07-14T20:29:02+00:00,2025-11-04T17:08:48+00:00,jsonld,jsonld,
https://www.eeoc.gov/filing-charge-discrimination,200.0,2026-05-13T18:45:08+00:00,,,,,
https://www.reddit.com/r/explainlikeimfive/comments/18dp84x/eli5_how_does_small_claims_court_work/,200.0,,,,,,
https://www.eeoc.gov/what-you-can-expect-after-you-file-charge,200.0,2026-05-13T18:49:30+00:00,,,,,
https://www.eeoc.gov/federal-sector/overview-federal-sector-eeo-complaint-process,200.0,2026-05-13T18:47:52+00:00,,,,,
https://www.eeoc.gov/how-file-charge-employment-discrimination,200.0,2026-05-13T18:45:20+00:00,,,,,
https://www.ncsc.org/resources-courts/understanding-small-claims-court,200.0,2026-05-13T18:50:19+00:00,,2025-11-19T15:26:36-05:00,,jsonld,
https://www.metcalflawgroup.com/blog/guide-to-seeking-asylum-in-the-united-states-rights-process-and-pitfalls/,200.0,,2025-08-01T11:18:00+00:00,2026-01-07T16:06:52+00:00,jsonld,jsonld,
https://www.lawhelpny.org/resource/your-guide-to-small-claims-in-city-town-and-village-courts,200.0,,2018-09-05T09:21:26-04:00,2025-12-17T15:29:22-05:00,jsonld,jsonld,
https://worldpopulationreview.com/state-rankings/praxis-scores-by-state,200.0,2026-05-07T19:53:49+00:00,2026-05-07T19:28:59.130000+00:00,,jsonld,,
https://developers.google.com/blockly,200.0,2025-11-07T20:05:24+00:00,,,,,
https://www.techelevator.com/coding-isnt-just-technical-its-social-the-value-of-team-based-learning/,200.0,2026-05-13T20:08:08+00:00,2025-10-08T16:46:22-04:00,2025-10-08T16:46:22-04:00,jsonld,jsonld,
https://praxis.ets.org/states/about/overview-tests.html,200.0,,,,,,
https://www.mometrix.com/academy/praxis-test/,200.0,,2014-01-31T21:27:33-06:00,2026-03-17T15:37:00-05:00,jsonld,jsonld,
https://www.scoir.com/students/apply-with-scoir,200.0,2026-05-11T13:16:41+00:00,,,,,
https://scholar.smu.edu/law_faculty/475/,200.0,,,,,,
https://www.teacherstestprep.com/Praxis_exam,200.0,2026-05-13T20:08:09+00:00,,,,,
https://blog.prepscholar.com/coalition-application-college,200.0,2026-05-07T04:51:07+00:00,2020-06-26T20:00:00+00:00,2024-08-28T17:58:31+00:00,jsonld,jsonld,
https://www.softwareacademy.co.uk/coding-in-minecraft-how-does-minecraft-teach-coding/,200.0,,2026-01-26T09:07:03+00:00,2026-02-10T11:15:16+00:00,jsonld,jsonld,
https://legalaidnyc.org/get-help/consumer-debt-taxes/what-you-need-to-know-about-small-claims-court/,200.0,,2021-04-02T16:12:04+00:00,2026-05-12T17:50:29+00:00,jsonld,jsonld,
https://www.ivywise.com/blog/coalition-application-guide/,200.0,,2025-05-06T12:25:27+00:00,2025-05-06T12:25:46+00:00,jsonld,jsonld,
https://studentaid.gov/articles/dont-miss-out-on-pell-grants/,200.0,2026-04-30T19:47:37+00:00,,,,,
https://www.collegeessayguy.com/blog/coalition-app-counselor-guide,200.0,2026-05-13T20:08:10+00:00,2021-10-22T15:22:02-05:00,2026-03-16T17:13:59-05:00,jsonld,jsonld,
https://www.austincc.edu/financial-aid/4-tips-for-paying-for-college/,200.0,,2025-08-26T15:45:20-05:00,,time_tag,,
https://www.alliant.edu/blog/understanding-pell-grants-guide-maximizing-federal-aid,200.0,,2025-04-05T07:30:49+00:00,2026-03-24T22:15:54+00:00,jsonld,jsonld,
https://www.nu.edu/blog/federal-pell-grant-program/,200.0,2026-05-13T20:08:11+00:00,2018-10-24T01:42:31+00:00,2026-03-16T17:48:46+00:00,og,og,
https://research.com/advice/best-states-for-teaching-degree-graduates-salary-demand-career-opportunity,403.0,,,,,,
https://research.com/advice/teaching-degree-careers-ranked-by-salary-growth-and-work-life-balance,403.0,,,,,,
https://gbes.srvusd.net/Academics/Resources/Library/Finding-a-Just-Right-Book/What-does-Lexile-mean/,200.0,2026-03-13T17:03:49+00:00,,,,,
https://pernillesripp.com/2025/06/29/the-limitations-of-lexile-scores-and-what-to-use-as-well/,200.0,,2025-06-29T08:51:38+00:00,2025-06-29T08:51:38+00:00,og,og,
https://espylaw.com/what-to-expect-when-you-file-a-discrimination-claim-with-the-eeoc/,200.0,,2025-11-14T20:37:56+00:00,2025-12-09T20:39:26+00:00,jsonld,jsonld,
https://www.wgu.edu/blog/ell-student2207.html,200.0,2026-03-20T04:32:40+00:00,2022-07-07T00:00:00,2026-03-04T00:00:00,jsonld,jsonld,
https://howtochangethings.substack.com/p/is-teach-for-america-the-villain,200.0,,2025-06-29T18:44:13+00:00,2025-06-29T18:44:13+00:00,jsonld,jsonld,
https://study.com/academy/popular/how-to-register-for-the-praxis-exam.html,200.0,,,,,,
https://www.reddit.com/r/Teachers/comments/1k2b4yg/deciding_whether_to_accept_teach_for_america_offer/,200.0,,,,,,
http://www.cpreview.org/articles/2025/11/beyond-two-years-rethinking-teach-for-americas-true-impact,200.0,,2025-11-05T08:53:26-05:00,2025-11-05T08:53:27-05:00,jsonld,jsonld,
https://www.ussfcu.org/media-center/senate-cents-a-financial-wellness-blog/blog-detail.html?cId=55603&title=how-to-pay-for-college-8-expert-approved-tips,200.0,,,,,,
https://teachinglicense.study.com/praxis/praxis-score-requirements-by-state.html,200.0,,,,,,
https://en.wikipedia.org/wiki/Cornell_Notes,200.0,2026-04-29T12:42:47+00:00,2005-07-31T21:45:05+00:00,2026-03-14T10:07:12+00:00,jsonld,jsonld,
https://www.brookings.edu/articles/teach-for-america-is-shrinking-is-this-cause-for-celebration/,200.0,2026-05-13T20:08:13+00:00,2023-01-31T13:40:44+00:00,2024-10-25T14:40:10+00:00,jsonld,jsonld,
https://www.indeed.com/cmp/Teach-For-America/reviews,403.0,,,,,,
https://www.teachforamerica.org/corps/overview,200.0,2026-05-13T19:13:02+00:00,,,,,
https://www.teachforamerica.org/press/news-release/meta-analysis-shows-teach-for-america-teachers-have-consistent-and-significant-impact-on-student-learning,200.0,2026-05-13T15:30:47+00:00,2024-11-22T07:00:00-05:00,2026-01-23T13:44:38-05:00,jsonld,jsonld,
https://fpblog.fountasandpinnell.com/faq-friday-how-long-does-it-take-to-administer-the-benchmark-assessment-to-a-student,200.0,,2018-05-11T06:00:00-04:00,2024-09-11T21:01:53-04:00,jsonld,jsonld,
https://www.readingrockets.org/topics/english-language-learners/articles/extending-english-language-learners-classroom,200.0,2026-05-13T20:08:13+00:00,,,,,
https://blog.cengage.com/tips-taking-online-exams/,200.0,,2020-04-15T19:22:41+00:00,2025-01-28T16:42:38+00:00,jsonld,jsonld,
https://www.bankrate.com/loans/student-loans/what-is-a-pell-grant/,200.0,,2021-02-19T05:00:00+00:00,2025-09-28T14:50:21+00:00,jsonld,jsonld,
https://www.ucdenver.edu/student/stories/student-stories/online-learning-study-tips-habits,200.0,2026-05-13T16:34:34+00:00,,,,,
https://www.fountasandpinnell.com/faqs/intervention,200.0,,,,,,
https://www.straighterline.com/blog/tips-tricks-and-best-practices-for-acing-your-next-online-exam,200.0,,2024-09-30T08:45:00-04:00,2024-09-30T08:45:00-04:00,jsonld,jsonld,
https://www.fountasandpinnell.com/faqs/assessment,200.0,,,,,,
https://www.reddit.com/r/learnmath/comments/17nqq78/i_really_dislike_kahn_academy_but_i_want_to_get/,200.0,,,,,,
https://utulsa.edu/news/16-online-test-taking-tips/,200.0,2026-04-29T16:03:56+00:00,2020-10-05T18:14:20+00:00,2026-04-29T21:03:56+00:00,jsonld,jsonld,
https://www.salliemae.com/student-loans/private-student-loans/,200.0,2026-05-13T15:42:02+00:00,,,,,
https://codakid.com/coding-for-beginners/,200.0,2026-05-12T03:59:22+00:00,2018-10-03T19:41:29+00:00,2024-10-28T20:07:20+00:00,og,og,
https://trainingcamp.com/articles/is-comptia-security-worth-it-in-2026/,200.0,2026-05-01T22:30:10+00:00,2026-01-19T12:16:29-05:00,2026-01-27T12:41:45-05:00,jsonld,jsonld,
https://www.khanacademy.org/test-prep/mcat/x04f6bc56:welcome-to-the-mcat-course/x04f6bc56:about-the-mcat-and-how-to-use-this-course/a/intro-to-the-mcat,200.0,,,,,,
https://www.hmhco.com/blog/differentiated-instruction-strategies-examples,200.0,,2024-03-26T11:00:00-04:00,2025-05-27T14:48:10-04:00,jsonld,jsonld,
https://www.cbtnuggets.com/blog/technology/networking/best-comptia-certifications,200.0,,,,,,
https://www.hmhco.com/blog/differentiation-content-process-product-learning-environment,200.0,,2024-01-22T00:00:00,,meta,,
https://students-residents.aamc.org/prepare-mcat-exam/whats-mcat-exam-pdf-outline,200.0,2026-05-13T19:11:08+00:00,,,,,
https://gururo.com/top-10-reasons-to-earn-comptia-certifications/,200.0,2026-05-13T13:09:37+00:00,,,,,
https://goldusmlereview.com/blog/the-ultimate-step-2-ck-guide-best-resources-study-schedule/,200.0,2026-05-12T03:07:43+00:00,2026-01-28T15:20:00+00:00,2026-02-05T06:14:44+00:00,jsonld,jsonld,
https://finaid.org/loans/privatestudentloans/,200.0,,2020-03-05T20:48:13-08:00,2026-04-10T09:51:50-07:00,jsonld,jsonld,
https://mcatselfprep.com/how-the-mcat-prepares-you-for-medical-school/,200.0,2026-05-13T20:08:17+00:00,2021-01-13T07:23:32-07:00,2023-07-15T11:20:57-06:00,jsonld,jsonld,
https://www.coursera.org/enterprise/articles/what-is-a-mooc,200.0,,2025-05-01T14:52:00.609000+00:00,2025-05-01T14:52:00.609000+00:00,jsonld,jsonld,
https://pmc.ncbi.nlm.nih.gov/articles/PMC7381083/,200.0,,,,,,
http://www.dataprotection.ie/en/organisations/know-your-obligations/breach-notification,200.0,,,,,,
https://truelearn.com/resource-library/understanding-the-average-usmle-step-2-ck-score-what-students-should-know-for-2026/,200.0,,2025-12-08T16:40:31-05:00,2025-12-10T14:35:23-05:00,jsonld,jsonld,
https://www.topuniversities.com/blog/7-reasons-take-mooc,403.0,,,,,,
https://johnmikey.medium.com/unlocking-the-benefits-of-moocs-7-key-advantages-for-modern-learners-e97721685524,200.0,,2024-11-13T05:22:24+00:00,2024-11-13T05:22:24+00:00,jsonld,jsonld,
https://lifestance.com/services/testing-evaluation-504-iep-accommodations-eligibility/,403.0,,,,,,
https://adayinourshoes.com/study-skills-accommodations/,200.0,2026-05-13T20:08:18+00:00,2024-01-10T16:44:00-05:00,2025-05-24T11:51:45-04:00,jsonld,jsonld,
https://ed.psu.edu/academics/departments/department-curriculum-and-instruction/professional-development-school/resource-guide-working-esl-students,200.0,2026-05-13T15:11:50+00:00,,,,,
https://www.bestcolleges.com/resources/private-student-loans/,200.0,,,2026-02-20T00:00:00,,jsonld,
https://www.earnest.com/blog/how-to-improve-loan-application,403.0,,,,,,
https://www.salliemae.com/student-loan-guide/,200.0,2026-05-13T15:36:21+00:00,2026-01-27T00:00:00,,jsonld,,
https://elearningindustry.com/the-advantages-and-disadvantages-of-moocs-for-learning,200.0,,2023-09-15T15:00:06+00:00,2024-12-03T11:03:41+00:00,jsonld,jsonld,
https://thematchguy.com/top-high-yield-usmle-step-2-ck-topics/,202.0,,,,,,
https://www.sofi.com/learn/content/benefits-of-student-loans/,403.0,,,,,,
https://www.bankrate.com/loans/student-loans/types-of-private-student-loans/,200.0,,2022-04-13T04:00:00+00:00,2025-08-19T16:56:00+00:00,jsonld,jsonld,
https://www.act.org/content/act/en/students-and-parents/college-planning-resources/paying-for-college/federal-student-loans.html,200.0,2026-05-13T20:08:20+00:00,,,,,
https://www.infoprolearning.com/blog/advantages-and-disadvantages-of-moocs-massive-open-online-courses-for-learning/,200.0,,2023-11-22T09:48:17+05:30,2026-03-06T13:26:56+05:30,jsonld,jsonld,
https://www.credible.com/student-loans/federal-student-loan-benefits,403.0,,,,,,
https://blog.svu.edu/7-benefits-of-taking-out-an-undergrad-loan,200.0,2026-05-07T12:21:14+00:00,2025-08-29T14:00:00+00:00,2025-08-29T14:00:02.682000+00:00,jsonld,jsonld,
https://www.exam-labs.com/blog/the-right-science-knowledge-for-the-mcat,200.0,,2025-05-08T12:44:53+00:00,2025-12-17T10:43:10+00:00,jsonld,jsonld,
https://www.act.org/content/act/en/students-and-parents/college-planning-resources/paying-for-college/intro-to-pell-grants.html,200.0,2026-05-13T20:08:20+00:00,,,,,
https://www.1edcu.org/pros-and-cons-of-student-loans/,200.0,,2023-06-09T20:21:57+00:00,2026-03-31T17:26:47+00:00,og,og,
https://www.citizensbank.com/learning/what-is-a-pell-grant.aspx,200.0,,,,,,
https://studentaid.gov/understand-aid/types/grants/pell,200.0,2026-04-24T12:30:02+00:00,,,,,
https://content.next.westlaw.com/practical-law/document/Ibb0a5ee1ef0511e28578f7ccc38dcbee/Preparing-a-Data-Security-Breach-Notice-Letter?viewType=FullText&transitionType=Default&contextData=%28sc.Default%29,403.0,,,,,,
https://k21academy.com/aws-cloud/aws-certification-roadmap/,200.0,2026-05-13T10:03:10+00:00,2026-05-09T10:43:16+05:30,2026-05-09T15:59:06+05:30,jsonld,jsonld,
https://www.equifax.com/personal/education/loans/articles/-/learn/pell-grants/,200.0,,2024-02-23T00:00:00,2024-05-13T00:00:00,jsonld,jsonld,
https://www.chase.com/personal/banking/education/student/benefits-federal-student-loans,200.0,,2024-10-02T00:00:00,,jsonld,,
https://readinghorizons.com/news/integrated-literacy-instruction-2026/,200.0,2026-05-13T20:08:21+00:00,2026-02-11T18:16:50+00:00,2026-05-04T13:36:15+00:00,jsonld,jsonld,
https://www.naicu.edu/policy-advocacy/issue-briefs/pell-grants/,200.0,,,,,,
https://www.comptia.org/en-us/certifications/,200.0,2026-05-13T20:08:22+00:00,,,,,
https://readinghorizons.com/blog/the-literacy-list-2026/,200.0,2026-05-13T20:08:22+00:00,2025-12-19T22:04:26+00:00,2026-01-28T16:20:37+00:00,jsonld,jsonld,
https://www.acilearning.com/blog/the-most-in-demand-it-certifications-in-2026-and-who-they-re-best-for/,200.0,,,,,,
https://www.sallie.com/financial-aid/college-grants/pell-grant,200.0,,,,,,
https://www.manhattanreview.com/gre-basics/,200.0,,2026-02-20T00:00:00,,meta,,
https://www.ciat.edu/blog/it-certification-roadmap-2026/,200.0,,,,,,
https://vincekotchian.com/blog/gre/how-to-study-for-the-gre-a-beginners-guide/,200.0,,,,,,
https://www.ets.org/gre/test-takers/general-test/prepare.html,200.0,2026-05-13T17:20:09+00:00,,,,,
https://asmed.com/it-certifications-for-beginners-top-8picks-for-2026/,200.0,2026-05-13T15:47:16+00:00,2026-04-16T00:00:00,,time_tag,,
https://certwizard.com/blog/top-5-comptia-certification-to-pursue,202.0,,,,,,
https://www.kaptest.com/gre/what-is-the-gre,200.0,,,,,,
https://studentaid.gov/understand-aid/types/loans/plus/parent,200.0,2026-04-24T12:30:02+00:00,,,,,
https://www.mefa.org/article/important-changes-to-parent-plus-grad-plus-and-other-federal-college-loans/,200.0,,2025-09-24T02:38:33+00:00,2026-03-30T19:10:50+00:00,jsonld,jsonld,
https://www.ppsl.org/parent-plus-loans,200.0,,,,,,
https://en.wikipedia.org/wiki/Teach_for_America,403.0,,,,,,
https://www.njlawfirm.com/blogs/family-law/2026-05-11-recent-modifications-to-parent-plus-loans-what-families-need-to-know-in-2026,200.0,,,,,,
https://www.experian.com/blogs/ask-experian/changes-to-plus-program/,200.0,2026-05-13T18:58:23+00:00,2026-04-20T00:00:00,2026-04-20T00:00:00,jsonld,jsonld,
https://www.teachforamerica.org/corps/what-to-expect,200.0,2026-05-13T11:52:51+00:00,,,,,
https://financialaid.tcnj.edu/update-on-federal-loan-changes-beginning-in-2026/,403.0,,,,,,
https://www.fastweb.com/financial-aid/articles/grad-student-loan-changes-2026-plus-loan-phase-out,200.0,,2026-04-24T00:00:00,2026-05-13T00:00:00,jsonld,jsonld,
https://www.fastweb.com/financial-aid/articles/questions-about-qualifying-for-the-federal-parent-plus-loan,200.0,,2026-04-15T00:00:00,2026-05-13T00:00:00,jsonld,jsonld,
https://www.teachforamerica.org/apply/accepted-to-teach-for-america/family-and-friends,200.0,2026-05-13T12:37:07+00:00,,,,,
https://www.teachforamerica.org/about,200.0,2026-05-13T18:21:44+00:00,,,,,
https://www.teachforamerica.org/faqs/teacher-corps,200.0,2026-05-11T04:59:57+00:00,,,,,
https://www.reddit.com/r/TeachforAmerica/comments/uxcnur/what_does_teach_for_america_do_for_you/,200.0,,,,,,
https://www.teachforamerica.org/stories/5-things-young-professionals-should-know-about-joining-teach-for-america,200.0,2026-05-13T20:08:24+00:00,2024-02-12T07:00:00-05:00,2026-01-23T14:28:28-05:00,jsonld,jsonld,
https://www.cityyear.org/alumni-life/career-resources/career-partnerships/teach-for-america/,403.0,,,,,,
https://www.21kschool.com/us/blog/computational-thinking/,200.0,,2025-05-28T20:50:54+00:00,2026-04-27T12:47:38+00:00,jsonld,jsonld,
https://studentloanborrowerassistance.org/for-borrowers/dealing-with-student-loan-debt/loan-cancellation-forgiveness-bankruptcy/cancellation-forgiveness-options/pslf/,200.0,,2023-05-16T15:05:05-04:00,2025-12-22T17:35:21-05:00,jsonld,jsonld,
https://www.citizensbank.com/learning/how-the-one-big-beautiful-bill-act-affects-students.aspx,200.0,,,,,,
https://www.tateesq.com/learn/student-loan-rehabilitation-vs-consolidation,200.0,2026-05-12T22:12:26+00:00,2026-02-06T03:00:30,2026-02-06T17:49:55,jsonld,jsonld,
https://www.ed.gov/about/news/press-release/us-department-of-education-issues-proposed-rule-make-higher-education-more-affordable-and-simplify-student-loan-repayment,200.0,2026-05-13T19:32:50+00:00,2026-01-29T14:04:25-05:00,,time_tag,,
https://www.nclc.org/new-student-loan-repayment-rules-mean-higher-bills-and-more-time-in-debt-for-lowest-income-borrowers/,200.0,,2026-04-30T19:51:59+00:00,2026-04-30T19:55:27+00:00,jsonld,jsonld,
https://www.theschoolhouse.org/post/waldorf-early-childhood-education-approach,200.0,,2024-12-05T12:39:41.893000+00:00,2024-12-05T12:39:41.893000+00:00,jsonld,jsonld,
https://ticas.org/affordability-2/reconciliation-2025-borrower-faqs/,202.0,,,,,,
https://finaid.org/loans/publicservice/,200.0,,2020-03-05T20:52:39-08:00,2026-03-27T11:57:37-07:00,jsonld,jsonld,
https://waldorfmom.net/parenting/discipline-the-waldorf-way/,200.0,,2012-08-25T06:40:28+00:00,2017-10-25T12:50:29+00:00,og,og,
https://www.reddit.com/r/personalfinance/comments/tt0uac/rookie_question_why_not_always_refinance_a_loan/,200.0,,,,,,
https://www.joinprisma.com/blog/worldschooling,200.0,2026-05-13T13:59:38+00:00,2023-03-22T19:43:55+00:00,,jsonld,,
https://www.ncan.org/Web/Web/News/What-the-New-Federal-Student-Loan-Rules-Mean-for-Undergrads.aspx,200.0,,,,,,
https://phillywaldorf.com/blog/character-education-in-waldorf-schools,200.0,,2016-04-29T15:14:38-04:00,2021-11-30T14:20:25-05:00,jsonld,jsonld,
https://scholarshipsandgrants.us/high-school-seniors/css-profile/,200.0,,2026-02-21T16:23:12+00:00,2026-02-21T16:27:15+00:00,jsonld,jsonld,
https://www.waldorfeducation.org/waldorf-careers/,200.0,2026-02-24T10:52:57+00:00,2023-08-18T04:59:28+00:00,2026-02-24T18:52:57+00:00,jsonld,jsonld,
https://www.adamandlinds.com/blog/the-complete-guide-to-worldschooling-everything-parents-need-to-know/,200.0,,2025-07-06T09:02:42+00:00,2026-05-13T09:13:50+00:00,jsonld,jsonld,
https://learnspark.io/blog/how-to-worldschool,200.0,,,,,,
https://teach.com/careers/become-a-teacher/teaching-credential/teaching-certification-tests/,200.0,,2022-01-23T23:15:47+00:00,2025-11-16T04:47:44+00:00,jsonld,jsonld,
https://www.reddit.com/r/Sat/comments/ccvk1o/my_guide_to_self_studying_for_the_sat_how_i_got/,200.0,,,,,,
https://magoosh.com/praxis/teacher-certification-tests-praxis/,200.0,2023-09-28T13:40:08+00:00,2017-03-04T02:58:13+00:00,2019-01-30T03:28:40+00:00,jsonld,og,
https://pnfp.com/learning-center/personal-finance/home-ownership/don-t-make-these-5-refinancing-fumbles/,200.0,,,,,,
https://teachercertification.com/these-are-alternatives-to-teacher-licensing-requirements-across-16-states/,200.0,,,,,,
https://artofhomeschooling.com/top-tips-from-experienced-waldorf-homeschoolers/,200.0,,2019-02-13T21:16:46+00:00,2021-04-15T12:07:37+00:00,jsonld,jsonld,
https://magoosh.com/praxis/teacher-certification-without-the-praxis-test/,200.0,2023-09-28T13:40:08+00:00,2016-07-08T17:48:45+00:00,2019-01-31T01:40:46+00:00,jsonld,og,
https://hellowoodlands.com/discovery-school-of-innovation-to-launch-reggio-emilia-inspired-pre-k4-program/,200.0,,2026-01-06T17:20:35+00:00,2026-01-06T17:20:55+00:00,jsonld,jsonld,
https://www.hud.gov/helping-americans/avoiding-foreclosure,200.0,2026-05-12T14:20:14+00:00,,,,,
https://trustedcare.com/articles/reggio-emilia-method,200.0,2026-05-13T20:08:29+00:00,2026-05-01T00:00:00,2026-05-01T19:28:08.923000+00:00,time_tag,jsonld,
https://www.gcu.edu/blog/teaching-school-administration/what-blended-learning-definition-models-and-benefits,200.0,2026-05-13T20:08:30+00:00,2025-04-08T00:00:00+00:00,2026-02-17T23:41:14-07:00,jsonld,jsonld,
https://www.collegeadvisor.com/resources/coalition-application/,,,,,,,"HTTPSConnectionPool(host='www.collegeadvisor.com', port=443): Read timed out. (read timeout=20)"
https://www.kaptest.com/study/sat/5-must-know-sat-math-tips/,200.0,,,,,,
https://teachingcommons.stanford.edu/explore-teaching-guides/blended-teaching-guide/getting-started-blended-teaching/one-central-question,200.0,2026-05-11T18:52:08+00:00,,,,,
https://ace.edu/blog/blended-learning-in-classroom/,200.0,2026-05-11T13:48:32+00:00,2025-07-10T18:20:39+00:00,2026-05-11T17:48:32+00:00,jsonld,jsonld,
https://www.bornabackpacker.com/single-post/everything-you-need-to-know-to-worldschool-your-kids,200.0,,2023-02-20T20:33:59.533000+00:00,2023-11-15T06:02:27.749000+00:00,jsonld,jsonld,
https://charlesbuttfdn.org/innovation/understanding-the-different-blended-learning-models/,200.0,,2016-08-02T16:48:00+00:00,2023-02-25T07:15:02+00:00,jsonld,jsonld,
https://www.pearson.com/languages/community/blogs/2026-language-teaching-trends.html,200.0,2026-05-13T16:49:16+00:00,2025-12-12T00:00:00,2025-12-12T00:00:00,jsonld,jsonld,
https://blog.lxstudio.com/5-types-of-blended-learning-models,200.0,2026-05-07T03:59:00+00:00,2022-07-28T12:10:59+00:00,2025-12-04T19:43:53.822000+00:00,jsonld,jsonld,
https://blog.collegeboard.org/popular-ap-courses-grade,200.0,2026-05-13T18:29:44+00:00,2022-07-11T00:00:00,2023-12-05T00:00:00,jsonld,jsonld,
https://www.nwea.org/blog/2024/4-ways-to-address-test-taking-anxiety-with-special-education-students/,200.0,,2024-09-05T12:00:00+00:00,2024-10-02T19:03:08+00:00,jsonld,jsonld,
https://fiveable.me/easiest-ap-classes,200.0,,2025-01-01T00:00:00,2026-05-13T00:00:00,jsonld,jsonld,
https://exceptionallives.org/blog/5-tips-students-disabilities-prepare-tests/,200.0,,2023-04-19T15:00:00+00:00,2024-09-05T17:03:03+00:00,jsonld,jsonld,
https://www.watermarkinsights.com/resources/blog/federal-student-aid-college-effects-2025-beyond/,200.0,,2025-04-09T14:18:27+00:00,2025-09-15T15:40:49+00:00,jsonld,jsonld,
https://blog.collegevine.com/ap-classes-ranked-by-difficulty,200.0,,2025-06-18T00:00:00+00:00,,og,,
https://ticas.org/affordability-2/how-the-future-act-improves-the-federal-financial-aid-system/,202.0,,,,,,
https://www.tateesq.com/learn/how-to-apply-for-student-loan-forgiveness,200.0,2026-05-13T03:39:43+00:00,2026-03-31T01:52:02,2026-05-10T16:30:47,jsonld,jsonld,
https://www.edweek.org/teaching-learning/how-federal-changes-affect-english-learners-immigrant-students/2026/04,200.0,,2026-04-16T00:00:00,2026-04-16T00:00:00,jsonld,jsonld,
https://blog.collegevine.com/which-schools-use-the-coalition-application,200.0,,2022-06-07T00:00:00+00:00,,og,,
https://studentaid.gov/articles/student-loan-forgiveness/,200.0,2026-04-30T19:47:37+00:00,,,,,
https://www.tateesq.com/learn/income-driven-repayment,200.0,2026-05-12T22:25:06+00:00,2026-03-30T04:49:06,2026-04-01T11:49:44,jsonld,jsonld,
https://prepmaven.com/blog/applying/common-app-or-coalition-app/,403.0,,,,,,
https://www.collegeessayguy.com/blog/common-vs-coalition-application,200.0,2026-05-13T20:08:32+00:00,2022-03-17T14:33:33-05:00,2026-03-16T17:13:53-05:00,jsonld,jsonld,
https://www.calmu.edu/is-online-learning-here-to-stay-trends-insights-for-2026,200.0,2026-05-07T08:26:53+00:00,,,,,
https://ingeniusprep.com/blog/the-common-app-vs-the-coalition-application/,200.0,2026-05-13T20:08:32+00:00,2019-05-06T18:03:44+00:00,2025-09-10T15:43:06+00:00,jsonld,jsonld,
https://www.ed.gov/about/news/press-release/us-department-of-education-announces-final-rule-public-service-loan-forgiveness-protect-american-taxpayers,200.0,2026-05-13T19:29:46+00:00,2025-10-30T09:08:34-04:00,,time_tag,,
https://ccaeducate.me/blog/is-online-learning-the-future-of-education/,403.0,,,,,,
https://educationdata.org/student-loan-forgiveness-programs,200.0,,2021-07-30T21:12:36+00:00,2026-02-07T22:51:41+00:00,jsonld,jsonld,
https://iste.org/courses/introduction-to-computational-thinking-for-every-educator,200.0,2026-05-05T03:32:10+00:00,2023-05-08T09:27:00-07:00,2026-02-23T10:39:48-08:00,jsonld,jsonld,
https://thescholarshipsystem.com/blog-for-students-families/dual-credit-vs-dual-enrollment-complete-guide-to-choosing-the-right-program-for-your-high-school-student/,200.0,2026-05-11T14:46:47+00:00,2026-05-10T12:00:38+00:00,2026-05-07T09:34:31-04:00,jsonld,time_tag,
https://medium.com/@jackson1100/how-much-does-it-cost-to-make-an-artificial-intelligence-in-2026-49bd1be79581,200.0,,2025-12-24T14:28:08+00:00,2025-12-24T14:28:08+00:00,jsonld,jsonld,
https://learn.mit.edu/search?resource=16203,200.0,,,,,,
https://straitswaldorf.com/what-makes-a-waldorf-teacher-different/,200.0,,2025-07-08T20:33:21+08:00,2025-08-03T22:11:36+08:00,jsonld,jsonld,
https://brighterly.com/blog/homeschooling-statistics/,200.0,2026-05-13T13:19:01+00:00,2023-01-04T11:19:04+00:00,2026-05-08T19:27:54+00:00,jsonld,jsonld,
https://www.citizensbank.com/learning/student-loan-forgiveness.aspx,200.0,,,2026-01-26T00:00:01-05:00,,jsonld,
https://meetthearshads.com/guide-to-becoming-a-worldschooling-family/,200.0,,,,,,
https://www.umassglobal.edu/blog-news/debunking-myths-expert-insights-future-online-learning,200.0,2026-05-13T20:08:34+00:00,2017-06-21T07:00:00-07:00,2026-05-06T02:58:21-07:00,jsonld,jsonld,
https://www.salliemae.com/blog/student-loan-forgiveness-programs/,200.0,2026-05-13T15:40:07+00:00,2022-12-30T00:00:00,2025-01-08T00:00:00,jsonld,jsonld,
https://nelnet.studentaid.gov/content/forgivenessanddischarge,403.0,,,,,,
https://essentialsinwriting.com/top-10-homeschooling-trends-for-2026/,200.0,,2026-03-17T02:54:06-05:00,2026-04-29T02:57:53-05:00,jsonld,jsonld,
https://www.consumerfinance.gov/paying-for-college/student-loan-forgiveness/,403.0,,,,,,
http://www.aimspress.com/article/id/68d13584ba35de58686dab96,200.0,,,,,,
https://travelynnfamily.com/tips-for-worldschooling/,200.0,,2023-10-24T10:27:31+00:00,2025-11-30T05:11:54+00:00,jsonld,jsonld,
https://aimspress.com/article/id/69ce40c2ba35de31764cd90c,200.0,,,,,,
https://support.relay.edu/kb/article/358-what-is-student-loan-forgiveness/,200.0,,,,,,
https://www.frontiersin.org/journals/education/articles/10.3389/feduc.2026.1717283/full,200.0,,2026-03-03T00:00:00,2026-05-13T00:00:00,jsonld,jsonld,
https://www.experian.com/blogs/ask-experian/what-is-student-loan-forgiveness/,200.0,2026-05-13T18:59:42+00:00,2023-09-22T00:00:00,2023-09-22T00:00:00,jsonld,jsonld,
https://www.synovus.com/personal/resource-center/managing-your-finances/coming-changes-to-student-loan-payments/,200.0,,2025-09-10T00:00:00,2026-02-26T00:00:00,jsonld,jsonld,
https://www.nea.org/your-rights-workplace/student-debt-support/faqs,200.0,2026-05-13T19:40:30+00:00,,,,,
https://hallford.education/future-of-online-education-next-5-years/,200.0,,2024-12-01T15:32:09+08:00,2025-10-18T21:16:22+08:00,jsonld,jsonld,
https://money.com/repayment-assistance-plan-student-loans-guide/,200.0,,2026-05-07T14:34:22+00:00,2026-05-07T14:34:22+00:00,jsonld,jsonld,
https://www.studentdebtcrisis.org/post/navigating-student-loan-changes-what-borrowers-need-to-know,200.0,,2026-03-26T05:00:00+00:00,2026-04-06T17:47:18.161000+00:00,jsonld,jsonld,
https://library.iated.org/view/FENG2026EME,200.0,,,,,,
https://www.federalreserve.gov/econres/notes/feds-notes/debt-payments-and-spending-evidence-from-the-2023-student-loan-payment-20250905.html,200.0,2026-02-26T22:29:33+00:00,,,,,
https://amberton.edu/2025/07/21/why-lifelong-learning-is-the-key-to-career-survival-in-the-modern-world/,200.0,,2025-07-21T18:20:03+00:00,2025-07-21T18:49:59+00:00,jsonld,jsonld,
https://www.reddit.com/r/ApplyingToCollege/comments/y5inch/i_accidentally_submitted_an_uncompleted/,200.0,,,,,,
https://www.nber.org/papers/w33553,200.0,,2025-03-06T12:00:00+00:00,,time_tag,,
https://www.excel-communications.com/blog/why-lifelong-learning-is-the-closest-thing-to-job-security-in-2026,200.0,2026-05-07T15:34:58+00:00,2026-02-24T16:59:37+00:00,2026-02-25T14:39:30.334000+00:00,jsonld,jsonld,
https://www.uc.edu/blog/4-reasons-to-become-a-lifelong-learner-for-the-new-year.html,200.0,2026-05-13T15:50:56+00:00,2026-01-05T00:00:00,2026-01-05T00:00:00,jsonld,jsonld,
https://blog.eduonix.com/2026/01/shift-from-courses-to-continuous-learning-2026/,200.0,,2026-01-05T09:36:08+00:00,,jsonld,,
https://www.bankrate.com/loans/student-loans/direct-plus-loans-under-fire/,200.0,,2025-04-16T23:37:26+00:00,2025-04-17T23:35:19+00:00,jsonld,jsonld,
https://studentloanborrowerassistance.org/problem-parent-plus-loans/,200.0,,2013-09-19T16:52:09-04:00,2023-01-05T19:22:58-05:00,jsonld,jsonld,
https://www.nasfaa.org/news-item/26254/Parent_PLUS_Loan_Packaging_Comes_Under_Scrutiny,200.0,,,,,,
https://www.newamerica.org/insights/subprime-plus-loan-crisis-dozens-of-universities-steer-low-income-families-to-debt-they-cant-afford/,200.0,,2026-02-12T05:00:00+00:00,2026-03-20T18:59:19+00:00,jsonld,jsonld,
https://www.brookings.edu/articles/capping-the-wrong-problem-why-parent-plus-loan-limits-may-miss-the-mark/,200.0,2026-05-13T20:08:41+00:00,2025-09-24T11:05:01+00:00,,jsonld,,
https://www.bas.msstate.edu/news/2024/11/curiousity-success-why-we-all-should-embrace-lifelong-learning,200.0,2026-05-13T07:35:13+00:00,2024-11-21T08:17:34-06:00,2025-08-20T05:53:28-05:00,og,og,
https://www.uvws.org/news/waldorf-education-a-childhood-without-algorithmsnbsp,200.0,,2025-02-25T15:24:00-05:00,2025-08-12T15:25:03-04:00,jsonld,jsonld,
https://www.collegecost.org/the-pros-and-cons-of-parent-plus-loans/,200.0,,,,,,
https://www.publicwaldorf.org/resources-and-articles,200.0,,,,,,
https://www.reddit.com/r/GMAT/comments/1n26q8q/why_rushing_gmat_prep_leads_to_burnout_and_how_to/,200.0,,,,,,
https://www.migso-pcubed.com/blog/project-management-certifications/the-top-10-certifications-for-project-managers/,403.0,,,,,,
https://ies.ed.gov/use-work/evaluations/changes-parent-plus-borrowing-and-repayment-following-shifts-program-provisions,200.0,2026-05-13T20:08:41+00:00,,,,,
https://www.gosolutions.com/blog/5-education-trends-shaping-2026-and-what-leaders-can-do-now/,200.0,,2026-01-06T18:04:59+00:00,2026-02-19T18:41:59+00:00,jsonld,jsonld,
https://tcf.org/content/report/parent-plus-borrowers-the-hidden-casualties-of-the-student-debt-crisis/,200.0,,2022-05-31T05:58:34+00:00,2022-05-31T14:14:03+00:00,jsonld,jsonld,
https://www.waldorfeducation.org/news/,200.0,2026-04-06T15:10:55+00:00,2023-10-03T03:52:03+00:00,2026-04-06T22:10:55+00:00,jsonld,jsonld,
https://global.nmsu.edu/blog/education/emerging-trends-in-special-education/,200.0,,2026-01-27T08:01:08+00:00,2026-02-04T21:21:04+00:00,jsonld,jsonld,
https://www.coursera.org/articles/a-guide-to-pmi-certifications,200.0,,2021-03-30T17:30:25.537000+00:00,2025-11-14T22:50:55.461000+00:00,jsonld,jsonld,
https://www.reddit.com/r/TransitionToPMCareers/comments/1krsnek/best_project_management_certification_for_2025/,200.0,,,,,,
https://www.khanacademy.org/khan-for-educators/resources/students/resources-for-students/a/seven-tips-for-making-the-most-out-of-khan-academy,200.0,,,,,,
https://www.lsac.org/lsat/prep,200.0,2026-05-13T20:07:12+00:00,,,,,
https://blog.targettestprep.com/gmat-burnout/,200.0,,2026-01-13T16:46:45-07:00,2026-01-13T20:08:11-07:00,jsonld,jsonld,
https://www.participatelearning.com/blog/positive-impacts-of-dual-language-programs/,200.0,,2025-08-29T19:12:14+00:00,2025-08-29T19:12:15+00:00,jsonld,jsonld,
https://publications.csba.org/issue/fall-2024/california-embraces-bilingual-education/,200.0,,2024-11-12T22:45:02+00:00,2024-11-21T20:20:08+00:00,og,og,
https://www.seal.org/news/dual-language-education,200.0,2026-05-13T20:08:44+00:00,,,,,
https://www.ednc.org/perspective-why-north-carolinas-language-programs-are-the-secret-to-our-economic-future/,200.0,,2025-09-03T21:30:00+00:00,,jsonld,,
https://studentloanborrowerassistance.org/for-borrowers/dealing-with-student-loan-debt/repaying-your-loans/payment-plans/income-driven-repayment/,200.0,,2023-05-16T13:55:04-04:00,2025-10-27T19:42:31-04:00,jsonld,jsonld,
https://calmatters.org/education/k-12-education/2025/03/bilingual-education-2/,429.0,,,,,,
https://teflinstitute.com/blog/esl-teaching-trends-2025-methods-that-work/,200.0,2026-05-13T13:55:41+00:00,2026-04-07T00:26:56+00:00,2026-04-07T00:26:56+00:00,jsonld,jsonld,
https://www.realcleareducation.com/articles/2026/05/11/how_the_charter_school_idea_reshaped_public_education_from_boutique_to_baseline_1182117.html,200.0,2026-05-12T00:19:42+00:00,2026-05-11T19:15:54-05:00,2026-05-11T19:15:54-05:00,jsonld,jsonld,
https://tefl-tesol-certification.com/blog/the-future-of-teaching-english-elt-trends-ai-and-new-skills-for-modern-teachers,200.0,,2026-03-07T14:46:39+00:00,2026-04-26T19:40:57+00:00,jsonld,jsonld,
https://www.reddit.com/r/scholarships/comments/1n20dzr/college_scholarships_whats_the_smartest_way_to/,200.0,,,,,,
https://blog.collegevine.com/how-to-get-merit-scholarships,200.0,,2020-09-01T00:00:00+00:00,,og,,
https://bigfuture.collegeboard.org/pay-for-college/get-help-paying-for-college/scholarships-grants-institutional-aid/how-to-find-and-apply-for-scholarship,200.0,2026-05-12T17:37:18+00:00,,,,,
https://www.collegeessayguy.com/blog/merit-scholarships,200.0,2026-05-13T20:08:46+00:00,2025-01-24T00:53:29-06:00,2026-03-16T17:10:16-05:00,jsonld,jsonld,
https://www.reddit.com/r/PSLF/comments/1r77cci/save_ending_and_new_idr_rollout_in_2026_trying_to/,200.0,,,,,,
https://www.vinsys.com/blog/pmi-certifications-for-project-management-career,200.0,,,,,,
https://www.sallie.com/scholarships/types/merit-based,200.0,,,,,,
https://www.pheaa.org/tools-resources/how-obbba-impacts-student-loans/repayment-and-forgiveness,200.0,2026-05-12T14:28:03+00:00,,,,,
https://www.credible.com/refinance-student-loans/student-loan-forgiveness-programs,403.0,,,,,,
https://www.bestcolleges.com/blog/platforms-for-online-courses/,200.0,,,2023-03-21T00:00:00,,jsonld,
https://alumni.cornell.edu/cornellians/cornell-notes/,200.0,,2022-07-29T13:32:33+00:00,2022-11-07T21:11:03+00:00,jsonld,jsonld,
https://www.studentloanplanner.com/student-loan-forgiveness/,200.0,2026-05-13T16:13:38+00:00,2026-02-20T12:00:21+00:00,2026-02-20T12:00:25+00:00,jsonld,jsonld,
https://finaid.org/loans/forgiveness/,200.0,,2020-03-05T20:50:18-08:00,2026-03-27T11:52:32-07:00,jsonld,jsonld,
https://www.cultivatedmanagement.com/the-cornell-note-taking-method/,200.0,,2023-01-14T12:43:29+00:00,2026-04-17T15:56:01+00:00,jsonld,jsonld,
https://yaayplanners.com/tutorials-tips/5-benefits-of-using-a-cornell-notes-template-for-note-taking/,200.0,2026-05-06T15:03:40+00:00,2023-09-03T04:04:03+00:00,2023-09-03T06:32:07+00:00,jsonld,jsonld,
https://www.herzing.edu/blog/improve-your-note-taking-skills-cornell-method,200.0,2026-05-13T14:33:44+00:00,2019-01-17T10:40:00-06:00,2019-01-17T10:40:00-06:00,jsonld,jsonld,
https://www.goodnotes.com/blog/cornell-notes,200.0,2026-05-13T11:23:43+00:00,2026-03-25T05:20:00.716000+00:00,2026-03-25T02:33:55.646000+00:00,jsonld,jsonld,
https://info.ccsa.org/blog/families-are-choosing-charters-enrollment-hits-record-high-in-california,200.0,2026-05-07T10:22:18+00:00,,,,,
https://www.scholastic.com/parents/books-and-reading/reading-resources/book-selection-tips/lexile-levels-made-easy.html,200.0,2026-05-12T13:59:20+00:00,2025-05-29T18:33:48+00:00,2025-05-29T18:33:42+00:00,jsonld,jsonld,
https://www.edchoice.org/2026-redesigning-high-school/,200.0,2026-05-13T19:20:46+00:00,2026-05-11T12:59:36+00:00,2026-05-11T12:59:42+00:00,jsonld,jsonld,
https://publiccharters.org/news/new-report-shows-charter-school-enrollment-grows-across-the-nation/,200.0,2026-05-13T20:08:50+00:00,,,,,
https://www.hoagiesgifted.org/early_college.htm,200.0,2021-11-06T17:41:18+00:00,,,,,
https://www.babylonwealth.com/aphysicians-guide-to-student-loans-in-2026/,200.0,,2026-01-22T19:43:50+00:00,2026-01-22T19:45:25+00:00,jsonld,jsonld,
https://www.calcoast.edu/news/simple-effective-note-taking-technique-the-cornell-method,200.0,,,,,,
https://thinkmachine.com/blog/ai-concept-maps,200.0,,,,,,
https://duallanguageschools.org/school-talk/the-future-of-dual-language-education-in-the-u-s/,200.0,,2025-01-21T21:58:23+00:00,2025-01-21T21:58:23+00:00,jsonld,jsonld,
https://www.fitchratings.com/research/us-public-finance/charter-immigrant-exposures-amplify-pressures-on-ca-school-districts-24-02-2026,200.0,2026-05-13T18:31:21+00:00,,,,,
https://www.spglobal.com/ratings/en/regulatory/article/charter-school-brief-california-s101670424,403.0,,,,,,
https://www.tandfonline.com/doi/full/10.1080/10494820.2025.2497110,403.0,,,,,,
https://spacecoastdaily.com/2026/04/how-charter-schools-are-shaping-the-future-of-u-s-education/,200.0,,2026-04-13T04:00:54+00:00,2026-04-15T03:50:52+00:00,jsonld,jsonld,
https://www.collegeadvisor.com/resources/easiest-ap-classes/,,,,,,,"HTTPSConnectionPool(host='www.collegeadvisor.com', port=443): Read timed out. (read timeout=20)"
https://affine.pro/blog/concept-map-generator,200.0,,2023-12-14T00:00:00+00:00,2025-12-23T09:17:07.387000+00:00,jsonld,jsonld,
https://casaearlylearning.com/blog/are-dual-immersion-programs-good/,200.0,,2026-03-23T18:12:38+00:00,2026-03-23T18:12:38,jsonld,jsonld,
https://www.edweek.org/teaching-learning/opinion-is-language-immersion-right-for-my-child/2016/03,200.0,,2016-03-28T00:00:00,2025-06-24T00:00:00,jsonld,jsonld,
https://www.parentcenterhub.org/iep-overview/,200.0,,2017-08-01T18:55:55+00:00,2025-12-03T04:12:32+00:00,jsonld,jsonld,
https://www.nwea.org/blog/2025/how-to-write-an-effective-iep/,200.0,,2025-02-27T13:00:00+00:00,2025-02-25T19:13:26+00:00,jsonld,jsonld,
https://www.arktherapeutic.com/blog/an-intro-guide-to-individualized-education-plans-ieps/,200.0,,,,,,
https://newstoryschools.com/blog/parents-guide-iep-meetings,200.0,2026-05-13T18:38:10+00:00,2026-04-29T15:10:34-04:00,,time_tag,,
https://www.reddit.com/r/medicalschool/comments/1slkdq4/step_1_and_2_format_change_starting_may_2026/,200.0,,,,,,
https://mapify.so/blog/top-concept-map-creators,200.0,,2026-01-04T09:06:00+00:00,2026-01-04T09:06:00+00:00,jsonld,jsonld,
https://supportforfamilies.org/the-iep-process-step-by-step-evaluations-goals-and-placement/,403.0,,,,,,
https://tcf.org/content/report/ensuring-equitable-access-to-dual-language-immersion-programs-supporting-english-learners-emerging-bilingualism/,200.0,,2023-05-15T14:00:44+00:00,2023-05-22T20:34:47+00:00,jsonld,jsonld,
https://connect.ebsco.com/s/article/Student-Guide-to-Lexiles,,,,,,,"HTTPSConnectionPool(host='connect.ebsco.com', port=443): Max retries exceeded with url: /s/article/Student-Guide-to-Lexiles (Caused by SSLError(SSLCertVerificationError(1, '[SSL: CERTIFICATE_VERIFY_FA"
https://aphconnectcenter.org/familyconnect/education/iep-individualized-education-program-3-years-to-22-years-old/illuminating-the-iep-part-three-top-10-list-for-parents-in-the-iep-process/,200.0,2026-05-13T19:14:55+00:00,2023-04-28T03:44:18+00:00,2024-01-24T15:36:28+00:00,jsonld,jsonld,
https://www.usmle.org/test-delivery-software-updates-step-2-ck-and-step-1-coming-may-2026,200.0,2026-05-12T16:15:40+00:00,,,,,
https://www.copaa.org/blogpost/895540/502922/IEP-Tips--Strategies-For-Parents-To-Use-Before-During--After-IEP-Meetings,403.0,,,,,,
https://www.usmle.org/usmle-service-transition-launching-january-2026,200.0,2026-05-12T16:10:02+00:00,,,,,
https://www.canadaqbank.com/blog/2025/11/24/usmle-step-1-exam-dates-2026-a-complete-guide-for-medical-students/,403.0,,,,,,
https://greenwichanxiety.org/understanding-the-iep-process-a-guide-for-parents/,200.0,,2023-08-01T09:26:46-04:00,2023-11-02T15:59:52-04:00,jsonld,jsonld,
https://www.turnitin.com/blog/blooms-taxonomy-how-do-you-use-blooms-taxonomy-in-the-classroom,200.0,2026-05-13T14:26:08+00:00,2023-07-21T07:00:00+00:00,,time_tag,,
https://studentaid.gov/articles/5-tips-pslf-success/,200.0,2025-04-25T18:15:52+00:00,,,,,
https://ctl.jhsph.edu/blog/posts/meaningful-assessments-in-moocs/,200.0,2026-05-06T14:13:40+00:00,2023-11-27T00:00:00-05:00,,og,,
https://www.easy-lms.com/knowledge-center/learning-training/blooms-taxonomy-of-learning,200.0,2026-05-01T13:38:28+00:00,,,,,
https://www.valamis.com/hub/blooms-taxonomy,200.0,,2025-01-13T05:20:00+00:00,2026-03-04T15:57:14+00:00,jsonld,jsonld,
https://www.nea.org/pslf,200.0,2026-05-13T19:36:17+00:00,,,,,
https://www.salford.ac.uk/spd/why-2026-year-invest-in-your-professional-growth,200.0,2026-05-12T14:47:53+00:00,2026-01-13T12:00:00+00:00,,time_tag,,
https://www.unigo.com/scholarships/merit-based,403.0,,,,,,
https://www.ed.gov/about/news/press-release/us-department-of-education-finalizes-landmark-rule-lower-college-costs-and-simplify-student-loan-repayment,200.0,2026-05-13T19:29:31+00:00,2026-04-30T10:00:31-04:00,,time_tag,,
https://www.skillshub.com/blog/trends-in-professional-development/,200.0,2026-05-13T20:08:57+00:00,2025-01-20T06:55:00+01:00,2026-01-20T06:55:00+01:00,jsonld,jsonld,
https://www.scholarships.com/financial-aid/college-scholarships/scholarships-by-type/academic-scholarships-and-merit-scholarships,200.0,,,,,,
https://www.newsweek.com/super-el-nino-home-insurance-costs-floods-premiums-11919363,406.0,,,,,,
https://hub.lexile.com/for-parents/,200.0,2026-05-13T20:01:19+00:00,,,,,
https://hub.lexile.com/for-educators/,200.0,2026-05-13T20:08:58+00:00,,,,,
https://www.togetherplatform.com/blog/learning-and-development-trends,200.0,2026-05-13T20:08:58+00:00,2025-12-04T00:00:00,,jsonld,,
https://iucn.org/resources/issues-brief/ocean-acidification,200.0,2026-05-13T19:05:29+00:00,,,,,
https://www.sciencealert.com/these-20-companies-are-most-responsible-for-acidifying-our-oceans-new-study-shows,200.0,2026-05-13T20:08:58+00:00,2019-12-13T01:56:53+00:00,2024-10-17T06:07:53+00:00,jsonld,jsonld,
https://marine.copernicus.eu/ocean-climate-portal/ocean-acidification,200.0,2026-05-13T18:31:05+00:00,,,,,
https://zerocarbon-analytics.org/insights/briefings/finding-economic-value-in-nature-beyond-carbon/,200.0,2026-05-13T10:04:13+00:00,2024-10-04T10:42:00+00:00,2026-03-13T12:36:41+00:00,jsonld,jsonld,
https://www.noaa.gov/education/resource-collections/ocean-coasts/ocean-acidification,200.0,2026-05-13T20:08:59+00:00,,,,,
https://grist.org/climate-energy/this-map-shows-where-weve-screwed-the-oceans-most/,200.0,,2014-11-13T21:30:31+00:00,2014-11-14T23:33:11+00:00,jsonld,jsonld,
https://news.un.org/en/story/2026/01/1166809,200.0,2026-05-13T03:23:31+00:00,2026-01-22T12:10:22-05:00,2026-01-23T11:42:27-05:00,og,og,
https://europe.oceana.org/press-releases/major-co2-emitting-nations-vulnerable-ocean-acidification/,200.0,,2010-04-19T00:00:00+00:00,,jsonld,,
https://coastadapt.com.au/ocean-acidification-and-its-effects,200.0,2026-01-21T12:03:04+00:00,,,,,
https://www.unep.org/resources/state-finance-nature-2026,200.0,,2026-01-16T10:31:00,2026-01-30T11:51:00,og,og,
https://www.ceres.org/resources/reports/natures-price-tag-the-economic-cost-of-nature-loss,200.0,2026-05-13T11:40:07+00:00,,,,,
https://quantumzeitgeist.com/how-much-do-quantum-computers-cost/,200.0,2026-05-01T14:54:56+00:00,2024-06-28T22:10:08+00:00,2026-04-16T11:16:20+00:00,jsonld,jsonld,
https://nature4climate.org/unep-state-of-finance-for-nature-2026/,200.0,2026-05-13T20:09:01+00:00,2026-04-14T14:59:21+00:00,2026-04-14T14:59:21+00:00,jsonld,jsonld,
https://eslministries.org/2026/02/07/trends-and-wishes-in-english-language-teaching-in-2026/,200.0,,,,,,
https://southfloridareporter.com/the-2026-super-el-nino-a-global-climatic-shift-with-multi-trillion-dollar-economic-consequences-videos/,200.0,2026-05-13T20:09:02+00:00,2026-05-11T05:06:02+00:00,,jsonld,,
https://news.umich.edu/9m-for-exploring-the-fundamental-limits-of-entangled-quantum-sensor-networks/,403.0,,,,,,
https://www.amperon.co/blog/6-grid-trends-to-watch-in-2026,200.0,2026-05-13T20:09:02+00:00,2026-01-23T20:19:27.597000+00:00,2026-01-23T20:19:27.597000+00:00,jsonld,jsonld,
https://eureka.patsnap.com/report-cost-analysis-of-quantum-entanglement-for-quantum-computing,200.0,,,,,,
https://www.energy.gov/articles/energy-department-announces-19b-investment-critical-grid-infrastructure-reduce-electricity,200.0,2026-05-13T17:21:14+00:00,2026-05-11T15:00:00+00:00,,time_tag,,
https://special-ed-rising.captivate.fm/episode/special-education-trends-for-2026-what-parents-need-to-know-now,200.0,,,,,,
https://www.integrityenergy.com/resources/about-us/news-media/pjm-announces-expensive-energy-changes-in-2026/,202.0,,,,,,
https://www.belfercenter.org/research-analysis/ai-data-centers-us-electric-grid,200.0,2026-05-13T19:24:53+00:00,2026-02-10T00:00:00,,jsonld,,
https://www.reddit.com/r/futurama/comments/cl08v1/so_what_is_the_cost_of_dark_matter/,200.0,,,,,,
https://www.irena.org/News/pressreleases/2026/May/24-7-Renewables-Outcompete-Fossil-Fuels-on-Firm-Costs,200.0,,2026-05-06T00:00:00,,time_tag,,
https://www.jpmorgan.com/insights/sustainability/climate/grid-resilience-neglected-no-more,200.0,2026-05-13T19:59:53+00:00,,,,,
https://www.fda.gov/food/agricultural-biotechnology/how-gmo-crops-impact-our-world,200.0,2026-05-13T10:07:15+00:00,2024-09-05T11:09:00,2024-03-05T10:00:00,jsonld,jsonld,
https://www.healthline.com/nutrition/gmo-pros-and-cons,200.0,,2020-07-02T05:30:00+00:00,2025-05-22T17:18:00+00:00,jsonld,jsonld,
https://www.forbes.com/sites/we-dont-have-time/2026/01/28/every-us1-the-world-invests-in-nature-it-spends-us30-destroying-it/,200.0,,2026-01-28T00:00:00,2026-02-03T00:00:00,og,og,
https://pmc.ncbi.nlm.nih.gov/articles/PMC12993075/,200.0,,,,,,
https://pmc.ncbi.nlm.nih.gov/articles/PMC12292216/,200.0,,,,,,
https://dev.to/jintukumardas/transformer-architecture-in-2026-from-attention-to-mixture-of-experts-moe-3d46,200.0,,2026-04-10T07:39:14+00:00,2026-04-10T07:39:14+00:00,jsonld,jsonld,
https://www.autoevolution.com/news/upcoming-telescope-could-reveal-hidden-stars-the-size-of-a-city-but-dense-as-the-sun-269852.html,403.0,,,,,,
https://nebraskacorn.gov/cornstalk/food/five-surprising-benefits-of-gmos/,200.0,2026-04-29T10:57:38+00:00,2023-12-05T14:27:09-06:00,2026-04-29T10:57:38-05:00,jsonld,jsonld,
https://www.cio.com/article/4113918/understanding-transformers-what-every-leader-should-know-about-the-architecture-powering-genai.html,200.0,,2026-01-07T16:58:56-05:00,2026-01-08T04:40:00-08:00,jsonld,jsonld,
https://www.bayer.com/en/agriculture/article/benefits-gm-crops,403.0,,,,,,
https://medium.com/@angelosorte1/transformer-architectures-in-2026-foundations-code-and-practical-resources-88022b521369,200.0,,2026-02-08T15:28:21+00:00,2026-02-09T11:36:57+00:00,jsonld,jsonld,
https://www.pnas.org/doi/10.1073/pnas.1011836108,403.0,,,,,,
https://www.frontiersin.org/journals/ecology-and-evolution/articles/10.3389/fevo.2025.1736160/full,200.0,,2026-01-07T00:00:00,2026-05-13T00:00:00,jsonld,jsonld,
https://www.nasa.gov/missions/roman-space-telescope/nasas-roman-poised-to-transform-hunt-for-elusive-neutron-stars/,200.0,,2026-05-06T10:00:00-04:00,2026-05-06T10:00:00-04:00,jsonld,jsonld,
https://www.sciencenews.org/article/double-explosion-by-star-superkilonova,200.0,,2026-01-09T09:00:00-05:00,2026-01-29T10:39:47-05:00,jsonld,jsonld,
https://aasnova.org/2026/04/01/a-mysterious-spectral-feature-could-help-crack-the-case-of-neutron-star-structure/,200.0,2026-05-13T20:09:06+00:00,2026-04-01T16:00:09+00:00,,jsonld,,
https://www.sciencedaily.com/releases/2026/05/260508003115.htm,200.0,2026-05-13T14:34:44+00:00,,2026-05-13T14:34:01+00:00,,meta,
https://www.adlerplanetarium.org/blog/gravitational-waves-research-hierarchical-black-holes-2026/,200.0,,2026-01-09T20:11:25+00:00,2026-01-09T20:14:55+00:00,jsonld,jsonld,
https://www.stsci.edu/contents/news-releases/2026/news-2026-202,200.0,,,,,,
https://chandra.harvard.edu/press/26_releases/press_031026.html,200.0,,,,,,
https://www.sci.news/astronomy/decaying-dark-matter-supermassive-black-holes-14732.html,200.0,2026-05-12T23:20:44+00:00,2026-04-29T21:56:36+00:00,2026-04-29T21:56:36+00:00,jsonld,jsonld,
https://science.nasa.gov/missions/hubble/nasas-hubble-dazzles-with-young-stars-in-trifid-nebula/,200.0,,2026-04-20T10:01:01-04:00,2026-04-21T08:45:40-04:00,jsonld,jsonld,
https://science.nasa.gov/blogs/science-news/2026/02/12/archival-data-from-nasas-neowise-tracks-star-turning-into-black-hole/,200.0,,2026-02-12T14:52:29-05:00,2026-02-12T14:52:31-05:00,jsonld,jsonld,
https://chandra.harvard.edu/photo/2026/bhgrowth/,200.0,,,,,,
https://esahubble.org/news/archive/year/2026/,200.0,,,,,,
https://www.broadinstitute.org/news/technology-brings-new-precision-to-genome-editing,403.0,,,,,,
https://www.digitalcameraworld.com/photography/astrophotography/hubble-would-have-taken-a-century-to-do-what-nasas-next-telescope-can-do-in-a-month-the-300mp-roman-telescope-is-nearly-ready-for-launch,200.0,2026-05-08T07:15:50+00:00,2026-04-24T07:05:00+00:00,2026-04-24T07:05:00+00:00,jsonld,jsonld,
https://www.stevens.edu/news/groundbreaking-quantum-study-puts-wave-particle-duality-to-work,200.0,,2025-07-10T00:00:00-04:00,2025-07-10T00:00:00-04:00,jsonld,jsonld,
https://scienceandnonduality.com/article/experiment-shows-future-events-affect-the-past/,200.0,,2015-07-09T22:34:13+00:00,2022-11-04T18:14:59+00:00,jsonld,jsonld,
https://www.eurekalert.org/news-releases/1113475,200.0,,,,,,
https://aaa.org/event/dark-matter-2026/,200.0,,,,,,
https://www.reddit.com/r/climatechange/comments/1gve5oz/whats_the_difference_between_climate_change_and/,200.0,,,,,,
https://en.wikipedia.org/wiki/Cretaceous%E2%80%93Paleogene_extinction_event,403.0,,,,,,
https://www.jsg.utexas.edu/news/2026/01/evidence-of-lightning-fast-evolution-found-after-dino-killing-asteroid-impact/,200.0,,,,,,
https://taia.io/resources/blog/localization-trends-future-global-communication/,200.0,,2025-11-10T00:00:00+00:00,2025-11-10T00:00:00+00:00,jsonld,jsonld,
https://innovativegenomics.org/news/crispr-clinical-trials-2024/,200.0,,2024-03-14T00:00:36+00:00,2026-03-23T23:02:44+00:00,jsonld,jsonld,
https://www.pnas.org/doi/10.1073/pnas.2006087117,403.0,,,,,,
https://www.ebsco.com/research-starters/science/cretaceous-paleogene-extinction-event,200.0,,,,,,
https://www.reggiochildren.it/en/memory-as-future/,,,,,,,"HTTPSConnectionPool(host='www.reggiochildren.it', port=443): Read timed out. (read timeout=20)"
https://future-trans.com/5-new-trends-reshaping-the-translation-services-industry-in-2026/,202.0,,,,,,
https://www.reddit.com/r/evolution/comments/1cys0gi/what_are_the_current_natural_selectors_in/,200.0,,,,,,
https://www.sciencealert.com/human-evolution-may-be-undergoing-a-major-shift-right-before-our-eyes,200.0,2026-05-13T20:09:12+00:00,2026-03-20T21:00:00+00:00,,jsonld,,
https://innovativegenomics.org/news/crispr-clinical-trials-2025/,200.0,,2025-07-09T17:12:49+00:00,2026-03-23T23:12:11+00:00,jsonld,jsonld,
https://www.raycandersonfoundation.org/articles/global-warming-vs-climate-change-history-and-differences,200.0,,,,,,
https://www.climate.gov/news-features/climate-qa/whats-difference-between-global-warming-and-climate-change,200.0,2026-05-13T18:44:07+00:00,2015-06-17T08:00:00-04:00,,og,,
https://www.yourgenome.org/theme/are-humans-still-evolving/,200.0,2026-04-17T08:48:45+00:00,,,,,
https://www.spiedigitallibrary.org/conference-proceedings-of-spie/13358/1335802/Status-and-prospects-for-inertial-fusion-energy-via-lasers/10.1117/12.3049450.full,200.0,,,,,,
https://www.spiedigitallibrary.org/conference-proceedings-of-spie/13888/1388802/Enabling-scalable-inertial-fusion-energy-with-next-generation-diode-laser/10.1117/12.3079123.full,200.0,,,,,,
https://www.pnas.org/doi/10.1073/pnas.1317692111,403.0,,,,,,
https://royalsocietypublishing.org/rsta/article/376/2130/20170076/115663/Hyperthermal-driven-mass-extinctions-killing,403.0,,,,,,
https://www.taxpayeradvocate.irs.gov/news/tax-tips/what-to-know-about-student-loan-forgiveness-and-your-taxes/2026/03/,200.0,2026-05-13T20:03:28+00:00,2026-03-23T12:40:40+00:00,,jsonld,,
http://large.stanford.edu/courses/2026/ph241/yang2/,200.0,2026-03-24T19:37:11+00:00,,,,,
https://pmc.ncbi.nlm.nih.gov/articles/PMC8660103/,200.0,,,,,,
https://en.wikipedia.org/wiki/Global_workspace_theory,200.0,2026-05-11T22:09:28+00:00,2005-02-01T18:51:37+00:00,2026-02-25T20:05:09+00:00,jsonld,jsonld,
https://www.evphil.com/blog/consciousness-9-global-neuronal-workspace-theory,200.0,2026-05-13T20:09:14+00:00,,,,,
https://eyeofheaven.medium.com/global-workspace-theory-gwt-a-theory-of-consciousness-40d0472d07fa,200.0,,2024-08-19T06:22:26+00:00,2024-08-19T06:22:26+00:00,jsonld,jsonld,
https://www.intechopen.com/chapters/1223564,200.0,,2025-05-26T00:00:00,,og,,
https://medium.com/@bervice/why-grover-and-shor-didnt-change-everything-yet-e2bba069fc95,200.0,,2026-02-26T23:07:00+00:00,2026-02-26T23:19:31+00:00,jsonld,jsonld,
https://en.wikipedia.org/wiki/Quantum_error_correction,200.0,2026-05-11T22:07:17+00:00,2004-08-11T15:49:08+00:00,2026-04-14T15:04:22+00:00,jsonld,jsonld,
https://arxiv.org/html/2603.28627v1,200.0,2026-03-31T01:57:33+00:00,,,,,
https://www.tridindia.com/transcriptions/top-transcription-services-trends-2026-content-growth/,200.0,,2026-04-07T06:27:10+00:00,,jsonld,,
https://www.pfizer.com/news/press-release/press-release-detail/pfizer-and-biontechs-comirnatyr-receives-us-fda-approval,200.0,2026-05-13T08:20:07+00:00,,,,,
https://www.usgs.gov/faqs/what-difference-between-global-warming-and-climate-change,200.0,,2016-03-14T23:59:59+00:00,,time_tag,,
https://www.cdc.gov/covid/vaccines/stay-up-to-date.html,200.0,,2025-11-20T00:00:00,,time_tag,,
https://quantum.microsoft.com/en-us/insights/education/concepts/quantum-error-correction,200.0,2026-05-13T18:38:05+00:00,,,,,
https://www.bluequbit.io/blog/quantum-error-correction,200.0,2026-05-13T20:09:16+00:00,,,,,
https://en.wikipedia.org/wiki/Voyager_Golden_Record,403.0,,,,,,
https://www.quantamagazine.org/new-advances-bring-the-era-of-quantum-computers-closer-than-ever-20260403/,200.0,2026-05-13T20:09:16+00:00,2026-04-03T15:19:16+00:00,2026-04-03T15:20:11+00:00,jsonld,jsonld,
https://www.who.int/westernpacific/newsroom/commentaries/detail/the-next-pandemic-is-already-here--antimicrobial-resistance-is-upending-a-century-of-achievements-in-global-health,200.0,2026-05-12T02:45:30+00:00,,,,,
https://spacedaily.com/sd-d-the-complete-history-of-voyagers-golden-record-and-what-the-decision-about-what-to-include-revealed-about-how-humanity-sees-itself/,404.0,,,,,,
https://www.weforum.org/stories/2026/01/why-act-now-antimicrobial-resistance/,403.0,,,,,,
https://www.ebsco.com/research-starters/oceanography/el-nino-southern-oscillation-and-global-warming,200.0,,,,,,
https://www.skyatnightmagazine.com/news/voyager-1-low-energy-charged-particles-experiment-shut-down,200.0,,2026-04-20T11:49:23+00:00,2026-04-20T11:49:38.400000+00:00,jsonld,jsonld,
https://www.theguardian.com/science/2018/may/26/nasas-golden-record-may-baffle-alien-life-say-researchers,200.0,,2018-05-26T08:00:51+00:00,2020-03-26T14:31:33+00:00,jsonld,jsonld,
https://pmc.ncbi.nlm.nih.gov/articles/PMC13099841/,200.0,,,,,,
https://science.nasa.gov/earth/explore/el-nino/,200.0,,2024-10-07T17:44:25-04:00,2025-09-25T12:09:42-04:00,jsonld,jsonld,
https://www.isomorphiclabs.com/articles/alphafold-3-predicts-the-structure-and-interactions-of-all-of-lifes-molecules,200.0,2026-05-13T20:09:18+00:00,,,,,
https://accesstomedicinefoundation.org/insights-resources/amr-benchmark,200.0,,,,,,
https://www.betalifesci.com/blogs/articles/unveiling-the-complexity-of-protein-folding-significance-challenges-and-breakthrough-technologies,200.0,,2024-06-24T19:00:00+00:00,2024-07-01T18:39:31+00:00,jsonld,jsonld,
https://pmc.ncbi.nlm.nih.gov/articles/PMC5323030/,200.0,,,,,,
https://www.reddit.com/r/askscience/comments/2xmgzx/how_fast_is_dna_transcribed_and_translated_into/,200.0,,,,,,
https://www.lindau-nobel.org/blog-folding-into-greatness-how-a-physicist-helped-solve-one-of-biologys-greatest-mysteries/,200.0,,2025-07-01T12:18:44+00:00,2025-07-01T12:27:53+00:00,jsonld,jsonld,
https://www.jpl.nasa.gov/news/nasa-turns-off-two-voyager-science-instruments-to-extend-mission/,200.0,,,,,,
https://www.reddit.com/r/biology/comments/bmvbun/transcription_and_translation/,200.0,,,,,,
https://www.reddit.com/r/Physics/comments/1rkxbex/relativity_revealed_scientific_american_march_2026/,200.0,,,,,,
https://book.bionumbers.org/what-is-faster-transcription-or-translation/,200.0,,,,,,
https://www.ipd.uw.edu/2025/12/rfdiffusion3-now-available/,200.0,,2025-12-03T09:37:33-08:00,2025-12-03T10:36:49-08:00,jsonld,jsonld,
https://www.reddit.com/r/climatechange/comments/1qr8x9z/2026_climate_update_global_temperatures_soar_to/,200.0,,,,,,
https://www.reddit.com/r/Physics/comments/1q2opz0/suggest_me_books_for_special_and_general/,200.0,,,,,,
https://andisama.medium.com/qubit-an-intuition-6-two-famous-quantum-algorithms-shors-and-grover-algorithms-95c0e0577f9b,200.0,,2021-12-01T00:22:31+00:00,2021-12-31T01:28:48+00:00,jsonld,jsonld,
https://www.classcentral.com/report/best-relativity-courses/,200.0,2026-05-11T19:31:26+00:00,2025-06-06T12:00:38+00:00,2026-01-02T13:31:34+00:00,jsonld,jsonld,
https://www.reddit.com/r/cryptography/comments/vnkz6m/what_is_stopping_shors_algorithm_from_being_used/,200.0,,,,,,
https://en.wikipedia.org/wiki/Shor%27s_algorithm,200.0,2026-05-11T22:00:41+00:00,2002-01-07T18:45:29+00:00,2026-04-28T10:20:13+00:00,jsonld,jsonld,
https://www.bmj.com/content/393/bmj.s895,403.0,,,,,,
https://greenly.earth/en-us/blog/ecology-news/climate-change-in-2022-where-do-we-stand,200.0,,,,,,
https://pubs.aip.org/aip/mre/article/4/5/056201/253043/Challenges-for-plasma-facing-components-in-nuclear,403.0,,,,,,
https://www.tandfonline.com/doi/full/10.1080/14786451.2025.2569922,403.0,,,,,,
https://www.space.com/17963-mars-curiosity.html,200.0,2026-05-13T16:59:38+00:00,2022-08-02T16:13:09+00:00,2022-08-05T10:05:40+00:00,jsonld,jsonld,
https://www.planetary.org/space-missions/curiosity,200.0,2026-05-13T10:44:32+00:00,2020-06-27T10:57:00-07:00,2025-11-20T09:48:38-08:00,jsonld,jsonld,
https://ratedpower.com/blog/challenges-integrating-renewables-ower-grid/,200.0,2026-05-12T10:44:48+00:00,2023-02-27T00:00:00+00:00,2023-02-27T00:00:00+00:00,jsonld,jsonld,
https://www.tuvsud.com/en-us/resource-centre/blogs/risk-engineering/emerging-renewable-energy-risks,403.0,,,,,,
https://www.frontiersin.org/journals/sustainable-energy-policy/articles/10.3389/fsuep.2026.1598381/full,200.0,,2026-03-17T00:00:00,2026-05-13T00:00:00,jsonld,jsonld,
https://academic.oup.com/pcm/article/8/3/pbaf015/8180385,403.0,,,,,,
https://www.solarplaza.com/resource/13473/press-release-kwh-analytics-reveals-top-risk-management-challenges-for-renewable-energy-generation-and-battery-energy-storage-systems-2026/,200.0,,,,,,
https://www.patsnap.com/resources/blog/integrating-renewables-into-the-existing-energy-grid-challenges-and-solutions/,200.0,,2023-05-03T14:00:00+00:00,2023-11-15T00:36:25+00:00,jsonld,jsonld,
https://www.wilderness.org/news/blog/faq-what-are-environmental-impacts-renewable-energy,200.0,2026-05-12T15:57:31+00:00,,,,,
https://en.wikipedia.org/wiki/Mars_Exploration_Rover,200.0,2026-05-11T22:02:58+00:00,2003-06-25T19:14:42+00:00,2026-05-08T18:38:02+00:00,jsonld,jsonld,
https://www.reddit.com/r/SyntheticBiology/comments/ni3fcl/what_do_i_need_to_learn_and_where_do_i_learn/,200.0,,,,,,
https://www.moleculardevices.com/applications/synthetic-biology,200.0,2026-05-04T13:11:22+00:00,,,,,
https://science.nasa.gov/mission/mars-exploration-rovers-spirit-and-opportunity/science-highlights/,200.0,,2024-03-22T11:02:12-04:00,2025-09-12T14:17:05-04:00,jsonld,jsonld,
https://digitalcommons.memphis.edu/cgi/viewcontent.cgi?article=1111&context=ccrg_papers,202.0,,,,,,
https://www.reddit.com/r/SyntheticBiology/comments/okccw5/the_absolute_best_source_to_learn_and_get_into/,200.0,,,,,,
https://www.mdpi.com/1996-1073/18/3/689,403.0,,,,,,
https://energy-infrastructure-partners.com/five-trends-shaping-energy-infrastructure-in-2026/,200.0,,2026-01-13T16:23:20+00:00,2026-02-02T08:47:47+00:00,jsonld,jsonld,
https://www.planetary.org/articles/challenges-facing-the-human-exploration-of-mars,200.0,2026-05-13T07:00:32+00:00,2024-07-12T07:13:00-07:00,2024-07-12T07:13:23-07:00,jsonld,jsonld,
https://learn.mit.edu/c/department/health-sciences-and-technology?resource=2936,200.0,,,,,,
https://www.forbes.com/sites/dianneplummer/2026/01/12/in-2026-climate-change-is-no-longer-a-theoretical-risk/,200.0,,2026-01-12T00:00:00,2026-01-12T00:00:00,og,og,
https://www.reddit.com/r/askscience/comments/8gw1g2/when_the_mars_rover_went_to_mars_were_they_able/,200.0,,,,,,
https://www.webmd.com/mental-health/addiction/what-is-dmt,200.0,,2023-05-11T11:54:20,2024-04-24T09:30:40,jsonld,jsonld,
https://pcs-instruments.com/articles/tribology-case-study-mars-missions/,200.0,2026-05-13T14:05:58+00:00,,,,,
https://www.worldscientific.com/doi/abs/10.1142/S0218271821300068,403.0,,,,,,
https://www.mdpi.com/2075-4434/10/2/40,403.0,,,,,,
https://www.un.org/en/climatechange/raising-ambition/renewable-energy,200.0,2026-05-13T20:01:52+00:00,,,,,
https://www.mdpi.com/2571-712X/7/1/11,403.0,,,,,,
https://www.frontiersin.org/journals/astronomy-and-space-sciences/articles/10.3389/fspas.2025.1600563/full,200.0,,2025-07-22T00:00:00,2026-05-13T00:00:00,jsonld,jsonld,
https://www.mdpi.com/2073-8994/18/4/636,403.0,,,,,,
https://www.adecesg.com/resources/blog/environmental-impacts-of-renewable-energy-sources/,200.0,,2017-01-04T18:27:48+00:00,2024-12-10T00:08:42+00:00,jsonld,jsonld,
https://www.jpl.nasa.gov/news/challenges-of-getting-to-mars/,200.0,,,,,,
https://aiportalx.com/blog/best-text-to-image-diffusion-models-2026-imagen-4-dall-e-stable-diffusion,200.0,,2026-01-08T15:03:00+00:00,2026-01-08T15:03:00+00:00,jsonld,jsonld,
https://www.gradually.ai/en/ai-image-models/,200.0,,2025-06-18T00:00:00,2026-03-13T00:00:00,jsonld,jsonld,
https://unfinishablemap.org/research/integrated-information-theory-2026-01-07/,200.0,,2026-01-07T00:00:00+00:00,2026-01-07T00:00:00+00:00,jsonld,jsonld,
https://www.nasa.gov/missions/webb/nasa-reveals-new-details-about-dark-matters-influence-on-universe/,200.0,,2026-01-26T11:00:00-05:00,2026-02-06T08:35:57-05:00,jsonld,jsonld,
https://news.mit.edu/2026/new-way-spot-signs-dark-matter-0512,200.0,2026-05-13T20:02:59+00:00,2026-05-12T17:00:00+00:00,,time_tag,,
https://www.aiphotogenerator.net/blog/2026/02/best-stable-diffusion-models-2026,200.0,,2026-02-28T09:00:00+11:00,,jsonld,,
https://news.ucr.edu/articles/2026/01/26/james-webb-space-telescope-reveals-new-details-about-dark-matter-universe,200.0,,,,,,
https://www.sciencedaily.com/releases/2026/01/260114084113.htm,200.0,2026-05-13T14:50:43+00:00,,2026-05-13T14:34:01+00:00,,meta,
https://academic.oup.com/mnras/article/543/3/2987/8266784,403.0,,,,,,
https://www.universetoday.com/articles/a-white-dwarf-is-starting-to-crystallize-into-diamond,200.0,2026-05-13T19:33:03+00:00,2023-06-14T14:43:34+00:00,2025-06-13T06:35:02+00:00,og,og,
https://www.sciencedaily.com/releases/2026/01/260108190339.htm,200.0,2026-05-13T14:51:39+00:00,,2026-05-13T14:34:01+00:00,,meta,
https://www.sciencedaily.com/releases/2025/09/250910233533.htm,200.0,2026-05-13T15:07:49+00:00,,2026-05-13T14:34:01+00:00,,meta,
https://www.rff.org/publications/reports/global-energy-outlook-2026/,200.0,,,,,,
https://espace.library.uq.edu.au/view/UQ:92087c0,200.0,2026-05-05T00:17:39+00:00,,,,,
https://en.wikipedia.org/wiki/Integrated_information_theory,200.0,2026-05-11T22:39:20+00:00,2010-05-23T21:44:05+00:00,2026-05-01T19:21:19+00:00,jsonld,jsonld,
https://www.reddit.com/r/consciousness/comments/1r4sfaz/the_science_that_can_end_the_ai_consciousness/,200.0,,,,,,
https://news.mit.edu/2025/first-look-innermost-region-white-dwarf-system-1120,200.0,2026-05-13T20:09:28+00:00,2025-11-20T05:00:00+00:00,,time_tag,,
https://iep.utm.edu/integrated-information-theory-of-consciousness/,200.0,,,,,,
https://journals.plos.org/ploscompbiol/article?id=10.1371%2Fjournal.pcbi.1011465,200.0,,,,,,
https://www.withrealityinmind.com/integrated-information-theory/,200.0,,2025-07-20T22:17:23+00:00,2025-07-21T21:53:10+00:00,jsonld,jsonld,
https://www.psychologytoday.com/us/blog/finding-purpose/202310/an-intriguing-and-controversial-theory-of-consciousness-iit,200.0,2023-11-25T19:20:26+00:00,2023-10-28T16:02:24-04:00,2023-11-25T14:20:26-05:00,jsonld,jsonld,
https://www.frontiersin.org/journals/computational-neuroscience/articles/10.3389/fncom.2024.1510066/full,200.0,,2025-01-09T00:00:00,2026-05-13T00:00:00,jsonld,jsonld,
https://gettherapybirmingham.com/consciousness-as-integrated-information-tononis-theory-and-its-implications-for-machine-consciousness/,200.0,2025-10-26T19:33:01+00:00,2025-04-01T01:49:55+00:00,2025-10-26T23:33:01+00:00,jsonld,jsonld,
https://www.journals.uchicago.edu/doi/full/10.2307/25470707,403.0,,,,,,
https://www.frontiersin.org/journals/applied-mathematics-and-statistics/articles/10.3389/fams.2020.602973/full,200.0,,2021-06-04T00:00:00,2026-05-13T00:00:00,jsonld,jsonld,
https://philosophynow.org/issues/121/The_Integrated_Information_Theory_of_Consciousness,200.0,,,,,,
https://slator.com/resources/ai-translation-struggles/,202.0,,,,,,
https://www.transcriptioncertificationinstitute.org/blog/transcription-careers-in-2026-what-skills-actually-get-you-hired/amp,200.0,,2026-01-20T02:06:00,2026-01-20T04:50:43,jsonld,jsonld,
https://www.transcribeanywhere.com/blog/Transcription-Career-In-2026,200.0,,,,,,
https://www.lumin.health/blog/ketamine-and-neuroplasticity-rewiring-the-brain-for-healing,200.0,2026-05-13T20:09:31+00:00,2025-06-30T00:00:00,2026-03-25T00:00:00,jsonld,jsonld,
https://discreetketamine.com/how-ketamine-works,200.0,,,,,,
https://www.transcribeanywhere.com/blog/AI-Cant-Do-This,200.0,,,,,,
https://neurosciencenews.com/ketamine-depression-treatment-30212/,200.0,2026-05-13T20:09:31+00:00,2026-02-28T21:11:02+00:00,2026-02-28T21:11:05+00:00,jsonld,jsonld,
https://pubs.geoscienceworld.org/gsa/geology/article/50/6/650/612995/Five-million-years-of-high-atmospheric-CO2-in-the,403.0,,,,,,
https://gpm.nasa.gov/education/articles/whats-name-global-warming-vs-climate-change,200.0,2026-05-13T00:33:35+00:00,,,,,
https://www.tomedes.com/translator-hub/translation-rates,200.0,2026-05-13T12:55:37+00:00,2022-06-16T11:59:35+00:00,2026-03-10T06:13:13+00:00,jsonld,jsonld,
https://hudsonlabautomation.com/approaches-to-synthetic-biology-101/,200.0,,2022-03-22T17:57:52+00:00,2024-08-01T01:58:44+00:00,jsonld,jsonld,
https://kureiv.com/neuroplasticity-and-depression-ketamine-can-transform/,202.0,,,,,,
https://elixrx.com/blogs/news/how-does-ketamine-therapy-work,200.0,,2026-04-03T06:29:12-10:00,2026-03-31T06:27:00-10:00,jsonld,jsonld,
https://healthcare.utah.edu/healthfeed/2026/01/fast-facts-about-ketamine-depression,200.0,2026-05-13T13:37:02+00:00,2026-01-09T10:00:00-07:00,2026-01-20T10:47:19-07:00,jsonld,og,
https://pmc.ncbi.nlm.nih.gov/articles/PMC9082546/,200.0,,,,,,
https://lgtcgroup.com/blog/beyond-serotonin-understanding-the-neuroscience-behind-ketamine-treatment-for-mental-health/,200.0,,2026-01-09T22:08:33+00:00,2026-01-09T22:08:34+00:00,jsonld,jsonld,
https://lumawellnesscenter.com/understanding-ketamines-unique-mechanism-of-action/,200.0,2026-05-08T21:51:30+00:00,,,,,
https://pmc.ncbi.nlm.nih.gov/articles/PMC12900292/,200.0,,,,,,
https://www.hopkinsmedicine.org/psychiatry/research/psychedelics-research,403.0,,,,,,
https://www.ncbi.nlm.nih.gov/books/NBK470357/,200.0,,,,,,
https://ncmedsoc.org/icymi-fda-rejects-mdma-assisted-therapy-for-ptsd/,403.0,,,,,,
https://ieeexplore.ieee.org/document/11328945/,200.0,,,,,,
https://pmc.ncbi.nlm.nih.gov/articles/PMC12678583/,200.0,,,,,,
https://www.psychiatrist.com/news/why-fda-panel-rejected-mdma-for-ptsd-treatment/,200.0,,2024-06-05T10:19:48,2024-06-07T09:36:09,jsonld,jsonld,
https://www.mdpi.com/1996-1073/15/14/4937,403.0,,,,,,
https://academic.oup.com/mnras/article/536/1/816/7912562,403.0,,,,,,
https://www.pharmacytimes.com/view/mdma-rejected-the-story-of-a-study-participant-entrenched-in-ethical-violations-and-a-data-breach,200.0,,2025-03-12T13:12:12.188000+00:00,2025-03-18T15:22:55.299000+00:00,jsonld,jsonld,
https://pmc.ncbi.nlm.nih.gov/articles/PMC11870740/,200.0,,,,,,
https://www.who.int/europe/news-room/fact-sheets/item/bacteriophages-and-their-use-in-combating-antimicrobial-resistance,200.0,2026-05-13T11:16:22+00:00,,,,,
https://compasspathways.com/our-work/about-psilocybin-therapy-and-treatment/,200.0,2026-05-13T18:52:43+00:00,,,,,
https://www.ptsd.va.gov/understand_tx/mdma_assisted_therapy.asp,200.0,,2025-01-15T00:00:00,,dc,,
https://www.mayoclinic.org/tests-procedures/bone-marrow-transplant/in-depth/stem-cells/art-20048117,403.0,,,,,,
https://my.clevelandclinic.org/health/body/24892-stem-cells,200.0,,2023-04-12T18:22:46+00:00,2025-12-02T13:39:29+00:00,jsonld,jsonld,
https://www.nccih.nih.gov/health/psilocybin-for-mental-health-and-addiction-what-you-need-to-know,200.0,2026-05-13T19:55:26+00:00,,,,,
https://www.washingtonpost.com/health/2026/01/18/fighting-antibiotic-resistance/,,,,,,,"HTTPSConnectionPool(host='www.washingtonpost.com', port=443): Read timed out. (read timeout=20)"
https://idgph.ucsd.edu/research/center-innovative-phage-applications-and-therapeutics/clinical-trial/faq-phage-therapy.html,200.0,2025-11-13T22:34:26+00:00,,,,,
https://www.eag.com/blog/from-rock-to-rare-series-part-2-refining/,200.0,,2025-08-21T16:18:33+00:00,2025-08-21T16:32:55+00:00,jsonld,jsonld,
https://www.britannica.com/science/rare-earth-element/Processing-ores,200.0,,1999-07-26T00:00:00+00:00,2026-05-07T00:00:00+00:00,jsonld,jsonld,
https://www.aboutstemcells.org/info/stem-cell-types,200.0,,2023-08-08T11:26:00-05:00,2023-11-06T16:28:17-06:00,jsonld,jsonld,
https://www.theknowledgeacademy.com/blog/advantages-and-disadvantages-of-quantum-computing/,403.0,,,,,,
https://celltexbank.com/blog-stem-cell-types/,200.0,2025-03-24T17:07:18+00:00,2024-07-23T18:16:23-05:00,2025-03-24T17:07:18-05:00,jsonld,jsonld,
https://stemcells.nih.gov/info/basics/stc-basics,200.0,,,,,,
https://torjoman.com/blog/translation-industry-trends-2026/,200.0,,2026-02-03T12:58:38+00:00,2026-03-04T12:36:06+00:00,jsonld,jsonld,
https://science.nasa.gov/science-missions/,200.0,,2023-05-23T11:21:06-04:00,2026-02-12T15:53:35-05:00,jsonld,jsonld,
https://www.ibm.com/think/topics/quantum-computing,200.0,2026-05-13T20:07:24+00:00,,2026-05-11T18:50:52.338000+00:00,,jsonld,
https://www.reddit.com/r/Astronomy/comments/1ms5l0p/why_dont_we_send_a_cassini_like_spaceship_to_the/,200.0,,,,,,
https://en.wikipedia.org/wiki/Europa_Clipper,403.0,,,,,,
https://www.massgeneral.org/research/regenerative-medicine/stem-cell-questions,200.0,,,,,,
https://en.wikipedia.org/wiki/El_Ni%C3%B1o%E2%80%93Southern_Oscillation,200.0,2026-05-13T14:01:08+00:00,,,,,
https://science.nasa.gov/mission/cassini/grand-finale/whats-next/,200.0,,2018-08-22T00:45:30-04:00,2024-11-03T10:07:55-05:00,jsonld,jsonld,
https://www.naturalpower.com/us/insight/why-2026-will-be-the-year-of-smarter-wind-asset-management,200.0,,,,,,
https://www.vhive.ai/wind-energy-trends-recapping-2025-and-whats-changing-in-2026/,202.0,,,,,,
https://www.climate.gov/news-features/understanding-climate/el-nino-and-la-nina-frequently-asked-questions,200.0,2026-05-13T18:48:56+00:00,2016-01-18T07:00:00-05:00,,og,,
https://www.cellmedicine.com/stem-cell-treatment-what-kind-of-stem-cells-are-there/,200.0,,2022-11-11T10:00:00-05:00,2025-06-19T15:07:20-05:00,jsonld,jsonld,
https://www.weforum.org/stories/2026/01/wind-power-for-a-secure-energy-future/,403.0,,,,,,
https://thefusionreport.com/this-weeks-fusion-news-april-24-2026/,200.0,2026-05-13T20:09:40+00:00,2026-04-24T15:27:48+00:00,2026-04-24T15:36:37+00:00,jsonld,jsonld,
https://www.fusionindustryassociation.org/iea-features-fusion-in-state-of-energy-innovation-2026-report/,200.0,2026-05-13T12:41:05+00:00,2026-02-19T15:49:36+00:00,2026-02-19T20:36:12+00:00,jsonld,jsonld,
https://www.worldclimateservice.com/2021/08/25/what-is-el-nino/,200.0,,2021-08-25T11:12:18-04:00,2026-04-06T08:19:25-04:00,jsonld,jsonld,
https://www.helionenergy.com/articles/helion-receives-approvals-for-next-phase-of-construction-of-worlds-first-commercial-fusion-power-plant/,200.0,,2025-10-15T20:17:01+00:00,2025-10-15T20:25:16+00:00,jsonld,jsonld,
https://thefusionreport.com/10-prognostications-for-fusion-in-2026/,200.0,2026-05-13T20:09:40+00:00,2025-12-29T19:39:51+00:00,2026-02-09T19:42:50+00:00,jsonld,jsonld,
https://carboncredits.com/microsoft-msft-to-get-fusion-power-as-helion-energy-kicks-off-orion-plant-construction/,200.0,2026-05-13T20:09:40+00:00,2025-08-01T13:00:45+00:00,2026-05-07T18:19:50+00:00,og,og,
https://www.nucnet.org/news/iter-european-fusion-project-now-on-budget-and-on-schedule-after-turnaround-5-5-2026,200.0,,2026-04-29T00:00:00,,time_tag,,
https://www.reddit.com/r/fusion/comments/1qkx95k/hello_from_commonwealth_fusion_systems_heres_what/,200.0,,,,,,
https://ideas.repec.org/a/gam/jeners/v15y2022i14p4937-d856591.html,200.0,,2022-05-13T00:00:00,,jsonld,,
https://arpa-e.energy.gov/news-and-events/news-and-insights/arpa-e-announces-135-million-commitment-fusion-technology-largest-fusion-investment-agencys-history,200.0,2026-05-12T23:36:02+00:00,,,,,
https://www.cleantechalliance.org/2026/02/18/helion-achieves-new-industry-first-fusion-energy-milestones-accelerating-path-to-commercial-fusion/,200.0,,2026-02-18T11:29:37-08:00,,time_tag,,
https://www.iter.org/news-hub,200.0,2026-05-13T20:00:57+00:00,2023-09-18T00:00:00,2025-06-18T00:00:00,og,og,
https://www.fda.gov/food/agricultural-biotechnology/science-and-history-gmos-and-other-food-modification-processes,200.0,2026-05-13T10:04:11+00:00,2024-09-05T11:10:00,2024-03-05T10:00:00,jsonld,jsonld,
https://www.fool.com/investing/stock-market/market-sectors/energy/nuclear/fusion-energy/,200.0,2026-05-13T20:09:41+00:00,2026-04-13T14:51:21.932000+00:00,2026-04-13T14:51:21.932000+00:00,jsonld,jsonld,
https://www.growingproduce.com/vegetables/how-the-genetic-engineering-process-works/,200.0,,2015-12-31T19:25:26+00:00,2016-08-10T15:57:26+00:00,jsonld,jsonld,
https://www.bayer.com/en/agriculture/article/regulatory-process-gm-crops,403.0,,,,,,
https://www.fda.gov/food/agricultural-biotechnology/how-gmos-are-regulated-united-states,200.0,2026-05-13T19:26:37+00:00,2024-09-05T11:10:00,2024-03-05T10:00:00,jsonld,jsonld,
https://royalsociety.org/news-resources/projects/gm-plants/what-is-gm-and-how-is-it-done/,200.0,,,,,,
https://www.weforum.org/stories/2026/02/nuclear-fusion-science-explained/,403.0,,,,,,
https://www.esa.int/kids/en/learn/Our_Universe/Planets_and_moons/Cassini_plunges_into_Saturn_s_atmosphere,200.0,2026-05-13T20:09:42+00:00,,,,,
https://www.nepad.org/content/process-of-developing-gm-crops,200.0,2026-05-13T20:09:42+00:00,,,,,
https://chance.dartmouth.edu/course/Syllabi/97Dartmouth/day-6/risk.html,200.0,2013-03-05T15:10:19+00:00,,,,,
https://airandspace.si.edu/stories/editorial/saying-goodbye-saturn-exploring-cassini,200.0,2026-05-13T20:09:42+00:00,2017-09-14T00:00:00,,og,,
https://science.nasa.gov/mission/cassini/grand-finale/overview/,200.0,,2018-08-22T00:21:03-04:00,2024-11-03T10:10:00-05:00,jsonld,jsonld,
https://en.wikipedia.org/wiki/Cassini%E2%80%93Huygens,200.0,2026-05-11T23:15:04+00:00,,,,,
https://en.wikipedia.org/wiki/AlphaFold,200.0,2026-05-11T22:19:02+00:00,2019-01-25T14:26:49+00:00,2026-05-11T02:28:45+00:00,jsonld,jsonld,
https://www.pbs.org/newshour/science/analysis-nasas-cassini-probe-must-destroyed,200.0,2026-05-13T20:09:43+00:00,2017-09-13T17:05:01-04:00,,og,,
https://alphafold.ebi.ac.uk/,200.0,,,,,,
https://www.energycentral.com/nuclear/post/what-will-2026-bring-for-the-fusion-energy-world-wsiuUvyQIUSO6tC,200.0,,2026-01-03T12:41:14.656000+00:00,,og,,
https://www.quantamagazine.org/how-ai-revolutionized-protein-science-but-didnt-end-it-20240626/,200.0,2026-05-13T20:09:44+00:00,2024-06-26T14:23:51+00:00,2025-04-28T18:22:18+00:00,jsonld,jsonld,
https://academic.oup.com/nc/article/2023/1/niad012/7169163,403.0,,,,,,
https://home.csulb.edu/~rodrigue/cassini/risk01.html,200.0,2021-10-23T10:05:29+00:00,,,,,
https://www.frontiersin.org/journals/genome-editing/articles/10.3389/fgeed.2025.1593172/full,200.0,,2025-08-20T00:00:00,2026-05-12T00:00:00,jsonld,jsonld,
https://pmc.ncbi.nlm.nih.gov/articles/PMC7747319/,200.0,,,,,,
https://medicine.iu.edu/blogs/research-updates/the-protein-folding-problem-the-day-ai-unlocked-a-secret-of-life,200.0,,2025-06-20T00:00:00,,og,,
https://criticaldebateshsgj.scholasticahq.com/article/144179-ethical-and-scientific-concerns-relating-to-crispr-cas-gene-therapy,200.0,,2025-09-09T20:01:14+00:00,2026-01-04T14:09:51+00:00,jsonld,jsonld,
https://news.harvard.edu/gazette/story/2019/01/perspectives-on-gene-editing/,200.0,,2019-01-09T17:00:18+00:00,2024-01-10T15:42:39+00:00,jsonld,jsonld,
https://pmc.ncbi.nlm.nih.gov/articles/PMC3130974/,200.0,,,,,,
https://pmc.ncbi.nlm.nih.gov/articles/PMC4864084/,200.0,,,,,,
https://markets.financialcontent.com/wral/article/tokenring-2026-1-15-the-atomic-revolution-how-alphafold-3s-open-source-pivot-has-redefined-global-drug-discovery-in-2026,200.0,2026-05-13T20:09:44+00:00,2026-01-15T20:05:56+00:00,2026-01-15T20:09:34+00:00,jsonld,jsonld,
https://astrobites.org/2025/05/24/how-long-is-a-gamma-ray-burst-really/,200.0,,,,,,
https://pmc.ncbi.nlm.nih.gov/articles/PMC12926898/,200.0,,,,,,
https://www.frontiersin.org/journals/psychiatry/articles/10.3389/fpsyt.2025.1505396/full,200.0,,2025-06-20T00:00:00,2026-05-13T00:00:00,jsonld,jsonld,
https://psychiatryonline.org/doi/10.1176/appi.pn.2024.09.9.l1,403.0,,,,,,
https://www.genome.gov/about-genomics/policy-issues/Genome-Editing/ethical-concerns,200.0,,2019-03-13T16:58:11-04:00,2017-08-03T12:00:00,jsonld,jsonld,
https://www.mind.org.uk/information-support/types-of-mental-health-problems/depression/self-care/,403.0,,,,,,
https://www.apa.org/topics/depression/overcoming,200.0,,,,,,
https://www.mayoclinic.org/diseases-conditions/generalized-anxiety-disorder/symptoms-causes/syc-20360803,403.0,,,,,,
https://www.who.int/news-room/fact-sheets/detail/anxiety-disorders,200.0,2026-05-13T13:12:33+00:00,,,,,
https://www.mentalhealth.com/library/managing-persistent-depression,200.0,,2025-06-05T09:33:37+00:00,2026-05-12T12:21:51+00:00,jsonld,jsonld,
https://adaa.org/learn-from-us/from-the-experts/blog-posts/consumer/why-anxiety-should-not-be-feared,403.0,,,,,,
https://www.cornellhealthcarereview.org/post/the-ethical-implications-of-gene-therapy,200.0,,2025-02-16T04:17:18.580000+00:00,2025-05-16T21:32:24.460000+00:00,jsonld,jsonld,
https://www.mentalhealth.org.uk/explore-mental-health/a-z-topics/anxiety,200.0,2026-05-13T14:51:19+00:00,,,,,
https://innovativegenomics.org/crisprpedia/crispr-ethics/,200.0,,2024-10-23T13:39:39+00:00,2025-01-21T11:34:52+00:00,jsonld,jsonld,
https://www.reddit.com/r/askscience/comments/ylpbyw/how_accurate_are_the_5_stages_of_grief_to_model/,200.0,,,,,,
https://hcpc.uth.edu/pages/wimi/anx.htm,200.0,,,,,,
https://en.wikipedia.org/wiki/Five_stages_of_grief,200.0,2026-05-08T20:40:31+00:00,2004-06-10T02:50:41+00:00,2026-05-08T20:40:31+00:00,jsonld,jsonld,
https://www.mcgill.ca/oss/article/health-history/its-time-let-five-stages-grief-die,200.0,2026-05-13T04:41:47+00:00,,,,,
https://www.helpguide.org/mental-health/depression/depression-treatment,200.0,2026-05-13T20:09:48+00:00,2018-11-02T20:45:33-07:00,2026-02-18T17:12:53-08:00,jsonld,jsonld,
https://www.cruse.org.uk/understanding-grief/effects-of-grief/five-stages-of-grief/,200.0,2026-05-13T20:09:48+00:00,2021-06-22T14:05:02+00:00,2023-09-26T15:27:01+00:00,jsonld,jsonld,
https://www.who.int/news-room/fact-sheets/detail/depression,200.0,2026-05-13T13:12:48+00:00,,,,,
https://www.nhs.uk/mental-health/conditions/depression-in-adults/treatment/,200.0,,2021-02-15T15:21:00,2025-11-12T16:51:15+00:00,og,jsonld,
https://www.mayoclinic.org/diseases-conditions/depression/diagnosis-treatment/drc-20356013,403.0,,,,,,
https://www.narrativeenneagram.org/program-calendar/,200.0,,,,,,
https://www.enneagramentrepreneur.com/blog/your-enneagram-types-word-of-the-year,200.0,,2025-11-25T03:57:00-05:00,2026-01-22T20:11:40-05:00,jsonld,jsonld,
https://www.apa.org/depression-guideline/adults,200.0,,,,,,
http://www.scholarpedia.org/article/Integrated_information_theory,200.0,,,,,,
https://my.clevelandclinic.org/health/diseases/9290-depression,200.0,,2016-11-16T14:45:13+00:00,2025-06-02T13:51:22+00:00,jsonld,jsonld,
https://eqworld.com/the-9-enneagram-types-a-comprehensive-guide-to-self-mastery-and-eq-in-2026/,202.0,,,,,,
https://enneagramspectrum.com/event/2026-summer-enneagram-spectrum-basic-training-and-certification-program-online/,200.0,,,,,,
https://www.bmj.com/content/386/bmj.q1798,403.0,,,,,,
https://my.clevelandclinic.org/health/diseases/9536-anxiety-disorders,200.0,,2023-09-07T15:30:56+00:00,2026-04-23T13:17:53+00:00,jsonld,jsonld,
https://event.fourwaves.com/act20260207,200.0,,,,,,
https://contextualscience.org/2026_preconference_workshops,200.0,2026-05-13T19:51:10+00:00,,,,,
https://pmc.ncbi.nlm.nih.gov/articles/PMC6728747/,200.0,,,,,,
https://pmc.ncbi.nlm.nih.gov/articles/PMC11150813/,200.0,,,,,,
https://stevenchayes.com/,200.0,,2022-11-22T14:53:08+00:00,2026-02-26T10:36:01+00:00,jsonld,jsonld,
https://www.abacentersnj.com/blog/stimming-and-autism/,403.0,,,,,,
https://www.domaninternational.org/blog/comprehensive-guide-to-understanding-and-reducing-stimming-in-children-with-autism,200.0,,2024-03-20T17:39:27-04:00,2024-03-27T14:13:48-04:00,jsonld,jsonld,
https://psychwire.com/harris,200.0,,,,,,
https://neuronav.org/self-determination-blog/understanding-different-stimming-behavior,200.0,2026-05-13T18:21:56+00:00,2025-03-11T13:00:00+00:00,2025-08-15T20:32:09.185000+00:00,jsonld,jsonld,
https://www.thetransmitter.org/spectrum/stimming-therapeutic-autistic-people-deserves-acceptance/,200.0,2026-05-13T20:09:51+00:00,2019-06-25T07:00:00-04:00,2024-10-01T16:09:35-04:00,jsonld,jsonld,
https://www.demandsage.com/personalization-statistics/,200.0,2026-05-13T14:49:09+00:00,2026-04-20T06:56:45+00:00,2026-04-20T06:56:48+00:00,jsonld,jsonld,
https://www.simplypsychology.org/the-myers-briggs-type-indicator.html,200.0,2026-05-13T20:09:52+00:00,2022-03-10T00:00:00+00:00,2025-10-20T08:26:41+00:00,jsonld,jsonld,
https://www.vitalscan.com/dtr_ans_overview.html,200.0,,,,,,
https://www.psychologyjunkie.com/beginners-guide-identifying-someones-myers-briggs-personality-type/,200.0,2026-05-13T20:09:52+00:00,2017-07-14T15:42:45+00:00,2023-09-28T16:58:41+00:00,jsonld,jsonld,
https://treasurescape.ca/blogs/the-treasurescape-skincare-intelligence-series/personalized-gifts-vs-mass-produced-products-why-customization-matters-in-2026,200.0,,2026-02-16T07:25:15+00:00,2026-03-06T20:18:47+00:00,jsonld,jsonld,
https://www.merckmanuals.com/home/brain-spinal-cord-and-nerve-disorders/autonomic-nervous-system-disorders/overview-of-the-autonomic-nervous-system,200.0,,2025-05-01T00:00:00,2025-07-09T00:00:00,jsonld,jsonld,
https://www.ama-assn.org/public-health/behavioral-health/what-doctors-wish-patients-knew-about-managing-anxiety-disorders,200.0,2026-05-13T20:07:52+00:00,2025-03-12T07:00:00-05:00,2025-03-12T07:00:00,jsonld,time_tag,
https://www.ncbi.nlm.nih.gov/books/NBK539845/,200.0,,,,,,
https://www.mayoclinic.org/diseases-conditions/adhd/symptoms-causes/syc-20350889,403.0,,,,,,
https://www.ncbi.nlm.nih.gov/books/NBK542195/,200.0,,,,,,
https://www.hopkinsmedicine.org/health/conditions-and-diseases/adhdadd,403.0,,,,,,
https://www.nimh.nih.gov/health/publications/attention-deficit-hyperactivity-disorder-what-you-need-to-know,200.0,,,,,,
https://www.iowaclinic.com/specialties/primary-care/pediatrics/18-early-warning-signs-of-adhd-you-can-observe-in-your-children/,200.0,,2025-04-24T08:00:00-05:00,2025-04-24T13:51:45.627000-05:00,jsonld,jsonld,
https://www.betterhealth.vic.gov.au/health/conditionsandtreatments/depression-treatment-and-management,200.0,,2001-02-28T00:00:00,,dc,,
https://childmind.org/article/how-to-tell-if-your-daughter-has-adhd/,200.0,2026-04-03T09:45:22+00:00,2016-02-19T16:55:55+00:00,2026-04-03T13:45:22+00:00,jsonld,jsonld,
https://drcarolinebuzanko.com/what-are-the-16-common-adhd-signs-to-watch-for-in-children/,202.0,,,,,,
https://www.myersbriggs.org/unique-features-of-myers-briggs/type-dynamics-overview/,200.0,,2023-07-20T08:00:00+08:00,2023-07-20T09:20:00+08:00,jsonld,jsonld,
https://www.engadget.com/apps/best-meditation-app-140047993.html,200.0,,2024-03-22T14:00:47+00:00,2026-03-13T12:00:35+00:00,jsonld,jsonld,
https://www.hercampus.com/school/queens-u/beginners-guide-to-the-myers-briggs-personality-test/,200.0,2026-05-13T20:09:53+00:00,2023-01-18T17:36:24-05:00,2023-01-18T17:36:32-05:00,jsonld,jsonld,
https://apps.apple.com/us/app/plum-village-mindfulness/id1273719339,200.0,,2021-05-19T22:09:45+00:00,,time_tag,,
https://www.webmd.com/balance/what-is-vipassana-meditation,200.0,,2022-08-29T10:52:00,2024-11-13T00:00:00,jsonld,jsonld,
https://arjun-vegeta.medium.com/vipassana-retreats-are-useful-if-you-can-ignore-the-culty-bits-f25711bcab58,200.0,,2026-02-04T04:39:27+00:00,2026-02-04T04:39:27+00:00,jsonld,jsonld,
https://mymeditatemate.com/blogs/meditation/my-second-10-day-vipassana-course-was-it-worth-it,200.0,,2022-12-21T16:50:15+00:00,2024-08-07T10:41:54+00:00,jsonld,jsonld,
https://time.com/article/2026/04/09/america-moral-injury-pandemic/,406.0,,,,,,
https://traumajournal.substack.com/p/polyvagal-theory-is-under-fire,200.0,,2026-02-19T00:53:35+00:00,2026-02-19T00:53:35+00:00,jsonld,jsonld,
https://www.frontiersin.org/journals/psychiatry/articles/10.3389/fpsyt.2026.1735265/full,200.0,,2026-03-02T00:00:00,2026-05-13T00:00:00,jsonld,jsonld,
https://papers.aarweb.org/papers-session/113159-moral-injury-and-imagining-hopeful-future,200.0,,,,,,
https://pmc.ncbi.nlm.nih.gov/articles/PMC12937496/,200.0,,,,,,
https://pmc.ncbi.nlm.nih.gov/articles/PMC12558566/,200.0,,,,,,
https://www.reddit.com/r/vipassana/comments/1n6sypw/future_of_goenka_vipassana/,200.0,,,,,,
https://training.cibhs.org/products/2026-02-03_Witnessing-Injustice-Understanding-Moral-Injury-and-the-Path-to-Repair.aspx,200.0,,,,,,
https://www.theshirtcompany.com/blogs/news/growth-without-the-grind-setting-goals-that-support-your-nervous-system-in-2026,200.0,,2026-01-02T17:01:30+00:00,2026-01-02T17:01:36+00:00,jsonld,jsonld,
https://mcaft.com/ifs-and-polyvagal-theory-march2026,200.0,,,,,,
https://kendranicole.net/personality-series-a-beginners-guide-to-myers-briggs/,200.0,,2017-02-08T13:00:58+00:00,2017-02-08T15:46:36+00:00,og,og,
https://ornamentshop.com/blogs/gifting-guides/how-long-does-personalization-take-ornament-customization-timeline-explained,200.0,,2025-10-09T14:48:22-05:00,2025-10-09T14:48:34-05:00,jsonld,jsonld,
https://help.us.puma.com/hc/en-us/articles/38743204103707-How-long-does-it-take-to-personalize-a-jersey,200.0,,,,,,
https://www.frontiersin.org/journals/public-health/articles/10.3389/fpubh.2024.1329596/full,200.0,,2024-07-03T00:00:00,2026-05-13T00:00:00,jsonld,jsonld,
https://anniewright.com/fawn-response/,200.0,2026-05-13T20:09:57+00:00,2026-03-16T16:02:24+00:00,2026-05-05T20:14:29+00:00,jsonld,jsonld,
https://www.psychologytoday.com/us/blog/the-hope-circuit/202604/polyvagal-theory-has-not-been-debunked,200.0,2026-04-14T17:31:11+00:00,2026-04-14T13:31:11-04:00,2026-04-14T13:31:11-04:00,jsonld,jsonld,
https://lifestance.com/blog/centanafadine-new-adhd-medication-2026/,403.0,,,,,,
https://www.psychologytoday.com/us/blog/bipoc-mental-health/202504/demystifying-the-fawn-response,200.0,2025-06-05T22:35:54+00:00,2025-04-22T14:37:26-04:00,2025-06-05T18:35:54-04:00,jsonld,jsonld,
https://lifestance.com/blog/3-types-of-adhd-2026-brain-scan-research/,403.0,,,,,,
https://cptsdfoundation.org/2025/06/05/fawn-response-the-trauma-survival-pattern-thats-mistaken-for-kindness/,200.0,2026-05-12T17:20:57+00:00,,,,,
https://my.clevelandclinic.org/health/articles/25170-attachment-styles,200.0,,2023-08-08T19:59:26+00:00,2026-02-13T14:44:35+00:00,jsonld,jsonld,
https://www.simplypsychology.org/disorganized-attachment.html,200.0,2026-05-13T16:31:22+00:00,2026-05-13T00:00:00,2026-05-13T00:00:00,jsonld,jsonld,
https://anniewright.com/fawn-response-driven-women-childhood/,200.0,2026-05-13T20:09:58+00:00,2026-04-12T13:06:32+00:00,2026-05-05T18:58:02+00:00,jsonld,jsonld,
https://www.thecentreforhealing.com/blog/the-horrifying-effects-of-vipassana-meditation-retreats,200.0,,,,,,
https://www.resiliencelab.us/thought-lab/disorganized-attachment-style,200.0,2026-05-12T15:37:10+00:00,,,,,
https://www.reddit.com/r/Disorganized_Attach/comments/gdj7jr/some_signs_you_may_have_the_disorganized/,200.0,,,,,,
https://www.additudemag.com/new-year-2026/,200.0,,2025-12-30T12:55:52-05:00,2026-01-29T20:54:56-05:00,jsonld,jsonld,
https://www.helpguide.org/family/parenting/attachment-issues-in-children,200.0,2026-05-13T20:09:59+00:00,2023-06-05T12:24:11-07:00,2026-02-19T15:51:07-08:00,jsonld,jsonld,
https://supportivetherapy.ca/therapy-guides/disorganized-attachment/,200.0,,,2026-02-04T21:00:51+00:00,,og,
https://www.traumatherapistinstitute.com/blog/response-to-grossman-polyvagal-theory-critique,200.0,,2026-04-23T20:03:59+00:00,2026-04-23T20:03:59.091000+00:00,jsonld,jsonld,
https://reachlink.com/advice/childhood-trauma/fawning-response-in-adults/,200.0,,2026-05-08T11:29:42-04:00,2026-05-08T11:29:42-04:00,jsonld,jsonld,
https://www.ebsco.com/research-starters/health-and-medicine/vicarious-traumatization-vt,200.0,,,,,,
https://pmc.ncbi.nlm.nih.gov/articles/PMC10240641/,200.0,,,,,,
https://cfch.com.au/vicarious-trauma-vs-burnout-vs-compassion-fatigue/,200.0,2026-05-13T04:33:48+00:00,2025-07-02T11:33:48+10:00,2025-07-02T11:34:28+10:00,jsonld,jsonld,
http://vtpat.org.au/about-vt/,200.0,,,,,,
https://health.clevelandclinic.org/vicarious-trauma,200.0,2026-05-13T20:10:00+00:00,2024-04-22T10:45:00+00:00,,jsonld,,
https://www.jcmh.org/what-is-vicarious-trauma/,200.0,,2022-12-28T22:29:36+00:00,2023-08-07T21:57:30+00:00,jsonld,jsonld,
https://ovc.ojp.gov/program/vtt/what-is-vicarious-trauma,200.0,2026-05-12T15:15:48+00:00,,,,,
https://northmemorial.com/stages-of-grief-and-loss-why-healing-isnt-linear/,200.0,,2025-12-15T21:14:42+00:00,2026-04-15T19:38:05+00:00,jsonld,jsonld,
https://americanaddictioncenters.org/ketamine-abuse,403.0,,,,,,
https://www.ahu.edu/blog/what-is-vicarious-trauma,200.0,2026-05-13T19:55:38+00:00,2019-11-12T12:00:00+00:00,,time_tag,,
https://politicaldictionary.com/words/k-street/,200.0,,2026-04-21T15:12:45-05:00,2026-04-21T15:12:45-05:00,jsonld,jsonld,
https://www.health.harvard.edu/mind-and-mood/5-stages-of-grief-coping-with-the-loss-of-a-loved-one,200.0,,2023-12-12T00:00:00-05:00,,jsonld,,
https://usafacts.org/articles/how-many-voters-cast-ballots-early-and-by-mail/,200.0,2026-05-13T20:10:01+00:00,2024-11-05T22:03:23.663000+00:00,2025-09-08T00:00:00+00:00,jsonld,jsonld,
https://www.triphacksdc.com/washington-dc-sayings/,202.0,,,,,,
https://www.ncsl.org/elections-and-campaigns/voting-outside-the-polling-place,403.0,,,,,,
https://www.addictioncenter.com/drugs/hallucinogens/ketamine/,200.0,,2014-03-21T04:00:00+00:00,2025-09-04T15:11:04+00:00,jsonld,jsonld,
https://www.usa.gov/absentee-voting,200.0,2026-05-13T14:27:10+00:00,,,,,
https://electionlab.mit.edu/research/voting-mail-and-absentee-voting,200.0,2026-05-13T15:55:50+00:00,,,,,
https://adf.org.au/drug-facts/ketamine/,200.0,,2025-05-01T14:00:00+00:00,2025-05-01T14:00:00+00:00,jsonld,jsonld,
https://chadd.org/weekly-editions/adhd-in-the-news-2026-01-22/,200.0,,2026-01-22T21:33:11+00:00,2026-01-22T21:35:41+00:00,jsonld,jsonld,
https://www.gisreportsonline.com/r/hard-soft-power/,200.0,2026-01-16T15:33:32+00:00,2025-11-14T08:00:00+01:00,2025-11-14T08:23:20+01:00,jsonld,jsonld,
https://complyadvantage.com/insights/four-us-regulatory-trends-for-2026-for-compliance-leaders/,200.0,2026-03-19T10:44:59+00:00,2026-03-19T10:43:35+00:00,2026-03-19T10:44:59+00:00,jsonld,jsonld,
https://constitution.heritage.org/essays/a6-c2/,403.0,,,,,,
https://www.ebsco.com/research-starters/social-sciences-and-humanities/soft-and-hard-power,200.0,,,,,,
https://fueledschools.org/blog/understanding-attachment-styles-disorganized,200.0,,,,,,
https://www.fletcherforum.org/home/6/28/2024/in-a-hard-power-world-dont-forget-soft-power-the-future-of-american-attraction,200.0,,2024-06-28T11:06:34-06:00,2024-07-10T17:42:13-06:00,jsonld,jsonld,
https://depthcounseling.org/blog/7-stages-of-grief,202.0,,,,,,
https://www.brennancenter.org/our-work/policy-solutions/six-solutions-fix-supreme-court,200.0,2026-05-13T19:19:45+00:00,2026-04-28T06:45:00-04:00,,meta,,
https://bendbulletin.com/2026/05/11/california-appeals-court-ruling-could-undermine-new-oregon-mask-law-for-federal-agents/,200.0,,2026-05-11T18:01:01+00:00,,jsonld,,
https://www.law.cornell.edu/constitution-conan/article-6/clause-2/supremacy-clause-current-doctrine,200.0,2023-07-03T16:09:34+00:00,,,,,
https://americansforprosperity.org/policy-corner/what-2025s-regulatory-shifts-tell-us-and-what-to-watch-in-2026/,200.0,,2026-02-03T17:55:59+00:00,,jsonld,,
https://www.housecallpro.com/resources/how-to-price-pressure-washing-jobs/,200.0,,2026-03-09T21:24:42+00:00,2026-03-09T21:28:39+00:00,jsonld,jsonld,
https://dc.suffolk.edu/suls-faculty/332/,200.0,,,,,,
https://carnegieendowment.org/posts/2024/07/un-reform-security-council-charter-nonamendment-veto,200.0,,2024-07-15T00:00:00,2026-02-26T15:45:59.470000+00:00,jsonld,og,
https://en.wikipedia.org/wiki/Reform_of_the_United_Nations_Security_Council,200.0,2026-05-12T23:21:44+00:00,,,,,
https://www.promarket.org/2025/11/05/the-new-geoeconomics-of-hard-power-requires-new-tools-will-europe-update/,200.0,,2025-11-05T11:00:00+00:00,2025-11-04T03:11:46+00:00,jsonld,jsonld,
https://lawforseniors.org/lifelong-legal-learning/the-supremacy-clause,200.0,2026-05-13T20:10:04+00:00,2017-02-02T14:01:27-07:00,2026-02-25T00:00:00,jsonld,jsonld,
https://www.reddit.com/r/europeanunion/comments/1myuh36/why_does_the_eu_commission_exist/,200.0,,,,,,
https://anzmoralinjuryconference.com.au/call-for-abstracts/,200.0,,,,,,
https://www.acslaw.org/expertforum/the-next-revolution-in-constitutional-law/,200.0,,2026-02-26T11:32:19-05:00,2026-02-26T16:55:56-05:00,jsonld,jsonld,
https://en.wikipedia.org/wiki/European_Commission,200.0,2026-05-13T11:09:05+00:00,,,,,
https://www.auswaertiges-amt.de/en/aussenpolitik/internationale-organisationen/vereintenationen/reformsr-fragen-231618,200.0,,,,,,
https://european-union.europa.eu/institutions-law-budget/institutions-and-bodies/search-all-eu-institutions-and-bodies/european-commission_en,200.0,,,2026-01-30T09:54:53+01:00,,jsonld,
https://www.britannica.com/topic/European-Commission,200.0,,2013-12-30T00:00:00+00:00,2026-05-07T00:00:00+00:00,jsonld,jsonld,
https://en.wikipedia.org/wiki/International_financial_institutions,200.0,2026-05-11T22:19:20+00:00,2006-08-09T15:29:04+00:00,2026-03-04T18:53:58+00:00,jsonld,jsonld,
https://institute.global/insights/geopolitics-and-security/moving-forward-path-to-better-post-brexit-relationship-between-uk-eu,200.0,,2023-06-22T00:00:00+00:00,,jsonld,,
https://geneticliteracyproject.org/2020/11/09/how-do-you-make-a-gmo-fdas-step-by-step-guide-to-genetically-engineering-a-crop/,403.0,,,,,,
https://www.reddit.com/r/askasia/comments/16lny5k/if_a_war_breaks_out_across_the_taiwan_strait_what/,200.0,,,,,,
https://www.csis.org/analysis/lessons-ukraine-conflict-modern-warfare-age-autonomy-information-and-resilience,200.0,2026-05-13T20:06:46+00:00,,2025-05-02T09:14:58-04:00,,jsonld,
https://www.cfr.org/articles/why-china-would-struggle-invade-taiwan,200.0,2026-05-13T20:10:05+00:00,2023-08-22T16:24:00-04:00,2023-08-22T16:24:00-04:00,jsonld,jsonld,
https://passblue.com/2025/01/14/security-council-reform-when-and-how-it-can-be-done/,200.0,2026-05-13T19:02:46+00:00,2025-01-14T13:27:28-05:00,2025-01-16T10:52:37-05:00,jsonld,jsonld,
https://statecourtreport.org/our-work/analysis-opinion/state-efforts-allow-lawsuits-against-federal-officials-gain-speed,200.0,2026-05-13T15:51:59+00:00,2026-04-06T12:00:00+00:00,,time_tag,,
https://statecourtreport.org/our-work/analysis-opinion/legislative-efforts-abolish-qualified-immunity-yield-mixed-results,200.0,2026-05-13T15:56:19+00:00,2024-05-30T12:00:00+00:00,,time_tag,,
https://study.com/academy/lesson/video/the-world-bank-imf-other-international-banking-organizations.html,200.0,,,,,,
https://www.vice.com/en/article/developing-nations-now-have-an-alternative-to-the-world-bank-and-the-imf/,200.0,,2014-07-15T23:30:00+00:00,2024-07-29T17:36:00+00:00,jsonld,jsonld,
https://ij.org/qualified-immunity-state-reforms/,403.0,,,,,,
https://poliscore.us/2026/bill/s/122,200.0,,,,,,
https://mickryan.substack.com/p/how-ukraine-has-changed-the-character,200.0,,2025-02-22T03:06:35+00:00,2025-02-22T03:06:35+00:00,jsonld,jsonld,
https://www.rand.org/pubs/research_briefs/RBA3141-1.html,200.0,,2025-05-22T13:00:00+00:00,2025-05-16T20:21:17.102000+00:00,jsonld,jsonld,
https://origins.osu.edu/read/taiwan-strait-conflict,200.0,,2024-04-08T23:33:43+00:00,,time_tag,,
https://www.britannica.com/event/Russia-Ukraine-War,200.0,,2023-02-16T00:00:00+00:00,2026-05-13T00:00:00+00:00,jsonld,jsonld,
https://electionlab.mit.edu/articles/cost-ranked-choice-voting,200.0,2026-05-13T16:07:30+00:00,2018-07-27T12:00:00+00:00,,time_tag,,
https://cisac.fsi.stanford.edu/news/eight-things-know-about-russia-ukraine-war,200.0,2026-05-13T19:47:38+00:00,2026-02-23T12:00:00+00:00,2026-02-23T14:09:34+00:00,time_tag,meta,
https://www.cfr.org/global-conflict-tracker/conflict/conflict-ukraine,200.0,2026-05-13T20:10:07+00:00,2026-02-24T22:07:47,2026-02-24T22:07:47,jsonld,jsonld,
https://en.wikipedia.org/wiki/Russo-Ukrainian_war,200.0,2026-05-13T16:04:50+00:00,,,,,
https://www.justlyprudent.com/news/justly-prudent-supports-passage-of-qualified-immunity-abolition-act-civil-rights-accountability,200.0,,,,,,
https://www.scribd.com/document/990975276/4-membershipandaccession,200.0,,,,,,
https://en.wikipedia.org/wiki/Member_states_of_the_World_Trade_Organization,200.0,2026-05-13T00:30:50+00:00,2007-03-16T15:04:22+00:00,2026-04-02T00:08:07+00:00,jsonld,jsonld,
https://www.scribd.com/document/430194278/Article-12-Process,200.0,,,,,,
https://www.ncsl.org/elections-and-campaigns/ranked-choice-voting-in-practice-implementation-considerations-for-policymakers,403.0,,,,,,
https://fairvote.org/our-reforms/ranked-choice-voting-information/,200.0,2026-05-07T12:59:28+00:00,2022-08-30T15:03:10+00:00,2026-04-24T20:51:07+00:00,jsonld,jsonld,
https://en.wikipedia.org/wiki/Proposed_expungements_of_the_impeachments_of_Donald_Trump,403.0,,,,,,
https://en.wikipedia.org/wiki/Ranked-choice_voting_in_the_United_States,200.0,2026-05-13T15:32:19+00:00,,,,,
https://en.wikipedia.org/wiki/Efforts_to_impeach_Donald_Trump,200.0,2026-05-12T23:31:17+00:00,,,,,
https://www.usa.gov/impeachment,200.0,2026-05-13T14:27:17+00:00,,,,,
https://www.bakerlaw.com/insights/courts-revisit-the-rules-for-section-501c4-political-activity-and-exempt-status/,200.0,,2025-11-19T20:28:26+00:00,2025-11-19T20:28:30+00:00,jsonld,jsonld,
https://ustr.gov/about-us/policy-offices/press-office/blog/2009/november/joining-wto,200.0,2026-05-13T20:10:08+00:00,,,,,
https://www.everycrsreport.com/reports/R41110.html,200.0,2025-05-05T07:18:58+00:00,2010-03-15T00:00:00-04:00,2011-04-04T00:00:00-04:00,jsonld,jsonld,
https://www.heritage.org/political-process/heritage-explains/why-its-highly-likely-the-house-will-impeach-trump,403.0,,,,,,
https://en.wikipedia.org/wiki/Trauma_in_the_Russian_invasion_of_Ukraine,403.0,,,,,,
https://www.irs.gov/newsroom/irs-releases-tax-inflation-adjustments-for-tax-year-2026-including-amendments-from-the-one-big-beautiful-bill,200.0,2026-05-13T19:54:44+00:00,,,,,
https://www.zeffy.com/blog/501c4-for-nonprofits,200.0,2026-05-13T17:34:39+00:00,2024-05-12T00:00:00,2026-04-20T00:00:00,jsonld,jsonld,
https://casten.house.gov/impeachment-2025,200.0,,,,,,
https://pmc.ncbi.nlm.nih.gov/articles/PMC11407378/,200.0,,,,,,
https://www.who.int/europe/news/item/04-07-2025-community-views-inform-health-system-recovery-in-war-affected-areas-of-ukraine,200.0,2026-05-13T11:34:44+00:00,,,,,
https://en.wikipedia.org/wiki/2028_United_States_presidential_election,200.0,2026-05-13T18:14:06+00:00,,,,,
https://www.americanimmigrationcouncil.org/blog/senate-pushes-70-billion-funding-ice-cbp-accountability-measures/,403.0,,,,,,
https://www.britannica.com/procon/Electoral-College-debate,200.0,,2024-10-29T00:00:00+00:00,,jsonld,,
https://www.brookings.edu/articles/how-2026s-divisive-immigration-politics-could-lead-to-a-solution-down-the-road/,200.0,2026-05-13T20:10:09+00:00,2026-04-07T12:55:01+00:00,,jsonld,,
https://ihpl.llu.edu/blog/impact-war-ukraine-environment-and-health,200.0,2026-05-13T20:01:05+00:00,2024-07-15T00:00:00,2024-07-15T00:00:00,og,og,
https://www.goodrx.com/insurance/aca/aca-tiers-of-coverage,403.0,,,,,,
https://forumtogether.org/article/policy-bulletin-friday-may-1-2026/,200.0,,2026-05-01T16:31:21+00:00,2026-05-01T16:34:29+00:00,jsonld,jsonld,
https://forumtogether.org/article/policy-bulletin-friday-march-13-2026/,200.0,,2026-03-13T17:49:32+00:00,2026-03-13T17:49:36+00:00,jsonld,jsonld,
https://thenevadaindependent.com/article/nevada-democrats-will-not-use-any-apps-in-its-first-in-the-west-caucus-still-evaluating-path-forward,200.0,,2020-02-06T21:30:06,2020-02-06T21:30:06,jsonld,jsonld,
https://www.pewresearch.org/short-reads/2024/09/25/majority-of-americans-continue-to-favor-moving-away-from-electoral-college/,200.0,,2024-09-25T14:00:29-04:00,2025-11-11T16:30:18-05:00,jsonld,jsonld,
https://www.elibrary.imf.org/view/journals/001/2024/207/article-A001-en.xml,200.0,,2024-09-27T00:00:00,,og,,
https://en.wikipedia.org/wiki/Affordable_Care_Act,200.0,2026-05-13T00:12:22+00:00,,,,,
https://www.wola.org/2026/04/u-s-mexico-border-update-migration-data-dhs-shutdown-and-new-management-abuses-in-ice-custody-border-walls/,200.0,2026-05-13T20:10:10+00:00,2026-04-03T14:19:26+00:00,2026-04-04T12:07:31+00:00,jsonld,jsonld,
https://www.healthcare.gov/coverage/what-marketplace-plans-cover/,200.0,2026-05-06T22:46:48+00:00,,,,,
https://www.thompsonhinesmartrade.com/2026/03/ustr-releases-president-trumps-2026-trade-policy-agenda-and-2025-annual-report/,403.0,,,,,,
https://www.pbs.org/newshour/politics/presidential-caucuses-are-complicated-why-do-some-states-use-them,200.0,2026-05-13T20:10:10+00:00,2020-01-09T19:00:50-04:00,,og,,
https://kpmg.com/us/en/articles/2026/global-trade-outlook-2026.html,200.0,2026-05-13T19:17:13+00:00,2026-03-03T00:00:00,2026-03-03T00:00:00,jsonld,jsonld,
https://www.cfr.org/articles/trade-trends-watch-2026,200.0,2026-05-13T20:10:11+00:00,2026-01-12T10:13:49-05:00,2026-01-12T10:13:49-05:00,jsonld,jsonld,
https://www.russiamatters.org/analysis/four-years-russias-invasion-western-experts-see-putins-aims-largely-unchanged-prospects,403.0,,,,,,
https://www.uhone.com/health-and-wellness/health-insurance/the-affordable-care-act-aca-what-it-s-all-about,200.0,2026-05-12T07:58:12+00:00,,,,,
https://www.theguardian.com/world/2026/may/11/why-is-putin-now-talking-about-the-war-in-ukraine-coming-to-an-end,200.0,,2026-05-11T17:32:32+00:00,2026-05-11T22:22:25+00:00,jsonld,jsonld,
https://www.cfr.org/articles/securing-ukraines-future-adapting-to-new-realities-after-four-years-of-war,200.0,2026-05-13T20:10:11+00:00,2026-02-24T10:09:34-05:00,2026-02-24T10:09:34-05:00,jsonld,jsonld,
https://practiceguides.chambers.com/practice-guides/international-trade-2026/usa/trends-and-developments,200.0,2026-05-13T20:10:11+00:00,,,,,
https://www.c2es.org/content/congress-climate-history/,200.0,,2021-01-05T21:35:39+00:00,2025-09-17T22:04:27+00:00,jsonld,jsonld,
https://world-nuclear.org/information-library/energy-and-the-environment/policy-responses-to-climate-change,200.0,,,,,,
https://www.pagefield.co.uk/news-insight/five-trade-trends-to-watch-out-for-in-2026/,200.0,2026-05-13T20:00:03+00:00,2026-01-14T11:30:14+00:00,2026-02-27T14:48:49+00:00,jsonld,jsonld,
https://info.nystateofhealth.ny.gov/stay-covered,403.0,,,,,,
https://www.nesthealth.com/blog/how-to-apply-for-medicaid,200.0,,2026-01-30T07:56:13-05:00,2026-02-10T12:12:46-05:00,jsonld,jsonld,
https://www.theparliamentmagazine.eu/partner/article/how-technology-neutrality-could-reshape-europes-transport-future,200.0,,2026-05-06T12:08:28,2026-05-12T07:59:53,og,og,
https://iapp.org/news/a/openai-grants-european-commission-access-to-new-model-as-eu-considers-frontier-ai-cybersecurity-risks,200.0,,2026-05-12T15:14:47.206000+00:00,2026-05-12T16:59:52.915000+00:00,jsonld,jsonld,
https://eurometal.net/protecting-europes-steel-value-chain-strategic-debate-on-steel-derivatives-held-at-the-european-parliament/,200.0,,2026-05-11T11:17:17+02:00,2026-05-11T14:07:42+02:00,jsonld,jsonld,
https://commission.europa.eu/european-citizens-initiative/hearing-european-parliament-stop-destroying-videogames-european-citizens-initiative-2026-04-16_en,200.0,,,,,,
https://www.imf.org/en/publications/fandd/issues/2023/06/challenge-of-export-controls-chad-bown,403.0,,,,,,
https://cadeproject.org/updates/eu-meps-to-scrutinise-ai-security-risks-and-enforcement-gaps-in-eu-rules/,200.0,,,2026-05-06T11:40:38+00:00,,og,
https://constitution.congress.gov/browse/essay/artI-S3-C6-1/ALDE_00000036/,403.0,,,,,,
https://pacis.unpar.ac.id/can-money-buy-peoples-hearts-and-minds-review-of-cross-strait-economic-and-security-issues/,200.0,,2026-03-11T00:00:00,,time_tag,,
https://www.cato.org/policy-analysis/what-happens-united-states-leaves-wto,200.0,,,,,,
https://www.europarl.europa.eu/news/en/agenda,200.0,2026-05-13T18:10:35+00:00,2026-05-12T09:09:16,,time_tag,,
https://www.weforum.org/stories/2016/08/would-a-us-exit-from-the-wto-unravel-global-trade/,403.0,,,,,,
https://fairvote.org/archives/open-and-closed-primaries/,200.0,2026-05-13T20:09:34+00:00,2022-10-03T20:11:50+00:00,2026-04-10T19:22:47+00:00,jsonld,jsonld,
https://help.unhcr.org/usa/applying-for-asylum/types-of-asylum/,200.0,,,,,,
https://tradebetablog.wordpress.com/2019/12/11/wto-deals-problem-measures/,200.0,2026-05-13T20:10:13+00:00,2019-12-11T18:17:19+00:00,2024-10-29T11:08:41+00:00,og,og,
https://www.independentcenter.org/articles/open-primaries-reduce-political-polarization----and-the-science-proves-it,200.0,2026-05-13T20:10:13+00:00,2026-05-01T00:00:00,2026-05-01T19:53:07.578000+00:00,jsonld,jsonld,
https://www.trade.gov/trade-guide-wto-safeguards,200.0,2026-05-13T15:28:30+00:00,,,,,
https://bmjopen.bmj.com/content/15/2/e089356,403.0,,,,,,
https://protectdemocracy.org/work/how-did-we-get-here-primaries-polarization-and-party-control/,200.0,,2023-10-12T20:27:56+00:00,2025-10-16T20:37:52+00:00,jsonld,jsonld,
https://bipartisanpolicy.org/report/the-effect-of-open-primaries-on-turnout-and-representation/,200.0,2026-05-13T18:17:55+00:00,2024-10-30T20:18:27+00:00,2026-04-16T20:00:41+00:00,jsonld,jsonld,
https://www.landerholmimmigration.com/blog/2025/november/steps-to-apply-for-asylum-in-the-u-s-a-beginner-/,200.0,,2025-11-02T00:00:00,2025-08-01T00:00:00,jsonld,jsonld,
https://eurometal.net/meps-urge-commission-to-reassess-cbam-for-ukraine/,200.0,,2026-05-08T07:36:58+02:00,2026-05-08T07:36:58+02:00,jsonld,jsonld,
https://pmc.ncbi.nlm.nih.gov/articles/PMC12685176/,200.0,,,,,,
https://today.usc.edu/top-two-open-primary-elections-less-extreme-lawmakers-usc-study/,200.0,,2020-05-14T22:19:24+00:00,2023-09-19T16:50:41+00:00,jsonld,jsonld,
https://ballotpedia.org/Arguments_for_and_against_closed_primaries,200.0,2026-05-13T19:47:59+00:00,,,,,
https://pmc.ncbi.nlm.nih.gov/articles/PMC12847686/,200.0,,,,,,
https://en.wikipedia.org/wiki/Fourteenth_Amendment_to_the_United_States_Constitution,403.0,,,,,,
https://en.wikipedia.org/wiki/Living_Constitution,403.0,,,,,,
https://www.reddit.com/r/AskAnAmerican/comments/ibt63c/do_you_feel_the_constitution_is_a_living/,200.0,,,,,,
https://www.whitehouse.gov/fact-sheets/2026/05/2026-national-drug-control-strategy-fact-sheet/,200.0,,2026-05-04T18:38:39+00:00,2026-05-04T19:05:21+00:00,jsonld,jsonld,
https://publichealthcollaborative.org/alerts/federal-harm-reduction-cuts-loom-amid-calls-for-a-ban-on-opioid-like-substances/,200.0,,2026-05-01T15:51:21+00:00,,time_tag,,
https://www.ebsco.com/research-starters/law/living-constitution,200.0,,,,,,
https://indianacitizen.org/voted-most-significant-reconstruction-eras-14th-amendment-transformed-america-expert-says/,200.0,2026-05-13T18:08:50+00:00,2026-05-08T01:00:18-04:00,2026-05-13T01:05:53-04:00,jsonld,jsonld,
https://drugfree.org/drug-and-alcohol-news/ondcp-releases-2026-national-drug-control-strategy/,403.0,,,,,,
https://www.oiip.ac.at/publikation/the-war-in-ukraine-the-moment-of-truth-in-2026/,200.0,,2026-01-28T11:00:00,,time_tag,,
https://thehilltoponline.com/2026/04/13/trump-v-barbara-the-future-of-the-14th-amendment/,200.0,,2026-04-13T09:03:00-04:00,2026-04-13T08:48:48-04:00,jsonld,jsonld,
https://content.govdelivery.com/accounts/CASCCPHD/bulletins/40ff4f9,200.0,,,,,,
https://www.heritage.org/border-security/heritage-explains/what-immigration-reform-should-look,403.0,,,,,,
https://rcusa.org/resources/asylum-process/,200.0,,2023-12-20T13:51:35+00:00,2024-02-07T15:09:29+00:00,jsonld,jsonld,
https://www.americanprogress.org/article/comprehensive-immigration-reform-helps-workers-and-the-economy/,200.0,2026-05-13T20:10:16+00:00,2010-01-21T14:00:00+00:00,2010-01-21T14:00:00+00:00,jsonld,jsonld,
https://www.unodc.org/LSS/Announcement/Details/e69b2ff5-5b91-4eea-8e1f-802ca7ad5080,200.0,,,,,,
https://www.opensocietyfoundations.org/explainers/why-does-us-need-immigration-reform,200.0,2026-05-13T20:10:17+00:00,,,,,
https://www.pbs.org/newshour/classroom/daily-news-lessons/2026/03/checks-and-balances-arent-working-under-trump-growing-majority-says,200.0,,2026-03-16T20:50:00+00:00,2026-03-28T19:57:57+00:00,jsonld,jsonld,
https://www.ojp.gov/ncjrs/virtual-library/abstracts/traffic-stops-police-powers-under-fourth-amendment,200.0,2026-05-13T20:10:16+00:00,,,,,
https://www.goodwinlaw.com/en/insights/publications/2025/12/insights-otherindustries-the-supreme-court-considers-presidential-authority,200.0,,2025-12-10T00:00:00,2026-04-07T00:00:00,jsonld,jsonld,
https://www.aila.org/blog/the-many-benefits-of-immigration-reform,200.0,,,,,,
https://en.wikipedia.org/wiki/Trump_v._United_States,200.0,2026-05-11T22:25:02+00:00,,,,,
https://statecourtreport.org/our-work/analysis-opinion/federalism-and-state-constitutional-rights-2026,200.0,2026-05-13T15:46:48+00:00,2026-01-15T12:00:00+00:00,,time_tag,,
https://www.brookings.edu/articles/how-to-achieve-the-balanced-immigration-policy-americans-want/,200.0,2026-05-13T20:10:17+00:00,2025-08-27T18:00:56+00:00,,jsonld,,
https://www.brennancenter.org/our-work/analysis-opinion/fair-weather-federalism-strategic-uses-10th-amendment,200.0,2026-05-13T19:20:35+00:00,2022-07-05T16:41:13-04:00,,meta,,
https://www.ilcm.org/latest-news/comprehensive-immigration-reform/,200.0,,2019-06-12T16:00:50+00:00,2019-06-12T16:03:57+00:00,jsonld,jsonld,
https://constitution.findlaw.com/amendment10.html,200.0,2026-05-13T20:10:18+00:00,2016-04-04T20:33:53-05:00,2024-08-01T14:19:13-05:00,jsonld,jsonld,
https://en.wikipedia.org/wiki/Economic_effects_of_Brexit,200.0,2026-05-13T11:46:54+00:00,2017-04-14T09:30:39+00:00,2026-04-25T21:52:01+00:00,jsonld,jsonld,
https://ukandeu.ac.uk/brexits-impact-on-the-uk-economy/,200.0,2026-05-13T15:37:56+00:00,2025-12-04T11:52:32+00:00,,jsonld,,
https://www.reaganlibrary.gov/education/lesson-plans/high-school/constitutional-amendments/constitutional-amendments-amendment-10,200.0,2026-05-13T19:18:17+00:00,,,,,
https://carnegieendowment.org/research/2024/08/united-states-immigration-reform-evidence,200.0,,2024-08-28T00:00:00,2025-12-04T02:53:03.163000+00:00,jsonld,og,
https://www.bushcenter.org/publications/reforming-our-immigration-system,200.0,,2025-01-13T00:00:00,2025-01-15T16:03:52+00:00,time_tag,og,
https://www.communitysolutions.com/resources/federal-government-continues-to-undermine-harm-reduction-progress,200.0,2026-05-13T20:10:19+00:00,,,,,
https://ballotpedia.org/The_Checks_and_Balances_Letter:_January_2026,200.0,2026-05-13T19:55:18+00:00,,,,,
https://lawreview.uchicago.edu/print-archive/original-fourth-amendment,200.0,,2016-11-13T12:00:00+00:00,,time_tag,,
https://www.bushcenter.org/publications/the-system-of-checks-and-balances-limits-the-power-of-the-three-branches-of-government,200.0,,2026-04-09T00:00:00,2026-04-09T18:57:03+00:00,time_tag,og,
https://www.migrationpolicy.org/topics/comprehensive-immigration-reform,200.0,2026-05-13T20:10:17+00:00,,,,,
https://cantatahealth.com/resource/blog/2025-trends-recap-behavioral-health-progress-setbacks-and-the-road-to-2026/,200.0,,2025-12-17T21:22:45+00:00,2025-12-22T22:14:38+00:00,jsonld,jsonld,
https://freedomhouse.org/country/united-states/freedom-world/2026,200.0,2026-05-12T21:46:45+00:00,2026-03-18T17:10:00,2026-03-19T00:08:00,jsonld,jsonld,
https://www.aapc.com/blog/93688-2026-outlook-behavioral-health-and-drug-dependence/,200.0,,2026-01-02T16:33:05+00:00,2026-01-02T16:33:07+00:00,jsonld,jsonld,
https://www.astho.org/advocacy/state-health-policy/legislative-prospectus-series/behavioral-health/,200.0,,2025-12-08T15:30:13,2025-12-08T15:30:13,og,og,
https://european-union.europa.eu/institutions-law-budget/institutions-and-bodies/search-all-eu-institutions-and-bodies/european-council_en,200.0,,,2026-01-30T12:21:55+01:00,,jsonld,
https://ukandeu.ac.uk/the-facts/what-is-the-european-council/,200.0,2026-05-13T17:33:07+00:00,2016-04-10T23:00:00+00:00,2020-09-21T16:47:36+00:00,jsonld,jsonld,
https://en.wikipedia.org/wiki/European_Council,200.0,2026-05-13T11:09:05+00:00,,,,,
https://www.pbs.org/newshour/politics/checks-and-balances-arent-working-under-trump-growing-majority-says,200.0,2026-05-13T20:10:20+00:00,2026-02-23T05:00:38-04:00,,og,,
https://en.wikipedia.org/wiki/Council_of_the_European_Union,200.0,2026-05-13T16:49:57+00:00,,,,,
https://www.uscis.gov/newsroom/alerts/update-on-uscis-strengthened-screening-and-vetting,200.0,2026-05-13T19:43:05+00:00,2026-03-30T00:00:00,2026-03-30T00:00:00,og,og,
https://www.idga.org/federal/articles/what-are-the-most-urgent-homeland-security-challenges-for-2026,200.0,,2026-02-02T00:00:00+00:00,2026-02-02T00:00:00+00:00,jsonld,jsonld,
https://pmc.ncbi.nlm.nih.gov/articles/PMC8541900/,200.0,,,,,,
https://www.hartfordfunds.com/insights/market-perspectives/global-macro-analysis/washingtons-2026-playbook.html,200.0,,2026-01-08T02:49:00,,og,,
https://www.lawfaremedia.org/article/trump-administration-releases-2026-counterterrorism-strategy,200.0,,,,,,
https://en.wikipedia.org/wiki/Council_of_Europe,200.0,2026-05-13T08:12:55+00:00,,,,,
https://gmr.scholasticahq.com/article/83277-a-case-for-needle-exchange-programs-not-letting-perfection-be-the-enemy-of-the-good,200.0,,2023-07-10T13:39:10+00:00,2024-09-03T20:31:22+00:00,jsonld,jsonld,
https://ifs.org.uk/articles/economics-universal-basic-income,403.0,,,,,,
https://escobar.house.gov/news/documentsingle.aspx?DocumentID=3172,200.0,2026-05-13T20:04:23+00:00,2026-05-11T00:00:00,,og,,
https://www.fwd.us/news/daca-delays-denials-detentions-deportations/,200.0,,2026-05-10T23:59:59+00:00,,time_tag,,
https://www.safeproject.us/resource/the-truth-about-harm-reduction/,200.0,,2021-10-13T18:36:06+00:00,2025-10-15T15:21:51+00:00,jsonld,jsonld,
https://www.unc.edu/discover/the-pros-and-cons-of-universal-basic-income/,403.0,,,,,,
https://www.vasquezlawnc.com/blog/save-america-act,200.0,,2026-03-17T19:22:10.357000+00:00,2026-03-17T19:22:10.357000+00:00,jsonld,jsonld,
https://www.cbpp.org/research/food-assistance/a-quick-guide-to-snap-eligibility-and-benefits,403.0,,,,,,
https://www.cbpp.org/research/food-assistance/snap-tracker-people-are-losing-food-assistance-as-the-republican-megabill,403.0,,,,,,
https://footprintstorecovery.com/blog/supervised-injection-sites-pros-and-cons/,200.0,,2019-05-31T11:27:39+00:00,2025-05-30T21:11:00+00:00,jsonld,jsonld,
https://citizen-network.org/library/how-to-fund-a-universal-basic-income.html,200.0,,,,,,
https://www.tpr.org/news/2026-05-11/advocates-and-policymakers-demand-pathway-to-citizenship-as-threats-rise-against-daca-recipients,200.0,,2026-05-11T19:26:01+00:00,2026-05-11T19:26:01+00:00,jsonld,jsonld,
https://www.fns.usda.gov/snap/stolen-benefits,200.0,2026-05-13T19:24:57+00:00,,,,,
https://www.weforum.org/stories/2024/03/who-s-measuring-the-climate-policy-efficacy-and-public-opinion-and-what-can-we-learn/,403.0,,,,,,
https://www.cfr.org/backgrounders/role-icc,200.0,2026-05-13T20:10:23+00:00,2019-05-30T13:13:11-04:00,2025-03-27T11:58:00-04:00,jsonld,jsonld,
https://ecfr.eu/article/2026-the-year-we-stop-pretending-its-just-a-phase/,200.0,2026-05-12T17:49:02+00:00,2026-01-07T18:14:20+01:00,2026-01-12T16:04:31+01:00,jsonld,jsonld,
https://www.immigrantguide.ca.gov/en/DACA,200.0,,,,,,
https://www.fns.usda.gov/snap/waivers/foodrestriction,200.0,2026-05-13T19:38:43+00:00,,,,,
https://www.c2es.org/content/state-climate-policy/,200.0,,2021-01-11T14:15:41+00:00,2025-09-17T22:03:16+00:00,jsonld,jsonld,
https://www.cfr.org/articles/visualizing-2026-five-foreign-policy-trends-watch,200.0,2026-05-13T20:10:23+00:00,2025-12-17T16:22:30-05:00,2025-12-17T16:22:30-05:00,jsonld,jsonld,
https://www.thepolicycircle.org/briefs/energy-and-the-environment/,200.0,,2017-10-03T20:10:44+00:00,2025-12-12T20:00:15+00:00,jsonld,jsonld,
https://mattersnetwork.org/efficacy-of-harm-reduction/,200.0,,2025-03-25T14:08:13+00:00,,jsonld,,
https://www.britannica.com/topic/Fourteenth-Amendment,200.0,,2009-04-14T00:00:00+00:00,2026-05-04T00:00:00+00:00,jsonld,jsonld,
https://www.brennancenter.org/our-work/analysis-opinion/bizarro-take-14th-amendment-voting-rights-act,200.0,2026-05-13T19:20:10+00:00,2025-10-15T15:10:12-04:00,,meta,,
https://news.gallup.com/poll/702764/top-foreign-policy-priority-security.aspx,200.0,2026-05-13T20:10:23+00:00,2026-03-05T09:00:00+00:00,2026-03-05T09:00:00+00:00,jsonld,jsonld,
https://quillette.com/2026/05/12/international-courts-of-injustice-icc-icj-karim-khan-israel-gaza/,200.0,,2026-05-12T01:49:53+00:00,2026-05-12T03:11:14+00:00,jsonld,jsonld,
https://www.freedomforum.org/first-amendment-stories-to-watch-2026/,200.0,,2026-01-16T18:42:09+00:00,2026-01-16T19:03:30+00:00,jsonld,jsonld,
https://www.demos.org/blog/why-we-must-defend-fourteenth-amendment,200.0,2026-05-13T20:10:24+00:00,2025-12-01T12:00:00+00:00,,time_tag,,
https://constitutioncenter.org/the-constitution/articles/amendment-xiv/clauses/701,200.0,2026-05-13T20:10:24+00:00,,,,,
https://www.aclu.org/news/free-speech/what-the-first-amendment-really-protects,200.0,,2025-10-30T17:39:43+00:00,,jsonld,,
https://www.usa.gov/voter-id,200.0,2026-05-13T14:27:21+00:00,,,,,
https://calmatters.org/commentary/2026/03/first-amendment-rights-protesters-california/,429.0,,,,,,
https://csusystem.edu/the-first-amendment-in-practice-in-higher-education/,200.0,,,,,,
https://electionlab.mit.edu/research/voter-identification,200.0,2026-05-13T16:08:36+00:00,,,,,
https://www.acslaw.org/analysis/acs-program-guides/the-first-amendment-in-flux/,200.0,,2025-09-08T15:44:46-04:00,2025-09-09T12:52:38-04:00,jsonld,jsonld,
https://tlaib.house.gov/posts/tlaib-introduces-resolution-to-defend-the-fourteenth-amendment,200.0,,,,,,
https://www.ebsco.com/research-starters/law/voter-identification-laws-overview,200.0,,,,,,
https://www.propublica.org/article/everything-youve-ever-wanted-to-know-about-voter-id-laws,200.0,,2016-03-09T13:33:00+00:00,2020-03-21T22:17:27+00:00,jsonld,jsonld,
https://americanoversight.org/investigation/what-we-know-about-voter-id-laws-and-what-we-still-need-to-find-out/,200.0,2026-05-13T20:10:26+00:00,2026-04-17T13:48:19+00:00,2026-04-20T13:55:02+00:00,jsonld,jsonld,
https://european-union.europa.eu/institutions-law-budget/institutions-and-bodies/search-all-eu-institutions-and-bodies/court-justice-european-union-cjeu_en,200.0,,,2026-01-28T14:09:42+01:00,,jsonld,
https://curia.europa.eu/site/jcms/d2_5094/en/the-general-court,200.0,,,,,,
https://curia.europa.eu/site/jcms/d2_5088/en/about-the-cjeu,200.0,,,,,,
https://ballotpedia.org/Open_primary,200.0,2026-05-13T19:55:23+00:00,,,,,
https://en.wikipedia.org/wiki/Court_of_Justice_of_the_European_Union,200.0,2026-05-12T23:26:37+00:00,2009-12-01T00:26:25+00:00,2026-05-11T10:44:30+00:00,jsonld,jsonld,
https://scholarship.law.slu.edu/faculty/140/,200.0,,,,,,
https://en.wikipedia.org/wiki/Voter_identification_laws_in_the_United_States,200.0,2026-05-12T21:24:50+00:00,,,,,
https://dostupnyadvokat.cz/en/blog/court-justice-eu,200.0,2026-05-13T19:21:02+00:00,2024-11-19T11:23:56+01:00,2024-10-11T14:40:58+02:00,jsonld,jsonld,
https://en.wikipedia.org/wiki/Catalan_independence_movement,200.0,2026-05-13T11:46:34+00:00,,,,,
https://commonslibrary.parliament.uk/research-briefings/cbp-10411/,200.0,2026-05-13T20:10:27+00:00,2026-02-24T10:27:15+00:00,2026-05-13T02:23:18+00:00,jsonld,jsonld,
https://www.csis.org/analysis/unfinished-plan-peace-ukraine-provision-provision,200.0,2026-05-13T19:54:27+00:00,,2026-02-09T16:52:18-05:00,,jsonld,
https://www.mdpi.com/1996-1073/16/6/2541,403.0,,,,,,
https://www.pravda.com.ua/eng/news/2026/05/12/8034366/,200.0,2026-05-13T20:10:27+00:00,2026-05-12T17:33:00+03:00,2026-05-12T17:33:00+03:00,jsonld,jsonld,
https://www.ukrinform.net/rubric-polytics/4062009-european-media-publish-alternative-peace-plan-for-ukraine.html,200.0,,2025-11-23T21:55:00+02:00,2025-11-23T21:55:00+02:00,jsonld,jsonld,
https://www.kff.org/medicaid/status-of-state-medicaid-expansion-decisions/,200.0,,2026-05-06T14:45:02+00:00,2026-05-06T14:45:03+00:00,jsonld,jsonld,
https://en.wikipedia.org/wiki/Catalan_declaration_of_independence,200.0,2026-05-13T11:46:34+00:00,2017-10-10T22:04:17+00:00,2026-05-02T18:13:45+00:00,jsonld,jsonld,
https://fpa.org/independent-catalonia-may-promote-worldwide-independence-movements/,403.0,,,,,,
https://bigthink.com/the-present/catalonia-independence-spain/,403.0,,,,,,
https://www.tandfonline.com/doi/full/10.1080/21622671.2023.2197943,403.0,,,,,,
https://neweurope.org.ua/en/analytics/en-russia-ukraine-war-in-2026-at-the-crossroads-of-peace-and-war/,200.0,,,,,,
https://barcelonaexpatlife.com/independence-movement-in-catalonia/,200.0,2026-05-13T11:19:10+00:00,2022-08-29T23:57:37+02:00,2025-07-17T15:38:53+02:00,jsonld,jsonld,
https://escobar.house.gov/news/documentsingle.aspx?DocumentID=3031,200.0,2026-05-13T20:10:28+00:00,2026-01-14T00:00:00,,og,,
https://www.iconnectblog.com/the-catalan-process-of-independence-and-the-spanish-amnesty-act/,200.0,,2024-06-20T00:00:00+00:00,2024-11-01T20:15:07+00:00,jsonld,jsonld,
https://htbcpa.com/irs-changes-501c4-filing-requirements-what-organizations-need-to-know/,200.0,2026-05-13T20:10:29+00:00,2026-03-16T06:00:00+00:00,2026-03-19T19:14:19+00:00,jsonld,jsonld,
https://asil.org/insights/volume-21-issue-16/,200.0,,,2025-10-07T18:51:20-04:00,,og,
https://www.realinstitutoelcano.org/en/commentaries/catalonia-returns-to-a-semblance-of-normality/,200.0,2026-05-13T20:10:29+00:00,,2024-09-17T10:05:30+00:00,,og,
https://anelyalaw.com/2024/10/28/forming-a-501c4-nonprofit-in-california-a-guide-for-social-welfare-organizations/,200.0,2026-05-13T19:21:17+00:00,2024-10-28T15:44:40+00:00,2024-10-28T15:47:10+00:00,jsonld,jsonld,
https://www.irs.gov/charities-non-profits/electronically-submit-your-form-8976-notice-of-intent-to-operate-under-section-501c4,200.0,2026-05-13T19:54:28+00:00,,,,,
https://culturalagents.org/the-future-of-soft-power/,200.0,,2026-02-15T22:11:08+00:00,,jsonld,,
https://publicintegrity.org/politics/what-is-political-dark-money-and-is-it-bad/,200.0,2026-05-13T20:10:30+00:00,2016-01-20T08:00:00+00:00,2022-01-28T21:47:59+00:00,jsonld,jsonld,
https://www.brennancenter.org/topics/money-politics/influence-big-money,200.0,2026-05-13T19:18:04+00:00,2019-07-25T14:55:26-04:00,,meta,,
https://features.csis.org/chinapower/china-taiwan-strait-trade/,200.0,2025-04-30T12:42:54+00:00,2024-10-10T04:00:00+00:00,,og,,
https://campaignlegal.org/cases-actions/demanding-disclosure-dark-money-nonprofits-freedom-path-v-irs,200.0,2026-05-13T20:10:30+00:00,2026-03-11T12:00:00+00:00,,time_tag,,
https://www.mckinsey.com/mgi/our-research/geopolitics-and-the-geometry-of-global-trade-2026-update,,,,,,,"HTTPSConnectionPool(host='www.mckinsey.com', port=443): Read timed out. (read timeout=20)"
https://www.riskintelligence.eu/analyst-briefings/east-asia-impact-of-china-and-taiwan-conflict,200.0,,2022-09-06T07:23:00+02:00,2023-07-11T14:29:47+02:00,jsonld,jsonld,
https://www.skadden.com/insights/publications/2023/03/complying-with-the-rules-governing-501c4-organizations-key-issues,200.0,,,,,,
https://www.findlaw.com/criminal/criminal-charges/marijuana-legalization-and-decriminalization-overview.html,200.0,2026-05-13T20:10:31+00:00,2023-10-02T17:51:35-05:00,2025-05-12T15:45:09-05:00,jsonld,jsonld,
https://usafacts.org/articles/how-marijuana-laws-are-different-between-states/,200.0,2026-05-13T20:10:31+00:00,2021-05-03T16:05:24.224000+00:00,2026-05-05T00:00:00+00:00,jsonld,jsonld,
https://en.wikipedia.org/wiki/Legalization_of_non-medical_cannabis_in_the_United_States,403.0,,,,,,
https://www.independent.co.uk/news/world/europe/ukraine-russia-war-live-putin-zelensky-ceasefire-schroder-b2974011.html,200.0,,2026-05-12T03:32:18+00:00,2026-05-12T03:32:18+00:00,jsonld,jsonld,
https://www.themoscowtimes.com/2026/05/10/ukraine-reports-multiple-casualties-on-second-day-of-russia-truce-a92727,200.0,,2026-05-10T17:40:00+03:00,2026-05-13T22:05:37+03:00,jsonld,jsonld,
https://m.economictimes.com/small-biz/trade/exports/insights/taiwan-tensions-raise-risks-in-one-of-busiest-shipping-lanes/articleshow/93312490.cms,200.0,2026-05-01T22:17:34+00:00,2022-08-03T09:36:00+05:30,2022-08-03T09:36:00+05:30,jsonld,jsonld,
https://www.britannica.com/biography/Steve-Witkoff,200.0,,2025-04-23T00:00:00+00:00,2026-04-25T00:00:00+00:00,jsonld,jsonld,
https://www.bakerinstitute.org/research/exploring-immigration-alternatives-identification-and-taxation-undocumented-immigrants-residing-unit,200.0,2026-05-13T20:10:29+00:00,,,,,
https://www.steptoe.com/en/news-publications/political-law-blog/the-state-of-play-for-501c4s.html,200.0,,2025-12-09T00:00:00+00:00,,jsonld,,
https://alcoholpolicy.niaaa.nih.gov/about/about-cannabis-policy,403.0,,,,,,
https://smallwarsjournal.com/2026/05/12/zelenskyy-middle-east-gamble/,200.0,,2026-05-12T06:00:35+00:00,,jsonld,,
https://www.rd4u.coe.int/en/-/canada-signs-council-of-europe-convention-setting-up-an-international-claims-commission-for-ukraine,200.0,,2026-05-11T15:25:00+00:00,2026-05-11T15:39:44+00:00,jsonld,jsonld,
https://www.hhs.gov/healthcare/about-the-aca/index.html,403.0,,,,,,
https://en.wikipedia.org/wiki/Balance_of_power_(international_relations),200.0,2026-05-12T23:22:16+00:00,2006-04-24T18:06:35+00:00,2026-04-20T22:53:25+00:00,jsonld,jsonld,
https://www.americanbar.org/groups/crsj/resources/human-rights/2026-march/trumps-assault-checks-balances/,403.0,,,,,,
https://www.wiley.law/alert-USTR-Releases-the-Presidents-2026-Trade-Policy-Agenda,200.0,,,,,,
https://www.brookings.edu/articles/2026-is-a-decisive-year-for-north-america/,200.0,2026-05-13T20:10:33+00:00,2026-03-04T13:54:47+00:00,2026-04-16T16:44:35+00:00,jsonld,jsonld,
https://en.wikipedia.org/wiki/Judicial_review,200.0,2026-05-12T23:26:13+00:00,2002-10-24T19:57:29+00:00,2026-04-07T19:14:15+00:00,jsonld,jsonld,
https://ballotpedia.org/Federal_campaign_finance_laws_and_regulations,200.0,2026-05-13T19:55:31+00:00,,,,,
https://en.wikipedia.org/wiki/Judicial_review_in_the_United_States,403.0,,,,,,
https://www.brennancenter.org/our-work/research-reports/citizens-united-explained,200.0,2026-05-13T19:17:59+00:00,2019-12-12T11:55:35-05:00,,meta,,
https://www.worldbank.org/ext/en/careers/faqs,200.0,2026-04-27T16:53:43+00:00,,,,,
https://campaignlegal.org/update/how-does-citizens-united-decision-still-affect-us-2026,200.0,2026-05-13T19:38:07+00:00,2026-01-21T00:00:00,2026-01-22T00:00:00,jsonld,jsonld,
https://www.annenbergclassroom.org/resource/understanding-democracy-hip-pocket-guide/judicial-review/,200.0,,2018-06-13T14:05:28+00:00,2018-10-09T14:26:14+00:00,jsonld,jsonld,
https://www.findlaw.com/voting/how-u-s-elections-work/voting-by-mail-pros-and-cons.html,200.0,2026-05-13T20:10:34+00:00,2020-08-07T15:03:30-05:00,2024-04-24T10:22:44-05:00,jsonld,jsonld,
https://openigo.com/world-bank-ypp/selection-process/,200.0,,2026-05-06T16:34:48+00:00,2026-05-07T20:23:51+00:00,jsonld,jsonld,
https://fordschool.umich.edu/events/2014/real-problem-citizens-united-campaign-finance-dark-money-and-shadow-parties,403.0,,,,,,
https://www.pinsentmasons.com/out-law/guides/judicial-review,200.0,,2025-12-12T17:52:00+00:00,2026-01-20T10:54:45+00:00,jsonld,jsonld,
https://yipinstitute.org/article/negative-effects-of-citizens-united,200.0,2026-05-13T20:10:34+00:00,2021-06-21T00:00:00,2021-06-21T00:00:00,jsonld,jsonld,
https://www.americanprogress.org/article/10-ways-aca-improved-health-care-past-decade/,200.0,2026-05-13T20:10:34+00:00,2020-03-23T13:01:52+00:00,2021-11-02T18:03:40+00:00,jsonld,jsonld,
https://www.business-sweden.com/insights/blogs/us-trade-policy-shifts/US-trade-policy-is-evolving-rapidly-in-2026/,200.0,,,,,,
https://www.europarl.europa.eu/factsheets/en/sheet/26/the-court-of-justice-of-the-,200.0,,2025-11-30T23:00:00+00:00,,time_tag,,
https://bipartisanpolicy.org/report/mail-voting-is-safe-secure/,200.0,2026-05-13T18:22:55+00:00,2026-02-20T14:02:13+00:00,2026-02-25T14:02:16+00:00,jsonld,jsonld,
https://ballotpedia.org/Arguments_for_and_against_no-excuse_absentee/mail-in_voting,200.0,2026-05-13T19:55:35+00:00,,,,,
https://effectivegov.uchicago.edu/primers/vote-by-mail,200.0,,,,,,
https://www.fastcompany.com/91497282/not-for-profit-most-innovative-companies-2026,403.0,,,,,,
https://www.visualcapitalist.com/ranked-the-worlds-50-largest-banks-by-assets/,200.0,2026-05-13T19:24:32+00:00,2026-04-28T07:25:45-07:00,2026-04-27T21:34:24-07:00,jsonld,jsonld,
https://www.stimson.org/2026/testing-assumptions-about-us-foreign-policy-in-2026/,200.0,,2026-02-12T23:26:47+00:00,2026-04-24T13:23:08+00:00,jsonld,jsonld,
https://www.heritage.org/environment/commentary/the-green-new-deal-would-cost-trillions-and-make-not-dimes-worth-difference,403.0,,,,,,
https://impactful.ninja/best-charities-for-social-justice/,200.0,2026-05-13T06:48:14+00:00,2020-12-12T11:42:10+01:00,2025-02-26T23:59:16+01:00,jsonld,jsonld,
https://marschalltax.com/2026/01/10/501c4-social-welfare-organizations/,200.0,2026-05-13T20:10:36+00:00,2026-01-10T16:59:50+00:00,2026-01-10T17:40:40+00:00,jsonld,jsonld,
https://www.commoncause.org/articles/three-things-to-know-about-the-citizens-united-decision/,200.0,,2026-01-21T20:01:16+00:00,,jsonld,,
https://gfmag.com/award/award-winners/worlds-best-banks-2026-north-america/,200.0,2026-05-13T17:00:46+00:00,2026-05-08T18:30:57+00:00,2026-05-13T11:30:20+00:00,jsonld,jsonld,
https://citizensclimatelobby.org/about-ccl/,200.0,2026-03-02T18:56:04+00:00,2014-10-13T22:26:52+00:00,2026-03-02T18:56:04+00:00,jsonld,jsonld,
https://news.stanford.edu/stories/2019/03/strengths-weaknesses-green-new-deal,403.0,,,,,,
https://www.alaskansforbetterelections.com/learn-more/open-primaries/,403.0,,,,,,
https://www.carolinaattorneys.com/blog/stare-decisis-supreme-court-voting-rights-act/,200.0,,2026-05-09T10:00:38-04:00,2026-05-06T08:50:50-04:00,og,og,
https://www.americanactionforum.org/research/the-green-new-deal-scope-scale-and-implications/,200.0,2026-05-13T17:48:42+00:00,2019-02-25T11:00:40+00:00,2019-03-14T16:19:40+00:00,jsonld,jsonld,
https://www.cbsnews.com/news/nebraska-west-virginia-primary-2026-midterm-elections/,200.0,2026-05-13T19:00:21+00:00,2026-05-12T06:00:00-04:00,2026-05-12T22:22:00-04:00,jsonld,jsonld,
https://courtslaw.jotwell.com/killing-precedent-softly/,200.0,2026-05-13T19:21:33+00:00,2025-10-13T10:30:22+00:00,,jsonld,,
https://www.sierraclub.org/trade/what-green-new-deal,200.0,2026-05-13T19:21:33+00:00,,,,,
https://www.ncsl.org/elections-and-campaigns/state-primary-election-types,403.0,,,,,,
https://www.rpc.senate.gov/policy-papers/green-new-deal-a-crazy-expensive-mess,403.0,,,,,,
https://cei.org/studies/what-the-green-new-deal-could-cost-a-typical-household/,200.0,2026-05-13T19:49:48+00:00,2019-07-29T21:11:49+00:00,2020-10-09T23:13:31+00:00,jsonld,jsonld,
https://www.coe.int/en/web/portal/the-council-of-europe-key-facts,403.0,,,,,,
https://en.wikipedia.org/wiki/Effects_of_NAFTA_on_Mexico,403.0,,,,,,
https://www.cfr.org/backgrounders/naftas-economic-impact,200.0,2026-05-13T20:10:37+00:00,2008-03-21T11:41:18-04:00,2020-07-01T08:00:00-04:00,jsonld,jsonld,
https://www.descartes.com/resources/knowledge-center/what-is-the-impact-of-the-usmca-on-north-America,200.0,2026-05-13T19:21:38+00:00,,,,,
https://www.citizen.org/topic/globalization-trade/north-american-free-trade-agreement-nafta/,403.0,,,,,,
https://finesandfeesjusticecenter.org/articles/criminal-justice-reform-examples/,200.0,,2025-11-18T23:06:50+00:00,2026-03-18T23:24:28+00:00,jsonld,jsonld,
https://ballotpedia.org/Primary_election_types_by_state,200.0,2026-05-13T19:44:55+00:00,,,,,
https://www.fidelity.com/learning-center/personal-finance/child-tax-credit,403.0,,,,,,
https://www.brookings.edu/articles/5-things-to-know-about-usmca-the-new-nafta/,200.0,2026-05-13T20:10:38+00:00,2018-10-02T14:37:09+00:00,2022-03-09T04:00:09+00:00,jsonld,jsonld,
https://goldman.house.gov/issues/criminal-justice-reform,200.0,2026-05-13T18:47:08+00:00,2024-08-26T15:25:20-04:00,2024-08-30T15:26:55-04:00,og,og,
https://www.ncsl.org/human-services/child-tax-credit-overview,403.0,,,,,,
https://www.prisonpolicy.org/reports/winnable2026.html,200.0,,,,,,
https://www.thomsonreuters.com/en-us/posts/corporates/usmca-mexico-risks/,200.0,,2026-01-30T14:42:43+00:00,2026-02-24T17:40:12+00:00,jsonld,jsonld,
https://michigancollaborative.org/2025/05/2025-2026-criminal-justice-reform-agenda/,200.0,2026-05-13T19:57:57+00:00,2025-05-30T13:10:34-04:00,2025-05-30T13:10:34-04:00,jsonld,jsonld,
https://committees.parliament.uk/committee/365/business-and-trade-committee/news/206297/20-ways-to-fix-brexits-growth-hit-btc-report/,200.0,2026-05-13T20:10:39+00:00,,,,,
https://chambers.com/articles/how-does-the-international-criminal-court-work,200.0,,,,,,
https://www.tradeandbusiness.uk/news/twenty-ways-to-fix-brexits-growth-hit,200.0,,2025-04-04T11:22:06+01:00,2026-01-22T14:59:09+00:00,jsonld,jsonld,
https://coalitionfortheicc.org/how-file-communication-icc-prosecutor,200.0,,,,,,
https://digitalcommons.du.edu/dlr/vol99/iss1/3/,200.0,,,,,,
https://en.wikipedia.org/wiki/Voter_identification_laws,403.0,,,,,,
https://tenney.house.gov/issues/second-amendment-plan,200.0,,2021-06-15T11:25:23-04:00,2025-08-20T10:35:08-04:00,og,og,
https://institute.global/insights/geopolitics-and-security/fixing-brexit-new-agenda-new-partnership-european-union,200.0,,2022-11-28T00:00:00+00:00,,jsonld,,
https://www.alliancesud.ch/en/world-bank-reform-back-future,403.0,,,,,,
https://www.princetonstrategies.com/post/the-ultimate-beginner-s-guide-to-federal-political-campaign-financial-compliance-fpcfc,200.0,,2025-02-28T19:45:55.956000+00:00,2025-07-16T21:25:24.249000+00:00,jsonld,jsonld,
https://ballotpedia.org/Voter_identification_laws_by_state,200.0,2026-05-13T19:42:59+00:00,,,,,
https://www.vote.org/save-act/,200.0,,,,,,
https://www.britannica.com/topic/voter-ID-law,200.0,,2014-12-16T00:00:00+00:00,,jsonld,,
https://guide-humanitarian-law.org/content/article/3/international-criminal-court-icc/,200.0,,,,,,
https://usfblogs.usfca.edu/sustainability/2020/05/13/environmental-effects-of-nafta/,200.0,,2020-05-13T16:35:14+00:00,2020-05-13T16:35:14+00:00,og,og,
https://www.investigate-europe.eu/en/posts/secrets-of-the-council,200.0,,,,,,
https://www.ojp.gov/ncjrs/virtual-library/abstracts/victims-guide-international-criminal-court,200.0,2026-05-13T20:10:40+00:00,,,,,
https://www.ebsco.com/research-starters/consumer-health/single-payer-healthcare,200.0,,,,,,
https://en.wikipedia.org/wiki/Single-payer_healthcare,403.0,,,,,,
https://www.developmentaid.org/news-stream/post/165975/working-with-the-council-of-europe-eo,200.0,,2023-08-28T07:00:06+02:00,2023-08-12T19:50:11+02:00,jsonld,jsonld,
https://pmc.ncbi.nlm.nih.gov/articles/PMC5481251/,200.0,,,,,,
https://www.capradio.org/news/npr/story?storyid=nx-s1-5717181,403.0,,,,,,
https://www.health.harvard.edu/blog/single-payer-healthcare-pluses-minuses-means-201606279835,200.0,,2016-06-27T00:00:00-04:00,,jsonld,,
https://thegoodlobby.eu/how-to-lobby-the-council-of-the-eu/,200.0,,2025-10-21T06:57:52+00:00,2025-10-21T06:58:11+00:00,jsonld,jsonld,
https://www.hoover.org/research/single-payer-health-care-0,200.0,2026-05-13T20:03:33+00:00,,,,,
https://www.europarl.europa.eu/topics/en/article/20230713STO02832/reforms-for-a-modern-and-efficient-european-parliament,200.0,2026-05-13T20:10:42+00:00,2023-07-18T00:00:00,,time_tag,,
https://education.cfr.org/learn/reading/what-trade-policy,200.0,2026-05-13T19:13:43+00:00,2022-01-27T15:35:39-05:00,2026-03-05T11:44:15-05:00,jsonld,jsonld,
https://www.usa.gov/health-insurance-marketplace,200.0,2026-05-13T14:27:17+00:00,,,,,
https://hsaforamerica.com/blog/public-option-for-health-insurance/,200.0,,2025-05-10T17:26:48+00:00,2026-04-02T10:46:08+00:00,jsonld,jsonld,
https://www.captrader.com/en/blog/trading-for-beginners/,200.0,2026-05-13T18:54:04+00:00,2025-05-25T13:56:00+02:00,2026-02-20T08:31:49+01:00,jsonld,jsonld,
https://www.friendsofeurope.org/insights/reforming-the-european-parliament-the-case-for-federal-democracy/,200.0,,2021-09-01T07:12:51+00:00,2023-06-16T10:52:51+00:00,jsonld,jsonld,
https://www.thenationshealth.org/content/56/3/1.3,200.0,,,,,,
https://www.cms.gov/newsroom/fact-sheets/plan-year-2026-marketplace-plans-prices-fact-sheet,200.0,2026-05-12T22:26:02+00:00,2025-10-30T08:00:00-04:00,2025-10-30T08:57:23-04:00,jsonld,jsonld,
https://www.searates.com/blog/post/beginners-guide-to-navigating-international-trade-regulations,200.0,,2025-01-14T20:41:22+02:00,2025-01-14T20:41:22+02:00,og,og,
https://www.reddit.com/r/foodstamps/comments/1fw48e1/how_do_you_guys_increase_food_stamp_assistance/,200.0,,,,,,
https://www.reddit.com/r/Lenovo/comments/1t4jaqc/why_does_my_yoga_keep_going_to_sleep_after_about/,200.0,,,,,,
https://www.reddit.com/r/Scotland/comments/1if2p4l/why_do_people_think_that_scottish_independence/,200.0,,,,,,
https://www.wheresmymep.eu/,200.0,,,,,,
https://theweek.com/scottish-independence/957066/the-pros-and-cons-of-scottish-independence,200.0,2026-05-13T15:23:01+00:00,2022-06-15T09:12:15+00:00,2026-04-22T15:08:38+00:00,jsonld,jsonld,
https://www.ncoa.org/article/how-to-maximize-your-food-benefits/,200.0,,2025-05-19T00:00:00+00:00,,time_tag,,
https://en.wikipedia.org/wiki/List_of_countries_by_incarceration_rate,200.0,2026-05-13T00:30:50+00:00,2008-10-09T22:01:30+00:00,2026-04-11T15:25:57+00:00,jsonld,jsonld,
https://www.reddit.com/r/dataisbeautiful/comments/1nm918a/prisoners_per_100k_people_oc/,200.0,,,,,,
https://www.snp.org/policies/why-is-independence-vital-for-scotland/,200.0,,2026-03-17T14:39:44+00:00,2026-03-28T18:11:32+00:00,jsonld,jsonld,
https://www.brennancenter.org/our-work/research-reports/insiders-view-immigration-system,200.0,2026-05-13T19:21:03+00:00,2025-11-12T12:51:24-05:00,,meta,,
https://en.wikipedia.org/wiki/President_of_the_World_Bank_Group,200.0,2026-05-12T23:24:15+00:00,2012-10-22T10:49:47+00:00,2026-01-18T23:45:11+00:00,jsonld,jsonld,
https://eumatrix.eu/en/blog/MEP-Influence-Index-2024-Top-100-most-politically-influential-MEPs,200.0,,,,,,
https://www.vote411.org/primaries2026,200.0,2026-05-13T05:36:38+00:00,,,,,
https://live.worldbank.org/en/event/2026/spring-meetings-driving-growth-and-jobs-through-energy,200.0,2026-05-08T00:02:42+00:00,2026-04-15T08:45:00-04:00,,jsonld,,
https://live.worldbank.org/en/series/2026/spring-meetings,200.0,2026-05-08T10:02:37+00:00,,,,,
https://www.worldbank.org/ext/en/who-we-are/leadership/ajay-banga,200.0,2026-04-27T15:24:46+00:00,,,,,
https://www.skypointfcu.com/blog/5-ways-to-stretch-your-snap-benefits-during-hard-times/,200.0,,2023-04-13T18:15:31+00:00,2023-04-13T18:15:57+00:00,jsonld,jsonld,
https://www.reddit.com/r/history/comments/bp5s9z/how_did_spain_manage_to_keep_the_magellan_strait/,200.0,,,,,,
https://www.reddit.com/r/HistoryMemes/comments/1d5gxnv/finding_the_western_route_to_asia_was_not_easy/,200.0,,,,,,
https://live.worldbank.org/en/event/2026/spring-meetings-water-forward,200.0,2026-05-13T20:10:45+00:00,2026-04-15T10:00:00-04:00,,jsonld,,
http://www.fsmitha.com/h3/magellan.htm,200.0,2019-12-12T01:28:02+00:00,,,,,
https://www.americanprogress.org/article/a-new-immigration-system-to-safeguard-americas-security-expand-economic-growth-and-make-us-stronger/,200.0,2026-05-13T20:10:46+00:00,2025-07-06T08:30:54+00:00,2025-12-16T17:11:23+00:00,jsonld,jsonld,
https://openknowledge.worldbank.org/entities/publication/bb904ec6-730f-4dd9-b1af-ad3153ee1616,200.0,2026-05-11T08:16:49+00:00,,,,,
https://greencentralbanking.com/2026/04/23/us-pressure-puts-world-banks-climate-plan-at-risk/,403.0,,,,,,
https://numero.com/en/fashion/fashion-week-en/the-roaring-twenties-at-the-lanvin-spring-summer-2026-show/,200.0,2026-05-13T16:17:44+00:00,2025-10-03T14:34:34+00:00,2025-10-03T14:35:09+00:00,jsonld,jsonld,
https://www.peerspace.com/resources/epic-roaring-20s-party-ideas/,403.0,,,,,,
https://www.kbb.com/land-rover/discovery-sport/2026/cost-to-own/,403.0,,,,,,
https://www.reddit.com/r/renfaire/comments/1ojoyk3/best_faires_for_2026/,200.0,,,,,,
https://www.tatlerasia.com/style/fashion/ferragamo-ss26-maximilian-davis-reinterprets-1920s-eclecticism,200.0,,2025-10-10T23:51:53+00:00,2025-10-10T23:53:50+00:00,jsonld,jsonld,
https://www.roku.com/whats-on/movies/the-age-of-disclosure?id=29ac0b4625558a7ba9fb196e03930483,200.0,,,,,,
https://en.wikipedia.org/wiki/Mongol_invasion_of_Europe,200.0,2026-05-12T23:21:08+00:00,2005-03-04T17:04:17+00:00,2026-04-15T11:27:31+00:00,jsonld,jsonld,
https://podcasts.apple.com/us/podcast/the-mongol-invasion-of-europe/id1042631089?i=1000727184090,200.0,,2025-09-23T00:00:00,,jsonld,,
https://modernismweek.com/2026/entertainment-social-events/puttin-on-ritz-roaring-20s-prohibition/,200.0,2026-05-07T21:30:38+00:00,,,,,
https://renfair.com/socal/,202.0,,,,,,
https://www.britannica.com/event/Counter-Reformation,200.0,,1998-07-20T00:00:00+00:00,,jsonld,,
https://en.wikipedia.org/wiki/Martin_Luther,200.0,2026-05-13T10:11:01+00:00,,,,,
https://holyclothing.com/collections/top-12-global-faires-2026,200.0,,,,,,
https://www.washingtonpost.com/ripple/2026/05/04/trump-soft-power-usa/,,,,,,,"HTTPSConnectionPool(host='www.washingtonpost.com', port=443): Read timed out. (read timeout=20)"
https://www.biography.com/religious-figures/martin-luther,200.0,,2014-04-02T13:43:19+00:00,2019-09-20T19:47:06+00:00,jsonld,jsonld,
https://www.britannica.com/biography/Martin-Luther,200.0,,1998-07-20T00:00:00+00:00,2026-04-30T00:00:00+00:00,jsonld,jsonld,
https://www.forex.com/en/news-and-analysis/matt-s-top-trade-to-watch-in-2026-us-treasury-yields/,403.0,,,,,,
https://www.pbs.org/newshour/nation/the-intrusive-investigation-behind-supreme-court-nominations,200.0,2026-05-13T20:10:48+00:00,2016-02-16T16:32:30-04:00,,og,,
https://www.sparknotes.com/biography/mlk/key-people/,403.0,,,,,,
https://www.un.org/en/outreach-programme-holocaust/page/2026,200.0,2026-05-13T20:01:25+00:00,,,,,
https://exhibits.lib.arizona.edu/exhibits/show/reformation/luther-life,200.0,,,,,,
https://www.edmunds.com/land-rover/discovery/,403.0,,,,,,
https://kinginstitute.stanford.edu/king-resources/major-king-events-chronology-1929-1968,200.0,2026-05-06T07:01:18+00:00,,,,,
https://www.catholicdigest.com/amp/faith/spirituality/key-figures-of-the-reformation-martin-luther/,200.0,,2020-01-14T14:44:09+00:00,2020-01-17T14:47:12+00:00,jsonld,jsonld,
https://247wallst.com/investing/2026/05/12/analyst-says-xrps-symmetrical-triangle-could-trigger-a-100-rally-to-2-4/,200.0,2026-05-13T20:10:49+00:00,2026-05-12T12:29:57+00:00,,jsonld,,
https://customscity.com/understanding-tariffs-a-laymans-guide-to-customs-duties/,403.0,,,,,,
https://www.gov.uk/government/speeches/holocaust-memorial-day-2026-foreign-secretary-speech,200.0,,2026-01-26T12:35:00+00:00,2026-01-26T12:35:00+00:00,jsonld,jsonld,
https://www.pricecharting.com/game/magic-unlimited/crusade,200.0,,,,,,
https://bridalglory.com/crusade/,200.0,,2021-06-30T16:20:37+00:00,2026-03-26T16:37:10+00:00,jsonld,jsonld,
https://www.splcenter.org/resources/hatewatch/international-holocaust-remembrance-day-meaning/,200.0,2026-01-27T13:34:36+00:00,2026-01-27T18:34:32+00:00,2026-01-27T18:34:36+00:00,jsonld,jsonld,
https://www.gotquestions.org/Counter-Reformation.html,200.0,2026-03-26T20:31:34+00:00,,,,,
https://hef.northwestern.edu/lessons-and-legacies-conference/lessons-and-legacies.html,200.0,,,,,,
https://justhistoryposts.com/2025/05/14/sacred-baroque-the-catholic-counter-reformation-and-its-influence-on-art/,200.0,,2025-05-14T16:00:00+00:00,2025-06-07T10:04:28+00:00,og,og,
https://classroom.ricksteves.com/videos/the-reformation-spreads-and-the-counter-reformation,200.0,,,,,,
https://www.washingtonpost.com/national-security/2026/05/11/us-ukraine-trump-weapons-purl/,,,,,,,"('Connection aborted.', RemoteDisconnected('Remote end closed connection without response'))"
https://study.com/academy/lesson/the-counter-reformation-how-the-catholic-church-revived.html,200.0,,,,,,
https://www.nls.uk/collections/stories/scottish-history/how-martin-luther-sparked-the-reformation/,200.0,,,,,,
https://www.dummies.com/article/body-mind-spirit/religion-spirituality/christianity/catholicism/catholic-churchs-counter-reformation-235875/,200.0,2026-05-13T20:10:51+00:00,2025-07-08T00:00:00,2025-06-29T00:00:00,jsonld,jsonld,
https://science.howstuffworks.com/environmental/green-tech/sustainable/smart-power-strip.htm,202.0,,,,,,
https://christianhistoryinstitute.org/magazine/article/council-of-trent-begins,200.0,,,,,,
https://www.ebsco.com/research-starters/history/council-trent,200.0,,,,,,
https://study.com/academy/lesson/video/the-counter-reformation-how-the-catholic-church-revived.html,200.0,,,,,,
https://www.theotokosrosaries.com/blogs/faith/understanding-counter-reformation-guide,200.0,,2024-09-21T16:32:10+03:00,2026-01-09T16:01:26+02:00,jsonld,jsonld,
https://www.claimscon.org/data-2026/,200.0,2026-05-13T19:07:24+00:00,2026-01-20T05:01:00+00:00,2026-01-26T20:07:47+00:00,jsonld,jsonld,
https://www.britannica.com/event/Council-of-Trent,200.0,,1998-07-20T00:00:00+00:00,,jsonld,,
https://www.reddit.com/r/history/comments/4wlj5q/the_council_of_trent/,200.0,,,,,,
https://museeprotestant.org/en/notice/the-catholic-reformation-or-counter-reformation/,200.0,2026-05-13T12:28:16+00:00,2013-12-10T15:59:06+00:00,2018-11-27T11:53:50+00:00,jsonld,jsonld,
https://www.catholic.com/magazine/online-edition/the-history-of-the-council-of-trent?mc_cid=bccb987840&mc_eid=6711d82648,200.0,,2019-12-04T00:00:00,2019-12-05T00:00:00,jsonld,jsonld,
https://en.wikipedia.org/wiki/Council_of_Trent,200.0,2026-05-12T23:20:15+00:00,2001-09-15T12:20:41+00:00,2026-04-15T21:20:56+00:00,jsonld,jsonld,
https://en.wikipedia.org/wiki/Effects_of_nuclear_explosions_on_human_health,200.0,2026-05-11T21:52:03+00:00,2008-08-11T07:38:37+00:00,2026-05-07T00:57:07+00:00,jsonld,jsonld,
https://www.hinrichfoundation.com/research/how-to-use-it/economic-development/world-bank-group-economic-prospects-january-2026,200.0,,,,,,
https://dachpian.weebly.com/counter-reformation.html,200.0,2026-05-13T20:10:52+00:00,,,,,
https://www.ebsco.com/research-starters/history/counter-reformation,200.0,,,,,,
https://study.com/academy/lesson/the-council-of-trent-the-catholic-church-survives-the-reformation.html,200.0,,,,,,
https://en.wikipedia.org/wiki/Acute_radiation_syndrome,200.0,2026-05-12T16:44:58+00:00,2002-11-24T13:45:13+00:00,2026-05-12T16:44:58+00:00,jsonld,jsonld,
https://vocationnetwork.org/blog/questions_catholics_ask/2012/01/whats_so_important_about_the_council_of_trent,200.0,,,,,,
https://orthodoxtimes.com/orthodox-church-of-ukraine-condemns-schismatic-group-in-the-country/,200.0,,2026-05-12T10:53:40+03:00,2026-05-12T13:31:06+03:00,jsonld,jsonld,
https://my.clevelandclinic.org/health/diseases/24328-radiation-sickness,200.0,,2022-10-25T14:50:09+00:00,2025-11-18T16:35:26+00:00,jsonld,jsonld,
https://www.mayoclinic.org/diseases-conditions/radiation-sickness/symptoms-causes/syc-20377058,403.0,,,,,,
https://www.musicfestivalwizard.com/artist/kublai-khan-tx/,403.0,,,,,,
https://www.epa.gov/radiation/radiation-health-effects,200.0,2026-05-13T20:10:53+00:00,2014-11-12T09:43:00-05:00,2025-06-24T00:00:00,og,og,
https://www.atomicarchive.com/science/effects/long-term-effects.html,200.0,2024-04-23T14:31:40+00:00,,,,,
https://en.wikipedia.org/wiki/Victorian_era,200.0,2026-05-11T22:00:57+00:00,2002-01-02T14:38:43+00:00,2026-04-13T00:16:53+00:00,jsonld,jsonld,
https://www.city.hiroshima.lg.jp/english/peace/1029920/1009857.html,200.0,2026-05-13T15:25:18+00:00,,,,,
https://www.kublaikhantour.com/,200.0,,2025-08-27T13:04:09+00:00,2026-05-11T13:18:26+00:00,jsonld,jsonld,
https://nagasakipeace.jp/en/reference/materials/kids/higai.html,200.0,2021-07-16T04:19:58+00:00,,,,,
https://learnaboutnukes.com/nuclear-weapons/nuclear-weapon-explosion/,200.0,,,2025-12-16T09:50:12+00:00,,og,
https://war-eternal-strategy-game.fandom.com/wiki/Hern%C3%A1n_Cort%C3%A9s,403.0,,,,,,
https://www.britannica.com/event/Victorian-era,200.0,,2019-10-08T00:00:00+00:00,2026-04-13T00:00:00+00:00,jsonld,jsonld,
https://chaoszine.net/kublai-khan-tx-unveil-european-summer-tour-2026/,200.0,,2026-01-24T08:15:15+00:00,2026-01-24T08:15:17+00:00,jsonld,jsonld,
https://www.easternct.edu/speichera/understanding-literary-history-all/the-victorian-period.html,200.0,,,,,,
https://www.britannica.com/biography/Hernan-Cortes,200.0,,1998-07-20T00:00:00+00:00,2026-05-05T00:00:00+00:00,jsonld,jsonld,
https://www.worldhistory.org/Hernan_Cortes/,200.0,2026-05-11T10:44:24+00:00,2022-06-30T08:59:49+00:00,2022-07-12T06:19:05+00:00,jsonld,jsonld,
https://steamcommunity.com/sharedfiles/filedetails/?id=2886263258,200.0,,,,,,
https://www.britannica.com/event/Hundred-Years-War,200.0,,1998-07-20T00:00:00+00:00,,jsonld,,
https://exploration.marinersmuseum.org/subject/hernando-cortes/,200.0,,2013-11-16T15:35:52+00:00,2024-11-13T16:58:04+00:00,jsonld,jsonld,
https://www.ancient-origins.net/history-famous-people/hernan-cortes-0015327,200.0,,2021-05-15T15:01:33+01:00,2021-05-15T15:03:22+01:00,jsonld,jsonld,
https://www.historic-uk.com/HistoryUK/HistoryofEngland/Origins-Hundred-Years-War/,200.0,,2021-08-31T14:46:02+00:00,2023-11-22T15:54:14+00:00,jsonld,jsonld,
https://www.againstholocaustdistortion.org/what-can-we-do-to-counter-holocaust-denial-and-distortion/,200.0,,2022-12-14T15:21:49+00:00,2024-09-18T13:18:39+00:00,jsonld,jsonld,
https://www.worldhistory.org/article/1517/causes-of-the-hundred-years-war/,200.0,2026-05-12T12:47:38+00:00,2020-03-05T09:59:34+00:00,2025-11-27T12:09:54+00:00,jsonld,jsonld,
https://www.nea.org/countering-antisemitism,200.0,2026-05-13T19:39:58+00:00,,,,,
https://2021-2025.state.gov/why-confronting-holocaust-distortion-and-denial-matters/,200.0,2025-02-14T04:27:11+00:00,2022-02-05T15:18:26+00:00,2022-02-05T15:18:27+00:00,jsonld,jsonld,
https://www.history.com/articles/hundred-years-war,200.0,,2024-09-03T10:55:11+00:00,2025-05-28T15:00:25.365000+00:00,jsonld,jsonld,
https://en.wikipedia.org/wiki/Hundred_Years%27_War,200.0,2026-05-12T23:25:28+00:00,,,,,
http://www.historyisnowmagazine.com/blog/2023/1/2/what-caused-the-hundred-years-war,200.0,,2023-01-02T13:07:00+00:00,2023-01-02T13:07:08+00:00,jsonld,jsonld,
https://justhistoryposts.com/2025/10/23/the-origins-of-the-hundred-years-war/,200.0,,2025-10-23T16:00:00+00:00,2025-10-17T11:55:29+00:00,og,og,
https://study.com/academy/lesson/the-100-years-war-england-vs-france.html,200.0,,,,,,
https://bigthink.com/thinking/rousseau-philosophy-explained/,403.0,,,,,,
https://en.wikipedia.org/wiki/Jean-Jacques_Rousseau,200.0,2026-05-13T01:53:18+00:00,,,,,
https://www.scmp.com/lifestyle/chinese-culture/article/3329397/how-tang-dynasty-took-china-new-heights-politically-economically-and-socially,200.0,2026-05-13T11:31:47+00:00,2025-10-20T07:15:11+08:00,2025-10-20T07:15:11+08:00,jsonld,jsonld,
https://oll.libertyfund.org/publications/reading-room/2023-10-19-bunn-rousseau-discourse,200.0,,2023-10-19T07:00:00-04:00,,time_tag,,
https://en.wikipedia.org/wiki/Tang_dynasty,200.0,2026-05-12T23:20:18+00:00,,,,,
https://thedebrief.org/droughts-and-floods-weakened-the-tang-dynasty-before-its-collapse-researchers-say/,200.0,,2026-01-24T14:31:20+00:00,2026-01-24T09:31:20-05:00,jsonld,jsonld,
https://www.ebsco.com/research-starters/history/cyrus-great-and-persian-empire,200.0,,,,,,
https://www.reddit.com/r/AskChina/comments/1rscctm/is_china_in_its_current_form_the_greatest_version/,200.0,,,,,,
https://en.wikipedia.org/wiki/Cyrus_the_Great,200.0,2026-05-12T23:20:47+00:00,,,,,
https://www.commoncause.org/north-carolina/articles/building-democracy-2-0-rousseau-and-the-will-of-the-people/,200.0,,2020-12-01T17:54:54+00:00,,jsonld,,
https://www.nyu.edu/about/news-publications/news/2024/january/china-s-medieval-tang-dynasty-had-a-surprising-level-of-social-m.html,202.0,,,,,,
https://www.reddit.com/r/AskHistorians/comments/wl7z5/how_did_cyrus_the_great_expand_his_rule_from/,200.0,,,,,,
https://www.scmp.com/news/china/science/article/3342211/ming-dynasty-guide-galaxy-china-names-2100-space-plan-after-1637-book,200.0,2026-05-13T14:14:49+00:00,2026-02-03T15:26:08+08:00,2026-02-03T16:23:03+08:00,jsonld,jsonld,
https://www.reddit.com/r/ArtHistory/comments/12rm0ji/northern_renaissance_what_you_need_to_know/,200.0,,,,,,
https://mymodernmet.com/northern-renaissance-art/,403.0,,,,,,
https://academic.oup.com/book/62516/chapter/559576445,403.0,,,,,,
https://www.rerf.or.jp/en/programs/roadmap_e/health_effects-en/late-en/psycholo/,200.0,,,,,,
https://classroom.ricksteves.com/videos/the-northern-renaissance-flemish-painting-and-jan-van-eyck,200.0,,,,,,
https://history.howstuffworks.com/historical-figures/women-martin-luther-king-jr.htm,202.0,,,,,,
https://isabelart515.wordpress.com/2013/12/05/northern-renaissance-a-few-formal-breakdowns/,200.0,,2013-12-05T20:52:15+00:00,2013-12-05T20:52:15+00:00,og,og,
https://www.365.be/en/attractions/visit-commemorative-tourism-braine-lalleud-domain-of-the-battle-of-waterloo-1815/,200.0,,,,,,
https://montreal.citynews.ca/2026/03/30/air-canada-ceo-michael-rousseau-retiring-third-quarter/,200.0,,2026-03-30T12:14:46+00:00,2026-03-30T21:11:03+00:00,jsonld,jsonld,
https://www.mlb.com/milb/rome,200.0,,,,,,
https://waterloo-tourisme.be/en/pass-1815/,200.0,2026-05-13T17:49:10+00:00,2025-06-19T09:53:31+00:00,2025-11-04T13:02:22+00:00,jsonld,jsonld,
https://www.dernier-qg-napoleon.be/en/battle-waterloo/,200.0,,,,,,
https://www.baseball-reference.com/players/a/anthoro01.shtml,403.0,,,,,,
https://www.destinationbw.be/en/fiche/event/great-reenactment-of-the-battle-of-waterloo-braine-l-alleud_TFOEVT-A0-00SN-0573/,200.0,2026-05-13T19:16:32+00:00,,,,,
https://learn.ligonier.org/podcasts/5-minutes-in-church-history-with-stephen-nichols/the-council-of-trent,200.0,,,,,,
https://www.reddit.com/r/AncientCoins/comments/1t7caa1/2026_roman_emperors_ranked_by_rarity/,200.0,,,,,,
https://artuk.org/discover/art-terms/northern-renaissance,200.0,,,,,,
https://support.renaissance.com/s/article/Getting-Ready-for-a-New-School-Year-1752671652971,200.0,2025-05-13T20:11:00+00:00,,,,,
https://www.reddit.com/r/AskHistorians/comments/43owbq/what_were_the_actual_causes_behind_the_decline_of/,200.0,,,,,,
https://www.learnpersianonline.com/blog/cyrus-the-great/,200.0,,2021-01-19T02:00:08+00:00,2024-05-20T01:51:59+00:00,time_tag,time_tag,
https://www.iastatedigitalpress.com/itaa/article/id/1640/,200.0,,,,,,
https://www.ucs.org/resources/health-impacts-radiation-exposure,200.0,2026-05-13T16:21:42+00:00,,,,,
https://www.thediplomaticaffairs.com/2024/02/10/history-reminder-a-retrospective-on-the-collapse-of-the-persian-empire/,200.0,,2024-02-10T12:02:46+00:00,2024-02-10T12:03:57+00:00,jsonld,jsonld,
https://www.khanacademy.org/humanities/world-history/ancient-medieval/ancient-persia/a/the-rise-of-persia,200.0,,,,,,
https://kimshistorytravel.com/hagia-sophia/,200.0,,2024-04-04T11:55:07+00:00,2025-12-23T10:59:30+00:00,jsonld,jsonld,
https://www.ancient-origins.net/videos/achaemenid-empire-destruction-video-0020690,200.0,,2024-04-23T20:45:44+01:00,2024-04-23T20:45:44+01:00,jsonld,jsonld,
https://jnr2.hcommons.org/2023/7778/,200.0,,,,,,
https://jhna.org/articles/gender-sexuality-and-the-future-of-agency-studies-in-northern-art-1400-1600/,200.0,2026-05-13T15:01:00+00:00,2023-09-01T12:00:38+00:00,2023-09-10T17:16:37+00:00,jsonld,jsonld,
https://www.museewellington.be/prices/?lang=en,200.0,,2022-03-28T10:06:42+00:00,2026-03-05T10:57:47+00:00,jsonld,jsonld,
https://studycli.org/chinese-culture/traditional-chinese-clothing/,200.0,,2021-03-29T00:00:00+00:00,2024-10-29T05:12:41+00:00,jsonld,jsonld,
https://en.wikipedia.org/wiki/Progressive_Era,403.0,,,,,,
https://en.wikipedia.org/wiki/Hanfu,200.0,2026-05-13T01:29:05+00:00,,,,,
https://jhna.org/articles/early-netherlandish-paintings-as-devotional-objects-state-of-research-ca-1990-2020/,200.0,,2024-02-28T20:36:54+00:00,2025-08-08T15:21:47+00:00,jsonld,jsonld,
https://hagiasophia.com/articles/hagia-sophia-visitor-experience-2026-en,200.0,,2026-01-18T07:31:37.799000+00:00,2026-02-07T10:26:13.304681+00:00,jsonld,og,
https://hagia-sophia.org/entrance-fee/,200.0,2026-05-13T15:38:23+00:00,2025-10-25T03:21:44+00:00,2026-02-27T20:46:58+00:00,jsonld,jsonld,
https://forumfedblog.org/achaemenid-modern-multilevel-governance/,200.0,,2026-02-18T15:22:49-05:00,2026-02-18T15:22:49-05:00,jsonld,jsonld,
https://www.britannica.com/summary/The-Progressive-Era-Key-Facts,200.0,,,,,,
https://www.khanacademy.org/humanities/us-history/rise-to-world-power/age-of-empire/a/the-progressive-era,200.0,,,,,,
https://2001-2009.state.gov/r/pa/ho/time/ip/108646.htm,200.0,2023-06-26T01:14:19+00:00,,,,,
https://www.superprof.com.au/blog/chinese-hanfu/,200.0,2026-05-13T10:44:29+00:00,,,,,
https://thetripguru.com/tour/magnificent-mosques-of-istanbul-walking-tour-half-day/,200.0,,,,,,
https://www.machupicchu.org/hagia-sophia-travel-guide-2026-complete-planning-visitor-information.htm,202.0,,,,,,
https://www.impericon.com/blogs/magazine/hardcore-band-check-10-bands-you-need-to-know,200.0,,2026-04-17T09:30:05,2026-04-17T09:30:05,jsonld,jsonld,
https://www.iranicaonline.org/articles/achaemenid-dynasty/,200.0,,2024-10-20T02:19:00+00:00,2026-04-30T20:18:56+00:00,jsonld,jsonld,
https://www.britannica.com/topic/triangular-trade,200.0,,2023-04-06T00:00:00+00:00,2026-03-24T00:00:00+00:00,jsonld,jsonld,
https://www.vinci-concessions.com/en/infrastructure/bridges-on-the-tagus,200.0,,,,,,
https://en.wikipedia.org/wiki/Triangular_trade,200.0,2026-05-11T22:04:42+00:00,2003-12-11T21:02:21+00:00,2026-01-28T18:46:09+00:00,jsonld,jsonld,
https://gamingamerica.com/news/10371/vasco-da-gama-close-sponsorship-deal-with-betfair,200.0,2026-05-13T18:20:44+00:00,2024-05-10T18:33:02+00:00,2026-01-05T16:07:35+00:00,jsonld,jsonld,
https://tradeciety.com/how-to-trade-triangles-guide,200.0,2026-05-07T04:46:39+00:00,2024-07-30T08:00:00+00:00,2024-07-30T08:00:00.341000+00:00,jsonld,jsonld,
https://etwasmeerzeit.de/article/1011-nicko-cruises-vasco-da-gama-comprehensively-modernized-and-back-in-service-with/,200.0,2026-05-13T20:11:04+00:00,,,,,
https://www.eib.org/en/stories/ponte-vasco-da-gama-construcao-portugal,200.0,,2024-05-08T11:00:00,2024-05-22T01:33:00,jsonld,jsonld,
https://cruiseindustrynews.com/cruise-news/2025/05/vasco-da-gama-completes-modernization-at-lisnave-shipyard/,200.0,,,,,,
https://www.avatrade.co.za/education/technical-analysis-indicators-strategies/triangular-pattern,403.0,,,,,,
https://www.iflscience.com/fact-check-are-one-in-200-people-descended-from-genghis-khan-65357,200.0,2025-06-12T15:22:35+00:00,2022-09-16T11:53:54+00:00,2025-06-12T15:22:39+00:00,jsonld,jsonld,
https://ageofempires.fandom.com/wiki/Babylonians,403.0,,,,,,
https://study.com/learn/lesson/video/triangular-trade-route.html,200.0,,,,,,
https://www.nationalgeographic.com/culture/article/mongolia-genghis-khan-dna,200.0,2026-05-13T20:12:05+00:00,2003-02-14T05:00:00+00:00,,jsonld,,
https://www.seatrade-cruise.com/refurb-design-interiors/nicko-showcases-vasco-da-gama-refurbishments-during-hamburg-cruise-days,200.0,2026-05-13T20:11:05+00:00,2025-09-13T14:29:55+00:00,2025-09-13T16:04:10.950000+00:00,jsonld,jsonld,
https://www.switchmarkets.com/learn/chart-patterns-for-beginner-traders,200.0,,2026-04-26T00:00:00+00:00,2026-04-29T00:00:00+00:00,og,jsonld,
https://www.mcgill.ca/oss/article/medical-critical-thinking-history/genghis-khan-hiding-inside-your-dna,200.0,2026-05-13T04:35:06+00:00,,,,,
https://www.reddit.com/r/aoe/comments/lappum/best_team_game_strat_for_babylonians/,200.0,,,,,,
https://www.britannica.com/event/Congress-of-Vienna,200.0,,1998-07-20T00:00:00+00:00,2026-04-14T00:00:00+00:00,jsonld,jsonld,
https://ppreservationist.com/history-of-the-triangle-trade/,200.0,,,,,,
https://www.ebsco.com/research-starters/history/congress-vienna,200.0,,,,,,
https://screenrant.com/civilization-6-babylon-guide-tips-tricks-strategies/,200.0,,2020-12-23T13:42:54+00:00,2020-12-23T13:42:54+00:00,jsonld,jsonld,
https://time.com/3694027/congress-of-vienna-10-things/,406.0,,,,,,
https://www.britannica.com/biography/Kublai-Khan,200.0,,1998-07-20T00:00:00+00:00,2026-05-06T00:00:00+00:00,jsonld,jsonld,
https://en.wikipedia.org/wiki/Congress_of_Vienna,200.0,2026-05-12T23:20:19+00:00,2002-03-16T16:02:21+00:00,2026-04-15T16:39:04+00:00,jsonld,jsonld,
https://www.bundeskanzleramt.gv.at/en/federal-chancellery/visit-us/history/the-congress-of-vienna.html,200.0,2026-05-13T19:03:42+00:00,,,,,
https://www.reddit.com/r/civ/comments/n6anh4/a_horde_of_gold_a_kublai_khan_breakdown/,200.0,,,,,,
https://www.ebsco.com/research-starters/biography/kublai-khan,200.0,,,,,,
https://mydramalist.com/profile/legendofzhen/review/62011,200.0,,2020-01-03T00:00:00,,jsonld,,
https://www.history.com/articles/kublai-khan,200.0,,2009-11-09T14:19:23+00:00,2025-02-27T15:38:10.978000+00:00,jsonld,jsonld,
https://vienna-unwrapped.com/congress-vienna/,200.0,2026-05-12T10:03:00+00:00,2014-04-02T14:58:09+00:00,2026-04-21T07:34:25+00:00,jsonld,jsonld,
https://www.reddit.com/r/CDrama/comments/1pob2oj/review_ming_dynasty_empress_of_the_ming_spoiler/,200.0,,,,,,
https://www.reddit.com/r/Metalcore/comments/dep1kv/kublai_khan_vocals/,200.0,,,,,,
https://www.reddit.com/r/CDrama/comments/1hktule/1st_impressions_ming_dynasty_a_hidden_gem/,200.0,,,,,,
https://www.britannica.com/topic/Achaemenian-dynasty,200.0,,1998-07-20T00:00:00+00:00,,jsonld,,
https://asia-archive.si.edu/learn/for-educators/teaching-china-with-the-smithsonian/explore-by-dynasty/ming-dynasty/,429.0,,,,,,
https://study.com/learn/lesson/kublai-khan-facts-accomplishments.html,200.0,,,,,,
https://www.britannica.com/biography/Vasco-da-Gama,200.0,,1999-05-27T00:00:00+00:00,2026-04-27T00:00:00+00:00,jsonld,jsonld,
https://fivebooks.com/best-books/achaemenid-persian-empire-lloyd-llewellyn-jones/,200.0,2026-05-13T20:11:07+00:00,2020-10-23T20:37:10+00:00,2023-08-01T16:22:28+00:00,jsonld,jsonld,
https://www.reddit.com/r/AskHistorians/comments/39iklh/why_does_the_achaemenid_dynasty_seemingly_have_a/,200.0,,,,,,
https://www.reddit.com/r/IndianHistory/comments/1saxbtc/vasco_da_gamas_discovery/,200.0,,,,,,
https://fineart-restoration.co.uk/news/is-it-ming-the-value-care-and-restoration-of-chinese-porcelain/,200.0,2026-05-13T10:50:11+00:00,2023-01-20T16:22:36+00:00,2026-01-16T18:38:00+00:00,jsonld,jsonld,
https://www.bartleby.com/essay/Similarities-Between-The-Congress-Of-Vienna-And-FS3YQUNNGQ6,200.0,,,,,,
https://www.britannica.com/topic/First-Crusade,200.0,,2025-08-20T00:00:00+00:00,2026-04-14T00:00:00+00:00,jsonld,jsonld,
https://www.worldhistory.org/First_Crusade/,200.0,2026-05-12T16:58:03+00:00,2018-07-09T15:55:03+00:00,2024-09-11T13:34:13+00:00,jsonld,jsonld,
https://en.wikipedia.org/wiki/Vasco_da_Gama,200.0,2026-05-13T14:27:53+00:00,2002-03-20T09:59:08+00:00,2026-04-06T14:36:02+00:00,jsonld,jsonld,
https://en.wikipedia.org/wiki/First_Crusade,200.0,2026-05-12T23:20:23+00:00,2002-10-17T12:21:42+00:00,2026-05-09T17:40:49+00:00,jsonld,jsonld,
https://adventuresinhistoryland.com/2014/09/13/the-first-crusade-in-5-steps/,200.0,2026-05-13T20:11:08+00:00,2014-09-13T18:14:18+00:00,,jsonld,,
https://courses.lumenlearning.com/atd-herkimer-westerncivilization/chapter/the-first-crusade/,200.0,,,,,,
https://storymaps.arcgis.com/stories/450d93bf767f46368cf563a823d857b8,200.0,,2023-10-30T16:31:17+00:00,2023-11-28T16:58:31.482000+00:00,jsonld,jsonld,
https://www.reddit.com/r/AskHistorians/comments/13t3d5/what_sort_of_tactics_did_the_muslim_armies_use/,200.0,,,,,,
https://www.thehindu.com/news/national/karnataka/pramod-sawant-inaugurates-road-underbridge-at-vasco-da-gama/article70947734.ece,200.0,2026-05-06T14:41:44+00:00,2026-05-06T20:11:44+05:30,2026-05-06T20:11:44+05:30,og,og,
https://www.mdpi.com/2225-1154/11/3/71,403.0,,,,,,
https://www.metmuseum.org/essays/the-crusades-1095-1291,200.0,,2001-10-01T00:00:00+00:00,2014-02-01T00:00:00+00:00,jsonld,jsonld,
https://study.com/learn/lesson/first-crusade-causes-effects.html,200.0,,,,,,
https://mercercountyoutlook.net/2026/02/19/politics-the-fall-of-the-roman-empirecompared-to-current-conditions-in-the-us/,200.0,,2026-02-19T14:27:28+00:00,2026-02-19T14:30:26+00:00,og,og,
https://www.reddit.com/r/history/comments/6ftkxy/how_good_a_place_was_the_ottoman_empire_to_live/,200.0,,,,,,
https://www.reddit.com/r/suggestmeabook/comments/9ipc5r/can_anyone_recommend_any_good_books_about_hern%C3%A1n/,200.0,,,,,,
https://biblearchaeologyreport.com/2021/01/15/darius-i-an-archaeological-biography/,200.0,,2021-01-15T12:36:37+00:00,2021-01-15T12:36:37+00:00,og,og,
https://study.com/academy/lesson/persian-royal-road-history-facts.html,200.0,,,,,,
https://providencemag.com/2026/01/edward-gibbon-and-president-trumps-national-security-strategy-1/,200.0,2026-05-13T06:15:56+00:00,2026-01-29T11:52:00-05:00,2026-01-30T13:56:49-05:00,jsonld,jsonld,
https://www.britannica.com/place/Mongol-empire,200.0,,2018-10-02T00:00:00+00:00,2026-04-17T00:00:00+00:00,jsonld,jsonld,
https://www.reddit.com/r/history/comments/5n1qe2/what_is_something_people_dont_know_about_the/,200.0,,,,,,
https://en.wikipedia.org/wiki/Ottoman_Empire,200.0,2026-05-13T19:22:51+00:00,,,,,
https://teainacaboose.ca/istanbul-safe-or-not-safe/,200.0,,2022-11-30T23:22:17+00:00,2022-12-01T05:13:33+00:00,jsonld,jsonld,
http://brandonthegrey.blogspot.com/2016/07/mongol-misconceptions.html,200.0,2026-02-21T23:13:56+00:00,,,,,
https://ratedreads.com/darius-great-not-okay-young-adult-book-review/,200.0,,2020-03-12T23:05:14+00:00,2023-08-08T16:36:41+00:00,jsonld,jsonld,
https://rusticpathways.com/blog/fun-facts-about-mongolia,200.0,,2024-08-07T11:52:32+00:00,2025-05-14T01:15:11+00:00,jsonld,jsonld,
https://en.wikipedia.org/wiki/Mongol_Empire,200.0,2026-05-12T23:20:28+00:00,,,,,
https://askfilo.com/user-question-answers-smart-solutions/short-answer-questions-who-were-the-mongols-and-what-was-3338323234363235,200.0,,,,,,
https://www.reddit.com/r/Archaeology/comments/1hydsqf/is_the_assyrian_civilization_underrated/,200.0,,,,,,
https://en.wikipedia.org/wiki/Wars_of_the_Roses,200.0,2026-05-11T22:04:41+00:00,,,,,
https://wayground.com/admin/quiz/580eb692312f2ef640bbcbbf/mongol-empire,200.0,,,,,,
https://jis.uk.ac.ir/article_3238_en.html?lang=fa,200.0,,2021-12-22T00:00:00,,dc,,
https://www.theodysseyonline.com/assyrian-people,200.0,,2018-04-23T17:27:12+00:00,2020-08-05T12:53:05+00:00,jsonld,jsonld,
https://www.athensdemocracyforum.com/,200.0,,,,,,
https://www.culturalsurvival.org/publications/cultural-survival-quarterly/assyrians-3000-years-history-yet-internet-our-only-home,200.0,2026-05-13T18:17:55+00:00,2010-03-25T15:14:11-04:00,,time_tag,,
https://en.wikipedia.org/wiki/Pharaoh,200.0,2026-05-13T14:20:04+00:00,2001-05-13T09:44:54+00:00,2026-05-03T12:48:07+00:00,jsonld,jsonld,
https://www.historyhit.com/facts-about-the-wars-of-the-roses/,200.0,2026-05-13T20:11:11+00:00,,,,,
https://www.thecollector.com/wars-of-the-roses-battles/,200.0,,,,,,
https://www.ancient-origins.net/history-famous-people/egyptian-pharaoh-life-0019086,200.0,,2023-08-14T18:56:26+01:00,2023-08-14T19:02:33+01:00,jsonld,jsonld,
https://www.reddit.com/r/AskHistorians/comments/691vun/what_exactly_did_egyptian_pharaohs_do_what_were/,200.0,,,,,,
https://en.clickpetroleoegas.com.br/archaeologists-open-three-stone-chests-from-the-reign-of-motecuhzoma-i-in-the-templo-mayor-with-83-greenstone-mezcala-figurines-and-over-400-davila/,200.0,2026-05-13T18:15:18+00:00,2026-05-12T09:17:50+00:00,2026-05-12T09:18:22+00:00,jsonld,jsonld,
https://mattlewisauthor.wordpress.com/2016/03/19/the-battles-of-the-wars-of-the-roses/,200.0,,2016-03-19T16:57:18+00:00,2016-03-19T16:57:19+00:00,og,og,
https://www.oerproject.com/OER-Materials/OER-Media/HTML-Articles/Origins/Unit6/Written-in-the-Stars-Secrets-of-the-Mongol-Empire/850L,200.0,,,,,,
https://www.loc.gov/classroom-materials/united-states-history-primary-source-timeline/progressive-era-to-new-era-1900-1929/overview/,200.0,,,,,,
https://arkeonews.net/monumental-aztec-ceremony-unearthed-at-templo-mayor-new-discoveries-reveal-motecuhzomas-grand-offering/,200.0,,2026-03-06T21:30:17+00:00,2026-03-06T21:32:09+00:00,jsonld,jsonld,
https://kids.britannica.com/kids/article/pharaoh/400147,200.0,,,,,,
https://artdaily.com/?int_sec=2&int_new=193493,200.0,,,,,,
https://www.heritagedaily.com/2026/02/colossal-mexica-offering-linked-to-motecuhzoma-ilhuicamina-uncovered-at-templo-mayor/157154,202.0,,,,,,
https://www.catholicworldreport.com/2026/02/11/jubilee-2033-rift-between-moscow-and-constantinople-patriarchates-threatens-ecumenical-progress/,,,,,,,"HTTPSConnectionPool(host='www.catholicworldreport.com', port=443): Read timed out. (read timeout=20)"
https://en.wikipedia.org/wiki/History_of_ancient_Egypt,403.0,,,,,,
https://www.historyskills.com/classroom/ancient-history/anc-role-of-pharaoh-reading/,200.0,,,,,,
https://pintsofhistory.com/2011/08/08/the-unbelievable-duration-of-egyptian-civilization/,200.0,,2011-08-08T07:30:35+00:00,,jsonld,,
https://www.whats-on-netflix.com/news/netflix-announces-new-alexander-the-great-drama-from-heated-rivalry-creator/,200.0,2026-05-13T18:37:16+00:00,2026-03-06T05:03:45-05:00,2026-03-06T05:03:45-05:00,jsonld,jsonld,
https://www.britannica.com/biography/Alexander-the-Great,200.0,,1998-07-20T00:00:00+00:00,2026-05-12T00:00:00+00:00,jsonld,jsonld,
https://www.greeknewsagenda.gr/alexander-the-great-back-to-egypt-a-painting-exhibition-of-high-symbolic-significance-dedicated-to-alexander-the-great-inaugurated-in-alexandria/,200.0,2026-05-13T10:34:07+00:00,2026-01-07T08:09:46+00:00,2026-04-07T09:44:22+00:00,jsonld,jsonld,
https://sewing.com/wardrobe-capsule-plan-2026/,200.0,2026-05-13T20:11:14+00:00,2026-05-08T05:00:39+00:00,2026-05-08T05:10:26+00:00,jsonld,jsonld,
https://waysofstyle.com/spring-capsule-wardrobe/,200.0,2026-05-13T20:11:14+00:00,2026-01-28T22:43:40+00:00,2026-03-19T12:59:55+00:00,jsonld,jsonld,
https://www.insideworldfootball.com/2025/02/26/brazils-vasco-da-gama-take-steps-protect-bankruptcy/,200.0,2026-05-13T20:11:14+00:00,2025-02-26T10:36:54+00:00,2025-02-26T14:39:05+00:00,jsonld,jsonld,
https://hairstory.com/blogs/news/what-is-co-washing-why-who-how,200.0,,2024-09-27T11:45:09-04:00,2024-11-20T08:39:34-05:00,jsonld,jsonld,
https://australian.museum/learn/cultures/international-collection/ancient-egyptian/ancient-egyptian-timeline/,200.0,,,,,,
https://www.safic-alcan.com/en-cn/industry-articles/hair-care-through-the-ages/,200.0,,2026-01-27T15:14:34+00:00,2026-03-25T11:43:45+00:00,jsonld,jsonld,
https://www.curlsbot.com/blog/the-curly-girl-method-guide,200.0,,2025-06-24T00:00:00,2025-06-24T00:00:00,jsonld,jsonld,
https://www.bloomingbackyard.com/snake-plant-problems/,200.0,2026-05-13T20:11:15+00:00,2021-10-19T10:33:31+00:00,2023-11-06T15:02:10+00:00,jsonld,jsonld,
https://www.livelyroot.com/blogs/plant-care/snake-plant-leaves-issues,200.0,,2023-11-29T09:57:26+00:00,2024-12-06T02:54:20+00:00,jsonld,jsonld,
https://onlinehairdepot.com/blogs/on-line-hair-depot-questions-and-answers-discover-hair-care/the-evolution-of-shampoo-and-conditioner-a-brief-history,200.0,,2024-04-04T07:35:05+11:00,2024-04-04T07:35:05+11:00,jsonld,jsonld,
https://www.generosanature.com/blogs/plant-library/sansevieria-houseplant-care-key-troubleshooting-tips-and-notable-varieties,200.0,,2024-11-27T16:54:00+00:00,,jsonld,,
https://pappaspost.com/alexander-the-great-theme-park-planned-for-northern-greece-in-26/,200.0,2026-05-13T19:24:10+00:00,2025-04-07T11:10:53-04:00,2025-04-16T11:57:56-04:00,jsonld,jsonld,
https://plantaddicts.com/common-snake-plant-problems/,200.0,,,,,,
https://www.backyardboss.net/yellow-snake-plant-and-how-to-fix-it/,200.0,,2023-04-22T14:00:23+00:00,2023-04-22T14:00:23+00:00,jsonld,jsonld,
https://people.howstuffworks.com/athenian-democracy.htm,202.0,,,,,,
https://www.compassbookratings.com/darius-the-great-is-not-okay/,307.0,,,,,,
https://growhub.ae/blogs/blog/common-problems-with-snake-plants-and-how-to-fix-them,200.0,,2024-06-09T13:59:44,2024-06-24T10:53:28,jsonld,jsonld,
https://www.dietdoctor.com/intermittent-fasting/omad,200.0,,2020-01-18T14:57:07+01:00,2025-06-19T14:40:48+02:00,jsonld,jsonld,
https://spiderfarmer.com.au/why-how-to-prevent-snake-plant-leaves-turning-yellow/,200.0,2026-05-13T13:02:45+00:00,2024-06-05T11:40:13+08:00,2024-06-05T11:40:20+08:00,jsonld,jsonld,
https://lowlightleaf.com/snake-plant-yellow-leaves/,200.0,,2026-01-18T21:10:51+00:00,2026-03-02T21:07:55+00:00,jsonld,jsonld,
https://www.webmd.com/diet/is-eating-one-meal-a-day-safe,200.0,,2021-04-09T06:54:00,2025-04-20T23:00:00,jsonld,jsonld,
https://www.whiteflowerfarm.com/snake-plant-care,200.0,,2022-04-07T14:55:57+00:00,2022-10-26T13:27:34+00:00,jsonld,jsonld,
https://archaeology.org/news/2025/05/13/study-reveals-vast-aztec-obsidian-trade-network/,502.0,,,,,,
https://pharmeasy.in/blog/omad-diet-what-it-is-how-it-works-benefits-and-side-effects/,200.0,,2026-02-11T13:36:32+00:00,2026-04-24T12:09:22+00:00,og,og,
https://www.sleep.com/sleep-app/sleepscore-technology,403.0,,,,,,
https://www.mygenefood.com/blog/omad-diets-is-eating-one-meal-a-day-healthy/,200.0,2026-05-12T20:19:45+00:00,2021-07-20T15:27:19+00:00,2024-03-07T23:06:33+00:00,jsonld,jsonld,
https://pmc.ncbi.nlm.nih.gov/articles/PMC10948735/,200.0,,,,,,
https://www.bodyspec.com/blog/post/omad_the_ultimate_guide_to_one_meal_a_day_eating,200.0,2026-05-12T18:41:31+00:00,,,,,
https://www.baileysleep.co.uk/post/best-free-sleep-tracking-apps,200.0,,2026-01-01T17:58:06.881000+00:00,2026-01-21T13:21:27.220000+00:00,jsonld,jsonld,
https://www.jonesroadbeauty.com/blogs/wellness/the-benefits-of-the-omad-fast,200.0,,,,,,
https://medium.com/the-journal-guide/lets-try-julia-cameron-s-morning-pages-in-2026-part-i-3b6aa9c5e228,200.0,,2025-12-29T16:32:22+00:00,2025-12-29T16:43:50+00:00,jsonld,jsonld,
https://www.techradar.com/best/best-sleep-tracker,200.0,2026-05-11T07:14:25+00:00,2021-12-23T11:34:25+00:00,2026-04-07T16:47:39+00:00,jsonld,jsonld,
https://www.icl-group.com/blog/trends-shaping-the-future-of-alternative-proteins/,200.0,2026-05-12T05:58:43+00:00,2024-05-07T07:54:04+00:00,2025-08-04T17:35:38+00:00,jsonld,jsonld,
https://ringconn.com/blogs/guides/best-sleep-tracker-without-subscription-2026,200.0,,2026-04-21T19:49:01,2026-04-21T19:49:04,jsonld,jsonld,
https://www.mattressclarity.com/accessories/best-sleep-apps/,200.0,2026-05-13T19:17:54+00:00,2019-11-21T20:52:43-05:00,2026-01-08T11:33:23-05:00,jsonld,jsonld,
https://www.wareable.com/wearable-tech/whoop-5-review,200.0,,2025-05-08T13:59:53+00:00,2026-04-22T12:52:59+00:00,jsonld,jsonld,
https://pmc.ncbi.nlm.nih.gov/articles/PMC7913967/,200.0,,,,,,
https://www.reddit.com/r/whoop/comments/1ldnxo5/deep_dive_40_vs_50mg_megathread/,200.0,,,,,,
https://my.clevelandclinic.org/health/symptoms/21773-heart-rate-variability-hrv,200.0,,2021-09-17T21:55:28+00:00,2026-04-17T18:09:11+00:00,jsonld,jsonld,
https://chinaexplorertour.com/2025/blog/chinese-hanfu-instruction-for-all-generations-across-dynasties/,200.0,,2025-04-04T22:30:48+08:00,2025-04-23T08:58:46+08:00,jsonld,jsonld,
https://www.webmd.com/beauty/ss/slideshow-skincare-routine,200.0,,,,,,
https://www.healthline.com/health/beauty-skin-care/order-of-skin-care,200.0,,,,,,
https://www.somewherenowherenyc.com/blog/party-trends-of-2026-the-future-of-celebrations-has-arrived,200.0,2026-05-13T20:11:20+00:00,,,,,
https://ouraring.com/blog/myths-about-hrv/,200.0,,2024-06-20T15:44:58+00:00,2025-05-02T13:55:41+00:00,jsonld,jsonld,
https://support.whoop.com/s/article/WHOOP-Accessories-Overview-Recommendations,200.0,2025-05-13T20:11:20+00:00,,,,,
https://support.whoop.com/s/article/Unlock-New-with-WHOOP-5-0,200.0,2025-05-13T20:11:20+00:00,,,,,
https://www.dermalogica.com/blogs/living-skin/build-a-skin-routine,200.0,,,,,,
https://tripleseat.com/blog/new-year-new-events-trends/,200.0,,2025-12-16T07:43:00+00:00,2025-12-16T18:40:49+00:00,jsonld,jsonld,
https://mcpress.mayoclinic.org/healthy-heart/can-tracking-heart-rate-variability-improve-your-health/,403.0,,,,,,
https://www.peerspace.com/resources/dinner-party-table-settings/,403.0,,,,,,
https://www.reddit.com/r/whoop/comments/144z9xj/what_is_your_whoop_routine/,200.0,,,,,,
https://shssoutherner.org/10501/entertainment/a-beginners-guide-to-skincare/,200.0,,,,,,
https://www.homesandgardens.com/living/table-decor-trends-2026,200.0,2026-05-07T06:43:47+00:00,2025-12-28T17:30:00+00:00,2025-12-28T17:30:00+00:00,jsonld,jsonld,
https://www.alteredstateswellness.com/blog/far-infrared-vs-full-spectrum-sauna,200.0,2026-05-13T20:11:21+00:00,,,,,
https://www.tgiscatering.com/tgis-catering-blogs/nbsptop-catering-trends-for-2026-fresh-ideas-to-make-your-event-unforgettable,200.0,,2026-01-17T10:07:14-08:00,2026-01-17T10:09:48-08:00,jsonld,jsonld,
https://lifehacker.com/health/what-its-like-to-track-your-health-with-whoop,200.0,2026-05-13T20:11:22+00:00,2025-12-19T21:00:00+00:00,2025-12-19T21:00:00+00:00,jsonld,jsonld,
https://www.geysersteamroom.com/blogs/basic-knowledge/infrared-sauna-vs-traditional-sauna,200.0,,,,,,
https://www.edenhut.co.uk/blog-posts/infrared-vs-traditional-sauna,200.0,2026-05-13T20:11:22+00:00,,,,,
https://finnmarksauna.com/blogs/finnmark-blog/infrared-sauna-benefits-vs-traditional-sauna-benefits-which-is-best,200.0,,2019-08-23T15:06:09+01:00,2025-08-18T14:02:03+01:00,jsonld,jsonld,
https://pleasantdale.com/blog/corporate-catering-trends-2026/,200.0,,2025-12-16T00:28:26-05:00,2025-12-16T09:40:39-05:00,jsonld,jsonld,
https://www.creativeenergy.com/infrared-sauna-vs-traditional-sauna/,403.0,,,,,,
https://blog.eventective.com/2026-party-trends-what-planners-should-look-for-when-booking-a-venue/,200.0,,,,,,
https://villageremedies.com/blog/the-biological-effects-and-medical-applications-of-infrared-saunas/,202.0,,,,,,
https://www.thefitpartnership.co.uk/the-science-behind-the-infrared-sauna/,200.0,2026-05-13T01:01:31+00:00,2024-07-07T08:47:00+01:00,2024-10-07T14:58:04+01:00,jsonld,jsonld,
https://healthmatesauna.com/understanding-wavelengths-in-a-full-spectrum-infrared-sauna/,200.0,2026-05-11T20:48:00+00:00,2024-11-17T16:47:12+00:00,2026-03-24T00:14:21+00:00,jsonld,jsonld,
https://www.walmart.com/browse/patio-garden/indoor-plants/5428_6061364_8594487,200.0,,,,,,
https://www.whoop.com/us/en/how-it-works/,404.0,,,,,,
https://nourishusnaturals.com/blogs/nourishus-naturals-blog/the-complete-history-of-hair-care-products,200.0,,2025-12-30T11:34:22+00:00,,jsonld,,
https://www.tangerinesalon.net/blog/the-ultimate-guide-to-hair-porosity,200.0,,2026-02-13T10:50:00-06:00,2026-03-07T11:54:24-06:00,jsonld,jsonld,
https://www.miloon.eu/en/how-long-does-korean-skincare-take/,200.0,,2025-02-28T10:36:42+00:00,2025-02-28T10:46:14+00:00,jsonld,jsonld,
https://andresbanquet.com/the-art-of-themed-gala-dinners-innovative-ideas-for-2026/,200.0,,2025-11-21T18:40:53+00:00,2025-11-21T18:40:53+00:00,jsonld,jsonld,
https://spoletisalon.com/blog/hair-porosity-guide-2025-how-to-choose-the-right-products-for-your-hair-type,200.0,,2025-12-11T06:20:57-06:00,2026-02-27T15:46:43-06:00,jsonld,jsonld,
https://oteats.outlooktraveller.com/features/guides/enthusiastic-about-hosting-parties-at-home-in-2026-keep-these-trends-close,200.0,,,,,,
https://www.mdpi.com/2079-9284/10/6/161,403.0,,,,,,
https://trendalytics.co/insights/2026-fashion-trend-forecast-what-will-we-wear,200.0,2026-05-13T20:11:25+00:00,2026-01-15T16:57:53.076000+00:00,2026-01-14T07:54:40.840000+00:00,jsonld,jsonld,
https://archaeologymag.com/2026/01/aztec-king-moctezuma-kept-a-zoo/,200.0,,2026-01-22T08:16:58+00:00,2026-01-24T08:46:09+00:00,jsonld,jsonld,
https://www.dreamskinnepal.com/blog/how-long-does-korean-skincare-take-to-show-results,200.0,,2026-02-05T15:31:25+00:00,2026-02-05T16:36:15+00:00,og,og,
https://www.sourceready.com/report/detail/sustainable-fashion-trends-2026,200.0,,,,,,
https://www.blog.apparelsearch.com/2026/02/the-new-era-of-personal-style-how-tech_0.html?m=1,200.0,2026-05-11T09:08:23+00:00,,,,,
https://freedomroom.com/blogs/news/are-tiny-homes-still-popular,200.0,,2025-12-16T18:30:00-06:00,2025-12-16T18:30:00-06:00,jsonld,jsonld,
https://ayerhsmagazine.com/2025/11/12/why-2026-marks-the-return-of-designer-integrity-over-digital-hype/,200.0,,2025-11-12T09:14:24+00:00,2025-11-12T09:14:24+00:00,og,og,
https://www.tinyhomeslakenorman.com/why-tiny-homes-are-the-future-of-affordable-living/,200.0,2026-05-13T19:45:12+00:00,2025-02-01T04:40:00+00:00,2025-08-15T13:36:18+00:00,jsonld,jsonld,
https://www.penndermspecialists.com/do-infrared-saunas-cause-skin-cancer-what-you-need-to-know/,200.0,,2024-07-30T02:17:34+00:00,2025-09-29T16:39:16+00:00,jsonld,jsonld,
https://www.healthline.com/nutrition/gaps-diet,200.0,,2020-07-14T12:08:00+00:00,2025-08-21T08:06:32+00:00,jsonld,jsonld,
https://www.removedtinyhomes.co/blog/blog-post-title-two-rw2cm-ah79c,200.0,,2024-09-05T17:28:06+10:00,2024-09-05T17:33:59+10:00,jsonld,jsonld,
https://boarderie.com/blogs/charcuterie/cheese-boards-trends-that-elevate-your-entertaining-experience,200.0,,2025-02-06T11:49:00-05:00,2026-01-12T08:49:48-05:00,jsonld,jsonld,
https://health.clevelandclinic.org/aip-diet-autoimmune-protocol-diet,200.0,2026-05-13T07:28:33+00:00,2023-06-28T12:00:00+00:00,,jsonld,,
https://fashionsizzle.com/2026/01/15-tech-trends-that-will-change-fashion-in-2026/,200.0,,2026-01-08T05:33:47-05:00,2026-01-08T05:33:47-05:00,jsonld,jsonld,
https://archaeologymag.com/2025/05/vast-obsidian-trade-networks-of-the-aztec-empire/,200.0,,2025-05-13T08:46:57+00:00,2025-05-26T15:04:56+00:00,jsonld,jsonld,
https://www.medicalnewstoday.com/articles/325046,200.0,,2019-04-26T17:00:00+00:00,2019-04-26T17:00:00+00:00,jsonld,jsonld,
https://isom.ca/article/gaps-nutritional-protocol-how-healing-the-gut-removes-the-basis-for-all-chronic-diseases/,200.0,,2021-09-06T17:00:40+00:00,2024-07-24T17:38:05+00:00,jsonld,jsonld,
https://www.styleacademyintl.com/post/trend-forecast-the-top-fashion-aesthetics-of-2026,200.0,,2026-01-08T17:04:31.621000+00:00,2026-01-08T17:04:31.621000+00:00,jsonld,jsonld,
https://www.aboutskinderm.com/smart-skincare-in-2026-minimalist-routines-multi%E2%80%91functional-products/,200.0,2026-05-13T20:11:27+00:00,2025-08-28T20:10:32+00:00,2026-01-22T21:15:13+00:00,jsonld,jsonld,
https://www.goodrx.com/well-being/diet-nutrition/what-is-gaps-diet,403.0,,,,,,
https://energy.ecoflow.com/us/blog/best-states-for-homesteading,200.0,,,,,,
https://www.whowhatwear.com/beauty/skin/skincare-trends-2026,200.0,2026-05-11T14:21:13+00:00,2025-12-27T08:00:00+00:00,2025-12-27T08:00:00+00:00,jsonld,jsonld,
https://culturecheesemag.com/cheese-iq/how-to-build-best-cheese-board/,200.0,,2025-01-15T21:24:13+00:00,2025-01-15T22:22:35+00:00,jsonld,jsonld,
https://www.anemonemakeup.com/blog/essential-must-have-beautyproducts-you-need-in-2026,200.0,,2026-01-17T18:57:18-05:00,2026-01-17T18:57:18-05:00,jsonld,jsonld,
https://www.glowday.com/blog/5-skincare-habits-to-get-into-in-2026,200.0,,,,,,
https://www.100daysofrealfood.com/lets-commit-device-free-dinner/,200.0,2026-05-13T20:11:28+00:00,2015-04-24T16:55:50+00:00,2024-04-21T22:35:44+00:00,jsonld,jsonld,
https://sanokc.com/master-your-elimination-diet-meal-plan-life-changing-secrets/,403.0,,,,,,
https://gi.org/journals-publications/ebgi/patel_kolb_aug2023/,200.0,,2023-08-16T17:04:19+00:00,2024-03-06T18:34:18+00:00,jsonld,jsonld,
https://mexess.com/blogs/blog/why-avoid-fast-fashion-sustainable-style-guide,200.0,,2026-03-21T08:36:53+02:00,2026-04-18T22:08:44+03:00,jsonld,jsonld,
https://www.norden.org/en/news/greenwashing-and-overconsumption-fashion-industry-still-problem,403.0,,,,,,
https://scrippsamg.com/device-free-meals/,200.0,2026-05-12T19:06:17+00:00,2024-05-20T16:36:21+00:00,,jsonld,,
https://www.dorsali.com/blogs/dorsali-ethical-fashion-guide-blog/sustainable-vs-traditional-fashion-cost-comparison,200.0,,2025-05-02T23:42:54-04:00,2025-05-02T23:09:05-04:00,jsonld,jsonld,
https://devera.ai/resources/what-is-sustainable-fashion-a-complete-2026-guide/,200.0,,2026-04-04T00:00:00+00:00,2026-04-04T00:00:00+00:00,jsonld,jsonld,
https://www.webmd.com/fitness-exercise/what-to-know-saunas-and-health,200.0,,2021-06-04T12:21:00,2026-02-02T10:00:00,jsonld,jsonld,
https://news.climate.columbia.edu/2021/06/10/why-fashion-needs-to-be-more-sustainable/,200.0,,2021-06-10T05:00:44-04:00,2024-06-27T11:16:11-04:00,jsonld,jsonld,
https://www.goodrx.com/well-being/alternative-treatments/sauna-benefits,403.0,,,,,,
https://www.realthread.com/blog/the-impact-of-sustainable-fashion-on-local-communities-and-artisans,200.0,,2025-07-28T13:14:51.919000+00:00,2025-10-07T14:39:07.799000+00:00,jsonld,jsonld,
https://www.health.harvard.edu/healthy-aging-and-longevity/saunas-and-your-health,200.0,,2020-05-14T00:00:00-04:00,2020-05-14T00:00:00-04:00,jsonld,og,
https://www.uclahealth.org/news/article/benefits-sauna-bathing-heart-health,200.0,2026-05-13T19:51:23+00:00,,,,,
https://www.theprairiehomestead.com/2026/02/what-the-hell-happened-to-homesteading.html,200.0,,2026-02-18T14:12:41+00:00,2026-03-05T14:46:55+00:00,jsonld,jsonld,
https://www.museodelrisparmio.it/blog/fast-fashion-vs-slow-fashion-the-impact-on-your-wallet-in-the-long-term/,200.0,,2026-04-16T13:32:41+00:00,2026-04-16T13:32:43+00:00,jsonld,jsonld,
https://health.clevelandclinic.org/sauna-benefits,200.0,2026-05-13T20:11:30+00:00,2024-08-12T04:02:00+00:00,,jsonld,,
https://www.innerlightsauna.com.au/blogs/the-infrared-sauna-blog/who-shouldnt-use-infrared-saunas,200.0,,2025-06-27T22:22:08+10:00,2025-06-03T22:13:00+10:00,jsonld,jsonld,
https://eattypelive.com/2025/03/11/screen-free-eating-step-by-step/,429.0,,,,,,
https://peakprimalwellness.com/blogs/wellness/sauna-safety-tips,200.0,,2025-11-23T10:57:18-08:00,2026-03-21T04:56:41-07:00,jsonld,jsonld,
https://ouraring.com/blog/symptom-radar/,200.0,,2024-12-05T13:59:18+00:00,2025-06-24T13:13:47+00:00,jsonld,jsonld,
https://www.reddit.com/r/ouraring/comments/1ptv90u/your_ring_shows_minor_or_major_strain_you_feel/,200.0,,,,,,
https://www.annapinnock.co.uk/articles/the-autoimmune-protocol/,200.0,,2019-01-07T19:32:39+00:00,2024-09-11T15:58:45+00:00,jsonld,jsonld,
https://blog.mylifenote.ai/stream-of-consciousness-journaling/,200.0,,2026-02-17T00:00:00,2026-05-12T00:00:00,jsonld,jsonld,
https://thevansmith.com/blogs/beginners-guide-to-the-vanlife/how-much-it-cost-of-van-life,200.0,,2025-08-01T06:28:03-06:00,2026-04-21T22:32:55-06:00,jsonld,jsonld,
https://ouraring.com/blog/how-oura-can-help-monitor-sickness/,200.0,,2023-08-19T00:20:57+00:00,2024-12-17T22:11:07+00:00,jsonld,jsonld,
https://ouraring.com/blog/oura-health-member-stories/,200.0,,2025-09-24T08:00:40+00:00,2026-04-28T05:25:58+00:00,jsonld,jsonld,
https://vanlifeescape.com/monthly-cost-of-van-life-in-2026/,200.0,2026-05-13T20:11:04+00:00,2026-01-12T17:12:20+00:00,2026-04-16T16:56:34+00:00,jsonld,jsonld,
https://vertu.com/lifestyle/can-oura-ring-detect-health-problems-early-signs-illness,200.0,,2025-11-19T15:37:23,2025-11-20T15:59:18,jsonld,jsonld,
https://gnomadhome.com/how-much-does-van-life-cost/,200.0,2026-05-08T18:10:14+00:00,2023-01-27T14:48:06-06:00,2023-12-20T14:32:25-06:00,jsonld,jsonld,
https://news.illinois.edu/study-families-spend-half-of-their-evening-meal-distracted-by-technology-tasks/,200.0,2026-04-11T02:50:27+00:00,,,,,
https://legal-resources.uslegalforms.com/h/homestead-waiver,405.0,,,,,,
https://vanlifeescape.com/van-life-start-up-cost-breakdown/,200.0,2026-05-13T20:06:58+00:00,2026-01-18T17:15:33+00:00,2026-04-17T14:55:59+00:00,jsonld,jsonld,
https://ouraring.com/blog/history-of-oura/,200.0,,2025-02-10T08:22:57+00:00,2025-04-01T12:13:41+00:00,jsonld,jsonld,
https://www.acg.aaa.com/connect/blogs/4c/home/homesteading-the-self-sufficient-life,403.0,,,,,,
https://en.wikipedia.org/wiki/Oura_Health,403.0,,,,,,
https://www.cobbtax.gov/property/exemptions.php,403.0,,,,,,
https://easytitlesearch.com/articles/what-is-a-homestead-understanding-homestead-laws-and-benefits/,200.0,,2024-09-18T12:40:54+00:00,2024-09-18T12:41:46+00:00,jsonld,jsonld,
https://htlbiotech.com/blog/the-future-of-hyaluronic-acid-a-smart-biomaterial-for-the-next-generation-of-medicine/,200.0,,2025-05-27T14:27:36+00:00,2025-05-28T16:31:10+00:00,jsonld,jsonld,
https://www.personalcaremagazine.com/story/50209/demand-for-bio-fermented-hyaluronic-acid-to-triple-by-2035-report,200.0,,2025-12-11T00:00:00,,time_tag,,
https://www.futuremarketinsights.com/reports/hyaluronic-acid-personal-care-products-market,200.0,,2025-04-11T00:00:00-04:00,2025-04-11T11:32:20+00:00,jsonld,og,
https://www.gwinnetttaxcommissioner.com/property-tax/homestead-exemption/about-homestead-exemptions,200.0,,,,,,
https://www.businessinsider.com/oura-ring-kickstarter-silicon-valley-nba-bubble-2020-12,200.0,2021-08-20T20:22:56+00:00,2020-12-16T18:16:23+00:00,2021-08-20T20:22:56.458000+00:00,jsonld,jsonld,
https://en.wikipedia.org/wiki/Continuous_glucose_monitor,200.0,2026-05-10T03:01:15+00:00,2017-12-20T18:11:18+00:00,2026-04-26T13:25:22+00:00,jsonld,jsonld,
https://pmc.ncbi.nlm.nih.gov/articles/PMC8120065/,200.0,,,,,,
https://afontechnology.com/2023/07/07/a-brief-history-of-diabetes-technology/,200.0,,2023-07-07T14:55:42+00:00,2025-09-02T12:15:14+00:00,jsonld,jsonld,
https://www.cosmopolitan.com/health-fitness/a65439561/oura-ring-4-review/,200.0,,2025-07-22T19:59:22.707045-04:00,2026-01-21T19:26:00-05:00,jsonld,jsonld,
https://lifehacker.com/health/what-ive-learned-from-four-years-of-tracking-my-health-with-the-oura-ring,200.0,2026-05-13T20:11:33+00:00,2025-03-18T18:00:00+00:00,2025-03-18T18:00:00+00:00,jsonld,jsonld,
https://pmc.ncbi.nlm.nih.gov/articles/PMC12989699/,200.0,,,,,,
https://www.elle.com/beauty/hair/g60905803/best-protein-treatments-for-hair/,200.0,,2024-06-03T18:55:17.625217-04:00,2025-06-18T21:16:00-04:00,jsonld,jsonld,
https://elchemy.com/blogs/chemical-market/why-hyaluronic-acid-formulations-are-in-demand-in-2025,200.0,,2025-08-02T09:12:09-04:00,2025-09-21T12:35:25-04:00,jsonld,jsonld,
https://www.frontiersin.org/journals/genetics/articles/10.3389/fgene.2025.1764308/full,200.0,,2025-12-17T00:00:00,2026-05-13T00:00:00,jsonld,jsonld,
https://www.mordorintelligence.com/industry-reports/tiny-homes-market,200.0,,2024-02-27T00:00:00,2026-03-10T00:00:00,jsonld,jsonld,
https://www.mdpi.com/2673-4540/6/3/17,403.0,,,,,,
https://www.fda.gov/news-events/press-announcements/fda-clears-first-over-counter-continuous-glucose-monitor,200.0,2026-05-13T19:25:04+00:00,2024-08-09T22:09:00,2024-03-05T16:19:00,jsonld,jsonld,
https://ecolifehomes.com/tiny-home-industry-update-may-82026/,202.0,,,,,,
https://www.coherentmarketinsights.com/industry-reports/tiny-homes-market,200.0,,2026-03-31T16:21:55-04:00,,jsonld,,
https://www.researchandmarkets.com/reports/6170543/tiny-homes-market-report,200.0,,,,,,
https://my-cpe.com/insights/news-and-insights/markets-and-finance/oura-ring-transforms-from-kickstarter-to-5-2-billion-with-ronaldo-and-prince-harry,200.0,,2024-12-23T00:00:00,,jsonld,,
https://www.webmd.com/diet/autoimmune-protocol-diet,200.0,,2021-07-08T07:00:00,2024-09-06T07:38:04,jsonld,jsonld,
https://www.texaschildrens.org/content/wellness/celebrating-our-centennial-milestone-diabetes-technology-across-years,200.0,2026-05-13T20:11:34+00:00,,2021-04-27T12:32:34-05:00,,jsonld,
https://d-sci.org/index.php/dsci/article/view/20,200.0,,2025-12-20T00:00:00,,dc,,
https://www.ncbi.nlm.nih.gov/books/NBK538968/,200.0,,,,,,
https://rheumatology.org/patient-blog/what-is-the-autoimmune-protocol-diet,200.0,,,,,,
https://uspainfoundation.org/autoimmune-diseases-edition/autoimmuneedition-articles/autoimmune-protocol-diet/,200.0,2026-05-12T16:20:59+00:00,2021-12-05T23:31:39+00:00,2025-10-08T17:18:26+00:00,jsonld,jsonld,
https://www.amymyersmd.com/blogs/articles/aip-diet-plan,200.0,,2025-08-21T19:27:39+00:00,,jsonld,,
https://www.health.harvard.edu/blog/dopamine-fasting-misunderstanding-science-spawns-a-maladaptive-fad-2020022618917,200.0,,2020-02-26T15:30:37-05:00,,jsonld,,
https://www.nesaz.com/autoimmune-paleo-diet/,200.0,2026-05-13T15:19:06+00:00,2025-04-10T09:51:14+00:00,2025-11-18T15:09:38+00:00,jsonld,jsonld,
https://pmc.ncbi.nlm.nih.gov/articles/PMC11755016/,200.0,,,,,,
https://www.businessresearchinsights.com/market-reports/tiny-homes-market-101759,200.0,,,,,,
https://www.calm.com/blog/dopamine-fasting,200.0,,2024-06-12T06:59:00-07:00,2025-06-19T11:07:34-07:00,jsonld,jsonld,
https://lovegreatfinds.com/blogs/news/kitchen-drawer-organization,200.0,,2026-05-12T00:00:00,2026-05-12T10:00:00-06:00,jsonld,jsonld,
https://pmc.ncbi.nlm.nih.gov/articles/PMC10385838/,200.0,,,,,,
https://int.livhospital.com/anti-aging-research-2024-new-for-2025/,403.0,,,,,,
https://www.vitacost.com/blog/what-is-aip-diet/,403.0,,,,,,
https://oneandonlytinyhomes.com/the-future-of-tiny-homes-innovation-and-technology/,200.0,,2025-04-04T21:24:06,2025-05-15T15:26:08,jsonld,jsonld,
https://www.cholley.com/2025-trends-in-anti-aging-skincare-what-consumers-are-really-looking-for/,202.0,,,,,,
https://nourishingminimalism.com/junk-drawer/,200.0,2026-04-27T17:02:57+00:00,2025-03-18T16:18:29+00:00,,jsonld,,
https://imageskincare.com/blogs/skincare-blog/the-future-of-anti-aging-skincare-in-2026,200.0,,2026-01-01T10:36:50,,jsonld,,
https://www.loveandrenovations.com/junk-drawer-organizer/,200.0,2026-05-13T18:00:29+00:00,2024-01-26T10:00:00+00:00,,jsonld,,
https://www.reviewed.com/organization/features/how-to-organize-junk-drawer,200.0,,2024-02-21T16:58:02+00:00,2026-02-20T18:48:00+00:00,jsonld,jsonld,
https://summitrheumatology.com/patient-lifestyle/aip-diet-plan/,202.0,,,,,,
https://shabbyfufu.com/get-rid-of-junk-drawer-organize-kitchen/,200.0,,2021-01-11T06:00:34-05:00,2023-02-04T11:16:58-05:00,jsonld,jsonld,
https://www.vividseats.com/sibling-rivalry-live-tickets--theater-arts-and-theater/performer/109215,200.0,,,,,,
https://www.drmmacdonald.com/blog/anti-aging-treatment-statistics-whats-most-effective-according-to-the-data-,200.0,,2025-08-14T21:03:41.344426+00:00,2025-08-14T21:03:41.344426+00:00,og,og,
https://www.worldhappiness.report/ed/2026/social-media-is-harming-adolescents-at-a-scale-large-enough-to-cause-changes-at-the-population-level/,200.0,,,,,,
https://www.governing.com/policy/states-are-increasingly-trying-to-keep-kids-off-social-media,200.0,,2026-05-06T00:00:00,2026-05-06T00:00:00,jsonld,jsonld,
https://www.mothermag.com/raising-bilingual-kids/,200.0,,2019-10-03T20:00:54-04:00,2023-11-26T18:29:37-05:00,jsonld,jsonld,
https://goodbuygear.com/blogs/gear-guidance/second-baby-must-haves,200.0,,2022-09-23T11:50:09-06:00,2022-09-26T15:57:47-06:00,jsonld,jsonld,
https://www.globalchildrenschool.com/blog/think-your-child-will-pick-up-english-later,200.0,2026-05-13T20:11:38+00:00,,,,,
https://www.houstonanxiety.com/blog-posts/tech-teens-and-anxiety-what-parents-need-to-understand-in-2026,200.0,2026-05-13T20:11:38+00:00,,,,,
https://www.babylist.com/hello-baby/second-baby-registry,200.0,,,,,,
https://podcasts.apple.com/us/podcast/sibling-rivalry/id1359664915,200.0,,,2026-05-13T16:00:00+00:00,,jsonld,
https://news.northwestern.edu/stories/2026/02/yes-kids-under-13-are-on-social-media-new-nationwide-study-examines-the-effects,200.0,,,,,,
https://www.urmc.rochester.edu/news/publications/health-matters/the-positives-of-social-media-for-teens-and-how-parents-can-guide-safe-use,200.0,,2025-11-06T18:28:00,2026-04-15T11:07:34.747000,jsonld,jsonld,
https://www.ticketsmarter.com/p/sibling-rivalry-tickets,200.0,,,,,,
https://www.ellynsatterinstitute.org/how-to-feed/division-of-responsibility/,200.0,2025-10-02T15:45:26+00:00,,,,,
https://www.ellynsatterinstitute.org/satter-approach/,200.0,2025-10-01T22:27:26+00:00,,,,,
https://www.ellynsatterinstitute.org/satter-feeding-dynamics-model/,200.0,2016-07-23T17:45:28+00:00,,,,,
https://www.actionbehavior.com/screener/m-chat,200.0,2026-05-13T20:11:39+00:00,,,,,
https://hispanaglobal.net/10-fun-ways-to-raise-bilingual-kids/,200.0,,2023-08-03T12:01:19+00:00,2023-08-04T16:33:40+00:00,jsonld,jsonld,
https://www.instrucko.com/blogs/raising-bilingual-kids-benefits-myths-and-practical-home-strategies,200.0,,2026-02-06T09:54:33.828994+00:00,2026-02-06T09:54:24.578569+00:00,jsonld,jsonld,
https://www.autismspeaks.org/screen-your-child,200.0,2026-05-13T17:30:40+00:00,,,,,
https://ffmediation.com/new-child-support-laws-guidelines/,403.0,,,,,,
https://www.healthline.com/health/parenting/terrible-twos,200.0,,2019-02-25T11:20:11+00:00,2019-02-25T11:20:11+00:00,jsonld,jsonld,
https://yoursimplynutrition.com/blog/using-the-ellyn-satter-approach-feeding-children/,200.0,,,,,,
https://cultivatebhe.com/online-m-chat-screening/,200.0,,2025-07-01T19:39:31-06:00,2026-03-25T23:04:10-06:00,jsonld,jsonld,
https://appetitetoplay.com/healthy-eating/tips-ideas/ellyn-satters-division-responsibility-feeding,200.0,,,,,,
https://www.reddit.com/r/AttachmentParenting/comments/1scodk2/when_does_attachment_parenting_make_a_noticeable/,200.0,,,,,,
https://www.goddardschool.com/blog/what-are-the-terrible-twos,200.0,2026-05-13T20:11:40+00:00,,,,,
https://www.ziprecruiter.com/Salaries/Average-Teen-Salary,403.0,,,,,,
https://divorce.law/guides/parallel-parenting/connecticut/,200.0,,2026-04-18T21:15:01.353953+00:00,2026-04-18T21:15:01.353953+00:00,jsonld,jsonld,
https://thrive.psu.edu/blog/the-division-of-responsibility/,200.0,,2022-06-01T16:12:58+00:00,2025-03-27T13:42:19+00:00,og,og,
https://beresfordlaw.com/what-is-changing-for-child-support-in-january-of-2026/,200.0,,2025-12-09T16:43:00+00:00,2026-03-10T02:12:14+00:00,jsonld,jsonld,
https://www.mother.ly/life/motherly-stories/fierce-mamas-raising-daughters/,200.0,2024-02-23T13:54:01+00:00,2022-07-21T17:06:00-04:00,2024-02-23T13:54:01-05:00,jsonld,jsonld,
https://www.astrongstart.com/age-regression-how-long-does-toddler-regression-last-after-a-new-baby-joins-the-family/,200.0,2026-05-13T20:11:40+00:00,2026-03-30T04:00:00,2026-04-14T07:36:14,jsonld,jsonld,
https://joone.com/blogs/news/regression-after-the-arrival-of-a-new-sibling-what-s-it-about,200.0,,,,,,
https://rie.org/rie-foundations/,429.0,,,,,,
https://www.hunton.com/the-nickel-report/what-to-watch-for-in-2026-extended-producer-responsibility-epr-a-legal-bombshell-to-start-off-2026,200.0,,,,,,
https://divorce.law/guides/parallel-parenting/california/,200.0,,2026-03-30T01:13:41.323313+00:00,2026-03-30T01:13:41.323313+00:00,jsonld,jsonld,
https://divorce.law/guides/parallel-parenting/delaware/,200.0,,2026-04-18T21:19:32.999224+00:00,2026-04-18T21:19:32.999224+00:00,jsonld,jsonld,
https://www.babylist.com/hello-baby/how-to-combo-feed,200.0,,,,,,
https://www.risechild.com/foundations,200.0,,,,,,
https://rie.org/parent-infant-guidance-class/,429.0,,,,,,
https://www.reddit.com/r/Parenting/comments/1rkt6p2/what_is_a_realistic_first_kids_phone_setup_for_an/,200.0,,,,,,
https://www.coloradowic.gov/combination-feeding,200.0,2026-05-13T05:06:16+00:00,,,,,
https://euromallusa.com/blogs/news/the-ultimate-guide-best-baby-formula-to-supplement-breastfeeding-expert-combo-feeding-tips-for-2025,200.0,,2026-05-13T09:51:39+00:00,,time_tag,,
https://www.takingcarababies.com/blogs/parents/two-under-two,200.0,,2025-07-22T00:00:00,2026-01-22T00:00:00,jsonld,jsonld,
https://www.tommys.org/pregnancy-information/after-birth/feeding-your-baby/combine-feeding,200.0,2026-05-13T19:15:35+00:00,,,,,
https://childmind.org/article/when-should-you-get-your-kid-a-phone/,200.0,2025-04-01T15:34:01+00:00,2016-02-25T10:24:38+00:00,2025-04-01T19:34:01+00:00,jsonld,jsonld,
https://mylifewithlittles.wordpress.com/2016/08/03/10-must-dos-to-survive-2-under-2/,200.0,,2016-08-03T15:09:41+00:00,2016-08-31T21:56:20+00:00,og,og,
https://raisingbiracialbabies.com/manage-two-kids-under-two/,200.0,2026-05-13T19:25:50+00:00,2019-05-11T00:00:22-12:00,2019-08-07T20:22:51-12:00,jsonld,jsonld,
https://soarautismcenter.com/our-approach/diagnostic-testing/m-chat-r/,200.0,2026-02-11T18:11:33+00:00,2024-05-30T12:32:13+00:00,2026-02-11T18:11:33+00:00,jsonld,jsonld,
https://blog.collegevine.com/most-prestigious-summer-programs-for-high-school-students,200.0,,2026-01-07T00:00:00+00:00,,og,,
https://theplaceforchildrenwithautism.com/diagnosing-autism/autism-screening-tools/m-chat,200.0,,,2025-12-19T19:59:19+00:00,,og,
https://www.allaboutaba.com/blog/is-it-worth-getting-an-autism-diagnosis,200.0,2026-05-13T20:11:43+00:00,,,,,
https://behavioral-innovations.com/es/blog/autism-screening-using-the-m-chat-autism-checklist/,200.0,,2019-09-09T09:34:00+00:00,2025-06-17T12:32:54+00:00,og,og,
https://empowerly.com/applications/top-16-stem-summer-programs/,200.0,,2026-04-16T19:39:42+00:00,2026-04-20T18:12:25+00:00,jsonld,jsonld,
https://thishomeschoolhouse.com/two-under-two/,200.0,,2024-02-11T13:30:00+00:00,2024-02-11T13:30:31+00:00,jsonld,jsonld,
https://www.health.harvard.edu/mind-and-mood/autism-the-challenges-and-opportunities-of-an-adult-diagnosis,200.0,,2024-12-03T00:00:00-05:00,,jsonld,,
https://www.collegeessayguy.com/blog/college-prep-courses-classes,200.0,2026-05-13T20:11:43+00:00,2024-02-28T22:53:54-06:00,2026-03-16T17:10:46-05:00,jsonld,jsonld,
https://thenaturalparentmagazine.com/reframing-the-terrible-twos/,200.0,,2019-06-20T22:58:01+00:00,2024-12-22T19:09:29+00:00,jsonld,jsonld,
https://www.chop.edu/news/health-tip/how-help-older-children-overcome-bedwetting,200.0,2026-05-13T19:15:10+00:00,2018-11-08T07:38:07-05:00,2024-08-08T09:27:56-04:00,jsonld,jsonld,
https://feed.georgetown.edu/access-affordability/how-well-do-college-level-courses-in-high-school-prep-students-for-whats-ahead/,403.0,,,,,,
https://www.northwesternmutual.com/life-and-money/college-prep-whats-worth-the-money/,200.0,2026-05-13T16:22:00+00:00,2024-04-23T00:00:00,2024-07-16T11:59:13-04:00,jsonld,jsonld,
https://reachbh.org/adult-autism-diagnosis-ohio/,200.0,,2025-12-13T14:59:31-05:00,2026-01-17T05:37:20-05:00,jsonld,jsonld,
https://www.mayoclinic.org/diseases-conditions/bed-wetting/diagnosis-treatment/drc-20366711,403.0,,,,,,
https://pmc.ncbi.nlm.nih.gov/articles/PMC9680195/,200.0,,,,,,
https://pmc.ncbi.nlm.nih.gov/articles/PMC11025040/,200.0,,,,,,
https://pmc.ncbi.nlm.nih.gov/articles/PMC10544762/,200.0,,,,,,
https://health.ucdavis.edu/children/patient-education/bedwetting-solutions,200.0,,,2023-04-12T00:00:00,,meta,
https://www.tinytransformationsnyc.com/blogcontent/new-cdc-developmental-milestones,200.0,,2022-04-20T12:36:28-04:00,2024-07-17T09:55:36-04:00,jsonld,jsonld,
https://health.clevelandclinic.org/how-to-help-your-child-stop-wetting-the-bed-2,200.0,2026-05-13T20:11:45+00:00,2022-01-25T12:00:00+00:00,,jsonld,,
https://www.teachtosleep.co.uk/post/tips-for-surviving-two-under-two,200.0,,2024-07-22T13:05:09.618000+00:00,2025-10-18T05:05:06.714000+00:00,jsonld,jsonld,
https://www.globalcontinence.com/blog,200.0,,,,,,
https://earlham.edu/summer/6-reasons-why-summer-pre-college-programs-are-worth-it/,200.0,,2025-02-05T15:14:14+00:00,2025-02-13T13:49:42+00:00,jsonld,jsonld,
https://www.cdc.gov/ncbddd/watchmetraining/module1.html,200.0,,,,,,
https://peelaways.com/blogs/peelaways-blog/ultimate-guide-teen-bedwetting-solutions,200.0,,2025-12-12T13:29:32+00:00,,time_tag,,
https://www.mayoclinichealthsystem.org/hometown-health/speaking-of-health/tips-for-overcoming-bed-wetting,403.0,,,,,,
https://www.minted.com/lp/back-to-school-checklist,200.0,,,,,,
https://www.autism.org.uk/advice-and-guidance/diagnosis/before-diagnosis/deciding-whether-to-seek-an-autism-assessment,200.0,2026-05-13T20:11:44+00:00,,,,,
https://u.osu.edu/livehealthyosu/2025/01/09/helping-kids-transition-back-to-school-after-breaks/,200.0,2026-05-13T20:11:46+00:00,2025-01-09T17:00:00+00:00,2026-02-15T21:47:42+00:00,og,og,
https://www.cdc.gov/youth-violence/about/about-bullying.html,200.0,,2024-10-28T04:00:00,,time_tag,,
https://www.mhskids.org/blog/5-ways-to-create-a-healthy-back-to-school-routine-this-year/,200.0,,2018-08-21T22:53:36+00:00,2025-01-21T14:24:47+00:00,og,og,
https://www.childneurologyfoundation.org/category-news-breaking-down-the-new-cdc-milestones/,200.0,2026-05-13T19:25:51+00:00,2022-05-18T00:41:28+00:00,,jsonld,,
https://www.vizientinc.com/what-we-do/spend-management/supply-chain/vizient-viewpoints/managing-bedwetting-in-neurodivergent-children,200.0,,,,,,
https://www.pearsonassessments.com/professional-assessments/featured-topics/early-childhood/ages-0-3.html,200.0,2026-05-13T20:11:47+00:00,,,,,
https://www.pbis.org/topics/bullying-prevention,200.0,2026-05-13T20:11:47+00:00,,,,,
https://onestopbedwetting.com/bedwetting-alarm-modern-solutions/,200.0,,2025-04-01T22:14:36+00:00,2026-05-12T23:23:40+00:00,og,og,
https://academic.oup.com/asjopenforum/article/doi/10.1093/asjof/ojad061/7209250,403.0,,,,,,
https://www.bark.us/blog/2025-back-to-school-tips/,200.0,,2025-07-24T20:16:40+00:00,2026-01-04T21:05:36+00:00,jsonld,jsonld,
https://www.education.ne.gov/safety/bullying-cyberbullying/bullying-prevention-and-intervention-strategies/,200.0,,,,,,
https://www.themindbydesign.com/blog/how-professional-guidance-can-transform-family-dynamics-with-parent-coaching,200.0,,2025-05-21T12:30:34-07:00,2025-07-20T22:35:48-07:00,jsonld,jsonld,
https://americanspcc.org/how-does-child-custody-work-in-family-law-in-2026/,200.0,,2026-04-13T21:04:05+00:00,2026-04-13T21:06:11+00:00,jsonld,jsonld,
https://health.choc.org/baby-led-weaning-vs-spoon-feeding/,200.0,,2025-03-21T18:12:09+00:00,2025-03-21T18:56:44+00:00,jsonld,jsonld,
https://manifold.counseling.org/read/bullying-intervention,200.0,,,,,,
https://www.sciencedaily.com/releases/2025/05/250506105348.htm,200.0,2026-05-13T15:27:33+00:00,,2026-05-13T14:34:01+00:00,,meta,
https://www.ncbi.nlm.nih.gov/books/NBK390407/,200.0,,,,,,
https://www.icancoop.org/blogs/first-hand-account/the-therapists-guide-to-parent-coaching-bridging-the-idea-vs-doing-gap-in-co-op,200.0,,2025-12-14T05:35:40+00:00,,time_tag,,
https://www.jaiinstituteforparenting.com/ultimate-guide-to-parent-coaching,200.0,,2025-02-04T15:27:04,2025-11-05T17:20:03,jsonld,jsonld,
https://familylawconcerns.com/blog/california-child-custody-laws/,500.0,,,,,,
https://www.sswaa.org/post/bullying-prevention-and-intervention,200.0,,2019-12-08T23:53:32.569000+00:00,2020-03-09T04:03:44.268000+00:00,jsonld,jsonld,
https://www.reddit.com/r/raisingkids/comments/1dp0z4f/whats_the_best_educational_app_youve_given_your/,200.0,,,,,,
https://folsomtimes.com/288998-2/,200.0,,,,,,
https://smartstartchildcarellc.com/news-and-updates/f/educational-vs-entertainment-choosing-quality-screen-time,200.0,,,,,,
https://parental-control.net/en/blog/article/best-parental-control-apps-in-2026,200.0,,,,,,
https://www.summerhealth.com/blog/baby-led-weaning-a-modern-parents-guide-to-starting-solid-foods,200.0,2026-04-29T14:24:39+00:00,,,,,
https://kidsai.app/blog/best-educational-apps-2026,200.0,,2026-03-12T00:00:00,2026-03-12T00:00:00,jsonld,jsonld,
https://raisingchildren.net.au/babies/connecting-communicating/bilingualism-multilingualism/raising-bilingual-children-tips,403.0,,,,,,
https://www.wwmedgroup.com/blog/screen-time-recommendations-for-kids/,200.0,,2025-02-11T22:28:54+00:00,2026-04-16T17:17:19+00:00,jsonld,jsonld,
https://www.bark.us/blog/safer-app-alternatives-for-kids-2/,200.0,,2026-04-09T15:37:43+00:00,2026-04-09T15:37:44+00:00,jsonld,jsonld,
https://www.feedingplus.com/blog/starting-solids-with-baby-purees-vs-baby-led-weaning,200.0,,,,,,
https://www.health.ny.gov/community/infants_children/early_intervention/autism/autism_screening_for_toddlers.htm,200.0,,,,,,
https://www.wral.com/lifestyle/family/shifting-parenting-coaching-when-and-how/,200.0,,,2024-10-04T14:17:10+00:00,,jsonld,
https://www.research.chop.edu/car-autism-roadmap/modified-checklist-for-autism-in-toddlers-m-chat,403.0,,,,,,
https://behavioral-innovations.com/blog/autism-screening-using-the-m-chat-autism-checklist/,200.0,,2019-09-09T09:34:00+00:00,2025-06-17T12:32:54+00:00,og,og,
https://www.trilingualchildren.com/p/language-strategies.html,200.0,2026-04-27T06:41:54+00:00,,,,,
https://mipediatrictherapy.com/starting-solids-with-your-baby-and-how-feeding-therapy-can-help/,200.0,2026-05-13T20:11:52+00:00,2024-10-01T15:01:00+00:00,,jsonld,,
https://www.aap.org/en/patient-care/media-and-children/center-of-excellence-on-social-media-and-youth-mental-health/qa-portal/qa-portal-library/qa-portal-library-questions/screen-time-at-school/,200.0,,2025-03-13T00:00:00,,meta,,
https://pmc.ncbi.nlm.nih.gov/articles/PMC8722322/,200.0,,,,,,
https://www.multilingualfamilyhub.com/post/7-excuses-holding-you-back-from-raising-bilingual-or-trilingual-kids-in-2026,200.0,,2025-12-19T09:30:12.579000+00:00,2025-12-19T09:30:12.579000+00:00,jsonld,jsonld,
https://www.tandfonline.com/doi/full/10.1080/24750573.2017.1422682,403.0,,,,,,
https://www.hibobbie.com/blogs/bobbieu/how-long-is-a-breastfeeding-session-a-realistic-guide-for-new-parents,200.0,,,,,,
https://www.aafp.org/pubs/afp/issues/2014/1015/p574.html,200.0,2026-05-12T20:30:45+00:00,2014-10-15T00:00:00,,jsonld,,
https://www.goodhousekeeping.com/home/organizing/g2358/back-to-school-prep/,200.0,,2017-08-03T21:00:00-04:00,2025-07-21T19:51:00-04:00,jsonld,jsonld,
https://www.reddit.com/r/beyondthebump/comments/1k6q9r5/parents_of_multiple_children_advice_to_prepare/,200.0,,,,,,
https://modernmilk.com/how-long-should-my-baby-nurse-for/,200.0,,2020-06-20T04:42:29+00:00,2024-08-30T19:19:01+00:00,jsonld,jsonld,
https://suncloudhealth.com/blog/how-eating-disorders-present-differently-in-adolescents-today-understanding-new-patterns-in-2026/,200.0,,2026-01-12T14:00:00+00:00,2026-04-09T19:31:15+00:00,jsonld,jsonld,
https://avalonhills.org/eating-disorders-in-2026-what-the-latest-research-reveals/,202.0,,,,,,
https://www.babycenter.com/baby/breastfeeding/is-it-normal-for-my-baby-to-breastfeed-for-only-a-few-minute_3652436,200.0,,2008-03-27T00:00:00+00:00,2023-05-04T10:06:26+00:00,jsonld,jsonld,
https://momcozy.com/blogs/breastfeeding/how-long-to-breastfeed-per-side,200.0,,2024-12-05T23:05:56-05:00,2024-12-05T23:05:56-05:00,jsonld,jsonld,
https://www.mayoclinic.org/healthy-lifestyle/getting-pregnant/in-depth/family-planning/art-20044072,403.0,,,,,,
https://milky-mama.com/blogs/lactation-support/how-many-minutes-is-a-good-breastfeeding-session,200.0,,,,,,
https://www.takingcarababies.com/blogs/toddlers/how-to-prepare-your-toddler-for-a-new-sibling,200.0,,2022-08-27T00:00:00,2026-01-27T00:00:00,jsonld,jsonld,
https://www.bluecrossnc.com/blog/healthy-living/childrens-health/toddler-screen-time-impact-on-brain-development,406.0,,,,,,
https://www.uclahealth.org/news/article/eating-disorders-in-adolescents-are-on-the-rise-heres-how-to-spot-them,200.0,2026-05-13T20:11:54+00:00,,,,,
https://childrenscampusgreenville.com/blog/screen-time-and-toddler-development/,200.0,,2026-02-05T21:28:49+00:00,2026-03-25T19:21:30+00:00,og,og,
https://www.luriechildrens.org/en/blog/screen-time-2025/,200.0,,2025-07-21T00:00:00,2025-10-30T00:00:00,jsonld,jsonld,
https://www.nyp.org/healthmatters/what-does-too-much-screen-time-do-to-childrens-brains,200.0,2026-05-12T15:11:30+00:00,2025-10-14T00:00:00,2026-05-11T00:00:00,jsonld,jsonld,
https://cgi.edu/news/new-cdc-child-development-milestones-what-they-mean-for-behavioral-health/,200.0,,2025-05-19T07:00:28+00:00,2026-01-26T22:17:52+00:00,jsonld,jsonld,
https://openthemagazine.com/world/your-toddlers-screen-time-habit-may-already-be-doing-more-damage-than-you-think,200.0,,2026-04-19T09:02:00+05:30,2026-04-19T09:02:00+05:30,jsonld,jsonld,
https://www.forbes.com/sites/forbes-personal-shopper/article/best-parental-control-app/,200.0,,2025-09-19T00:00:00,2026-01-07T00:00:00,og,og,
https://raisingchildren.net.au/preschoolers/health-daily-care/toileting/toilet-training-guide,403.0,,,,,,
https://www.reddit.com/r/jobs/comments/vh2pl2/how_the_hell_do_i_get_a_job_as_a_15_year_old_with/,200.0,,,,,,
https://www.whattoexpect.com/toddler/potty-training/best-potty-training-methods,200.0,,2024-05-03T18:06:00,2025-09-16T04:10:00,jsonld,jsonld,
https://www.collegeraptor.com/explore-careers/articles/careers-internships/job-finder-for-teens-how-to-land-your-first-job/,403.0,,,,,,
https://www.uhhospitals.org/blog/articles/2026/03/eating-disorders-on-the-rise-in-children,200.0,,2026-03-16T00:00:00,2026-03-16T00:00:00,jsonld,jsonld,
https://www.carters.com/crib-notes-blog/parenting/potty-traing-must-have-products,200.0,,2025-02-28T21:18:44.917000+00:00,2025-03-27T14:33:05.359000+00:00,jsonld,jsonld,
https://www.cope.org.au/pregnancy/pregnant/concerns-for-second-time-parents,200.0,2026-05-13T20:11:56+00:00,,,,,
https://www.healthychildren.org/English/ages-stages/toddler/toilet-training/Pages/Praise-and-Reward-Your-Childs-Success.aspx,200.0,2026-05-13T20:11:56+00:00,2023-11-06T00:00:00,,meta,,
https://manhattanwellness.org/overcoming-new-years-anxiety-strategies-for-a-calmer-start-to-2026/,200.0,,2026-01-01T13:00:00+00:00,2026-04-13T19:41:30+00:00,jsonld,jsonld,
https://pmc.ncbi.nlm.nih.gov/articles/PMC8078852/,200.0,,,,,,
https://www.goodinside.com/blog/managing-toddler-tantrums/,200.0,,2025-05-05T23:05:20.985000+00:00,2025-09-02T19:58:34.358000+00:00,jsonld,jsonld,
https://entertainyourtoddler.com/potty-training-gear/,200.0,2026-05-13T20:07:06+00:00,2019-04-11T01:28:54+00:00,2024-10-12T18:52:29+00:00,jsonld,jsonld,
https://www.waituntil8th.org/faqs,200.0,,,,,,
https://misspoppins.io/articles/how-much-does-parent-coaching-cost,200.0,,2025-09-16T22:23:52-07:00,2026-01-23T09:01:54-08:00,jsonld,jsonld,
https://www.asvabprogram.com/media-center-article/140,200.0,,,,,,
https://www.waituntil8th.org/media-faqs,200.0,,,,,,
https://careerforce.mn.gov/careerforce-blog/top-ten-job-search-tips-teens,405.0,,,,,,
https://monadelahooke.com/how-neuroscience-can-help-unravel-the-mystery-of-toddler-tantrums/,200.0,,2022-08-28T16:20:19-07:00,2023-02-27T22:17:29-08:00,jsonld,jsonld,
https://www.waituntil8th.org/take-the-pledge,200.0,,,,,,
https://www.ebsco.com/research-starters/science/disposable-diapers-landfills,200.0,,,,,,
https://firststepnutrition.com/blog/blw-budget/,200.0,2026-05-13T20:11:59+00:00,2025-01-16T01:45:47+00:00,2025-03-14T19:11:21+00:00,jsonld,jsonld,
https://www.magnetaba.com/blog/diaper-facts-statistics,200.0,2026-05-13T20:11:59+00:00,,,,,
https://www.albeebaby.com/blogs/from-the-cradle/what-is-elimination-communication,200.0,,2024-07-16T14:01:00+00:00,2024-10-22T02:38:19+00:00,jsonld,jsonld,
https://kidsnanny.ca/blog/safe-browsing-apps-for-kids/,200.0,,2026-02-09T06:32:29+00:00,2026-03-05T10:16:25+00:00,jsonld,jsonld,
https://www.healthline.com/health/parenting/elimination-communication,200.0,,2019-09-20T14:02:19+00:00,2019-09-20T14:02:19+00:00,jsonld,jsonld,
https://godiaperfree.com/fringe-benefits-of-elimination-communication/,202.0,,,,,,
https://www.airdroid.com/parent-control/kid-safe-browsers-parental-controls-and-monitoring/,200.0,,,,,,
https://pmc.ncbi.nlm.nih.gov/articles/PMC7344635/,200.0,,,,,,
https://www.frontiersin.org/journals/marine-science/articles/10.3389/fmars.2015.00128/full,200.0,,2016-01-27T00:00:00,2026-05-13T00:00:00,jsonld,jsonld,
https://pmc.ncbi.nlm.nih.gov/articles/PMC3714267/,200.0,,,,,,
https://www.frontiersin.org/journals/marine-science/articles/10.3389/fmars.2025.1595911/full,200.0,,2025-06-09T00:00:00,2026-05-13T00:00:00,jsonld,jsonld,
https://dcjournal.com/counterpoint-single-use-plastic-bans-make-no-sense/,403.0,,,,,,
https://kahfbrowser.com/best-browser-for-kids-in-2026-complete-guide/,200.0,,2026-03-12T09:53:24+00:00,2026-03-14T04:29:49+00:00,jsonld,jsonld,
https://www.forbes.com/sites/forbes-personal-shopper/article/best-potty-training-seat/,200.0,,2025-08-21T00:00:00,2026-01-07T00:00:00,og,og,
https://washingtonretail.org/plastic-bag-bans-unintended-consequences-on-sustainability/,403.0,,,,,,
https://worldrainforests.com/borneo/,200.0,,2001-06-06T08:00:00+08:00,2020-06-16T09:20:00+08:00,jsonld,jsonld,
https://puracy.com/blogs/eco-friendly/the-pros-and-cons-of-single-use-plastics-what-you-should-know,200.0,,2024-10-08T03:50:31-04:00,2026-04-20T03:50:00-04:00,jsonld,jsonld,
https://babycollege.co.uk/potty-training-myths-what-is-elimination-communication/,200.0,,2026-03-30T09:45:49+00:00,,jsonld,,
https://www.ppic.org/publication/policy-brief-drought-and-californias-agriculture/,200.0,2026-05-13T20:12:03+00:00,2022-04-13T13:25:26-07:00,2024-10-01T10:11:48-07:00,jsonld,jsonld,
https://www.globalreporting.org/reporting-support/,200.0,,,,,,
https://www.gigabitiq.com/10-kid-safe-search-engines-for-parents-to-protect-their-kids/,200.0,,2025-12-06T00:02:31+00:00,2026-03-21T00:50:37+00:00,jsonld,jsonld,
https://www.morganchaney.com/blog/plastic-bag-bans-causes-effects-and-what-to-consider/,200.0,,2019-09-09T22:36:05+00:00,2025-05-21T15:23:43+00:00,jsonld,jsonld,
https://www.ucdavis.edu/magazine/who-is-to-blame-for-californias-drought,200.0,2026-05-13T19:26:33+00:00,2021-09-15T04:30:25-07:00,2024-08-14T12:21:09-07:00,og,og,
https://www.bartleby.com/essay/Pros-And-Cons-Of-California-Drought-FCALVDVY5V,200.0,,,,,,
https://oehha.ca.gov/climate-change/epic-2022/changes-climate/drought,200.0,,,,,,
https://cucubird.com/blogs/blog/the-next-wave-in-eco-friendly-leather-innovative-sustainable-materials-transforming-fashion-industry-standards-in-2026,200.0,,2026-01-30T14:02:33+01:00,2026-01-31T14:13:50+01:00,jsonld,jsonld,
https://www.reddit.com/r/malefashionadvice/comments/1htapfj/you_should_know_that_almost_all_plant_based/,200.0,,,,,,
https://optro.ai/blog/sustainability-reporting,200.0,,,,,,
https://thecarboncloset.com/blog/ea03tiso81-the-history-and-future-of-ethical-vegan,200.0,,,,,,
https://www.ifrs.org/sustainability/tcfd/,200.0,,,,,,
https://simplysustainable.com/insights/five-ways-to-take-your-sustainability-report-to-the-next-level,200.0,,2019-05-10T11:37:21+00:00,2026-04-30T10:21:39+00:00,jsonld,jsonld,
https://www.ecoonline.com/blog/how-to-align-with-the-uks-tcfd-and-csrd-climate-risk-requirements/,200.0,,2025-06-26T15:01:59+00:00,2025-07-02T07:06:29+00:00,jsonld,jsonld,
https://www.powershealth.org/about-us/newsroom/health-library/2024/08/12/more-toddler-screen-time-brings-more-tantrums-study-finds,,,,,,,"HTTPSConnectionPool(host='www.powershealth.org', port=443): Max retries exceeded with url: /about-us/newsroom/health-library/2024/08/12/more-toddler-screen-time-brings-more-tantrums-study-finds (Cause"
https://verdani.com/sustainability-industry-insights/transitioning-from-the-task-force-on-climate-related-financial-disclosures-tcfd-to-the-ifrs-sustainability-disclosure-standards,200.0,,2024-12-16T10:04:00-08:00,2025-08-01T11:38:13-07:00,jsonld,jsonld,
https://kpmg.com/ch/en/services/audit/esg-reporting-assurance/ifrs-s1-s2.html,200.0,2026-05-13T19:26:38+00:00,2025-10-10T11:33:53.421000+00:00,2025-10-10T11:33:53.421000+00:00,jsonld,jsonld,
https://alohaintegrativetherapy.com/elimination-communication-an-overview-and-what-experts-say/,200.0,,2023-08-04T09:08:50+00:00,2025-05-14T20:27:28+00:00,jsonld,jsonld,
https://dfge.de/en/tcfd/,200.0,2026-05-13T13:28:47+00:00,2022-08-01T14:24:49+00:00,2025-02-03T07:49:43+00:00,jsonld,jsonld,
https://earthshiftglobal.com/sustainability-reporting-regulation,200.0,,,,,,
https://ecovadis.com/regulations/sec-climate-risk-disclosure-rule/,200.0,2026-05-13T15:28:19+00:00,2026-05-05T11:30:05+00:00,2026-05-05T14:18:24+00:00,jsonld,jsonld,
https://ukhi.com/single-use-plastic-ban-usa-2026-state-laws-status-impact/,200.0,,2025-10-27T22:12:44+00:00,2025-11-08T03:43:38+00:00,jsonld,jsonld,
https://www.mdpi.com/1660-4601/17/12/4563,403.0,,,,,,
https://www.newsweek.com/lake-mead-update-5-options-water-level-problems-11358239,406.0,,,,,,
https://www.brookings.edu/articles/5-facts-you-need-to-know-about-lake-meads-water-crisis/,200.0,2026-05-13T20:12:07+00:00,2015-05-02T08:00:00+00:00,2016-07-29T04:46:13+00:00,jsonld,jsonld,
https://www.houstonchronicle.com/news/politics/article/california-nevada-and-arizona-announce-temporary-22249586.php,200.0,,2026-05-08T19:21:39+00:00,2026-05-08T19:23:35+00:00,jsonld,jsonld,
https://www.esa.int/Applications/Observing_the_Earth/FutureEO/Space_for_our_climate/Revealed_10_new_insights_in_climate_science,200.0,2026-05-13T20:12:07+00:00,,,,,
https://aquapublisher.com/index.php/ijms/article/html/3869/,200.0,,2023-12-26T00:00:00,,dc,,
https://www.snwa.com/water-resources/conservation-initiatives/index.html,200.0,,,,,,
https://www.lasvegasnevada.gov/News/Blog/Detail/lake-mead-water-shortage,200.0,,,,,,
https://www.bioleaderpack.com/us-states-crack-down-on-polystyrene-foam-a-new-era-in-single-use-packaging-regulation/,200.0,,2025-06-11T10:40:52+08:00,2025-07-26T00:45:53+08:00,jsonld,jsonld,
https://scied.ucar.edu/learning-zone/climate-change-impacts/predictions-future-global-climate,200.0,,,,,,
https://dec.ny.gov/environmental-protection/recycling-composting/go-foam-free,200.0,2026-05-13T19:47:57+00:00,,,,,
https://pmc.ncbi.nlm.nih.gov/articles/PMC11929463/,200.0,,,,,,
https://www.sei.org/publications/10-new-insights-climate-science-2025-2026/,200.0,2026-05-13T16:58:56+00:00,2025-10-31T16:55:14,2025-10-31T16:57:35,jsonld,jsonld,
https://predirections.substack.com/p/rules-for-reforestation,200.0,,2024-06-10T00:55:19+00:00,2024-06-10T00:55:19+00:00,jsonld,jsonld,
https://www.climateimpactstracker.com/climate-change-2026/,200.0,2026-05-13T09:23:32+00:00,2026-01-26T09:57:59+07:00,2026-01-26T09:58:00+07:00,jsonld,jsonld,
https://e360.yale.edu/features/why-green-pledges-will-not-create-the-natural-forests-we-need,200.0,,,,,,
https://medium.com/@oguzhankoyuncu010/how-smart-restoration-is-shaping-natures-future-in-2026-ca0004c9e5f7,200.0,,2026-02-16T15:57:35+00:00,2026-02-16T15:57:35+00:00,jsonld,jsonld,
https://www.iucn.nl/en/story/the-art-of-reforestation-insights-for-successful-ecosystem-restoration/,200.0,2026-05-13T16:16:13+00:00,,,,,
https://en.wikipedia.org/wiki/Environmental_threats_to_the_Great_Barrier_Reef,403.0,,,,,,
https://academic.oup.com/icesjms/article/65/3/414/789605,403.0,,,,,,
https://www.un.org/en/climatechange/science/key-findings,200.0,2026-05-13T20:05:06+00:00,,,,,
https://growbilliontrees.com/blogs/top-10/10-latest-innovation-which-could-help-to-fight-climate-crisis,200.0,,2025-08-31T20:48:01+00:00,,jsonld,,
https://theoxfordblue.co.uk/the-problem-with-planting-trees/,200.0,,2024-11-29T11:34:32+00:00,2024-11-29T11:34:39+00:00,jsonld,jsonld,
https://www.nrdc.org/stories/global-warming-101,403.0,,,,,,
https://www.detsi.qld.gov.au/our-department/news-media/down-to-earth/how-coral-bleaching-affects-the-great-barrier-reef,403.0,,,,,,
https://farmonaut.com/blogs/innovative-ways-of-reforestation-7-powerful-trends-for-2026,200.0,2026-05-13T09:23:08+00:00,2026-04-04T11:26:46+05:30,2026-04-08T16:48:10+05:30,jsonld,jsonld,
https://www.tandfonline.com/doi/full/10.1080/00139157.2025.2434494,403.0,,,,,,
https://www.marineconservation.org.au/pollution-great-barrier-reef/,200.0,2026-03-23T16:22:42+00:00,2019-02-28T00:24:25+00:00,2026-03-23T06:22:42+00:00,jsonld,jsonld,
https://www.barrierreef.org/the-reef/threats,200.0,,,,,,
https://www.canadawildfire.org/wildfirefacts,200.0,,,,,,
https://en.wikipedia.org/wiki/Coral_bleaching,200.0,2026-05-12T14:27:32+00:00,,,,,
https://wwf.org.au/what-we-do/oceans/great-barrier-reef/,200.0,,,,,,
https://climateinstitute.ca/news/fact-sheet-wildfires/,200.0,,2026-05-13T14:54:11+00:00,2026-05-13T14:59:10+00:00,jsonld,jsonld,
https://www.advanceesg.org/reforestation-initiatives-using-modern-technologies/,200.0,,2023-08-06T18:00:03+00:00,2024-07-10T15:27:34+00:00,jsonld,jsonld,
https://icriforum.org/4gbe-2025/,200.0,,2025-04-23T08:38:22+00:00,2025-04-23T08:59:58+00:00,jsonld,jsonld,
https://www.epa.gov/climatechange-science/basics-climate-change,200.0,2026-05-13T20:12:10+00:00,2021-04-15T17:13:12-04:00,2025-12-05T00:00:00,og,og,
https://natural-resources.canada.ca/forests-forestry/wildland-fires/fire-behaviour,200.0,2026-05-13T14:30:51+00:00,,2025-11-18T00:00:00,,dc,
https://natural-resources.canada.ca/forests-forestry/wildland-fires/forest-fires,200.0,2026-05-13T14:05:19+00:00,,2025-12-23T00:00:00,,dc,
https://climateatlas.ca/forest-fires-and-climate-change,200.0,2026-05-13T20:12:11+00:00,,,,,
https://yourparentingmojo.com/captivate-podcast/dor/,,,,,,,"HTTPSConnectionPool(host='yourparentingmojo.com', port=443): Read timed out. (read timeout=20)"
https://www.theguardian.com/environment/2023/nov/22/iucn-red-list-conservation-animals-at-risk-of-extinction-but-is-it-outdated-unreliable-aoe,200.0,,2023-11-22T15:00:31+00:00,2023-11-30T15:49:26+00:00,jsonld,jsonld,
https://thenarwhal.ca/canada-wildfires-cause/,200.0,2026-05-13T18:32:50+00:00,2023-06-27T04:00:00-07:00,2025-06-05T12:03:28-07:00,jsonld,jsonld,
https://iucn.org/resources/conservation-tool/iucn-red-list-threatened-species,200.0,2026-05-13T19:33:58+00:00,,,,,
https://en.wikipedia.org/wiki/Textile_recycling,403.0,,,,,,
https://www.barrierreef.org/the-reef/threats/coral-bleaching,200.0,,,,,,
https://www.capradio.org/news/npr/story?storyid=nx-s1-5025210,403.0,,,,,,
https://www.greencars.com/greencars-101/ways-to-improve-electric-vehicle-range,200.0,2026-05-13T20:12:12+00:00,2022-08-31T00:00:00,2025-09-30T00:00:00,jsonld,jsonld,
https://en.wikipedia.org/wiki/Deforestation_in_Borneo,403.0,,,,,,
https://www.sandiegocounty.gov/content/sdc/dpw/recycling/Textiles.html,200.0,,,,,,
https://www.themotherbabycenter.org/blog/2023/07/how-long-should-you-breastfeed/,522.0,,,,,,
https://thecanadianencyclopedia.ca/en/article/forest-fire,200.0,,,,,,
https://www.ebsco.com/research-starters/earth-and-atmospheric-sciences/borneo-rainforests,200.0,,,,,,
https://www.nist.gov/blogs/taking-measure/your-old-clothes-can-come-full-circle-textile-recycling,200.0,2026-05-13T20:12:12+00:00,2022-05-09T08:00:00-04:00,2025-01-24T09:30:00-05:00,jsonld,jsonld,
https://www.evb.com/charge-an-electric-car-at-home/,200.0,2026-05-13T20:12:13+00:00,2024-10-06T05:11:49+00:00,2024-10-09T05:44:58+00:00,jsonld,jsonld,
https://climate.mit.edu/ask-mit/methane-release-arctic-unstoppable,403.0,,,,,,
https://novacharge.net/improving-ev-range/,202.0,,,,,,
https://www.everfilt.com/post/california-declared-drought-free-in-2026-what-it-really-means-for-water-agriculture-the-future,200.0,,2026-03-03T19:07:44.664000+00:00,2026-03-03T19:07:44.664000+00:00,jsonld,jsonld,
https://www.reddit.com/r/climate/comments/p51l8m/best_way_to_reduce_methane/,200.0,,,,,,
https://www.ayvens.com/en-cp/blog/sustainability/extending-ev-range-tips/,200.0,,2025-05-30T00:00:00+00:00,2025-05-21T09:19:44+00:00,jsonld,jsonld,
https://www.arcticwwf.org/the-circle/stories/melting-glaciers-and-methane-emissions/,200.0,,2024-04-16T13:48:04+00:00,,jsonld,,
https://environment-review.yale.edu/opening-pandoras-box-deforestation-and-development-island-borneo,200.0,,2019-08-20T11:30:01-04:00,2019-08-20T21:53:20-04:00,og,og,
https://www.drought.gov/drought-status-updates/drought-status-update-california-nevada-2026-04-27,200.0,2026-05-13T20:09:05+00:00,2026-04-27T12:00:00+00:00,2026-04-27T12:00:00+00:00,og,og,
https://nsidc.org/learn/parts-cryosphere/frozen-ground-permafrost/why-frozen-ground-matters,200.0,,,,,,
https://www.thearcticinstitute.org/thawing-grounds-rising-stakes-importance-including-permafrost-emissions-climate-policy/,403.0,,,,,,
https://www.ktvu.com/news/california-dry-streak-why-15-days-no-rain-matter,200.0,,2026-01-23T10:13:54-08:00,2026-01-23T10:13:54-08:00,jsonld,jsonld,
https://lightcapai.medium.com/vertical-farming-in-2026-revolutionizing-urban-food-production-for-a-sustainable-future-efa3794c960e,200.0,,2025-08-25T20:33:03+00:00,2025-08-25T20:33:03+00:00,jsonld,jsonld,
https://pubsonline.informs.org/doi/10.1287/mnsc.2023.00961,403.0,,,,,,
https://cleanwater.org/2026/03/11/why-groundwater-matters,200.0,2026-05-13T20:12:14+00:00,,,,,
https://commercial.justvertical.com/blogs/learning/the-2026-state-of-vertical-farming-whats-changed-whats-next,200.0,,2026-03-11T09:13:14-04:00,2026-03-11T09:13:17-04:00,jsonld,jsonld,
https://www.edengreen.com/blog-collection/future-of-vertical-farming,200.0,,2025-07-01T10:26:00-05:00,2025-07-01T10:26:28-05:00,jsonld,jsonld,
https://efarm.cm/blog/how-vertical-farming-is-revolutionizing-agribusiness-in-2026--a-new-era-for-sustainable-agriculture/166,200.0,2026-04-01T14:23:30+00:00,,,,,
https://water.ca.gov/News/Blog/2026/Apr-2026/Record-Heat-Sizzled-Away-the-Snow-Heres-How-California-is-Preparing-for-Whats-Ahead,200.0,,2026-04-08T12:21:00,,time_tag,,
https://www.ars.usda.gov/oc/utm/vertical-farming-no-longer-a-futuristic-concept/,200.0,,,,,,
https://www.foodandwaterwatch.org/2025/03/27/5-ways-to-avoid-eating-and-drinking-microplastics/,200.0,,2025-03-27T16:46:23+00:00,2026-04-13T16:39:03+00:00,jsonld,jsonld,
https://trailandkale.com/microplastics-in-bottled-water-health-risks-best-filters/,200.0,,2026-01-02T17:30:24+00:00,2026-02-19T18:38:26+00:00,jsonld,jsonld,
https://news.mongabay.com/2024/12/next-gen-geothermal-offers-circular-promise-but-needs-care-and-caution/,200.0,,2024-12-18T14:38:19+00:00,2024-12-18T14:38:19+00:00,jsonld,og,
https://www.unep.org/news-and-stories/story/everything-you-should-know-about-microplastics,200.0,,2025-06-02T15:08:00,2025-06-03T18:14:00,jsonld,jsonld,
https://www.gov.ca.gov/2026/05/07/california-is-more-prepared-for-our-water-future-than-ever-before/,200.0,,2026-05-07T23:34:47+00:00,2026-05-07T23:34:47+00:00,jsonld,jsonld,
https://www.reddit.com/r/PlasticFreeLiving/comments/1rizy6w/things_ive_done_to_reduce_plastic_and/,200.0,,,,,,
https://today.oregonstate.edu/all-stories/how-reduce-microplastics-your-life,200.0,2026-05-13T17:05:34+00:00,2024-10-18T16:54:44-07:00,2025-07-09T17:03:14-07:00,og,og,
https://www.frontiersin.org/journals/built-environment/articles/10.3389/fbuil.2025.1594355/full,200.0,,2025-06-09T00:00:00,2026-05-13T00:00:00,jsonld,jsonld,
https://www.beyondplastics.org/fact-sheets/microplastics-exposure,200.0,,2025-06-23T12:08:38-04:00,2025-08-07T11:58:48-04:00,jsonld,jsonld,
https://www.aarp.org/health/healthy-living/how-to-reduce-microplastics/,200.0,,2025-04-17T19:13:00+00:00,2025-09-16T13:41:00+00:00,jsonld,jsonld,
https://www.plasticpollutioncoalition.org/beginners-guide-to-reducing-plastic,202.0,,,,,,
https://pubs.usgs.gov/publication/fs20253027,200.0,,2025-05-13T00:00:00,2025-08-07T21:23:21.965161,meta,meta,
https://www.fairplanet.org/story/causes-effects-biodiversity-loss/,200.0,2026-05-13T10:55:30+00:00,,,,,
https://nhmu.utah.edu/articles/reducing-microplastics-3-easy-ways-you-can-help,200.0,2026-05-13T19:27:30+00:00,2026-03-30T12:00:00+00:00,,time_tag,,
https://pmc.ncbi.nlm.nih.gov/articles/PMC4597783/,200.0,,,,,,
https://pmc.ncbi.nlm.nih.gov/articles/PMC12048716/,200.0,,,,,,
https://gfr.wri.org/top-ten-lists,200.0,2026-05-13T18:02:59+00:00,,,,,
https://www.lse.ac.uk/granthaminstitute/explainers/what-are-the-extent-and-causes-of-biodiversity-loss/,200.0,,2022-12-02T11:24:29+00:00,2025-08-15T13:20:59+00:00,jsonld,jsonld,
https://www.globalstewards.org/issues-solutions-biodiversity-habitat.htm,200.0,2025-05-22T15:58:04+00:00,,,,,
https://pmc.ncbi.nlm.nih.gov/articles/PMC6458210/,200.0,,,,,,
https://pmc.ncbi.nlm.nih.gov/articles/PMC6108038/,200.0,,,,,,
https://reclaimfinance.org/site/en/our-fights/green-bonds-watch-out-it-could-be-a-trap/,200.0,,2020-06-02T09:16:49+00:00,2025-02-13T16:27:19+00:00,jsonld,jsonld,
https://www.thearcticinstitute.org/permafrost-thaw-warming-world-arctic-institute-permafrost-series-fall-winter-2020/,403.0,,,,,,
https://activesustainability.com/environment/top-threatened-ecosystems,403.0,,,,,,
https://www.belfercenter.org/research-analysis/permafrost-thaw-alaska-overlooked-climate-health-crisis,200.0,2026-05-13T18:28:28+00:00,2025-04-10T00:00:00,,jsonld,,
https://pdxscholar.library.pdx.edu/honorstheses/1513/,200.0,,,,,,
https://www.idse.net/Emerging-Diseases/Article/02-25/Possible-Threats-from-the-Defrosting-Permafrost/76266,200.0,,,,,,
https://news.un.org/en/story/2022/01/1110722,200.0,2026-05-13T20:12:19+00:00,2022-01-30T19:30:06-05:00,2025-03-18T12:25:48-04:00,og,og,
https://www.mdpi.com/2072-4292/17/15/2660,403.0,,,,,,
https://www.preventionweb.net/news/developing-clearer-understanding-permafrost-thaw-risk-alaska,200.0,2026-05-13T17:07:07+00:00,2025-03-27T14:28:50+00:00,2025-03-27T14:35:45+00:00,jsonld,jsonld,
https://eartharxiv.org/repository/view/1204/,200.0,,2018-10-02T12:52:00,,dc,,
https://climateinstitute.ca/reports/the-impacts-of-permafrost-thaw-on-northern-indigenous-communities/,200.0,,2022-06-14T04:01:00+00:00,2024-05-23T18:07:49+00:00,jsonld,jsonld,
https://environment.leeds.ac.uk/see/news/article/6035/thawing-permafrost-accelerates-greenhouse-gas-release,200.0,,2026-04-01T00:00:00,2026-04-01T00:00:00,dc,dc,
https://smartasset.com/investing/are-green-bonds-a-good-investment,200.0,,2024-06-23T17:42:13+00:00,2025-07-24T15:33:22+00:00,jsonld,jsonld,
https://salatainstitute.harvard.edu/thawing-permafrost-what-does-it-mean-and-what-can-be-done/,200.0,,2024-06-11T22:05:02+00:00,2025-01-14T16:23:07+00:00,jsonld,jsonld,
https://climate-adapt.eea.europa.eu/en/observatory/topics/health-impacts/permafrost-thaw,200.0,,,,,,
https://www.mdpi.com/1996-1073/18/6/1474,403.0,,,,,,
https://www.ppic.org/publication/droughts-in-california/,200.0,2026-05-13T20:12:21+00:00,2021-04-13T00:00:00-07:00,2025-05-07T12:35:39-07:00,jsonld,jsonld,
https://indigenousclimatehub.ca/2026/01/melting-ground-why-permafrost-matters-for-climate-change-and-indigenous-peoples/,200.0,2026-05-13T20:12:21+00:00,2026-01-01T16:43:22+00:00,2026-01-09T16:59:04+00:00,jsonld,jsonld,
https://www.worldwildlife.org/resources/explainers/why-are-glaciers-and-sea-ice-melting/,403.0,,,,,,
https://www.researchgate.net/publication/375504986_The_global_influence_of_the_IUCN_Red_List_can_hinder_species_conservation_efforts,403.0,,,,,,
https://caseagrant.ucsd.edu/faq-droughts-californias-coastal-regions,200.0,2026-05-12T21:56:53+00:00,,,,,
https://www.americanrivers.org/2022/08/five-things-you-should-know-about-californias-drought/,200.0,,2022-08-01T21:15:13+00:00,2023-01-16T18:40:43+00:00,jsonld,jsonld,
https://blog.ucs.org/marcia-delonge/in-californias-central-valley-drought-is-a-growing-threat-to-farms-food-and-people/,200.0,,2022-03-15T15:37:18-04:00,2023-12-22T18:43:37-05:00,og,og,
https://scied.ucar.edu/learning-zone/climate-change-impacts/greenlands-ice-melting,200.0,,,,,,
https://www.mdpi.com/2072-4292/17/10/1730,403.0,,,,,,
https://www.reddit.com/r/environment/comments/1tb1a80/antarctica_is_melting_much_faster_than_scientists/,200.0,,,,,,
https://www.californiadrought.org/drought/background/,200.0,,2014-06-02T17:39:24+00:00,2021-05-22T00:58:22+00:00,og,og,
https://www.sciencedaily.com/releases/2026/05/260504023852.htm,200.0,2026-05-13T14:35:17+00:00,,2026-05-13T14:34:01+00:00,,meta,
https://nsidc.org/ice-sheets-today,200.0,,,,,,
https://www.weforum.org/stories/2026/03/world-on-course-breach-15c-before-2030-climate-nature-news/,403.0,,,,,,
https://climate.ec.europa.eu/eu-action/climate-strategies-targets/2040-climate-target_en,200.0,,,,,,
https://www.mpg.de/23760367/1125-mete-how-to-deal-with-the-1-155306-x,200.0,,,,,,
https://www.un.org/en/climatechange/science/climate-issues/degrees-matter,200.0,2026-05-13T20:03:50+00:00,,,,,
https://pmc.ncbi.nlm.nih.gov/articles/PMC2995507/,200.0,,,,,,
https://www.asoc.org/learn/antarctic-ice-and-rising-sea-levels/,200.0,,,,,,
https://www.climatechangenews.com/2025/11/04/un-accepts-overshooting-1-5c-warming-limit-at-least-temporarily-is-inevitable/,200.0,2026-05-13T20:12:24+00:00,2025-11-04T14:03:19+00:00,2025-11-04T15:23:42+00:00,jsonld,jsonld,
https://lactanet.ca/en/environmental-footprint-dairy-industry/,200.0,2026-05-08T21:38:09+00:00,2023-01-25T15:46:51+00:00,2024-01-05T19:16:28+00:00,jsonld,jsonld,
https://www.climate.gov/news-features/understanding-climate/global-warming-frequently-asked-questions,200.0,2026-05-13T19:00:09+00:00,2020-10-29T08:00:00-04:00,,og,,
https://www.startus-insights.com/innovators-guide/circular-economy-trends/,200.0,2026-01-18T14:36:40+00:00,2026-01-05T15:00:09+00:00,2026-01-18T13:36:40+00:00,jsonld,jsonld,
https://adas.co.uk/news/reducing-the-carbon-footprint-of-milk/,202.0,,,,,,
https://www.edf.org/article/how-dairy-companies-and-farmers-can-help-save-planet,200.0,2026-05-13T20:12:24+00:00,2023-10-17T09:35:41-04:00,,jsonld,,
https://odostech.com/dairy-under-pressure-how-to-meet-emissions-targets-without-undermining-productivity/,200.0,,2025-08-08T15:42:25+00:00,,jsonld,,
https://www.dairynz.co.nz/environment/climate/managing-ghg-emissions/,403.0,,,,,,
https://www.nature.org/en-us/what-we-do/our-priorities/provide-food-and-water-sustainably/food-and-water-stories/roadmap-collaborative-dairy-sustainability/,200.0,2026-05-13T19:58:46+00:00,,,,,
https://dairyfarmersofcanada.ca/en/sustainability/emissions,200.0,2026-05-13T15:16:49+00:00,,,,,
https://www.frontiersin.org/journals/science/articles/10.3389/fsci.2024.1473141/full,200.0,,2024-09-24T00:00:00,2026-05-13T00:00:00,jsonld,jsonld,
https://journals.ashs.org/view/journals/hortsci/57/2/article-p247.xml,200.0,,,,,,
https://www.frontiersin.org/journals/sustainable-food-systems/articles/10.3389/fsufs.2024.1400787/full,200.0,,2024-09-09T00:00:00,2026-05-13T00:00:00,jsonld,jsonld,
https://www.frontiersin.org/journals/plant-science/articles/10.3389/fpls.2026.1827422/full,200.0,,2026-04-22T00:00:00,2026-05-13T00:00:00,jsonld,jsonld,
https://www.whoi.edu/ocean-learning-hub/ocean-facts/are-the-ice-sheets-really-melting/,200.0,,,,,,
https://en.wikipedia.org/wiki/Lake_Mead,200.0,2026-05-12T23:20:33+00:00,2003-11-05T03:31:13+00:00,2026-04-28T20:02:19+00:00,jsonld,jsonld,
https://www.tomra.com/reverse-vending/media-center/feature-articles/bottle-bill-states-and-how-they-work,403.0,,,,,,
https://www.clf.org/blog/truth-about-bottle-bills/,200.0,2026-05-13T20:12:27+00:00,2024-09-25T12:00:00+00:00,2025-10-24T15:40:04+00:00,jsonld,jsonld,
https://www.preventionweb.net/news/smoke-canadas-wildfires-may-be-even-more-toxic-usual,200.0,2026-05-13T01:32:50+00:00,2025-06-06T12:04:40+00:00,2025-06-06T12:30:26+00:00,jsonld,jsonld,
https://plasticsrecycling.org/tools-and-resources/policy-hub/policy-priorities/bottle-deposit-laws-can-increase-plastics-recycling/,200.0,2026-05-13T16:56:18+00:00,2025-10-21T21:39:46+00:00,2025-10-31T21:23:09+00:00,jsonld,jsonld,
https://www.mdpi.com/2075-5309/8/2/24,403.0,,,,,,
https://www.meati.com/blogs/news/plant-based-eating-in-2026-what-s-next-for-food-lovers,200.0,,2026-02-25T12:39:06-07:00,2026-02-25T13:07:43-07:00,jsonld,jsonld,
https://www.undrr.org/resource/canada-wildfires-2023-forensic-analysis,200.0,2026-05-13T09:47:27+00:00,2024-09-17T15:31:53+00:00,,og,,
https://www.avendra.com/en/uk/resources/trends-and-insights/top-plant-based-trends-2026,200.0,2026-04-23T16:32:05+00:00,,,,,
https://storymaps.arcgis.com/stories/07be00fff5914851abee4bec147e6811,200.0,,2022-04-28T01:16:07+00:00,2022-04-28T04:59:10.269000+00:00,jsonld,jsonld,
https://bigmountainfoods.com/blogs/news/the-only-healthy-eating-guide-youll-actually-use-in-2026,200.0,,,,,,
https://www.reddit.com/r/climatechange/comments/1rvq2xt/location_of_reforestation_projects_has_greater/,200.0,,,,,,
https://www.nature.org/en-us/what-we-do/our-priorities/tackle-climate-change/climate-change-stories/reforestation-natural-climate-solutions/,200.0,2026-05-13T19:56:05+00:00,,,,,
https://grainedevie.org/en/earth-day-2026-reforestation/,200.0,,2026-04-07T19:08:44+00:00,2026-04-13T16:29:21+00:00,jsonld,jsonld,
https://www.farmsanctuary.org/news-stories/reasons-to-eat-vegan-foods-in-2026/,200.0,,2025-12-17T05:00:49+00:00,,jsonld,,
https://growbilliontrees.com/pages/reforestation-projects-solutions-for-greening-the-earth-and-climate-resilience,200.0,,,,,,
https://www.un.org/sustainabledevelopment/blog/2026/05/press-release-latest-global-forest-goals-report-2026-reveals-progress-but-not-at-scale-needed-to-achieve-sustainable-development-goals-by-2030/,200.0,,2026-05-11T16:45:22+00:00,2026-05-11T15:37:24-04:00,jsonld,og,
https://www.fs.usda.gov/managing-land/forest-management/vegetation-management/reforestation,403.0,,,,,,
https://www.mdpi.com/2073-4395/12/1/2,403.0,,,,,,
https://www.egcounsel.com/post/exempted-materials-under-california-s-epr-packaging-law-sb-54,200.0,,2024-02-27T12:42:56.609000+00:00,2024-04-13T18:46:47.146000+00:00,jsonld,jsonld,
https://www.pwc.com/us/en/services/esg/library/extended-producer-responsibility-laws.html,200.0,,,,,,
https://www.assent.com/blog/us-epr-packaging-laws-by-state/,200.0,,2025-12-05T19:02:39+00:00,2026-02-24T21:01:02+00:00,jsonld,jsonld,
https://www.ecoenclose.com/blog/strategies-to-get-ahead-of-legislation-and-compliance,200.0,,,,,,
https://datasmart.hks.harvard.edu/addressing-extreme-heat-your-cities,200.0,2026-05-13T18:37:12+00:00,2024-09-09T12:00:00+00:00,,time_tag,,
https://www.ecoenclose.com/resources/epr-packaging-requirements,200.0,,,,,,
https://www.adamsandreese.com/insights/us-packaging-epr-what-producers-need-to-know-now,200.0,,2026-03-03T00:00:00,2026-03-03T00:00:00,jsonld,jsonld,
https://www.chescoplanning.org/MuniCorner/eTools/79-UrbanHeat.cfm,200.0,,,,,,
https://www.preventionweb.net/news/these-7-cities-are-tackling-heatwaves-innovative-solutions,200.0,2026-05-13T16:22:41+00:00,2023-05-11T13:02:19+00:00,2025-11-17T14:27:41+00:00,jsonld,jsonld,
https://www.dcceew.gov.au/climate-change/policy/climate-science/understanding-climate-change,,,,,,,"HTTPSConnectionPool(host='www.dcceew.gov.au', port=443): Read timed out. (read timeout=20)"
https://climateresilienceproject.org/strategies/urban-cooling/,200.0,,2023-06-26T00:27:30+00:00,2023-08-11T17:48:19+00:00,jsonld,jsonld,
https://earth.org/how-cities-around-the-world-are-tackling-the-urban-heat-crisis/,429.0,,,,,,
https://www.thefixedincome.com/blog/bonds-and-debt/green-bonds-definition-history-advantages-and-disadvantages/,200.0,,2024-01-31T11:29:01+00:00,2024-09-24T06:09:51+00:00,jsonld,jsonld,
https://www.epa.gov/green-infrastructure/reduce-heat-islands,200.0,2026-05-13T20:12:30+00:00,2015-10-01T11:52:05-04:00,2026-04-07T00:00:00,og,og,
https://coolroofs.org/resources/urban-heat-island-mitigation,200.0,,,,,,
https://www.rd.com/article/hurricane-names/,403.0,,,,,,
https://nbs.net/what-can-green-bonds-achieve/,200.0,2026-05-06T22:13:12+00:00,2024-04-23T19:30:27+00:00,2024-05-09T16:21:07+00:00,jsonld,jsonld,
https://www.iberdrola.com/sustainability/investments-green-bonds,403.0,,,,,,
https://community.wmo.int/site/knowledge-hub/programmes-and-initiatives/tropical-cyclone-programme-tcp/tropical-cyclone-naming,200.0,2026-05-13T19:50:20+00:00,2025-11-05T04:39:29+01:00,2026-05-05T14:32:09+02:00,og,og,
https://cpo.noaa.gov/emissions-from-thawing-permafrost-add-trillions-in-economic-impacts/,202.0,,,,,,
https://www.iit.edu/news/do-green-bonds-benefit-both-environment-and-bottom-line,200.0,2026-05-13T20:12:31+00:00,2025-10-17T14:41:32+00:00,,time_tag,,
https://www.climatecentral.org/climate-matters/hurricanes-and-climate-change-2025,200.0,,,,,,
https://kleinmanenergy.upenn.edu/research/publications/heat-stress-and-urban-resilience-alternative-cooling-strategies-to-combat-extreme-heat-in-the-urban-environment/,200.0,,2026-02-06T18:19:45+00:00,2026-02-09T22:43:19+00:00,jsonld,jsonld,
https://finance.ec.europa.eu/financial-markets/company-reporting-and-auditing/company-reporting/corporate-sustainability-reporting_en,200.0,,2025-12-09T13:00:00+01:00,2025-12-09T13:00:00+01:00,jsonld,jsonld,
https://www.c2es.org/content/hurricanes-and-climate-change/,200.0,,2023-07-14T15:10:57+00:00,2025-09-17T23:08:43+00:00,jsonld,jsonld,
https://www.brightest.io/sustainability-reporting-standards,200.0,,,2026-04-17T13:18:10.530000+00:00,,jsonld,
https://www.secretatlas.com/handbook/antarctica/antarctic-ice-sheet,200.0,,2025-12-14T00:00:00+00:00,2025-12-14T00:00:00+00:00,jsonld,jsonld,
https://ecovadis.com/glossary/esg-reporting/,200.0,2026-05-13T15:30:30+00:00,2026-04-20T15:27:58+00:00,2026-04-20T21:27:20+00:00,jsonld,jsonld,
https://www.antarcticacruises.com/guide/antarctic-ice-sheet-its-ice-shelves-and-melting-impact,200.0,2026-05-13T11:14:06+00:00,,,,,
https://www.un.org/en/climatechange/science/climate-issues/biodiversity,200.0,2026-05-13T20:00:18+00:00,,,,,
https://www.thf.cpa/2025/06/18/hurricane-naming-convention/,503.0,,,,,,
https://netzerocompare.com/policies/extended-producer-responsibility-epr-for-packaging-in-the-united-states-state-by-state-comparison,200.0,,,,,,
https://pmc.ncbi.nlm.nih.gov/articles/PMC6871202/,200.0,,,,,,
https://www.jsg.utexas.edu/news/2018/12/unlocking-secrets-beneath-antarctic-ice/,200.0,2026-05-13T19:58:03+00:00,,,,,
https://aapp.shorthandstories.com/how-to-drill-an-ice-shelf/,200.0,2025-06-06T00:17:43+00:00,,,,,
https://www.weforum.org/stories/2023/02/biodiversity-nature-loss-cop15/,403.0,,,,,,
https://www.who.int/news-room/fact-sheets/detail/biodiversity,200.0,2026-05-13T13:10:43+00:00,,,,,
https://redcliffetraining.com/blog/why-are-green-bonds-popular,200.0,,,,,,
https://earth.org/fast-fashions-detrimental-effect-on-the-environment/,200.0,2026-05-09T12:49:21+00:00,2026-02-03T08:00:00+08:00,2026-02-03T08:00:51+08:00,jsonld,jsonld,
https://earth.org/solutions-for-food-waste/,200.0,2026-05-13T04:15:08+00:00,2026-04-29T14:00:00+08:00,2026-04-29T14:00:52+08:00,jsonld,jsonld,
https://www.qantas.com/travelinsider/en/explore/australia/queensland/great-barrier-reef/great-barrier-reef-worth-visiting.html,,,,,,,"HTTPSConnectionPool(host='www.qantas.com', port=443): Read timed out. (read timeout=20)"
https://thesustainableagency.com/blog/impact-of-fast-fashion-stats-and-facts/,200.0,2026-05-13T17:40:29+00:00,2026-02-16T13:39:53+00:00,2026-02-28T19:46:35+00:00,jsonld,jsonld,
https://www.earthday.org/beneath-the-seams-the-human-toll-of-fast-fashion/,200.0,,2025-09-12T09:48:00+00:00,2025-09-12T17:17:31+00:00,jsonld,jsonld,
https://kelvinhaus.com/blogs/blog/economic-impact-of-fast-fashion,200.0,,2025-04-15T14:52:43+00:00,2025-04-15T14:52:43+00:00,jsonld,jsonld,
https://www.swoop-antarctica.com/blog/the-ultimate-guide-to-antarctic-ice/,200.0,,2025-09-29T11:28:53+00:00,2025-11-27T08:31:12+00:00,jsonld,jsonld,
https://thesustainableagency.com/blog/food-waste-facts-and-stats/,200.0,2026-05-13T17:36:25+00:00,2025-10-31T07:44:41+00:00,2025-11-19T10:20:38+00:00,jsonld,jsonld,
https://www.worldwildlife.org/our-work/food/food-waste/,403.0,,,,,,
https://journals.library.columbia.edu/index.php/jgh/blog/view/737,200.0,,,,,,
https://www.numan.com/weight-loss/food-waste-statistics,200.0,,2026-03-24T16:54:01.524000+00:00,,time_tag,,
https://mpa-guide.protectedplanet.net/,200.0,,,,,,
https://www.economicsobservatory.com/fast-fashion-what-are-the-true-costs,200.0,,2025-03-25T15:38:35+00:00,2025-09-22T08:31:20+00:00,jsonld,jsonld,
https://moreborncomposter.com/blogs/news/food-waste-statistics-2026,200.0,,2026-03-27T19:00:00,2026-03-29T04:08:34,jsonld,jsonld,
https://www.averydennison.com/en/home/news/press-releases/540-billion-global-food-waste-bill-exposed-for-2026.html,200.0,2026-05-12T17:32:03+00:00,,,,,
https://wfpusa.org/news/food-waste-climate-change-hunger-vicious-cycle/,200.0,,2021-10-01T12:18:05+00:00,2022-04-12T16:00:00+00:00,jsonld,jsonld,
https://confluence.gallatin.nyu.edu/sections/research/fast-fashion-must-go-ethical-labor-is-the-solution,200.0,,2025-11-05T11:11:05-04:00,,time_tag,,
https://www.stopfoodlosswaste.org/about/facts,200.0,,2025-07-30T10:43:00,2026-02-23T16:52:00,og,og,
https://marineprotectedareas.noaa.gov/aboutmpas/,200.0,,,,,,
https://www.miamiherald.com/living/article315548735.html,,,,,,,"HTTPSConnectionPool(host='www.miamiherald.com', port=443): Read timed out. (read timeout=20)"
https://reencle.co/blogs/news/food-waste-statistics-2026,200.0,,2026-04-07T17:25:15-07:00,2026-05-12T02:25:23-07:00,jsonld,jsonld,
https://www.epa.gov/air-research/wildland-fire-research-human-health,200.0,2026-05-13T18:28:48+00:00,2017-03-30T12:11:29-04:00,2025-07-22T00:00:00,og,og,
https://www.reddit.com/r/news/comments/1nlcpa5/scientists_predict_wildfire_smoke_will_be_the/,200.0,,,,,,
https://www.space.com/science/climate-change/a-hidden-wildfire-pollutant-causes-thousands-of-excess-deaths-per-year-satellite-data-shows,200.0,2026-05-12T14:35:12+00:00,2026-05-12T12:00:00+00:00,2026-05-12T12:00:00+00:00,jsonld,jsonld,
https://www.who.int/health-topics/wildfires,200.0,2026-05-13T13:16:51+00:00,,,,,
https://tabletotable.org/reducing-food-waste-can-impact-climate-change/,200.0,,2016-05-01T01:01:45+00:00,2023-10-30T10:43:43+00:00,jsonld,jsonld,
https://en.wikipedia.org/wiki/Droughts_in_California,200.0,2026-05-11T22:13:53+00:00,2015-05-27T00:24:57+00:00,2026-04-07T02:07:08+00:00,jsonld,jsonld,
https://news.stonybrook.edu/newsroom/press-release/medical/health-risks-from-wildfires-may-be-unseen/,202.0,,,,,,
https://www.arcticwwf.org/the-circle/stories/thawing-permafrost/,200.0,,2019-02-28T09:00:06+00:00,2025-11-21T10:24:38+00:00,jsonld,jsonld,
https://ysph.yale.edu/news-article/long-term-exposure-to-wildfire-smoke-associated-with-higher-risk-of-death/,200.0,,2024-09-24T19:00:00+00:00,,jsonld,,
https://permafrost.woodwellclimate.org/the-arctic-is-thawing-now-theres-an-app-to-track-it/,200.0,,2024-03-26T00:47:20+00:00,2024-03-29T17:04:08+00:00,jsonld,jsonld,
https://natural-resources.canada.ca/forests-forestry/wildland-fires/climate-change-wildland-fire,200.0,2026-05-13T13:09:28+00:00,,2026-01-22T00:00:00,,dc,
https://www.belfercenter.org/collection/permafrost-thaw,200.0,2026-05-13T18:29:21+00:00,2024-12-16T12:00:00+00:00,,time_tag,,
https://www.cbc.ca/news/science/wildfire-outlook-canada-2026-9.7158913,200.0,,2026-04-10T16:05:31.910000+00:00,2026-04-10T18:04:43.405000+00:00,jsonld,jsonld,
https://axeman.ca/blogs/news/canadian-wildfire-outlook-2026-a-deep-dive-into-risks-trends-and-preparedness,200.0,,2026-02-11T18:03:40+00:00,2026-03-19T09:14:57+00:00,jsonld,jsonld,
https://theoceancleanup.com/great-pacific-garbage-patch/,200.0,2026-05-13T07:59:06+00:00,2019-02-21T21:06:44+00:00,2026-04-24T08:38:06+00:00,jsonld,jsonld,
https://rcei.rutgers.edu/why-wildfire-smoke-is-a-rising-health-threat-in-the-u-s/,200.0,,2026-04-28T22:24:32+00:00,2026-04-28T22:54:53+00:00,jsonld,jsonld,
https://www.ebsco.com/research-starters/environmental-sciences/great-pacific-garbage-patch,200.0,,,,,,
https://oceanservice.noaa.gov/facts/garbagepatch.html,200.0,,2010-04-22T00:00:00,,dc,,
https://earth.org/what-is-the-great-garbage-patch/,429.0,,,,,,
https://news.tulane.edu/pr/great-barrier-reef-bleaching-projected-become-near-annual-tulane-research-finds,200.0,2026-05-13T20:12:38+00:00,2026-01-30T15:00:00,2026-01-30T09:14:18-06:00,jsonld,jsonld,
https://marinedebris.noaa.gov/discover-marine-debris/garbage-patches,200.0,,2025-08-27T13:38:45-04:00,,time_tag,,
https://www.australia.com/en-us/places/cairns-and-surrounds/sustainable-holiday-great-barrier-reef.html,200.0,2026-05-08T18:36:30+00:00,2025-06-05T17:38:30+10:00,2024-03-18T16:04:43+11:00,jsonld,jsonld,
https://en.wikipedia.org/wiki/Great_Pacific_Garbage_Patch,200.0,2026-05-11T22:14:46+00:00,2005-12-29T02:18:50+00:00,2026-04-27T15:56:13+00:00,jsonld,jsonld,
https://www.epa.gov/hw/lithium-ion-battery-recycling,200.0,2026-05-13T19:21:31+00:00,2023-06-17T15:54:03-04:00,2025-09-24T00:00:00,og,og,
https://www.barrierreef.org/value-of-the-reef,200.0,,,,,,
https://www.newsport.com.au/2026/may/reef-report-highlights-more-troubles-and-action-needed,200.0,,,,,,
https://www.coralcoe.org.au/visiting-the-great-barrier-reef-what-sustainable-travel-actually-means.html,200.0,,2026-04-03T16:41:04+00:00,2026-04-03T16:41:04+00:00,jsonld,jsonld,
https://www.abiresearch.com/blog/ev-battery-recycling-in-us,200.0,2026-05-12T04:32:54+00:00,,,,,
https://www.powerbattery.nl/blog/what-are-ev-battery-recycling-options/,200.0,,2025-12-12T07:00:00+00:00,,jsonld,,
https://www.reddit.com/r/EffectiveAltruism/comments/1i0rg7e/best_charities_for_ca_fire_recovery/,200.0,,,,,,
https://www.keepknoxvillebeautiful.org/kkb-blog/the-great-trouble-of-the-great-pacific-garbage-patch,200.0,,2022-06-15T10:00:00-05:00,2022-06-15T12:24:03-05:00,jsonld,jsonld,
https://wwf.org.au/blogs/how-can-we-destroy-the-great-pacific-garbage-patch/,200.0,,,,,,
https://www.thebatteryshow.asia/electric-car-battery-recycling-and-utilization-see-the-latest-technologies/,200.0,,2024-12-03T08:39:40+00:00,2026-04-03T10:56:09+00:00,jsonld,jsonld,
https://www.fire.ca.gov/dspace,403.0,,,,,,
https://www.cafirefoundation.org/what-we-do/for-communities/disaster-relief,200.0,2026-05-07T17:27:45+00:00,,,,,
https://www.plasticcollective.co/what-is-the-great-pacific-garbage-patch/,200.0,2026-05-13T20:12:41+00:00,2023-08-10T00:00:00+00:00,2026-04-17T04:29:55+00:00,jsonld,jsonld,
https://wck.org/relief/california-wildfires-2024/,200.0,,2024-09-20T17:11:13+00:00,2025-11-15T00:55:17+00:00,jsonld,jsonld,
https://www.cafirefoundation.org/what-we-do/for-firefighters-and-families/benevolent,200.0,2026-05-07T18:24:52+00:00,,,,,
https://www.reddit.com/r/Futurology/comments/ykhsyq/opinion_the_catastrophic_threat_of_thawing/,200.0,,,,,,
https://www.iberdrola.com/sustainability/what-is-permafrost,403.0,,,,,,
https://pmc.ncbi.nlm.nih.gov/articles/PMC10971047/,200.0,,,,,,
https://www.tandfonline.com/doi/full/10.1080/1747423X.2026.2656154,403.0,,,,,,
https://lci.ca.gov/news/2026/01-07.html,200.0,,,,,,
https://news.mongabay.com/2025/06/bring-the-forest-to-the-farm-or-the-farm-to-the-forest-agroforestry-faces-a-dichotomy/,200.0,,2025-06-23T15:16:14+00:00,2025-06-24T22:23:18+00:00,jsonld,jsonld,
https://www.lafoodbank.org/stories/how-the-food-bank-responds-to-wildfires/,200.0,,2025-01-10T21:30:58+00:00,,jsonld,,
https://southtahoenow.com/05/04/2026/the-11700-acre-caldor-fire-reforestation-project-includes-use-of-pesticides,429.0,,,,,,
https://nsidc.org/learn/ask-scientist/does-permafrost-thaw-contribute-global-warming,200.0,,,,,,
https://www2.gbrmpa.gov.au/learn,,,,,,,"HTTPSConnectionPool(host='www2.gbrmpa.gov.au', port=443): Read timed out. (read timeout=20)"
https://www.ouranos.ca/en/climate-phenomena/pergelisol-permafrost-impacts,200.0,2026-05-13T20:12:42+00:00,,,,,
https://www.weforum.org/stories/2022/03/carbon-insetting-vs-offsetting-an-explainer/,403.0,,,,,,
https://www.zevero.earth/blog/whats-the-difference-between-carbon-offsetting-and-carbon-insetting,200.0,2026-05-13T20:12:43+00:00,,,,,
https://worldpopulationreview.com/country-rankings/carbon-footprint-by-country,200.0,2026-05-07T19:54:02+00:00,2026-05-07T19:20:03.032000+00:00,,jsonld,,
https://www.sweep.net/guides/from-offsetting-to-contribution-beyond-the-semantic-shift,200.0,2026-05-13T20:12:43+00:00,2023-04-11T15:30:58+00:00,2025-11-26T13:59:30+00:00,jsonld,jsonld,
https://www.reddit.com/r/electriccars/comments/1sgmmpz/lets_discuss_ev_pricing_depreciation_trends/,200.0,,,,,,
https://greenly.earth/en-us/blog/company-guide/top-5-carbon-offset-projects,200.0,,,,,,
https://www.wri.org/insights/interactive-chart-shows-changes-worlds-top-10-emitters,200.0,2026-05-13T18:20:42+00:00,2023-03-02T11:00:00,2026-01-16T14:53:00,jsonld,jsonld,
https://econetix.net/blogs/carbon-removal-vs-carbon-offsetting-clear-differences-explained/,200.0,2026-05-12T07:22:28+00:00,2026-03-24T11:37:15+00:00,2026-03-24T11:45:08+00:00,jsonld,jsonld,
https://teamrubiconusa.org/news-and-stories/how-to-help-california-wildfires-survivors/,200.0,,2025-01-15T18:26:44+00:00,2025-01-15T18:26:47+00:00,jsonld,jsonld,
https://carboncredits.com/the-top-carbon-credit-exchanges-driving-climate-markets-in-2026-and-beyond/,200.0,,2026-03-31T18:58:48+00:00,2026-03-31T19:04:45+00:00,og,og,
https://www.zeta.org/insights/used-market-provides-ev-opportunity-in-2026,200.0,2026-05-13T20:12:44+00:00,2026-05-12T21:44:15.639000+00:00,,jsonld,,
https://www.regreener.earth/blog/best-carbon-offset-projects-of-2026,200.0,2026-05-13T16:12:35+00:00,2026-03-17T00:00:00+00:00,,time_tag,,
https://www.greencars.com/news/the-state-of-ev-charging-in-2026-whats-improving-and-what-still-needs-work,200.0,2026-05-13T20:12:44+00:00,2026-02-27T00:00:00,2026-02-27T00:00:00,jsonld,jsonld,
https://www.newsfromthestates.com/article/lake-mead-water-projections-raise-red-flags,403.0,,,,,,
https://blog.mdpi.com/2021/08/12/permafrost-thawing/,403.0,,,,,,
https://ekoenergetyka.com/blog/five-emobility-trends-2026/,200.0,2026-05-13T19:48:58+00:00,2026-01-23T09:28:11+00:00,2026-01-23T09:28:12+00:00,jsonld,jsonld,
https://www.grandcanyontrust.org/resources/lake-mead-levels-1935-2025/,200.0,,2025-10-25T23:19:20+00:00,2026-01-29T23:30:31+00:00,jsonld,jsonld,
https://evtech.news/news/used-ev-prices-crash-3050-in-2026-across-us-europe-accelerating-mass-market-adoption.html,200.0,,2026-04-23T04:44:36+00:00,2026-05-13T19:41:17+00:00,jsonld,jsonld,
https://www.snwa.com/water-resources/drought-and-shortage/index.html,200.0,,,,,,
https://driivz.com/blog/2026-ev-charging-industry-predictions-and-trends/,200.0,2026-05-13T19:08:43+00:00,2025-12-10T07:40:26+00:00,2026-04-20T07:55:10+00:00,jsonld,jsonld,
https://www.weforum.org/stories/2026/02/climate-change-reshaping-global-plastic-pollution-crisis/,403.0,,,,,,
https://science.nasa.gov/earth/earth-observatory/water-level-changes-in-lake-mead-45945/,200.0,,2010-09-23T12:00:00-04:00,2026-01-31T01:20:11-05:00,jsonld,jsonld,
https://www.surfrider.org/news/turning-the-tide-on-plastic-pollution-in-early-2026,200.0,2026-05-13T07:30:26+00:00,2026-04-02T17:01:32+00:00,2026-04-15T19:09:02.997000+00:00,jsonld,jsonld,
https://tridenstechnology.com/ev-charging-industry-trends/,200.0,,2025-11-24T13:37:38+00:00,2025-12-01T09:58:41+00:00,og,og,
https://cwcb.colorado.gov/colorado-river-basin,200.0,2026-05-12T17:00:00+00:00,,,,,
https://www.greenmatch.co.uk/ocean-pollution-facts,200.0,,2023-12-19T08:44:35+00:00,2025-03-03T06:41:35+00:00,jsonld,jsonld,
https://energycenter.org/thought-leadership/blog/state-electric-vehicle-adoption-us-and-role-incentives-market,200.0,2026-05-13T16:00:49+00:00,,,,,
https://pmc.ncbi.nlm.nih.gov/articles/PMC10675717/,200.0,,,,,,
https://eleport.com/ev-vs-ice-comparison/,200.0,2026-05-13T16:32:18+00:00,2025-07-29T12:29:33+02:00,2026-05-07T10:26:18+02:00,jsonld,jsonld,
https://earth911.com/eco-tech/the-state-of-ocean-plastic-pollution-in-2026/,200.0,,2026-02-05T12:00:08+00:00,2026-02-22T23:46:16+00:00,jsonld,jsonld,
https://www.transportation.gov/rural/ev/toolkit/ev-benefits-and-challenges/individual-benefits,403.0,,,,,,
https://pmc.ncbi.nlm.nih.gov/articles/PMC7613518/,200.0,,,,,,
https://hsph.harvard.edu/news/healthy-plant-based-diets-better-for-the-environment-than-less-healthy-plant-based-diets/,403.0,,,,,,
https://www.mdpi.com/2673-4834/7/1/31,403.0,,,,,,
https://www.ndph.ox.ac.uk/longer-reads/can-vegetarian-and-vegan-diets-save-your-health-and-the-planet,200.0,,,,,,
https://www.biofach.de/en/knowledge-inspiration/2023/article/plant-based-vs-vegan-difference,200.0,,2023-10-29T23:00:00+00:00,2023-10-29T23:00:00+00:00,jsonld,jsonld,
https://www.atriushealth.org/healthy-living/blog/plant-based-vegetarian-vegan-diets-whats-the-difference,200.0,,,,,,
https://climateinstitute.ca/jasper-los-angeles-wildfires-preparation-canada/,200.0,,2025-01-23T16:15:16+00:00,2025-01-23T21:56:36+00:00,jsonld,jsonld,
https://nunm.edu/2019/04/plant-based-diets/,200.0,,2019-04-03T18:32:19+00:00,2021-01-04T22:16:41+00:00,jsonld,jsonld,
https://oceanblueproject.org/plastic-pollution-statistics-key-facts-and-data-2026/,200.0,,2026-03-23T09:32:30-04:00,2026-03-23T09:32:30-04:00,jsonld,jsonld,
https://www.newswire.ca/news-releases/communities-across-canada-ignite-action-for-wildfire-community-preparedness-day-2026--861159315.html,200.0,2026-05-13T20:12:48+00:00,2026-04-30T07:00:00-04:00,2026-04-30T07:00:00-04:00,jsonld,jsonld,
https://www.wri.org/insights/canada-wildfire-emissions,200.0,2026-05-13T19:29:03+00:00,2024-06-27T08:52:00,2024-10-29T06:55:00,jsonld,jsonld,
https://cwfis.cfs.nrcan.gc.ca/report,200.0,,,,,,
https://climateinstitute.ca/reports/the-costs-of-climate-change/,200.0,,2022-09-21T12:30:05+00:00,2023-01-18T15:47:46+00:00,jsonld,jsonld,
https://news.stanford.edu/stories/2025/01/what-s-the-deal-with-microplastics-the-material-that-never-goes-away,403.0,,,,,,
https://www.cp24.com/news/canada/2026/05/12/helicopters-battling-new-wildfire-burning-out-of-control-in-northern-bc/,200.0,2026-05-13T20:05:07+00:00,2026-05-12T20:59:06.537000+00:00,2026-05-12T20:59:06.637000+00:00,jsonld,jsonld,
https://www.statcan.gc.ca/o1/en/plus/8369-measuring-economic-cost-wildfires,200.0,2026-05-13T19:28:30+00:00,,2025-08-06T00:00:00,,dc,
https://extension.psu.edu/microplastics-in-our-waters-an-unquestionable-concern,405.0,,,,,,
https://pmc.ncbi.nlm.nih.gov/articles/PMC10151227/,200.0,,,,,,
http://www.isnff-jfb.com/index.php/JFB/article/view/457/754,200.0,,,,,,
https://www.kineticoadvancedwatersystems.com/blog/dangers-of-microplastics-in-water/,200.0,,2025-08-12T17:40:56+00:00,2025-12-19T19:21:28+00:00,jsonld,jsonld,
https://pmc.ncbi.nlm.nih.gov/articles/PMC13024905/,200.0,,,,,,
https://earth.org/microplastics-in-water/,200.0,2026-05-05T05:47:32+00:00,2025-12-18T08:00:00+08:00,2025-12-18T08:00:25+08:00,jsonld,jsonld,
https://www.frontiersin.org/journals/sustainable-food-systems/articles/10.3389/fsufs.2026.1673667/full,200.0,,2026-02-20T00:00:00,2026-05-13T00:00:00,jsonld,jsonld,
https://www.quarkexpeditions.com/blog/greenland-glacier-tours,200.0,,2022-05-16T20:53:42+00:00,2025-07-11T16:52:13+00:00,jsonld,jsonld,
https://www.sesame.solar/blog/canadian-wildfire-smoke-a-wake-up-call-for-renewable-energy,200.0,2026-05-13T20:12:51+00:00,,,,,
https://www.tandfonline.com/doi/full/10.1080/07900627.2024.2449224,403.0,,,,,,
https://mead.uslakes.info/Level/,200.0,,,,,,
https://www.greenland-travel.com/inspiration/excursions/walk-on-the-ice-sheet/,200.0,,2018-12-11T11:23:16+00:00,2019-07-26T08:32:11+00:00,jsonld,jsonld,
https://www.greenland-travel.com/inspiration/excursions/glacier-hiking/,200.0,,2019-02-18T14:10:56+00:00,2019-07-26T08:29:53+00:00,jsonld,jsonld,
https://www.greenland-travel.com/inspiration/places-to-visit/a-walk-on-the-ice-sheet/,200.0,,2019-07-01T13:09:35+00:00,2019-07-25T14:33:03+00:00,jsonld,jsonld,
https://www.regreener.earth/blog/what-are-carbon-credits-meaning-examples-and-how-to-use,200.0,2026-05-13T17:54:42+00:00,2025-10-20T00:00:00+00:00,,time_tag,,
https://www.reddit.com/r/collapse/comments/1pru3uq/recent_polar_vortex_splitting_displacement_and/,200.0,,,,,,
https://www.lonelyplanet.com/articles/guide-to-greenland-ice-sheet,200.0,,2025-09-16T21:53:23+00:00,2025-09-16T21:53:23+00:00,jsonld,jsonld,
https://www.sylvera.com/blog/carbon-credit-project-types,200.0,2026-05-13T20:12:53+00:00,2026-02-10T00:00:00,2026-02-10T00:00:00,jsonld,jsonld,
https://www.severe-weather.eu/global-weather/new-stratospheric-warming-january-2026-polar-vortex-disruption-cold-united-states-canada-europe-fa/,200.0,2026-05-13T20:12:53+00:00,2026-01-02T07:12:21+00:00,2026-01-12T17:33:58+00:00,jsonld,jsonld,
https://www.airgreenland.com/discover-greenland/ice-cap/,200.0,,,,,,
https://www.carbon-direct.com/insights/how-do-carbon-credits-actually-work-removal-reduction-and-avoidance-credits-explained,200.0,2026-05-12T14:42:09+00:00,2023-10-13T00:00:00+00:00,,time_tag,,
https://visitgreenland.com/activities/ice-sheet/,200.0,,,,,,
https://www.worldwildlife.org/places/amazon/,403.0,,,,,,
https://news.mongabay.com/2025/08/strategies-against-deforestation-across-the-amazon-basin/,200.0,,2025-08-07T16:00:46+00:00,2025-08-04T11:32:08+00:00,jsonld,og,
https://www.southpole.com/sustainability-solutions/carbon-credits-frequently-asked-questions,200.0,2026-05-05T04:31:15+00:00,,,,,
https://ballardbrief.byu.edu/issue-briefs/deforestation-in-the-amazon-rainforest,200.0,,2019-12-16T15:04:00-07:00,2025-05-07T18:35:18-06:00,jsonld,jsonld,
https://www.pbs.org/newshour/nation/stretched-polar-vortex-moisture-and-a-lack-of-sea-ice-all-to-blame-for-dangerous-winter-blast-meteorologists-say,200.0,2026-05-13T20:12:54+00:00,2026-01-21T11:11:59-04:00,,og,,
https://www.c2es.org/2022/07/targeted-policies-to-address-extreme-heat-in-the-united-states/,200.0,,2022-07-28T17:06:08+00:00,2025-09-17T23:21:55+00:00,jsonld,jsonld,
https://www.reddit.com/r/AskACanadian/comments/14opwdx/what_can_we_do_as_canadians_to_help_reduce_the/,200.0,,,,,,
https://www.climatepolicyinitiative.org/publication/public-policies-for-the-protection-of-the-amazon-forest-what-works-and-how-to-improve/,200.0,,2021-10-07T17:50:36+00:00,2026-05-13T16:09:22+00:00,jsonld,jsonld,
https://time.com/7307094/canadian-wildfires-smoke-air-quality/,406.0,,,,,,
https://smokeybear.com/,200.0,,2025-03-30T13:27:00-04:00,2026-04-28T11:28:44-04:00,jsonld,jsonld,
https://www.bas.ac.uk/blogpost/how-do-we-actually-know-antarctica-is-melting-mass-balance-explained/,504.0,,,,,,
https://www.redcross.org/about-us/news-and-events/news/2023/what-you-should-do-as-canadian-wildfire-smoke-moves-across-us.html,200.0,2026-05-13T20:12:55+00:00,,,,,
https://www.journals.uchicago.edu/doi/full/10.1093/reep/rez007,403.0,,,,,,
https://www.amazonconservation.org/what-we-do/protect-wild-places/forests/,200.0,,2018-04-25T13:00:02+00:00,2023-02-02T21:34:04+00:00,jsonld,jsonld,
https://www.pnas.org/doi/10.1073/pnas.1714450114,403.0,,,,,,
https://financialmodelslab.com/blogs/operating-costs/aquaponics-farm,200.0,,2025-12-09T21:37:50+01:00,2025-12-25T22:33:40+01:00,jsonld,jsonld,
https://policylabs.frontiersin.org/content/policy-outlook-plastic-pollution-in-a-warming-world,200.0,,2025-11-27T09:25:12+01:00,2025-12-16T10:18:10+01:00,jsonld,jsonld,
https://www.lung.ca/air-quality/wildfires,200.0,2026-05-11T18:27:48+00:00,,,,,
https://iaquaponic.com/aquaponic-roi.html,200.0,2026-04-18T08:40:02+00:00,2026-04-17T00:00:00,2026-04-17T00:00:00,jsonld,jsonld,
https://iaquaponic.com/commercial-aquaponics-cost.html,200.0,2026-04-18T08:40:25+00:00,2026-04-03T00:00:00,,jsonld,,
https://www.reddit.com/r/changemyview/comments/1dz2f0n/cmv_bottle_deposits_are_an_awful_idea/,200.0,,,,,,
https://e360.yale.edu/features/the_rapid_and_startling_decline_of_worlds_vast_boreal_forests,200.0,,,,,,
https://pmc.ncbi.nlm.nih.gov/articles/PMC11489084/,200.0,,,,,,
https://clear.ucdavis.edu/explainers/why-do-cattle-produce-methane-and-what-can-we-do-about-it,403.0,,,,,,
https://pmc.ncbi.nlm.nih.gov/articles/PMC12432061/,200.0,,,,,,
https://beyond.ubc.ca/wildfire-smoke/,200.0,,2021-07-15T21:01:00+00:00,2021-07-16T20:24:31+00:00,jsonld,jsonld,
https://www.nature.org/en-us/get-involved/how-to-help/places-we-protect/boreal-forest/,200.0,2026-05-13T20:04:25+00:00,,,,,
https://www.catf.us/2026/02/how-to-accelerate-emissions-reductions-agriculture-sector-put-farmers-center-methane-action/,200.0,,2026-02-09T15:13:10+00:00,2026-02-09T17:28:22+00:00,jsonld,jsonld,
https://daily.jstor.org/climate-changes-dangerous-effects-on-the-boreal-forest/,200.0,,2021-08-09T12:22:04+00:00,2025-12-03T18:59:26+00:00,jsonld,jsonld,
https://www.wri.org/insights/reducing-agricultural-methane-new-solutions,200.0,2026-05-13T18:26:21+00:00,2025-03-06T14:47:00,2026-04-09T13:57:00,jsonld,jsonld,
https://agnext.colostate.edu/2023/07/27/what-is-methane/,200.0,,2023-07-27T21:41:55+00:00,,time_tag,,
https://thenevadaindependent.com/article/california-nevada-and-arizona-announce-temporary-plan-to-save-water-from-the-colorado-river,200.0,,2026-05-11T14:00:00,2026-05-11T14:00:00,jsonld,jsonld,
https://royalsocietypublishing.org/rsta/article/379/2210/20200451/111947/Agricultural-methane-emissions-and-the-potential,403.0,,,,,,
https://www.fao.org/in-action/enteric-methane/background/en,200.0,2026-05-13T15:30:36+00:00,,,,,
https://www.wri.org/technical-perspectives/us-manure-methane-mitigation-solutions,200.0,2026-05-13T16:50:04+00:00,2025-08-06T10:00:00,2026-04-09T13:57:00,jsonld,jsonld,
https://mead.uslakes.info/Level/Calendar/,200.0,,,,,,
https://cropsandsoils.extension.wisc.edu/articles/methane-emissions-from-livestock-and-climate-change/,200.0,,,,,,
https://www.epa.gov/ghgemissions/agriculture-sector-emissions,200.0,2026-05-13T20:12:57+00:00,2025-01-09T22:32:58-05:00,2026-03-10T00:00:00,og,og,
https://gabelli.com/research/microplastics-pollution-policy-and-profit/,403.0,,,,,,
https://www.mdpi.com/2073-4441/17/10/1547,403.0,,,,,,
https://lifeoftheland.org/baseline-data-needed-for-microplastics-in-drinking-water/,202.0,,,,,,
https://carboncontainmentlab.org/updates/posts/hidden-in-plain-sight-an-overview-of-rice-paddy-methane-mitigation,200.0,,,,,,
https://www.food-safety.com/articles/9386-controlled-environment-agriculture-a-systematic-review,403.0,,,,,,
https://phoenixwaterfilters.com/blogs/post/microplastics-in-tap-water-how-much-are-you-drinking-daily,200.0,,,,,,
https://climatetrace.org/news/methane-reductions-in-rice-cultivation,200.0,,,,,,
https://www.cfp.energy/en/insights/compliance-vs-voluntary-carbon-markets-explained,200.0,2026-05-07T05:34:24+00:00,2024-09-02T23:00:00+00:00,2025-08-18T13:17:53.385000+00:00,jsonld,jsonld,
https://www.frontiersin.org/journals/horticulture/articles/10.3389/fhort.2026.1800376/full,200.0,,2026-04-21T00:00:00,2026-05-13T00:00:00,jsonld,jsonld,
https://montel.energy/resources/blog/compliance-vs-voluntary-carbon-markets,200.0,2026-05-13T13:49:14+00:00,,,,,
https://journals.plos.org/climate/article?id=10.1371%2Fjournal.pclm.0000745,200.0,,,,,,
https://www.plasticpollutioncoalition.org/blog/2026/4/2/new-u-s-government-plan-for-microplastics-falls-short-of-protecting-human-health,202.0,,,,,,
https://www.homaio.com/post/what-is-the-difference-between-voluntary-carbon-market-and-compliance-market,200.0,2026-05-13T20:13:00+00:00,,,,,
https://decode6.org/articles/differences-between-voluntary-and-compliance-markets/,200.0,2026-05-13T19:30:34+00:00,,,,,
https://www.edengreen.com/blog-collection/afforestation,200.0,,2024-12-03T13:03:00-06:00,2024-12-03T13:03:40-06:00,jsonld,jsonld,
https://www.constellation.com/energy-101/energy-innovation/carbon-credit-vs-carbon-offset.html,200.0,2026-05-13T20:13:00+00:00,,,,,
https://offsetguide.org/alternatives-to-carbon-credits/,200.0,,2025-03-21T11:20:45+00:00,2025-11-13T10:34:57+00:00,jsonld,jsonld,
https://climate.sustainability-directory.com/question/how-does-afforestation-affect-biodiversity/,200.0,,2025-03-26T21:54:31+08:00,2026-02-05T13:09:05+08:00,jsonld,jsonld,
https://pmc.ncbi.nlm.nih.gov/articles/PMC9234809/,200.0,,,,,,
https://www.jejakin.com/en/blog/afforestation,200.0,2026-05-13T20:13:01+00:00,,,,,
https://www.carbon-direct.com/insights/afforestation-or-reforestation-the-right-trees-in-the-right-places,200.0,2026-05-12T15:21:32+00:00,2026-02-09T00:00:00+00:00,,time_tag,,
https://capshift.com/explore/deep-dive-unpacking-carbon-markets/,200.0,,2024-02-08T05:08:50+00:00,2025-07-23T14:07:36+00:00,jsonld,jsonld,
https://superage.com/7-foods-and-beverages-that-have-the-most-microplastics-and-what-to-eat-instead/,200.0,2026-01-28T13:18:55+00:00,2026-01-28T01:18:00+00:00,2026-01-28T13:18:55+00:00,jsonld,jsonld,
https://carboncredits.com/the-ultimate-guide-to-understanding-carbon-credits/,200.0,,2024-06-26T22:37:19+00:00,2026-05-07T19:19:44+00:00,og,og,
https://www.canada.ca/en/natural-resources-canada/news/2026/05/sixteen-tree-planting-projects-supported-in-british-columbia.html,,,,,,,"HTTPSConnectionPool(host='www.canada.ca', port=443): Read timed out. (read timeout=20)"
https://www.ewg.org/news-insights/news/2026/03/five-ways-reduce-microplastics-your-food,200.0,2026-05-13T20:13:02+00:00,2026-03-23T12:00:00+00:00,,time_tag,,
https://ourworldindata.org/grapher/methane-emissions-agriculture,200.0,,,,,,
https://www.futuremarketsinc.com/the-global-microplastics-and-alternatives-market-2026-3036/,200.0,,2025-07-29T15:45:36+00:00,2026-05-03T11:16:13+00:00,jsonld,jsonld,
https://skepticalscience.com/pros-cons-planting-trees-gw.html,200.0,,,,,,
https://tiltingfutures.org/content/reforestation-vs-afforestation/,200.0,2026-05-11T20:08:32+00:00,2024-12-12T22:43:28+00:00,2025-08-14T15:55:40+00:00,jsonld,jsonld,
https://climate.mit.edu/ask-mit/how-much-does-natural-gas-contribute-climate-change-through-co2-emissions-when-fuel-burned,403.0,,,,,,
https://www.epa.gov/ghgemissions/methane-emissions,200.0,2026-05-13T17:18:36+00:00,2025-01-07T14:54:29-05:00,2026-03-10T00:00:00,og,og,
https://metrostor.us/deposit-return-schemes-unintended-problem/,200.0,,2025-05-27T15:38:59+00:00,2025-05-27T15:39:00+00:00,jsonld,jsonld,
https://www.worldatlas.com/articles/countries-with-the-highest-methane-emission-contributions-from-agriculture.html,200.0,2026-05-13T20:13:02+00:00,2016-07-11T12:23:25-04:00,2017-04-25T12:31:30-04:00,jsonld,jsonld,
https://www.levels.com/blog/levels-guide-microplastics,200.0,,,,,,
https://foodpackagingforum.org/news/consumer-plastics-can-release-billions-of-microplastics-report-finds,200.0,2026-05-13T18:41:24+00:00,2026-04-27T08:15:39+02:00,2026-04-27T08:15:39+02:00,jsonld,jsonld,
https://www.foodingredientsfirst.com/news/food-packaging-trends-sustainability-digital-innovation.html,200.0,,2026-05-06T01:00:00+00:00,2026-05-06T01:00:00+00:00,jsonld,jsonld,
https://news.mongabay.com/2026/05/conservationists-fear-fires-could-erase-years-of-orangutan-habitat-recovery/,200.0,,2026-05-08T10:34:30+00:00,2026-05-08T10:34:30+00:00,jsonld,og,
https://www.edf.org/climate/methane-crucial-opportunity-climate-fight,200.0,2026-05-13T20:02:03+00:00,2021-06-25T15:25:35-04:00,,jsonld,,
https://rmi.org/reality-check-natural-gas-true-climate-risk/,200.0,,2023-07-13T18:53:27+00:00,2026-02-10T01:42:28+00:00,jsonld,jsonld,
https://rmi.org/stopping-global-gas-loss-in-its-tracks/,200.0,,2026-05-04T19:37:44+00:00,2026-05-04T21:41:03+00:00,jsonld,jsonld,
https://news.mongabay.com/2026/04/indonesias-deforestation-surges-66-in-2025-reversing-years-of-decline/,200.0,,2026-04-03T03:50:22+00:00,2026-04-15T07:14:28+00:00,jsonld,jsonld,
https://toaks.gov/news-and-updates&prrid=195,200.0,,,,,,
https://www.carbonbrief.org/deforestation-and-drought-threaten-carbon-storage-in-borneos-rainforests/,200.0,2019-02-21T11:42:46+00:00,2017-12-19T16:00:32+00:00,2019-02-21T11:42:46+00:00,jsonld,jsonld,
https://news.mongabay.com/2026/03/palm-oil-clearing-advances-in-bornean-orangutan-habitat-despite-red-flags/,200.0,,2026-03-26T01:50:04+00:00,2026-03-26T06:48:31+00:00,jsonld,jsonld,
https://en.wikipedia.org/wiki/Exchange_rate_regime,200.0,2026-05-11T22:08:57+00:00,2004-12-23T19:06:04+00:00,2026-05-09T08:36:56+00:00,jsonld,jsonld,
https://dep.nj.gov/get-past-plastic/,200.0,,,,,,
https://earth.org/deforestation-in-borneo/,200.0,,2023-03-02T08:00:11+08:00,2023-03-03T11:15:26+08:00,jsonld,jsonld,
https://www.federalreserve.gov/econres/notes/ifdp-notes/recoveries-and-trade-does-the-exchange-rate-regime-matter-20170629.htm,200.0,2026-02-26T23:17:56+00:00,,,,,
https://www.torisegroup.com/blog/2026-Global-Plastic-Ban-Map-The-Wholesaler-s-Strategic-Roadmap-to-Compliance-and-Premium-Profits_b20919,200.0,,2026-02-28T00:00:00+08:00,2026-03-02T16:19:00+08:00,jsonld,jsonld,
https://www.ran.org/the-understory/the-shadowy-network-destroying-one-of-borneos-last-intact-rainforests/,200.0,2026-05-13T20:05:43+00:00,2026-02-11T16:00:15+00:00,,jsonld,,
https://convergencenetworks.com/blog/cybersecurity-tips-2026/,200.0,2026-01-08T12:21:19+00:00,2026-01-08T16:09:28+00:00,2026-01-08T20:21:19+00:00,jsonld,jsonld,
https://blog.fundtheplanet.net/fund-the-planet/borneo-deforestation-whats-being-destroyed-and-why-it-cant-be-replaced/,200.0,,2026-03-20T09:08:11+01:00,2026-03-20T09:47:30+01:00,jsonld,jsonld,
https://hyperproof.io/resource/data-protection-strategies-for-2026/,200.0,,2025-10-02T16:00:00+00:00,2026-01-15T20:39:07+00:00,jsonld,jsonld,
https://www.forex.com/ie/market-analysis/latest-research/a-guide-to-the-european-central-bank/,403.0,,,,,,
https://www.ecb.europa.eu/ecb/all-about-us/html/index.en.html,200.0,,2024-03-23T00:00:00,,og,,
https://www.ecb.europa.eu/careers/all-about-careers/html/index.en.html,200.0,,2024-03-14T00:00:00,,og,,
https://www.bankofcanada.ca/2007/05/importance-appropriate-exchange-rate-regimes/,200.0,,,,,,
https://www.heritage.org/jobs-and-labor/report/the-rise-the-gig-economy-good-workers-and-consumers,403.0,,,,,,
https://zimminaroundtheworld.com/deforestation-in-borneo/,200.0,,2026-01-04T05:33:08+00:00,2026-01-04T05:33:21+00:00,jsonld,jsonld,
https://expert360.com/articles/what-are-the-benefits-of-gig-economy-workers,200.0,2026-05-13T20:13:06+00:00,2026-01-14T00:04:36.889000+00:00,2026-01-13T23:55:36.627000+00:00,jsonld,jsonld,
https://www.wgu.edu/blog/pros-and-cons-gig-economy1808.html,200.0,2026-03-20T03:58:22+00:00,2025-04-15T00:00:00,2025-04-18T00:00:00,jsonld,jsonld,
https://feea.org/2026/03/digital-footprint-and-cybersecurity/,200.0,2026-05-13T20:13:06+00:00,2026-03-09T09:12:48-04:00,2026-04-27T10:17:20-04:00,jsonld,jsonld,
https://www.abacademies.org/articles/the-rise-of-the-gig-economy-benefits-drawbacks-and-future-prospects-17297.html,200.0,,2024-11-29T00:00:00,,jsonld,,
https://www.weforum.org/stories/2024/11/what-gig-economy-workers/,403.0,,,,,,
https://www.talentneuron.com/blog/navigating-the-rising-gig-economy-and-its-impact-on-work,200.0,2026-05-13T20:13:06+00:00,2023-03-10T00:00:00,2025-05-16T00:00:00,jsonld,jsonld,
https://www.tutor2u.net/economics/reference/what-is-the-palma-ratio,200.0,,,,,,
https://www.fxpro.com/help-section/education/beginners/articles/what-is-a-fixed-exchange-rate-advantages-disadvantages-system,403.0,,,,,,
https://www.accountablehq.com/post/breaking-down-physical-safeguards,200.0,,2025-02-26T00:00:00+00:00,2025-07-04T12:02:22+00:00,jsonld,jsonld,
https://www.imf.org/external/pubs/ft/fandd/2009/12/ghosh.htm,403.0,,,,,,
https://globalchallenges.ch/issue/9/figure/measuring-inequality/,200.0,,2021-03-26T14:38:54+00:00,2021-03-26T14:38:54+00:00,jsonld,jsonld,
https://thecyberguild.org/blog-posts/10-cybersecurity-tips-that-actually-matter-in-2026/,200.0,2026-05-13T18:47:39+00:00,2026-03-02T17:35:37+00:00,2026-03-26T14:02:23+00:00,jsonld,jsonld,
https://en.wikipedia.org/wiki/Fixed_exchange_rate_system,403.0,,,,,,
https://pmc.ncbi.nlm.nih.gov/articles/PMC8546199/,200.0,,,,,,
https://www.canada.ca/en/services/environment/weather/climatechange/climate-action/pricing-carbon-pollution/how-pricing-reduces-emissions/data.html,,,,,,,"HTTPSConnectionPool(host='www.canada.ca', port=443): Read timed out. (read timeout=20)"
https://www.piie.com/blogs/realtime-economics/2024/fixation-fixed-exchange-rates-harms-developing-countries,403.0,,,,,,
https://gomarkets.com/en-au/articles/the-economics-of-currency-pegs-stability-vs-risk,200.0,2026-05-13T20:13:07+00:00,2023-10-06T00:00:00,,jsonld,,
https://www.stonex.com/en/business/financial-glossary/currency-peg/,403.0,,,,,,
https://www.imf.org/external/pubs/ft/fandd/1998/12/enoch.htm,403.0,,,,,,
https://en.wikipedia.org/wiki/Currency_board,403.0,,,,,,
https://www.park.edu/blog/the-gig-economy-shaping-the-future-of-work-and-business/,200.0,,2024-07-31T21:42:54+00:00,,jsonld,,
https://www.contractorcompliance.io/post/top-5-leading-indicators-in-health-and-safety-a-path-to-proactive-prevention,200.0,2026-05-12T14:38:13+00:00,,,,,
https://www.reddit.com/r/PlasticFreeLiving/comments/1t7hiyj/no_more_microplastics_in_my_2026_kitchen_my_top/,200.0,,,,,,
https://docshipper.com/glossary/anti-dumping-duty-definition-logistique/,200.0,2026-05-13T11:12:51+00:00,2026-03-02T16:13:01+00:00,2026-03-23T22:54:06+00:00,jsonld,jsonld,
https://privatebank.jpmorgan.com/nam/en/insights/markets-and-investing/ideas-and-insights/when-will-the-crisis-in-US-housing-affordability-end-and-how,200.0,,2023-11-14T14:21:00+05:30,,jsonld,,
https://crownschool.uchicago.edu/student-life/advocates-forum/minimum-wage-and-means-tested-benefits-raising-wage-and-raising,200.0,2026-05-13T19:52:36+00:00,,,,,
https://fsgjournal.nl/article/2024-06-04-peggers-can-t-be-choosers-currency-pegs,200.0,,,,,,
https://helpyousponsor.com/blog/outcome-indicators-vs-process-indicators-in-safeguarding,200.0,,2025-07-24T20:29:03-07:00,2026-05-02T04:11:52-07:00,jsonld,jsonld,
https://www.visualcapitalist.com/the-126t-global-economy-in-one-chart/,200.0,2026-05-13T19:24:34+00:00,2026-05-06T04:44:35-07:00,2026-05-06T04:44:41-07:00,jsonld,jsonld,
https://www.wolterskluwer.com/en/expert-insights/kpis-and-kris-in-grc,200.0,,2026-05-06T15:31:00+00:00,,jsonld,,
https://www.epi.org/publication/why-17-minimum-wage/,200.0,2026-05-13T20:13:08+00:00,,,,,
https://www.mdpi.com/1911-8074/12/2/92,403.0,,,,,,
https://tradingeconomics.com/united-states/gdp-growth,200.0,,,2026-03-31T12:00:00+00:00,,jsonld,
https://www.worldometers.info/gdp/us-gdp/,200.0,,,,,,
https://www.cgdev.org/blog/palma-vs-gini-measuring-post-2015-inequality,403.0,,,,,,
https://www.braumillerlaw.com/anti-dumping-duties-importers-can-protect/,200.0,2026-05-13T20:13:09+00:00,2014-01-29T22:31:47+00:00,,jsonld,,
https://www.oecd.org/en/publications/oecd-economic-outlook-interim-report-march-2026_d4623013-en.html,403.0,,,,,,
https://www.mastercard.com/us/en/news-and-trends/stories/2025/central-bank-digital-currency-cbdc-vs-cryptocurrency.html,403.0,,,,,,
https://www.goldmansachs.com/insights/articles/forecasts-for-the-worlds-biggest-economies-in-2026,200.0,2026-05-08T20:27:26+00:00,2026-02-27T00:00:00,,jsonld,,
https://www.blackrock.com/uk/solutions/investment-trusts/our-range/blackrock-frontiers-investment-trust/trust-information/insights/investing-in-frontier-markets,200.0,,,,,,
https://statisticstimes.com/economy/projected-world-gdp-ranking.php,200.0,,,,,,
https://www.econ.cam.ac.uk/media-mentions/2013/washington-post-explains-palma-ratio-new-way-measuring-income-inequality,200.0,,,,,,
https://en.wikipedia.org/wiki/Central_bank_digital_currency,403.0,,,,,,
https://analyticalscience.wiley.com/content/article-do/quantification-microplastics-food-and-beverages,403.0,,,,,,
https://www.elibrary.imf.org/display/book/9781589060944/ch08.xml,200.0,,,,,,
https://www.edps.europa.eu/press-publications/publications/techsonar/central-bank-digital-currency_en,200.0,2026-05-13T17:20:01+00:00,2026-05-08T12:00:00+00:00,,time_tag,,
https://www.brookings.edu/articles/what-are-stablecoins-and-how-are-they-regulated/,200.0,2026-05-13T20:13:10+00:00,2025-10-24T15:00:34+00:00,2025-10-31T19:24:58+00:00,jsonld,jsonld,
https://blogs.lse.ac.uk/businessreview/2026/05/12/how-stablecoins-are-extending-the-monetary-power-of-the-united-states/,200.0,,2026-05-12T11:12:09+01:00,2026-05-12T12:28:27+01:00,jsonld,jsonld,
https://pintu.co.id/en/academy/post/stablecoin-analysis,200.0,,2023-03-31T13:25:06,2023-06-23T06:36:24+00:00,jsonld,og,
https://research.com/advice/which-finance-degree-careers-have-the-lowest-unemployment-risk,403.0,,,,,,
https://www.oanda.com/us-en/trade-tap-blog/asset-classes/forex/forex-pairs-to-watch-march-2026/,200.0,2026-05-13T20:13:10+00:00,2026-02-27T15:54:00+00:00,,jsonld,,
https://qz.com/best-worst-city-to-find-jobs-2026,200.0,2026-05-13T20:13:11+00:00,2026-01-20T10:00:00.172000+00:00,2026-01-20T10:11:04.705000+00:00,og,og,
https://research.com/advice/which-applied-science-degree-careers-have-the-lowest-unemployment-risk,403.0,,,,,,
https://worldpopulationreview.com/state-rankings/unemployment-benefits-by-state,200.0,2026-05-07T19:53:48+00:00,2026-05-07T19:30:01.239000+00:00,,jsonld,,
https://worldmigrationreport.iom.int/what-we-do/world-migration-report-2024/chapter-2/international-remittances,403.0,,,,,,
https://www.migrationdataportal.org/themes/remittances-overview,403.0,,,,,,
https://www.ibm.com/think/topics/blockchain-for-cbdc,200.0,2026-05-13T20:13:11+00:00,,2025-11-17T16:00:07.523000+00:00,,jsonld,
https://www.commerce.gov/osy/resources/education-training-and-awareness/security-awareness/security-awareness-tips,403.0,,,,,,
https://www.cbo.gov/publication/44995,403.0,,,,,,
https://databank.worldbank.org/metadataglossary/world-development-indicators/series/BM.TRF.PWKR.CD.DT,200.0,,,,,,
https://www.imf.org/en/publications/fandd/issues/series/back-to-basics/remittances,403.0,,,,,,
https://www.troweprice.com/financial-intermediary/se/en/thinking/articles/2022/q3/are-frontier-markets-still-the-great-untapped-opportunity.html,200.0,,,,,,
https://www.federalreserve.gov/econres/notes/feds-notes/labor-force-growth-breakeven-employment-and-potential-gdp-growth-20260402.html,200.0,2026-04-02T14:22:29+00:00,,,,,
https://www.zellic.io/blog/choosing-a-defi-protocol,200.0,,2025-02-14T00:00:00+00:00,,og,,
https://hedera.com/learning/defi-risks/,200.0,2025-12-04T22:11:51+00:00,2023-01-06T12:30:00+00:00,2025-12-04T22:11:51+00:00,jsonld,jsonld,
https://www.ofx.com/en-us/forex-news/articles/2026-fx-strengths-what-analysts-expect/,200.0,,2026-02-10T05:33:29+00:00,2026-02-10T05:33:33+00:00,jsonld,jsonld,
https://southsouth-galaxy.org/publications/global-south-development-acheivements-and-challenges/,200.0,2025-09-29T15:51:25+00:00,2025-09-22T21:03:54+00:00,2025-09-29T19:51:25+00:00,jsonld,jsonld,
https://www.paypal.com/us/money-hub/article/what-is-remittance,200.0,,2025-08-15T00:00:00,,jsonld,,
https://www.ciris.info/learningcenter/global-south-north-divide/,200.0,2026-05-13T15:13:13+00:00,2024-10-26T12:17:48-04:00,2024-11-17T05:39:01-05:00,jsonld,jsonld,
https://quadcode.com/blog/top-5-strongest-currencies-in-the-world-and-likely-performance-in-2026,200.0,,2025-12-22T15:40:35,2026-04-28T10:37:25,og,og,
https://medium.com/@mallikkosuru/understanding-defi-protocols-a-simple-guide-9240446a19e1,200.0,,2024-08-20T08:14:00+00:00,2024-08-20T08:14:00+00:00,jsonld,jsonld,
https://ilink.dev/blog/how-defi-protocols-work-a-beginners-guide-to-lending-staking-and-yield-farming/,,,,,,,"HTTPSConnectionPool(host='ilink.dev', port=443): Max retries exceeded with url: /blog/how-defi-protocols-work-a-beginners-guide-to-lending-staking-and-yield-farming/ (Caused by NameResolutionError(""HT"
https://www.countdefi.com/blog/what-is-defi,200.0,2026-05-13T20:13:13+00:00,,,,,
https://www.bleap.finance/blog/strongest-currencies-in-the-world,200.0,,,,,,
https://www.quora.com/What-is-a-comparative-advantage-What-are-some-real-life-examples,403.0,,,,,,
https://www.oxfam.org.uk/oxfam-in-action/oxfam-blog/palma-ratio-tackle-global-inequality/,200.0,,2026-04-09T00:00:00,2026-04-09T00:00:00,jsonld,jsonld,
https://www.pay2home.com/blog/the-ultimate-guide-to-money-remittance-everything-you-need-to-know,404.0,,,,,,
https://metamask.io/news/decentralization-trends-reshaping-industries,200.0,,2026-04-06T00:00:00,2026-05-12T21:29:51.833000+00:00,jsonld,jsonld,
https://fcnb.ca/en/guides/what-is-defi-and-how-does-it-work,200.0,,,,,,
https://fibo-crypto.fr/en/blog/defi-decentralized-finance-guide/,200.0,,2026-02-10T21:45:34+00:00,2026-02-11T08:12:20+00:00,jsonld,jsonld,
https://www.ebsco.com/research-starters/social-sciences-and-humanities/emerging-markets,200.0,,,,,,
https://texasgateway.org/resource/191-absolute-and-comparative-advantage,200.0,2026-05-13T19:31:37+00:00,,,,,
https://www.under30ceo.com/terms/comparative-advantage-examples/,200.0,,2024-03-12T13:11:00+00:00,,jsonld,,
https://www.coinbase.com/learn/wallet/how-to-get-started-in-defi,200.0,,,,,,
https://chain.link/education/asset-tokenization,200.0,2026-05-13T20:13:14+00:00,2025-05-21T10:00:00+00:00,2025-05-21T00:00:00+00:00,jsonld,jsonld,
https://www.chainalysis.com/blog/asset-tokenization-explained/,200.0,,2024-03-22T17:26:17+00:00,2026-04-08T14:52:33+00:00,jsonld,jsonld,
https://www.pwc.com/us/en/tech-effect/emerging-tech/tokenization-in-financial-services.html,200.0,,,,,,
https://insights.aib.world/article/137979-how-really-unique-are-emerging-markets-and-their-firms,200.0,,2025-05-19T13:08:22+00:00,2025-05-19T13:09:16+00:00,jsonld,jsonld,
https://byjus.com/commerce/balance-of-payments-surplus-and-deficit/,200.0,,2019-01-05T16:29:59+05:30,2022-01-10T02:55:22+05:30,jsonld,jsonld,
https://www.geeksforgeeks.org/macroeconomics/balance-of-payments-surplus-and-deficit-autonomous-and-accommodating-transactions-errors-and-omissions/,200.0,,2022-09-26T12:53:19,2026-01-15T06:48:21,jsonld,jsonld,
https://www.garp.org/risk-intelligence/technology/tokenization-benefits-risks-250124,200.0,,2025-01-24T05:00:00+00:00,2025-01-24T05:00:01.692000+00:00,jsonld,jsonld,
https://blog.tokenmetrics.com/p/what-are-the-top-defi-protocols-complete-2026-guide-to-decentralized-finance,200.0,2026-05-13T20:13:15+00:00,2026-01-06T22:13:30.641000+00:00,2026-01-06T22:13:30+00:00,jsonld,jsonld,
https://www.ftc.gov/advice-guidance/competition-guidance/guide-antitrust-laws/enforcers,200.0,2026-05-13T20:11:36+00:00,2013-06-11T13:30:54-04:00,2022-06-08T15:51:29-04:00,og,og,
https://nlihc.org/explore-issues/why-we-care/problem,200.0,2026-05-13T15:48:44+00:00,,,,,
https://www.culawreview.org/journal/the-algorithmic-age-of-antitrust-rethinking-the-consumer-welfare-standard-for-big-tech,200.0,,2026-01-03T14:55:11-05:00,2026-01-03T14:55:11-05:00,jsonld,jsonld,
https://www.habitat.org/costofhome/housing-affordability-and-families,200.0,2026-05-13T16:11:27+00:00,,,,,
https://hls.harvard.edu/today/antitrust-issues/,200.0,,2024-10-01T09:05:00+00:00,2025-04-17T17:04:49+00:00,jsonld,jsonld,
https://www.cato.org/cato-handbook-policymakers/cato-handbook-policymakers-9th-edition-2022/big-tech-antitrust,200.0,,,,,,
https://www.brookings.edu/articles/economic-issues-to-watch-in-2026/,200.0,2026-05-13T20:13:16+00:00,2026-01-13T14:04:58+00:00,2026-01-13T15:04:07+00:00,jsonld,jsonld,
https://siepr.stanford.edu/publications/policy-brief/us-economy-2026-what-watch,200.0,2026-05-13T00:49:24+00:00,,,,,
https://www.brookings.edu/articles/big-tech-and-antitrust-pay-attention-to-the-math-behind-the-curtain/,200.0,2026-05-13T20:13:17+00:00,2020-07-31T15:21:06+00:00,2022-03-09T05:07:57+00:00,jsonld,jsonld,
https://www.winston.com/en/blogs-and-podcasts/competition-corner/antitrust-101-state-antitrust-enforcement,200.0,,,,,,
https://www.interactivebrokers.com/campus/trading-lessons/key-characteristics-of-emerging-markets/,200.0,2025-12-10T13:15:18+00:00,2025-12-10T18:15:17+00:00,2025-12-10T18:15:18+00:00,jsonld,jsonld,
https://www.justice.gov/jm/jm-7-3000-organization-division,200.0,2026-05-13T16:27:19+00:00,2015-02-19T20:11:28-05:00,2024-03-12T08:31:55-04:00,og,og,
https://www.federalreserve.gov/econres/notes/feds-notes/banks-in-the-age-of-stablecoins-lessons-from-their-historical-responses-to-financial-innovations-20260501.html,200.0,2026-05-01T19:40:12+00:00,,,,,
https://www.federalreserve.gov/econres/notes/feds-notes/stablecoins-in-2025-developments-and-financial-stability-implications-20260408.html,200.0,2026-04-08T18:35:12+00:00,,,,,
https://nativeteams.com/blog/future-of-gig-economy,200.0,,,,,,
https://rsmus.com/insights/economics/economic-outlook-for-2026.html,200.0,2026-05-12T08:30:21+00:00,,,,,
https://www.mcguirewoods.com/client-resources/alerts/2023/12/doj-and-ftc-issue-new-merger-guidelines/,200.0,,2023-12-21T20:40:23+00:00,2023-12-21T20:40:25+00:00,jsonld,jsonld,
https://www.crowell.com/en/insights/client-alerts/doj-and-ftc-issue-final-2023-merger-guidelines-with-significant-changes-and-updates,200.0,,2023-12-19T00:00:00+00:00,,jsonld,,
https://www.hklaw.com/en/insights/publications/2023/12/ftc-and-doj-issue-final-merger-guidelines-that-expand-reviews,200.0,,,,,,
https://www.paulweiss.com/insights/client-memos/doj-and-ftc-issue-final-2023-merger-guidelines,200.0,,,,,,
https://www.justice.gov/atr/merger-guidelines,200.0,2026-05-13T09:43:29+00:00,2024-07-08T11:30:34-04:00,2024-07-25T10:54:02-04:00,og,og,
https://www.exploring-economics.org/en/orientation/ecological-economics/,200.0,,,,,,
https://en.wikipedia.org/wiki/Ecological_economics,200.0,2026-05-11T22:02:27+00:00,2003-02-02T00:40:53+00:00,2025-12-09T05:48:47+00:00,jsonld,jsonld,
https://medium.com/@benshreadhewitt/ecological-economics-an-introduction-620867f5602d,200.0,,2022-06-13T10:27:29+00:00,2022-06-13T10:27:29+00:00,jsonld,jsonld,
https://bipartisanpolicy.org/report/bpc-ctc-eitc/,200.0,2026-05-13T19:32:00+00:00,2021-08-23T08:00:57+00:00,2025-12-12T16:25:05+00:00,jsonld,jsonld,
https://www.demos.org/blog/looking-beyond-headline-unemployment-rate-why-u-6-underemployment-rate-matters-truly,200.0,2026-05-13T19:31:39+00:00,2026-02-05T12:00:00+00:00,,time_tag,,
https://farmdocdaily.illinois.edu/2026/03/projected-prices-and-volatility-factors-for-2026.html,200.0,,2026-03-03T20:47:14+00:00,2026-03-25T02:59:42+00:00,jsonld,jsonld,
https://www.atg.wa.gov/antitrustguide.aspx,200.0,2026-05-13T20:12:29+00:00,,,,,
https://verifiedinvesting.com/blogs/us-economic-metrics/the-u6-unemployment-report-tells-a-more-truthful-tale,200.0,,,,,,
https://commonslibrary.parliament.uk/research-briefings/cbp-10136/,200.0,2026-05-13T20:13:19+00:00,2024-11-11T12:56:02+00:00,2026-05-13T02:39:01+00:00,jsonld,jsonld,
https://tradingeconomics.com/united-states/u6-unemployment-rate,200.0,,,2026-04-30T12:00:00+00:00,,jsonld,
https://carnegieendowment.org/research/2025/03/brics-expansion-and-the-future-of-world-order-perspectives-from-member-states-partners-and-aspirants,200.0,,2025-03-31T00:00:00,2026-03-24T20:59:52.665000+00:00,jsonld,og,
https://www.bls.gov/lau/stalt.htm,403.0,,,,,,
https://www.masterclass.com/articles/economics-101-what-is-real-gdp-learn-how-real-gdp-measures-and-how-it-is-calculated,403.0,,,,,,
https://www.imf.org/en/publications/fandd/issues/series/back-to-basics/gross-domestic-product-gdp,403.0,,,,,,
https://www.khanacademy.org/economics-finance-domain/ap-macroeconomics/economic-iondicators-and-the-business-cycle/real-vs-nominal-gdp/a/lesson-summary-real-vs-nominal-gdp,200.0,,,,,,
https://tax.thomsonreuters.com/news/bill-seeks-earned-income-tax-credit-boost-per-child-for-working-parents/,200.0,,2026-04-20T13:39:41+00:00,,og,,
https://academic.oup.com/jiel/article/28/4/665/8439773,403.0,,,,,,
https://www.law.georgetown.edu/your-life-career/career-exploration-professional-development/for-jd-students/explore-legal-careers/practice-areas/antitrust/,403.0,,,,,,
https://itep.org/state-earned-income-tax-credits-support-families-and-workers-in-2025/,200.0,,2025-09-11T14:47:39-04:00,2026-02-02T14:23:12-05:00,jsonld,jsonld,
https://tradingeconomics.com/united-states/interest-rate,200.0,,,2026-04-29T12:00:00+00:00,,jsonld,
https://www.sunflowerbank.com/about-us/resource-articles/what-is-gdp-and-why-does-it-matter,200.0,,,,,,
https://bricscouncil.ru/en/analytics/report-brics-cooperation-progress-according-bttc-indicator-system,200.0,,,,,,
https://equalsmoney.com/economic-calendar/events/ecb-interest-rate-decision,200.0,2026-05-13T16:07:35+00:00,,,,,
https://www.naag.org/issues/antitrust/antitrust-101/,200.0,,2020-09-23T19:02:04+00:00,2025-10-31T14:49:19+00:00,jsonld,jsonld,
https://en.icc.org.cn/specialties/international_conference/354.html,200.0,,,,,,
https://pubs.rsc.org/en/content/articlehtml/2026/fb/d5fb00829h,200.0,,,,,,
https://www.gisreportsonline.com/r/decline-american-union/,200.0,2026-01-16T15:29:02+00:00,2023-04-28T08:00:00+02:00,2023-04-28T08:00:00+02:00,jsonld,jsonld,
https://study.com/academy/lesson/declining-union-density-changing-labor-market-structures-since-1980.html,200.0,,,,,,
https://en.wikipedia.org/wiki/Labor_unions_in_the_United_States,200.0,2026-05-11T22:12:27+00:00,2005-08-17T13:36:15+00:00,2026-05-01T23:33:51+00:00,jsonld,jsonld,
https://www.jpmorgan.com/insights/global-research/economy/fed-rate-cuts,200.0,2026-05-13T20:00:25+00:00,,,,,
https://www.theguardian.com/us-news/2025/sep/08/us-union-membership-report,200.0,,2025-09-08T11:00:42+00:00,2025-09-08T11:02:45+00:00,jsonld,jsonld,
https://cepr.net/publications/union-membership-stagnated-in-2025/,403.0,,,,,,
https://www.hoover.org/research/decline-unions-good-news,200.0,2026-05-13T19:18:25+00:00,,,,,
https://www.epi.org/unequalpower/publications/private-sector-unions-corporate-legal-erosion/,403.0,,,,,,
https://www.nber.org/digest/202208/impacts-right-work-laws-unionization-and-wages,200.0,,,,,,
https://economicsecurityproject.org/resource/22-states-and-dc-have-passed-new-or-expanded-tax-credits/,200.0,,2025-11-19T16:31:15+00:00,2025-11-19T20:26:57+00:00,jsonld,jsonld,
https://www.ncsl.org/human-services/earned-income-tax-credit-overview,403.0,,,,,,
https://www.weforum.org/stories/2016/09/explained-why-the-japanese-economy-is-stuck/,403.0,,,,,,
https://itep.org/eitc-expansion-working-parents-tax-relief-act/,200.0,,2026-04-30T15:18:55-04:00,2026-04-30T15:50:27-04:00,jsonld,jsonld,
https://www.reddit.com/r/JapanFinance/comments/164a3lv/someone_please_explain_bank_of_japan_raising/,200.0,,,,,,
https://www.eurofinance.com/news/future-of-finance-cbdcs-and-a-new-era-for-money-and-global-transactions/,200.0,,2025-02-14T07:34:33+00:00,2025-02-17T13:10:07+00:00,jsonld,jsonld,
https://itep.org/state-child-tax-credits-earned-income-tax-credits-2025/,200.0,,2025-07-24T16:29:03-04:00,2026-01-23T14:34:34-05:00,jsonld,jsonld,
https://www.ebsco.com/research-starters/economics/deflation,200.0,,,,,,
https://news.bloomberglaw.com/daily-labor-report/unionizing-set-to-fall-due-to-economic-political-headwinds,200.0,,2026-02-02T10:10:00+00:00,2026-02-02T10:10:00+00:00,jsonld,og,
https://www.fool.com/terms/d/deflation/,200.0,2026-05-13T20:13:24+00:00,2025-10-17T00:25:49.264000+00:00,2025-10-17T00:25:49.264000+00:00,jsonld,jsonld,
https://ripple.com/insights/the-future-of-central-bank-digital-currency/,200.0,,,,,,
https://www.kotak.bank.in/en/stories-in-focus/accounts-deposits/current-account/what-is-deflation.html,200.0,2026-05-13T20:13:24+00:00,2025-10-03T09:36:00+05:30,2025-10-03T09:36:00+05:30,jsonld,jsonld,
https://www.economicshelp.org/blog/8968/uncategorized/cause-deflation/,202.0,,,,,,
https://en.wikipedia.org/wiki/Deflation,200.0,2026-05-13T11:46:54+00:00,2001-03-19T19:08:21+00:00,2026-04-11T00:46:38+00:00,jsonld,jsonld,
https://www.paconsulting.com/insights/are-central-bank-digital-currencies-the-future-of-money,200.0,,2021-07-09T12:34:18+01:00,2025-12-15T19:06:46+00:00,jsonld,jsonld,
https://www.bankofengland.co.uk/explainers/what-is-deflation,200.0,,,,,,
https://delve.mcgill.ca/read/why-digital-currencies-could-change-the-future-of-central-banking/,200.0,,2022-11-07T18:38:53+00:00,2022-12-08T18:28:37+00:00,jsonld,jsonld,
https://www.reddit.com/r/EU_Economics/comments/1kq6m9i/china_puts_antidumping_duties_on_plastics_from_us/,200.0,,,,,,
https://www.daeryunlaw.com/us/insights/international-trade-dispute-in-nyc,200.0,,2026-05-10T23:55:58.250000+00:00,2026-05-11T07:25:05.260000+00:00,jsonld,jsonld,
https://portal-uat.who.int/fctcapps/fctcapps/fctc/kh/legalchallenges/wto-dispute-settlement-process-and-tbt-and-trips-committees,200.0,,,,,,
https://www.omfif.org/2026/01/outlook-2026-foreign-exchange-markets-will-be-less-exciting-than-in-2025/,200.0,,2026-01-05T16:30:05+00:00,,jsonld,,
https://www.spglobal.com/ratings/en/regulatory/article/industry-report-card-islamic-finance-2026-2027-navigating-rough-waters-s101683521,403.0,,,,,,
https://think.ing.com/articles/fx-outlook-2026-our-main-calls/,200.0,2026-05-13T19:26:26+00:00,2025-11-10T00:00:00,2025-11-10T00:00:00,jsonld,jsonld,
https://mofotech.mofo.com/topics/ai-trends-for-2026---how-national-competitiveness-is-reshaping-tech-antitrust,200.0,,,,,,
https://www.rba.gov.au/education/resources/explainers/nairu.html,403.0,,,,,,
https://www.empower.com/the-currency/money/deflation,200.0,2026-05-13T20:13:25+00:00,,,,,
https://www.sidley.com/en/insights/newsupdates/2026/04/april-antitrust-and-competition-bulletin-top-of-mind-global-antitrust-issues,200.0,,2026-04-23T16:27:31+00:00,2026-04-23T16:28:24+00:00,jsonld,jsonld,
https://www.hoganlovells.com/en/publications/global-antitrust-enforcement-outlook-2026-the-trends-shaping-the-year-ahead,200.0,,,,,,
https://www.arnoldporter.com/en/perspectives/publications/2026/04/antitrust-agency-insights-developments-at-the-us-antitrust-enforcement-agencies-first-quarter-2026,200.0,,,,,,
https://businesslawreview.uchicago.edu/print-archive/antitrust-reform-digital-era-skeptical-perspective,200.0,,2023-06-01T12:00:00+00:00,,time_tag,,
https://www.justice.gov/archives/opa/pr/justice-department-and-federal-trade-commission-release-2023-merger-guidelines,200.0,,,,,,
https://ilsr.org/article/independent-business/strengthen-and-enforce-state-antitrust-laws-2/,403.0,,,,,,
https://www.cooley.com/news/insight/2026/2026-02-19-2026-antitrust-outlook-learnings-from-the-first-year-of-america-first-enforcement,200.0,,,,,,
https://oag.ca.gov/antitrust,200.0,2026-05-13T20:13:27+00:00,2012-01-09T10:46:51-08:00,2024-11-22T16:21:20-08:00,og,og,
https://www.cato.org/publications/trade-balance-winning-trade,200.0,,,,,,
https://tradingeconomics.com/united-states/balance-of-trade,200.0,,,2026-03-31T12:00:00+00:00,,jsonld,
https://www.klobuchar.senate.gov/public/index.cfm/2024/5/klobuchar-reintroduces-bill-to-promote-competition-and-improve-antitrust-enforcement,403.0,,,,,,
https://equitablegrowth.org/reforming-u-s-antitrust-enforcement-and-competition-policy/,200.0,,2020-02-18T10:00:30+00:00,2020-06-23T20:04:15+00:00,jsonld,jsonld,
https://global.morningstar.com/en-nd/economy/ecb-leaves-rates-unchanged-lifts-2026-inflation-outlook-iran-war,202.0,,,,,,
https://www.federalreserve.gov/econres/feds/soft-landing-or-stagnation-a-framework-for-estimating-the-probabilities-of-macro-scenarios.htm,200.0,2026-05-07T13:56:11+00:00,,,,,
https://www.ftc.gov/advice-guidance/competition-guidance/guide-antitrust-laws,200.0,2026-05-13T20:13:20+00:00,2013-06-11T13:25:27-04:00,2022-03-04T15:18:38-05:00,og,og,
https://open.ncl.ac.uk/theories/12/evolutionary-economic-theory/,200.0,,,,,,
https://www.stlouisfed.org/on-the-economy/2025/dec/professional-forecasters-past-performance-outlook-2026,,,,,,,"HTTPSConnectionPool(host='www.stlouisfed.org', port=443): Read timed out. (read timeout=20)"
https://www.bis.org/publ/qtrpdf/r_qt2303f.htm,200.0,2026-03-21T09:33:30+00:00,,,,,
https://www.nber.org/papers/w35057,200.0,,2026-04-10T12:00:00+00:00,,time_tag,,
https://www.cbpp.org/research/policy-basics-the-minimum-wage,403.0,,,,,,
https://tfsx.com/2026/03/economies-of-enough/,200.0,,2026-03-01T06:01:00+00:00,,jsonld,,
https://www.wita.org/ustrade/us-trade-trends/the-us-trade-deficit/,200.0,,2021-08-10T20:55:55+00:00,2021-08-13T20:10:44+00:00,jsonld,jsonld,
https://www.dallasfed.org/research/economics/2025/0904,200.0,,,,,,
https://www.tandfonline.com/doi/full/10.1080/00036846.2016.1176118,403.0,,,,,,
https://www.reddit.com/r/georgism/comments/1okfjxr/how_to_implement_a_land_value_tax_without/,200.0,,,,,,
https://realeconomy.rsmus.com/stagflation-lite-sets-in-as-inflation-surges-in-april/,200.0,,2026-05-12T14:33:19+00:00,2026-05-12T18:52:00+00:00,jsonld,jsonld,
https://www.pgpf.org/article/what-is-a-wealth-tax-and-should-the-united-states-have-one/,403.0,,,,,,
https://www.bankofcanada.ca/2022/11/staff-working-paper-2022-46/,200.0,,,,,,
https://www.c4ej.com/further-resources/a-simple-guide-to-land-value-tax,200.0,,,,,,
https://en.wikipedia.org/wiki/Wealth_tax,403.0,,,,,,
https://www.fhwa.dot.gov/ipd/fact_sheets/value_cap_land_value_taxes.aspx,200.0,,,,,,
https://taxpolicycenter.org/briefing-book/what-wealth-tax,200.0,2026-05-13T19:42:49+00:00,,,,,
https://www.bostonfed.org/publications/research-department-working-paper/2017/the-local-aggregate-effects-of-minimum-wage-increases.aspx,200.0,,2017-10-17T17:07:00+00:00,2017-10-17T17:07:00+00:00,og,og,
https://doughnuteconomics.org/stories/wealth-tax,200.0,,,,,,
https://en.wikipedia.org/wiki/Income_inequality_metrics,200.0,2026-05-11T21:47:30+00:00,2004-03-19T17:04:25+00:00,2026-04-23T15:16:01+00:00,jsonld,jsonld,
https://rise.vcu.edu/news/news-posts/equity-implications-of-the-unchanged-federal-minimum-wage-since-2009.html,200.0,2026-04-09T19:15:47+00:00,,,,,
https://ourworldindata.org/grapher/palma-ratio-after-tax-lis,200.0,,,,,,
https://www.frbservices.org/resources/financial-services/check/reference-guide,200.0,,,,,,
https://progressandpovertyinstitute.org/the-lvt-playbook/,200.0,,2022-03-01T12:42:00+00:00,2024-10-29T12:47:36+00:00,jsonld,jsonld,
https://www.census.gov/newsroom/blogs/research-matters/2016/04/separate-but-unequal-the-nature-of-income-inequality-in-u-s-metropolitan-statistical-areas.html,200.0,,2016-04-02T00:00:00-04:00,2022-11-09T13:49:32.401000-05:00,og,og,
https://www.atlassian.com/blog/productivity/simple-ways-to-be-productive-at-work,200.0,,2023-03-18T11:00:00+00:00,2023-12-06T21:15:10+00:00,jsonld,jsonld,
https://slack.com/blog/collaboration/top-strategies-improving-business-productivity,200.0,,,,,,
https://desktime.com/blog/productivity-research-studies-2025,200.0,2026-05-13T12:59:21+00:00,2025-10-29T13:23:32+03:00,2026-01-28T11:02:20+03:00,jsonld,jsonld,
https://www.indeed.com/career-advice/career-development/productivity,403.0,,,,,,
https://taxfoundation.org/research/all/eu/wealth-tax-impact/,200.0,,2024-06-26T09:55:41+00:00,2024-06-26T17:17:40+00:00,jsonld,jsonld,
https://usafacts.org/answers/what-is-the-labor-force-participation-rate-in-the-us/country/united-states/,200.0,2026-05-13T20:13:32+00:00,2025-03-27T15:25:02.400000+00:00,2026-05-07T18:46:49.377000+00:00,jsonld,jsonld,
https://www.dol.gov/agencies/wb/data/widget,403.0,,,,,,
https://www.smartling.com/blog/emerging-markets,200.0,2026-05-13T19:43:16+00:00,2025-01-20T05:15:00+00:00,2026-04-22T19:54:19.061000+00:00,jsonld,jsonld,
https://wol.iza.org/articles/measuring-income-inequality/long,200.0,,,,,,
https://www.investing.com/news/economy-news/stock-market-concentration--a-feature-not-a-bug-mcgeever-4676590,403.0,,,,,,
https://www.cmegroup.com/insights/economic-research/2025/will-central-banks-have-to-reverse-course-in-2026.html,403.0,,,,,,
https://www.heygotrade.com/en/blog/understanding-emerging-markets/,200.0,2026-05-13T14:32:27+00:00,2026-01-22T08:47:00+00:00,2026-01-22T01:58:14+00:00,jsonld,jsonld,
https://hedgepointglobal.com/en/blog/how-will-exchange-rates-affect-the-global-commodities-trade-in-2026,200.0,2026-05-07T10:20:27+00:00,2026-04-07T15:04:02+00:00,2026-04-07T15:04:02.967000+00:00,jsonld,jsonld,
https://www.morganstanley.com/insights/articles/2026-market-optimism-and-risks,200.0,2026-05-13T10:06:17+00:00,,,,,
https://www.healthaffairs.org/content/briefs/effects-minimum-wages-population-health,403.0,,,,,,
https://www.reddit.com/r/ValueInvesting/comments/1q29qyt/the_sp_500_is_a_concentration_trap_why_2026/,200.0,,,,,,
https://www.personalinvesting.jpmorgan.com/guides/our-investment-outlook/emerging-markets,200.0,2026-05-13T10:21:09+00:00,,,,,
https://tradingeconomics.com/united-states/gdp-deflator,200.0,,,2025-12-31T12:00:00+00:00,,jsonld,
https://www.lordabbett.com/en-us/financial-advisor/insights/markets-and-economy/2026/equities-time-for-a-conversation-about-stock-market-concentration.html,200.0,,2026-02-04T00:00:00-05:00,,jsonld,,
https://www.gov.uk/government/statistics/gdp-deflators-at-market-prices-and-money-gdp-march-2026-quarterly-national-accounts,200.0,,2026-03-31T12:27:50+01:00,2026-03-31T12:27:50+01:00,jsonld,jsonld,
https://en.wikipedia.org/wiki/Bank_of_Japan,200.0,2026-05-12T23:20:26+00:00,2003-02-25T07:04:51+00:00,2026-05-05T06:40:32+00:00,jsonld,jsonld,
https://www.americanprogress.org/article/women-workers-are-a-lifeline-for-the-economy/,200.0,2026-05-13T20:13:34+00:00,2026-05-08T15:08:27+00:00,2026-05-08T15:16:26+00:00,jsonld,jsonld,
https://www.bea.gov/data/prices-inflation/gdp-price-deflator,200.0,2026-05-13T20:01:04+00:00,,,,,
https://www.stlouisfed.org/publications/page-one-economics/2025/oct/what-is-the-balance-of-payments,,,,,,,"HTTPSConnectionPool(host='www.stlouisfed.org', port=443): Read timed out. (read timeout=20)"
https://www.tutor2u.net/economics/topics/bank-of-japan-boj,200.0,,,,,,
https://www.bankrate.com/banking/federal-reserve/how-federal-reserve-impacts-your-money/,200.0,,2023-07-25T04:00:00+00:00,2026-02-10T23:18:19+00:00,jsonld,jsonld,
https://us.plus500.com/newsandmarketinsights/bank-of-japan-explained,200.0,,2025-04-09T15:39:00,,jsonld,,
https://www.bls.gov/productivity/educational-material/labor-productivity-total-factor-productivity-comparison.htm,403.0,,,,,,
https://blogs.worldbank.org/en/jobs/what-were-reading-about-productivity-growth-and-jobs,200.0,2026-05-13T15:49:23+00:00,2023-12-12T12:00:00,2024-03-16T00:00:00,jsonld,jsonld,
https://www.reddit.com/r/AskEconomics/comments/18aw5z6/difference_between_productivity_growth_and/,200.0,,,,,,
https://www.japantimes.co.jp/business/2026/05/12/economy/boj-april-summary-opinion-interest-rate/,403.0,,,,,,
https://investinglive.com/centralbank/boj-summary-japan-rate-hike-back-on-table-as-boj-signals-next-move-still-likely-upward-20260511/,200.0,,2026-05-11T23:57:53+00:00,2026-05-11T23:59:07+00:00,jsonld,jsonld,
https://www.federalreserve.gov/newsevents/speech/barr20260326a.htm,200.0,2026-03-26T23:10:11+00:00,,,,,
https://www.gurufocus.com/news/8850549/bank-of-japan-holds-rates-steady-amid-inflation-forecast-increase,403.0,,,,,,
https://www.ecb.europa.eu/paym/dlt/exploratory/html/index.en.html,200.0,,2025-11-11T00:00:00,,og,,
https://ycharts.com/indicators/us_gdp_implicit_price_deflator,200.0,,,2026-05-03T22:18:10,,jsonld,
https://www.fxstreet.com/economic-calendar/event/8b3a0864-3ad8-4510-88a5-acaf0dc44ce0,200.0,2026-05-13T20:13:35+00:00,,,,,
https://sites.lsa.umich.edu/mje/2026/03/07/2026-monetary-policy-outlook/,403.0,,,,,,
https://www.ecb.europa.eu/euro/changeover/bulgaria/html/index.en.html,200.0,,2025-09-23T00:00:00,,og,,
https://seekingalpha.com/article/4902980-japan-megabanks-expected-to-post-record-profits-in-coming-years,200.0,,2026-05-12T08:20:00-04:00,,og,,
https://www.ecb.europa.eu/press/pr/date/2026/html/ecb.pr260510~e8a674e2fb.da.html,200.0,,2026-05-10T00:00:00,,og,,
https://www.indeed.com/career-advice/career-development/gig-economy,403.0,,,,,,
https://smartasset.com/taxes/wealth-tax,200.0,,2020-10-15T07:30:06+00:00,2023-05-09T22:10:08+00:00,jsonld,jsonld,
https://taxpolicycenter.org/taxvox/many-ways-tax-rich,200.0,2026-05-13T19:43:51+00:00,2022-03-31T05:22:21+00:00,,time_tag,,
https://www.boj.or.jp/en/about/education/oshiete/outline/a02.htm,200.0,,,,,,
https://www.adpresearch.com/research/the-gig-economy-a-tale-of-two-labor-markets,200.0,,,,,,
https://www.cbreim.com/insights/articles/digging-out-of-the-us-housing-affordability-crisis,200.0,2026-05-13T20:13:36+00:00,,,,,
https://eaccny.com/news/ecb-a-highway-for-the-future-of-europes-digital-finance/,200.0,,2026-03-12T15:01:34-04:00,2026-03-12T15:01:34-04:00,jsonld,jsonld,
https://www.reddit.com/r/yimby/comments/1k5f1pp/what_are_the_arguments_for_and_against_rent/,200.0,,,,,,
https://www.uschamber.com/co/run/human-resources/what-is-a-gig-worker,200.0,,2025-12-22T12:02:40-05:00,2025-12-22T12:02:40-05:00,jsonld,jsonld,
https://www.atlantafed.org/what-we-study/monetary-policy,200.0,2026-05-04T18:56:23+00:00,,,,,
https://www.nahb.org/advocacy/top-priorities/solving-the-housing-affordability-crisis/housing-affordability-blueprint,200.0,,,,,,
https://www.bcg.com/publications/2025/in-a-multipolar-world-global-south-finds-its-moment,403.0,,,,,,
https://www.tenantcloud.com/rent-collection/rent-control-laws,200.0,,,,,,
https://www.americanprogress.org/article/3-alternatives-taxing-capital-gains-wealthy/,200.0,2026-05-13T20:13:37+00:00,2021-10-26T18:00:57+00:00,2021-11-05T13:31:05+00:00,jsonld,jsonld,
https://noplacelikehome.ucsc.edu/policy-debates-surrounding-rent-regulations/,200.0,2026-05-13T19:33:04+00:00,,,,,
https://cayimby.org/map/how-should-we-think-about-rent-control/,200.0,,2023-09-29T23:23:08+00:00,2023-10-18T01:08:41+00:00,jsonld,jsonld,
https://unsouthsouth.org/2026/04/03/global-south-perspectives-on-the-peace-development-nexus-the-role-of-south-south-and-triangular-cooperation/,202.0,,,,,,
https://www.globaltimes.cn/page/202603/1356611.shtml,200.0,2026-03-10T16:00:18+00:00,,,,,
https://www.finder.com/banking/current-card,200.0,,2019-08-12T18:43:32+00:00,2025-10-01T09:46:46+00:00,jsonld,jsonld,
https://support.current.com/hc/en-us/articles/22580157451675-How-does-Current-Keep-My-Account-Safe,200.0,,,,,,
https://www.reddit.com/r/UKPersonalFinance/comments/1fl87tf/is_a_current_account_safe_for_larger_amounts_of/,200.0,,,,,,
https://www.federalreserve.gov/economy-at-a-glance-inflation-pce.htm,200.0,2025-11-21T21:34:16+00:00,,,,,
https://www.diis.dk/en/research/europe-enters-2026-struggling-to-find-its-footing-with-the-global-south,200.0,,2026-01-06T08:44:00+00:00,,time_tag,,
https://bloustein.rutgers.edu/some-studies-challenge-long-held-views-on-rent-control/,200.0,,,,,,
https://www.justice.gov/atr/antitrust-laws-and-you,200.0,2026-05-13T05:24:29+00:00,2015-06-25T02:58:40-04:00,2023-12-20T14:39:57-05:00,og,og,
https://www.wri.org/technical-perspectives/6-opportunities-sustainable-finance-2026,200.0,2026-05-13T18:30:01+00:00,2026-02-05T10:53:00,2026-02-05T11:55:00,jsonld,jsonld,
https://www.vaneck.com/us/en/blogs/emerging-markets-bonds/how-to-prepare-for-fed-rate-cut/,200.0,,2025-10-08T06:30:00+00:00,,og,,
https://www.analyticsmania.com/post/google-analytics-4-tutorial-for-beginners/,200.0,2026-05-13T20:13:39+00:00,2026-01-13T01:19:21+00:00,2026-01-13T14:46:45+00:00,jsonld,jsonld,
https://www.hdfc.bank.in/blogs/current-account/how-to-keep-current-account-safe,200.0,2026-05-12T19:30:28+00:00,,,,,
https://zerogravitymarketing.com/blog/ga4-for-beginners,200.0,,2024-12-27T07:13:16,,og,,
https://www.semrush.com/blog/how-to-set-up-google-analytics/,200.0,,2021-09-09T19:55:00+00:00,2025-02-05T20:42:00+00:00,jsonld,jsonld,
https://en.ndrc.gov.cn/news/mediarusources/202506/t20250626_1403398.html,200.0,2026-03-27T06:15:41+00:00,2026-01-10T10:01:00,,meta,,
https://www.jef.or.jp/cmb/roundtable/roundtable_on_what_can_japan_achieve_through_co-creation_with_the_global_south_jan_21_2026.html,200.0,2026-04-30T05:37:36+00:00,2026-03-23T12:23:14+09:00,,time_tag,,
https://www.thecompleteuniversityguide.co.uk/student-advice/what-to-study/ten-most-influential-economists,200.0,,2020-03-10T00:00:00,2025-01-30T00:00:00,jsonld,jsonld,
https://www.pewresearch.org/social-trends/2020/01/09/trends-in-income-and-wealth-inequality/,200.0,,2020-01-09T09:51:00-05:00,2024-05-31T11:41:17-04:00,jsonld,jsonld,
https://www.digitalapplied.com/blog/social-media-advertising-roi-2026-platform-guide,200.0,,2026-02-14T00:00:00+01:00,2026-02-14T00:00:00+01:00,jsonld,jsonld,
https://cassandra.app/learn/complete-guide-marketing-mix-modeling-2026,200.0,2026-05-13T08:47:53+00:00,2026-04-29T00:00:00,2026-04-29T00:00:00,jsonld,jsonld,
https://clicksgeek.com/best-paid-advertising-platforms-for-small-business/,200.0,,2026-04-26T04:15:28-04:00,2026-04-26T04:15:28-04:00,jsonld,jsonld,
https://www.clevelandfed.org/collections/speeches/2026/sp-20260306-on-the-safe-haven-status-of-the-dollar,200.0,,2026-03-06T00:00:00-05:00,2026-03-06T18:26:59-05:00,jsonld,jsonld,
https://improvado.io/blog/what-is-marketing-mix-modeling-complete-guide,200.0,2026-05-13T18:35:05+00:00,2026-04-19T23:52:28-07:00,2026-05-13T10:30:23-07:00,jsonld,jsonld,
https://advertisingweek.com/looking-forward-how-ai-is-reshaping-ad-creative-and-propelling-mmm-into-a-new-era/,200.0,,2026-02-10T13:55:53-05:00,,time_tag,,
https://vigorant.com/blog/5-alternative-ad-platforms-every-business-should-consider,200.0,2026-05-12T22:54:35+00:00,,,,,
https://www.klaviyo.com/blog/best-digital-advertising-platforms,200.0,,2026-01-26T19:22:32.814000+00:00,2026-01-26T19:22:32.814000+00:00,jsonld,jsonld,
https://www.orbitmedia.com/blog/technical-seo-checklist/,200.0,2026-05-13T20:13:41+00:00,2020-09-09T01:27:47+00:00,2024-11-20T18:28:07+00:00,jsonld,jsonld,
https://gaintheory.com/marketing-mix-modeling-an-essential-guide-for-marketers/,200.0,,2025-11-11T12:20:15+00:00,2026-05-13T15:57:16+00:00,jsonld,jsonld,
https://www.measured.com/faq/modern-marketing-mix-modeling-software-what-to-look-for-in-2026/,403.0,,,,,,
https://www.conductor.com/academy/ai-generated-content/,200.0,,,,,,
https://www.2pointagency.com/guides/facebook-advertising-the-complete-2026-guide-to-metas-ad-platform/,200.0,,2026-05-06T13:19:25+00:00,2026-05-13T09:16:29+00:00,jsonld,jsonld,
https://nav43.com/blog/top-10-common-technical-seo-mistakes-to-avoid-and-how-to-fix-them-2025-guide/,200.0,,2025-08-05T08:33:02-04:00,2025-08-05T08:35:44-04:00,jsonld,jsonld,
https://www.ibm.com/think/insights/ai-generated-content,200.0,2026-05-13T20:13:22+00:00,,2025-11-18T22:01:35.250000+00:00,,jsonld,
https://www.adroll.com/blog/ai-generated-content-pros-and-cons,200.0,,2023-07-07T00:00:00+00:00,2026-04-27T20:33:08+00:00,jsonld,jsonld,
https://apros.pe/en/marketing-mix-modelling-mmm-and-ai-trends-for-2026/,200.0,,2026-01-06T21:38:46+00:00,2026-01-06T21:39:14+00:00,jsonld,jsonld,
https://en.wikipedia.org/wiki/Generative_AI,200.0,2026-05-13T18:28:11+00:00,,,,,
https://usercentrics.com/knowledge-hub/mta-vs-mmm/,200.0,,2026-02-19T16:39:31+00:00,2026-02-19T16:43:11+00:00,jsonld,jsonld,
https://www.reddit.com/r/localseo/comments/1k5m882/i_want_to_master_local_seo_what_should_my/,200.0,,,,,,
https://www.growth-rocket.com/blog/the-true-cost-of-ignoring-technical-seo/,200.0,2026-04-14T03:18:24+00:00,2025-09-08T16:44:39+08:00,2026-01-31T09:08:37+08:00,jsonld,jsonld,
https://www.reddit.com/r/googleads/comments/1qaoyec/its_2026_whats_one_piece_of_google_ads_advice/,200.0,,,,,,
https://medium.com/@brian_27980/keyword-research-in-2026-a-history-0d9528ba077b,200.0,,2026-04-14T15:33:55+00:00,2026-04-14T15:33:55+00:00,jsonld,jsonld,
https://optimine.com/blog/marketers-are-betting-big-on-mmm-in-2026-are-you-in/,200.0,,2025-11-21T16:53:41+00:00,2026-02-02T18:21:29+00:00,jsonld,jsonld,
https://boulderseomarketing.com/5-local-seo-best-practices-for-small-businesses/,200.0,2025-04-09T13:54:24+00:00,2025-03-29T18:24:12+00:00,2025-04-09T13:54:24+00:00,jsonld,jsonld,
https://medium.com/@marketingproven/whats-new-in-google-ads-for-2026-91639fb8a634,200.0,,2026-02-18T12:01:01+00:00,2026-02-18T12:01:01+00:00,jsonld,jsonld,
https://www.researchgate.net/publication/395275957_Comparative_analysis_between_environmental_economics_and_ecological_economics_in_the_approach_to_ecosystem_services,403.0,,,,,,
https://lowfruits.io/blog/keyword-metrics/,200.0,2026-05-13T20:13:43+00:00,2025-07-10T07:00:00-04:00,2025-06-26T07:39:12-04:00,jsonld,jsonld,
https://www.sharpinnovations.com/blog/2025/11/google-ads-trends-and-technologies-2026/,200.0,2026-05-13T18:58:03+00:00,2025-11-18T12:15:21+00:00,2025-11-18T02:13:12+00:00,jsonld,jsonld,
https://keyword.com/seo-wiki/important-keyword-metrics/,200.0,,,,,,
https://ubersuggest.zendesk.com/hc/en-us/articles/34526394672027-Keyword-Metrics-and-How-to-Effectively-Analyze-Them,200.0,,2025-03-01T18:51:43+00:00,,time_tag,,
https://www.reddit.com/r/digital_marketing/comments/1jkycoh/common_mistakes_in_keyword_research_and_how_to/,200.0,,,,,,
https://6smarketers.com/google-ads-trends/,200.0,,2026-03-30T15:50:21+05:30,2026-03-30T15:50:26+05:30,jsonld,jsonld,
https://getathenic.com/blog/keyword-research-guide-2026,200.0,,2026-03-13T00:00:00,2026-03-13T00:00:00,jsonld,jsonld,
https://keycontent.com/what-is-ai-generated-content-and-how-does-it-work/,200.0,,2023-10-26T23:58:20+00:00,2024-09-24T23:36:34+00:00,jsonld,jsonld,
https://whitehat-seo.co.uk/blog/secrets-of-keyword-research,200.0,2026-05-11T19:49:23+00:00,2026-03-20T16:19:06+00:00,2026-04-12T23:00:00+00:00,jsonld,jsonld,
https://www.mmm-mediasummit.com/,200.0,,,,,,
https://www.reddit.com/r/growthguide/comments/1taxakb/what_offpage_seo_strategies_are_actually_working/,200.0,,,,,,
https://www.noblewebworks.com/blog/5-proven-powerful-off-page-seo-techniques,200.0,2026-05-13T20:13:44+00:00,2026-02-17T00:00:00,2024-08-21T00:00:00,jsonld,jsonld,
https://www.reddit.com/r/google/comments/b09ysm/can_someone_explain_to_me_how_google_ads_work_in/,200.0,,,,,,
https://www.reddit.com/r/localseo/comments/1otzbqv/how_to_learn_local_seo_from_scratch/,200.0,,,,,,
https://keap.com/small-business-automation-blog/marketing/seo/6-off-page-seo-strategies-for-small-businesses-worth-implementing,200.0,,2020-10-02T00:00:00,2023-09-05T00:00:00,jsonld,jsonld,
https://thedigitalring.com/insights/what-is-off-page-seo-tips-and-strategies,200.0,2026-05-13T20:13:45+00:00,,2025-11-20T20:54:40.616000+00:00,,jsonld,
https://www.semrush.com/blog/google-advertising/,200.0,,2021-04-17T12:15:00+00:00,2023-10-11T10:43:00+00:00,jsonld,jsonld,
https://jyll.ca/insidegoogleads/84,200.0,,2025-09-04T01:00:00-04:00,2025-09-18T14:05:43-04:00,jsonld,jsonld,
https://robizsolutions.com/how-to-do-keyword-research-2026-intent-first/,200.0,2026-05-12T23:57:40+00:00,2026-04-21T10:54:26+00:00,2026-04-21T12:45:09+00:00,jsonld,jsonld,
https://pmc.ncbi.nlm.nih.gov/articles/PMC8734913/,200.0,,,,,,
https://insiderone.com/ai-marketing-automation-tools-benefits/,200.0,2026-05-13T20:13:45+00:00,2026-03-31T06:33:56+00:00,2026-03-31T06:33:59+00:00,jsonld,jsonld,
https://www.digitalapplied.com/blog/mobile-seo-2026-mobile-first-indexing-guide,200.0,,2026-02-17T00:00:00+01:00,2026-02-17T00:00:00+01:00,jsonld,jsonld,
https://www.reddit.com/r/MarketingAutomation/comments/1st5gk9/marketing_automation_in_2026_goes_way_beyond/,200.0,,,,,,
https://www.wordstream.com/google-ads,200.0,2026-05-13T20:13:46+00:00,2022-09-15T21:42:00+00:00,2023-11-13T20:56:35+00:00,jsonld,jsonld,
https://emarsys.com/learn/blog/marketing-automation-statistics/,200.0,,2025-09-12T10:37:41+02:00,2026-02-19T16:11:25+01:00,jsonld,jsonld,
https://www.corewebvitals.io/core-web-vitals/ultimate-checklist,200.0,2026-05-13T20:13:46+00:00,,,,,
https://www.reddit.com/r/TechSEO/comments/1qf658x/how_do_core_web_vitals_impact_seo_in_2026/,200.0,,,,,,
https://blog.shayaikehassan.com/how-to-choose-the-best-keyword-research-tools-in-2026,200.0,,2026-01-07T20:00:17.458000+00:00,2026-01-07T20:00:17.459000+00:00,jsonld,jsonld,
https://eminence.ch/en/google-mobile-first/,200.0,2026-05-13T19:17:27+00:00,2025-10-06T10:02:36+00:00,2026-02-11T13:34:13+00:00,jsonld,jsonld,
https://www.gtechme.com/insights/googles-mobile-first-indexing-everything-you-need-to-know/,429.0,,,,,,
https://mw18.mwconf.org/paper/sustaining-the-heartbeat-of-your-museums-content-strategy/index.html,200.0,2022-08-23T17:51:30+00:00,,,,,
https://ahrefs.com/blog/mobile-first-indexing/,200.0,2026-05-13T18:47:21+00:00,2020-12-22T16:00:36+00:00,2025-12-18T14:01:33+00:00,og,og,
https://targetinternet.com/resources/complete-history-of-google-algorithm-updates-and-changes,200.0,,,,,,
https://www.nostra.ai/blogs-collection/everything-you-need-to-know-about-googles-mobile-first-indexing,200.0,2026-05-13T20:13:47+00:00,,,,,
https://www.interactmarketing.com/why-core-web-vitals-still-matter-more-than-you-think-in-2026/,200.0,2026-05-13T15:16:10+00:00,2026-03-26T10:18:58-04:00,2026-03-26T10:18:58-04:00,jsonld,jsonld,
https://www.slicktext.com/blog/2026/01/marketing-automation-agencies-top-tools-2026/,200.0,,2026-01-08T19:55:56+00:00,2026-05-12T17:34:32+00:00,og,og,
https://gofishdigital.com/blog/mobile-first-indexing/,200.0,,2024-02-13T21:03:00+00:00,2025-11-06T00:16:01+00:00,jsonld,jsonld,
https://www.concomwebdesign.uk/blog/mobile-first-indexing-google,200.0,2026-05-13T19:33:47+00:00,,,,,
https://en.wikipedia.org/wiki/Search_engine_optimization,200.0,2026-05-11T22:02:32+00:00,2003-02-24T22:58:37+00:00,2026-04-30T21:48:18+00:00,jsonld,jsonld,
https://www.mtu.edu/umc/services/websites/seo/technical-seo/,200.0,,2021-08-13T08:00:00+05:00,2023-02-09T08:00:00+05:00,jsonld,jsonld,
https://developers.google.com/search/blog/2020/03/announcing-mobile-first-indexing-for,200.0,2020-03-05T08:00:00+00:00,,,,,
https://www.immwit.com/wiki/mobile-first-indexing/,200.0,2026-05-13T14:15:39+00:00,,,,,
https://www.thoughtleaders.io/blog/creator-economy-trends-2026,200.0,2026-05-13T20:13:49+00:00,,,,,
https://theinfluencermarketingfactory.com/best-creator-platforms-2026/,200.0,2026-05-13T09:33:52+00:00,2026-02-11T15:54:10+00:00,,jsonld,,
https://webfor.com/blog/an-introduction-to-technical-seo/,200.0,2026-05-13T00:18:28+00:00,2024-08-06T09:10:51-08:00,2025-09-19T12:23:32-08:00,jsonld,jsonld,
https://www.nabshow.com/article/what-the-creator-economy-is-starting-to-look-like-in-2026/,200.0,,2026-03-23T21:26:53+00:00,2026-05-01T23:34:36+00:00,jsonld,jsonld,
https://www.businessinsider.com/creator-economy-ai-startups-to-watch-according-vc-investors-2026-3,200.0,2026-03-12T14:18:33+00:00,2026-03-09T08:27:01.230000+00:00,2026-03-12T14:18:33.094000+00:00,jsonld,jsonld,
https://www.reddit.com/r/InstagramMarketing/comments/1pgcg1m/beginner_instagram_content_strategy_that_actually/,200.0,,,,,,
https://www.hubspot.com/instagram-marketing,200.0,2026-05-13T13:58:38+00:00,,,,,
https://stan.store/blog/creator-economy-trends-2026/,200.0,2026-05-13T18:04:39+00:00,2026-02-14T20:10:00+00:00,2026-04-10T16:58:25+00:00,jsonld,jsonld,
https://searchengineland.com/mobile-first-indexing-everything-you-need-to-know-450286,200.0,2025-01-08T14:15:23+00:00,2025-01-09T13:00:00+00:00,,jsonld,,
https://www.reddit.com/r/marketing/comments/1ktjsl3/how_to_use_chatgpt_for_marketing_based_on_what/,200.0,,,,,,
https://julianmills.co.uk/25-powerful-chatgpt-tips-marketers/,200.0,2026-05-12T12:31:27+00:00,2025-05-12T08:10:49+00:00,2026-05-09T01:26:49+00:00,og,og,
https://moz.com/learn/seo/off-site-seo,200.0,,2025-04-04T00:00:00-07:00,2025-04-04T06:50:55-07:00,jsonld,jsonld,
https://blumint.co/blog/how-create-instagram-strategy-business,200.0,,2018-05-21T19:38:22+03:00,2022-10-12T16:44:43+03:00,jsonld,jsonld,
https://www.benchmarkemail.com/blog/chatgpt-for-marketing/,200.0,2025-10-30T16:10:58+00:00,2025-03-18T06:00:11+00:00,2025-10-30T16:10:58+00:00,jsonld,jsonld,
https://www.reddit.com/r/NewTubers/comments/1rngggs/how_long_does_it_actually_take_you_to_turn_an/,200.0,,,,,,
https://www.digitalmarketer.com/blog/instagram-marketing-strategy-guide/,200.0,,2023-04-14T16:07:48+00:00,2023-04-14T22:52:27+00:00,jsonld,jsonld,
https://attentioninsight.com/why-technical-seo-is-the-backbone-of-search-engine-rankings/,200.0,,2025-04-08T10:05:56+02:00,2025-04-08T10:05:56+02:00,jsonld,jsonld,
https://www.debugbear.com/blog/improve-website-performance,200.0,,,2025-11-06T20:36:06+00:00,,jsonld,
https://www.socialinsider.io/blog/how-long-does-it-take-for-yt-shorts-to-get-views/,200.0,2026-05-13T14:10:39+00:00,2023-01-01T00:00:00,2026-05-13T14:10:23.816000+00:00,jsonld,jsonld,
https://async.com/blog/how-long-can-youtube-shorts-be/,200.0,,2025-05-20T10:20:00+00:00,2025-09-03T14:54:22+00:00,jsonld,jsonld,
https://www.crazyegg.com/blog/ai-marketing-assets/,200.0,,2025-10-30T16:31:03+00:00,2025-10-30T16:31:03+00:00,jsonld,jsonld,
https://www.cloudflare.com/learning/performance/speed-up-a-website/,200.0,,,,,,
https://www.reddit.com/r/localseo/comments/1mdz1pe/local_seo_made_simple_how_to_get_your_site/,200.0,,,,,,
https://piktochart.com/blog/how-long-youtube-shorts/,200.0,,2025-05-22T02:24:53+00:00,2026-04-25T07:18:42+00:00,jsonld,jsonld,
https://support.google.com/google-ads/answer/9208915?hl=en,200.0,,,,,,
https://blog.hubspot.com/marketing/future-of-newsletters,200.0,2025-12-04T17:30:05+00:00,2025-12-04T17:30:05+00:00,2025-12-04T17:30:05+00:00,jsonld,jsonld,
https://righthook.co.uk/blog/local-seo-guide/,200.0,,2025-05-30T08:31:15+00:00,2026-02-27T11:43:28+00:00,jsonld,jsonld,
https://www.logicalposition.com/blog/local-seo-what-it-is-and-how-to-get-started,200.0,,2025-08-20T21:02:44+00:00,2025-08-27T13:47:46+00:00,jsonld,jsonld,
https://spideraf.com/articles/google-ads-not-showing-11-reasons-and-solutions,200.0,2026-05-12T00:39:07+00:00,2024-03-27T07:04:00+00:00,2025-09-05T06:12:02.196000+00:00,jsonld,jsonld,
https://www.destinicopp.com/blog/newsletter-strategy-2026,200.0,,2026-03-16T18:05:52-04:00,2026-03-20T07:58:29-04:00,jsonld,jsonld,
https://www.nutshell.com/marketing/resources/local-seo-for-beginners,200.0,,2024-10-29T09:18:26+00:00,2026-04-27T13:45:22+00:00,jsonld,jsonld,
https://www.reddit.com/r/passive_income/comments/1sv6up6/how_to_monetize_a_newsletter_in_2026_do_paid/,200.0,,,,,,
https://www.reddit.com/r/influencermarketing/comments/1slz037/the_influencer_marketing_landscape_in_2026_looks/,200.0,,,,,,
https://boksi.com/blog/influencer-marketing-trends,200.0,2026-05-08T05:54:10+00:00,2025-11-14T07:33:34+00:00,2025-12-18T09:26:40.252000+00:00,jsonld,jsonld,
https://www.squarespace.com/blog/what-is-local-seo,200.0,,2024-11-21T10:30:29-05:00,2026-04-03T14:51:19-04:00,jsonld,jsonld,
https://impact.com/influencer/influencer-marketing-trends-performance/,200.0,2026-05-13T20:13:53+00:00,2025-12-17T12:27:20+00:00,2026-04-28T15:31:36+00:00,jsonld,jsonld,
https://www.reddit.com/r/b2bmarketing/comments/1rwemda/need_help_in_building_content_distribution/,200.0,,,,,,
https://www.firebrand.marketing/2026/01/latest-linkedin-ads-ai-features/,200.0,2026-05-13T20:13:53+00:00,2026-01-07T12:00:30+00:00,2026-01-07T12:44:22+00:00,jsonld,jsonld,
https://www.reddit.com/r/b2bmarketing/comments/1p1w0sy/linkedin_ads_feels_unpredictable_right_now_did/,200.0,,,,,,
https://www.socialmediatoday.com/news/linkedin-outlines-new-ad-formats-including-ai-variants/807337/,200.0,2026-05-13T20:13:53+00:00,2025-12-08T15:33:50,,jsonld,,
https://www.mimeo.com/blog/content-distribution-strategy/,200.0,,2026-01-08T18:35:22-05:00,2026-01-09T13:03:49-05:00,jsonld,jsonld,
https://www.factors.ai/blog/linkedin-ads-targeting-best-practices,200.0,2026-05-13T20:13:54+00:00,2025-02-23T00:00:00,2025-05-15T00:00:00,jsonld,jsonld,
https://zaphyrpro.com/googles-mobile-first-indexing-seo-impact,200.0,2026-05-13T19:34:18+00:00,2025-12-03T17:56:48+00:00,2026-04-03T19:43:05+00:00,jsonld,jsonld,
https://improvado.io/blog/pinterest-marketing-tactics,200.0,2026-05-13T18:35:05+00:00,2019-11-22T04:02:57-08:00,2026-04-23T10:14:34-07:00,jsonld,jsonld,
https://www.reddit.com/r/DigitalMarketing/comments/1pdw9uw/retargeting_ads_how_to_use_them_benefits/,200.0,,,,,,
https://ceek.co.uk/guide-to-pinterest-marketing/,200.0,,2025-06-18T09:42:27+00:00,2025-09-12T14:52:42+00:00,jsonld,jsonld,
https://searchengineland.com/linkedin-rolls-out-tools-to-make-b2b-brand-advertising-more-predictable-466019,200.0,2025-12-10T13:09:26+00:00,2025-12-10T17:40:27+00:00,2025-12-10T18:09:26+00:00,jsonld,jsonld,
https://camphouse.io/blog/retargeting-ads,200.0,2026-05-13T13:40:51+00:00,2025-05-02T14:10:00+00:00,,jsonld,,
https://www.reddit.com/r/DigitalMarketing/comments/1nnhm1j/local_seo_what_small_businesses_need_to_know/,200.0,,,,,,
https://www.reddit.com/r/localseo/comments/1t39hso/trying_to_improve_my_local_seo_skills_what/,200.0,,,,,,
https://www.canva.com/learn/ultimate-guide-pinterest-marketing/,200.0,,2021-08-16T06:01:14+00:00,2026-01-23T05:39:40+00:00,jsonld,jsonld,
https://www.click4corp.com/blog/how-local-seo-works/,200.0,2026-05-13T12:43:22+00:00,2026-04-29T15:44:01+00:00,2026-04-29T15:50:13+00:00,jsonld,jsonld,
https://business.linkedin.com/advertise/ads/product-updates,200.0,2026-05-13T20:13:55+00:00,,,,,
https://link37.org/link37-new-blog/how-local-seo-works-an-introductory-guide-to-local-seo-1,200.0,2026-05-07T02:08:32+00:00,2026-02-18T17:21:19+00:00,2026-02-18T17:21:19.898000+00:00,jsonld,jsonld,
https://www.brightlocal.com/learn/what-is-local-seo/,200.0,,2022-05-17T07:24:20+00:00,2025-10-31T15:41:35+00:00,jsonld,jsonld,
https://mailchimp.com/resources/what-is-local-seo/,200.0,,,,,,
https://professional.dce.harvard.edu/blog/ai-will-shape-the-future-of-marketing/,200.0,,2025-04-14T20:12:46+00:00,2026-03-06T18:21:36+00:00,jsonld,jsonld,
https://moz.com/beginners-guide-to-seo/technical-seo,200.0,,2019-04-01T12:54:00-07:00,2025-12-02T13:39:02-08:00,jsonld,jsonld,
https://www.mckinsey.com/about-us/new-at-mckinsey-blog/mckinseys-five-bold-solutions-to-the-affordable-housing-crisis,,,,,,,"HTTPSConnectionPool(host='www.mckinsey.com', port=443): Read timed out. (read timeout=20)"
https://www.reddit.com/r/webdev/comments/1avx21b/what_are_the_absolute_basics_in_seo_to_apply_to_a/,200.0,,,,,,
https://aiautomatedsolutions.co.za/post/how-long-does-ai-take-to-implement-in-a-business-real-timelines-real-results,200.0,,,,,,
https://www.bizzuka.com/how-long-will-it-take-to-see-results-from-ai-marketing/,200.0,,2023-11-29T16:06:47+00:00,2025-06-16T18:10:27+00:00,og,og,
https://airvon.com/ai-implementation-timeline/,200.0,,2026-05-07T08:10:50+00:00,2026-05-07T08:12:53+00:00,jsonld,jsonld,
https://medium.com/@redfern.thomas/on-page-seo-basics-my-modern-guide-for-2025-6e2cfd222333,200.0,,2025-09-20T08:58:30+00:00,2025-09-20T08:58:30+00:00,jsonld,jsonld,
https://medium.com/@whistlerbillboards/whats-new-with-google-analytics-in-2026-and-how-to-set-up-ga4-to-benefit-3b2b83bf496f,200.0,,2026-02-02T15:27:38+00:00,2026-02-02T15:27:38+00:00,jsonld,jsonld,
https://www.thecurrent.com/marketing-strategy-ai-adoption-booming-productivity-gains-take-time,200.0,,2026-03-31T06:45:00-07:00,2026-03-31T06:45:10-07:00,jsonld,jsonld,
https://shortlist.io/blog/on-page-seo-explained-the-ultimate-guide-for-every-beginner/,202.0,,,,,,
https://www.woorank.com/en/blog/on-page-seo-checklist,200.0,2026-05-10T02:10:28+00:00,2023-01-10T00:00:00,2023-01-05T00:00:00,jsonld,jsonld,
https://blog.google/products/marketingplatform/analytics/prepare-for-future-with-google-analytics-4/,200.0,,2022-03-16T12:50:00+00:00,2024-05-30T16:00:14.858505+00:00,jsonld,jsonld,
https://buffer.com/resources/x-premium-review/,200.0,,2026-03-13T06:00:00+00:00,,time_tag,,
https://humblytics.com/blog/10-best-google-analytics-alternatives-in-2025,200.0,,,,,,
https://www.coursera.org/articles/develop-a-retargeting-strategy,200.0,,2025-11-03T22:33:59.257000+00:00,2025-11-12T20:07:09.800000+00:00,jsonld,jsonld,
https://openpanel.dev/articles/open-source-web-analytics,200.0,,,,,,
https://technologychecker.io/blog/google-analytics-4-migration-insights,200.0,,2026-03-13T00:00:00+00:00,2026-03-16T00:00:00+00:00,jsonld,jsonld,
https://measuremarketing.pro/blog/ga4-best-practices-2026.html,200.0,,2026-01-01T00:00:00,,jsonld,,
https://mangools.com/blog/on-page-seo/,200.0,2026-05-13T20:13:57+00:00,2024-08-11T00:00:00,2026-03-04T00:00:00,jsonld,jsonld,
https://www.simpleanalytics.com/,200.0,,,,,,
https://en.wikipedia.org/wiki/Help_a_Reporter_Out,200.0,2026-04-28T16:57:38+00:00,2009-09-21T18:02:36+00:00,2025-04-16T22:29:35+00:00,jsonld,jsonld,
https://markets.financialcontent.com/stocks/article/abnewswire-2026-2-12-haro-alternatives-2026-complete-guide-to-pr-and-link-building-platforms,200.0,2026-05-13T20:13:58+00:00,2026-02-12T23:50:02+00:00,2026-02-12T23:54:39+00:00,jsonld,jsonld,
https://keyword.com/blog/haro-link-building-tips-and-strategies/,200.0,,2024-07-08T00:00:00+00:00,2026-05-07T12:21:00+00:00,jsonld,jsonld,
https://serpreach.com/haro-link-building/,200.0,2026-04-29T11:28:08+00:00,2025-12-01T21:44:00+00:00,2026-03-22T22:51:52+00:00,jsonld,jsonld,
https://www.presspulse.ai/blog/the-transition-from-haro-to-connectively-what-you-need-to-know,200.0,,,,,,
https://www.digitalapplied.com/blog/twitter-x-statistics-2026-marketing-data-points,200.0,,2026-04-20T00:00:00+01:00,2026-04-20T00:00:00+01:00,jsonld,jsonld,
https://www.socialnicole.com/is-x-formerly-twitter-worth-using-for-marketing-your-business-in-2025/,200.0,2026-05-13T09:51:01+00:00,2024-11-26T22:20:34+00:00,2025-01-03T06:06:41+00:00,jsonld,jsonld,
https://www.realtor.com/advice/finance/land-value-tax-solve-housing-shortage/,200.0,,2025-03-26T23:00:00+00:00,2025-04-16T13:52:23+00:00,jsonld,jsonld,
https://socialbee.com/blog/twitter-algorithm/,200.0,,2026-03-23T17:06:55+00:00,2026-03-23T17:06:57+00:00,jsonld,jsonld,
https://linkdoctor.io/haro-link-building/,200.0,2026-04-16T05:03:51+00:00,2026-03-19T04:28:52+00:00,2026-04-08T11:57:32+00:00,og,og,
https://www.teract.ai/resources/twitter-algorithm-2026,200.0,,2026-03-14T00:00:00,2026-05-10T00:00:00,jsonld,jsonld,
https://buffer.com/resources/how-to-use-twitter/,200.0,,2026-03-13T06:00:00+00:00,,time_tag,,
https://sproutsocial.com/insights/twitter-algorithm/,200.0,,2026-02-06T21:27:54+00:00,2026-03-31T21:16:46+00:00,jsonld,jsonld,
https://www.tatvic.com/blog/everything-you-need-to-know-about-google-analytics-4-ga4-in-2025/,200.0,2026-05-13T18:19:37+00:00,2026-01-13T05:28:38+00:00,2026-01-13T10:54:59+00:00,jsonld,jsonld,
https://outpaceseo.com/article/link-building/,200.0,,2026-03-25T22:44:28+00:00,2026-05-01T06:56:27+00:00,jsonld,jsonld,
https://blog.hubspot.com/website/how-to-optimize-website-speed,200.0,2026-02-26T12:00:03+00:00,2026-02-26T12:00:03+00:00,2026-02-26T12:00:03+00:00,jsonld,jsonld,
https://www.reddit.com/r/Newsletters/comments/1rpccbb/substack_vs_beehiiv_at_what_point_do_the_10_fees/,200.0,,,,,,
https://developers.google.com/speed/docs/insights/v5/about,200.0,2024-10-21T17:46:43+00:00,,,,,
https://www.sotrender.com/blog/2026/01/x-marketing/,200.0,,2026-01-16T11:00:00+00:00,2026-01-26T09:16:28+00:00,jsonld,jsonld,
https://www.reddit.com/r/webdev/comments/1qcjrxw/why_so_few_seo_optimized_websites_actually_have_a/,200.0,,,,,,
https://linkquest.co.uk/blog/page-speed-statistics,200.0,,2025-09-22T09:34:43+00:00,2025-09-30T13:51:21+00:00,jsonld,jsonld,
https://illustrate.digital/reports/global-page-speed-2023/,200.0,,2023-04-26T09:15:18+00:00,2024-10-03T22:16:45+00:00,jsonld,jsonld,
https://scopicstudios.com/blog/best-haro-alternatives-for-pr-and-backlinks/,200.0,2026-05-13T17:55:38+00:00,2025-12-09T11:55:16+00:00,2025-12-09T11:55:21+00:00,jsonld,jsonld,
https://www.reddit.com/r/Emailmarketing/comments/1rp2y3z/beehiiv_vs_substack_vs_ghost_review_after_using/,200.0,,,,,,
https://www.knockedupmoney.com/blog/beehiiv-vs-substack-small-business,200.0,,2026-03-27T22:03:00-04:00,2026-03-29T13:44:18-04:00,jsonld,jsonld,
https://www.reddit.com/r/PublicRelations/comments/1f4w1ua/are_press_releases_valuable/,200.0,,,,,,
https://skeepers.io/us/blog/best-brand-ambassador-programs/,403.0,,,,,,
https://en.wikipedia.org/wiki/Press_release,200.0,2026-05-12T23:20:30+00:00,2003-08-25T03:05:03+00:00,2026-04-11T18:07:26+00:00,jsonld,jsonld,
https://sideshift.app/blog/become-a-brand-ambassador,200.0,,,,,,
https://www.kedraco.com/blogs/tone-of-voice-brands,200.0,2026-05-13T20:14:01+00:00,,,,,
https://medium.com/@greg_markov/how-to-identify-and-control-risks-in-your-press-releases-pr-director-guide-d90e6a4df820,200.0,,2024-02-07T13:30:24+00:00,2024-02-07T13:30:24+00:00,jsonld,jsonld,
https://www.socialladderapp.com/blog/ambassador-marketing/,200.0,2026-04-27T14:43:31+00:00,2026-04-27T14:43:29+00:00,2026-04-27T14:43:31+00:00,jsonld,jsonld,
https://hireinfluence.com/blog/brand-ambassador-agency-what-enterprise-marketers-should-expect-in-2026/,200.0,2026-05-13T20:14:01+00:00,2026-04-24T09:52:32-08:00,2026-04-24T09:52:35-08:00,jsonld,jsonld,
https://www.campaigncreators.com/blog/the-science-of-cro-how-psychology-data-work-together,200.0,2026-05-10T03:32:09+00:00,,,,,
https://www.bitbrain.com/blog/what-is-neuromarketing,200.0,,2025-10-09T11:37:00+00:00,2026-02-17T11:52:39+00:00,jsonld,jsonld,
https://kit.com/news,200.0,,,,,,
https://kit.com/resources/blog/convertkit-to-kit,200.0,,,,,,
https://www.braze.com/resources/articles/marketing-automation-strategies,200.0,,2025-11-20T18:09:20.052000+00:00,2025-11-20T18:18:36+00:00,jsonld,jsonld,
https://www.liveintent.com/blog/email-newsletter-monetization/,200.0,,2021-05-07T20:30:00+00:00,2023-07-03T06:42:55+00:00,jsonld,jsonld,
https://www.innovationvisual.com/knowledge-hub/resources/costs-digital-marketing-agency-vs-in-house,200.0,2026-05-13T14:36:20+00:00,2023-07-26T11:12:00+00:00,2025-04-28T20:26:35.273000+00:00,jsonld,jsonld,
https://www.intelligize.com/beware-the-buzzy-press-release/,200.0,,2023-05-25T14:04:08+00:00,2023-05-26T02:04:59+00:00,jsonld,jsonld,
https://medium.com/@nikhilwadofficial/why-newsletters-are-the-best-passive-income-strategy-pros-cons-7081b896b699,200.0,,2025-10-28T04:09:23+00:00,2025-10-28T04:09:23+00:00,jsonld,jsonld,
https://www.reddit.com/r/FacebookAds/comments/1kwitf4/what_makes_an_ad_actually_work_on_facebook/,200.0,,,,,,
https://www.forbes.com/councils/forbesagencycouncil/2022/07/14/15-big-mistakes-companies-make-with-press-releases/,200.0,,2022-07-14T00:00:00,2024-08-12T00:00:00,og,og,
https://blumint.co/blog/how-facebook-advertising-work,200.0,,2021-07-10T03:01:00+03:00,2022-09-11T23:45:16+03:00,jsonld,jsonld,
https://www.clickanalytic.com/ambassador-programs/,200.0,2026-05-13T20:14:03+00:00,2025-10-06T04:42:01+01:00,2026-05-04T15:07:39+01:00,jsonld,jsonld,
https://emailoctopus.com/blog/kit-formerly-convertkit-price-hike,200.0,,2025-09-09T12:50:00+00:00,2025-12-03T11:25:02.682000+00:00,jsonld,jsonld,
https://www.thinkify.com.au/news/performance-marketing-agency-vs-inhouse,202.0,,,,,,
https://www.digitalapplied.com/blog/cart-abandonment-statistics-2026-data-points,200.0,,2026-04-06T00:00:00+01:00,2026-04-06T00:00:00+01:00,jsonld,jsonld,
https://buffer.com/resources/facebook-ads-beginners-guide/,200.0,,2026-04-10T12:14:31+00:00,,time_tag,,
https://www.labaap.com/explaining-the-psychology-behind-great-digital-marketing/,200.0,,2026-02-12T09:51:42+00:00,,jsonld,,
https://attribuly.com/blogs/abandoned-cart-timing-cohort-benchmarks-templates/,200.0,,2026-03-17T00:00:00,,time_tag,,
https://www.ainovamind.com/blog/cart-abandonment-email-examples-2026,200.0,,,,,,
https://polkadotdata.com/google-tag-manager/how-to-determine-key-kpis-for-key-events-in-google-analytics-4/,200.0,,2024-07-25T13:02:01+00:00,2024-07-25T13:02:36+00:00,jsonld,jsonld,
https://ads.tiktok.com/help/article/tiktok-ads-policy-misleading-and-false-content,200.0,,,,,,
https://dentsu-ho.com/en/articles/9450,200.0,,,,,,
https://databox.com/the-most-tracked-google-analytics-metrics,200.0,,2023-12-05T15:16:00+00:00,2026-03-03T20:51:39+00:00,jsonld,jsonld,
https://dashthis.com/blog/ga4-metrics/,200.0,,2019-07-02T00:00:00,2025-05-21T00:00:00,jsonld,jsonld,
https://www.ingramcontent.com/publishers-blog/4-essential-tips-for-your-influencer-marketing-campaign,200.0,2026-05-13T20:14:05+00:00,,,,,
https://chariotcreative.com/blog/is-it-cheaper-to-hire-a-marketing-agency-or-build-an-in-house-marketing-team/,200.0,,2025-09-05T21:12:14+00:00,2026-02-05T20:00:06+00:00,jsonld,jsonld,
https://impact.com/partnerships/ultimate-guide-to-influencer-marketing/,200.0,2026-05-13T20:14:05+00:00,2025-03-26T12:00:13+00:00,2026-01-19T12:55:32+00:00,jsonld,jsonld,
https://iqfluence.io/public/blog/influencer-marketing-best-practices,200.0,,2025-11-14T14:13:45.102000+00:00,2026-05-07T22:02:43.836000+00:00,jsonld,jsonld,
https://www.park.edu/blog/what-is-influencer-marketing-strategies-and-best-practices/,200.0,,2025-02-14T20:31:29+00:00,2025-05-23T20:13:03+00:00,jsonld,jsonld,
https://www.mokkup.ai/blogs/kpis-in-google-ads-campaign/,200.0,2026-05-13T12:41:18+00:00,,,,,
https://www.binance.com/en/square/post/312533766888498,202.0,,,,,,
https://www.socialcubicle.com/blog/how-facebook-ads-work-a-beginners-guide-to-cost-effective-advertising-2025/,200.0,,2025-05-15T04:51:30+00:00,2026-03-13T11:14:39+00:00,og,og,
https://blog.hootsuite.com/influencer-marketing/,200.0,,2026-03-24T15:13:45+00:00,2026-03-24T15:21:06+00:00,jsonld,jsonld,
https://blog.hootsuite.com/pinterest-marketing/,200.0,,2025-12-12T20:47:04+00:00,2026-01-28T05:28:08+00:00,jsonld,jsonld,
https://www.praytellagency.com/blog/how-to-build-an-effective-influencer-marketing-strategy,200.0,2026-05-13T20:14:06+00:00,,,,,
https://www.lemonlight.com/10-expert-tips-from-top-influencer-marketing-agencies/,200.0,2026-05-13T19:35:17+00:00,2019-08-27T18:33:31+00:00,2026-02-04T20:44:03+00:00,jsonld,jsonld,
https://www.forbes.com/councils/forbesbusinessdevelopmentcouncil/2025/11/13/how-to-build-a-brand-voice-that-consumers-actually-care-to-read-about/,200.0,,2025-11-13T00:00:00,2025-11-13T00:00:00,og,og,
https://smashsend.com/blog/onboarding-email-sequence-examples,200.0,2026-05-08T14:21:21+00:00,2026-02-02T00:00:00,2026-02-02T00:00:00,jsonld,jsonld,
https://www.researchgate.net/publication/380375347_The_Impact_of_Marketing_Automation_on_Consumer_Buying_Behavior_in_the_Digital_Space_Via_Artificial_Intelligence,403.0,,,,,,
https://www.reddit.com/r/Entrepreneur/comments/1pin982/detailed_breakdown_of_a_tiktok_growth_strategy/,200.0,,,,,,
https://medium.com/@AffiliateMarketingStrategy/yes-pinterest-is-still-worth-it-in-2026-for-businesses-ad0ffbff3b08,200.0,,2026-02-18T11:17:58+00:00,2026-02-18T11:17:58+00:00,jsonld,jsonld,
https://lovefamilyhealth.com/why-a-pinterest-va-will-be-your-smartest-business-move-in-2026/,202.0,,,,,,
https://www.socialinsider.io/blog/tiktok-tips/,200.0,2026-05-13T14:10:38+00:00,2023-01-01T00:00:00,2026-05-13T14:10:23.823000+00:00,jsonld,jsonld,
https://prospeo.io/s/welcome-drip-campaign,200.0,2026-03-24T21:02:28+00:00,,,,,
https://blackpugstudio.com/news/5-pinterest-marketing-fundamentals-to-scale-your-business-in-2026-83de6dd293de,200.0,,,,,,
https://www.reddit.com/r/businessanalysis/comments/1l3d8au/the_interest_targeting_strategy_is_outdated_and/,200.0,,,,,,
https://blog.hootsuite.com/tiktok-marketing/,200.0,,2026-02-03T17:10:33+00:00,2026-02-03T17:11:55+00:00,jsonld,jsonld,
https://igpr.com/ai-for-content-creation-communication-trends-in-2026/,200.0,2026-05-12T20:16:27+00:00,2026-01-15T20:13:44+00:00,2026-01-15T20:32:20+00:00,jsonld,jsonld,
https://storyteq.com/blog/what-is-the-future-of-ai-content-generation/,200.0,2026-05-13T09:18:05+00:00,2025-08-05T06:00:00+00:00,2026-02-03T16:08:03+00:00,jsonld,jsonld,
https://news.microsoft.com/source/features/ai/whats-next-in-ai-7-trends-to-watch-in-2026/,200.0,2026-01-08T10:30:24+00:00,2025-12-08T17:00:06+00:00,2026-01-08T18:30:24+00:00,jsonld,jsonld,
https://vertzmarketing.com/tiktok-marketing-strategies/,403.0,,,,,,
https://www.diamond-group.co/blog/7-ways-ai-is-changing-seo-in-2026,200.0,2026-05-07T07:44:55+00:00,2025-10-26T13:15:00+00:00,2024-10-01T12:00:00+00:00,jsonld,jsonld,
https://www.tandfonline.com/doi/full/10.1080/08956308.2026.2614274,403.0,,,,,,
https://www.reddit.com/r/TechSEO/comments/10a220q/new_to_technical_seo_what_do_i_need_to_learn_first/,200.0,,,,,,
https://business.pinterest.com/en-ca/blog/pinterest-brand-moments-guide-2026/,200.0,,2026-01-15T00:00:00,2026-01-16T00:00:00,jsonld,jsonld,
https://www.ekascloud.com/our-blog/how-ai-is-transforming-creativity-in-2026/3659,200.0,,,,,,
https://jenvazquez.com/pinterest-marketing-in-2026/,200.0,,2025-10-22T23:45:30+00:00,2025-10-23T00:59:38+00:00,jsonld,jsonld,
https://hawksem.com/blog/short-tail-keywords-vs-long-tail-keywords/,200.0,,2025-04-08T13:30:14+00:00,2025-04-08T16:49:37+00:00,jsonld,jsonld,
https://www.growandconvert.com/seo/long-tail-keyword-strategy/,200.0,2026-05-12T13:53:45+00:00,2024-05-10T10:30:38-08:00,2024-05-10T10:34:29-08:00,jsonld,jsonld,
https://www.virtuositydigital.com/blog/ai-content-creation-tools-benefits-and-how-to-use,200.0,,2026-02-13T10:00:00+05:30,2026-03-18T10:00:00+05:30,jsonld,jsonld,
https://www.redefineyourmarketing.com/blog/the-pros-and-cons-of-long-tail-keywords,200.0,,2020-06-25T14:24:57+00:00,2023-12-07T17:10:03+00:00,jsonld,jsonld,
https://www.senuto.com/en/blog/long-tail-keywords-benefits/,200.0,,2024-02-09T17:58:56+01:00,2024-04-17T15:03:36+02:00,jsonld,og,
https://www.semrush.com/blog/technical-seo/,200.0,,2023-02-01T15:56:00+00:00,2026-04-23T09:22:00+00:00,jsonld,jsonld,
https://www.reddit.com/r/DigitalMarketing/comments/1nubzjb/how_to_do_a_technical_seo_audit_properly/,200.0,,,,,,
https://cxl.com/blog/technical-seo/,200.0,2026-05-13T20:14:09+00:00,2021-07-16T08:05:27+00:00,2022-12-26T10:41:41+00:00,jsonld,jsonld,
https://trustworthydigital.com/articles/google-analytics-kpis/,200.0,,2025-10-20T15:14:38-05:00,2026-01-14T14:56:16-06:00,jsonld,jsonld,
https://www.evergreenfeed.com/blog/content-strategy-instagram/,403.0,,,,,,
https://www.seoclarity.net/blog/technical-seo-best-practices-to-prioritize,200.0,2026-05-07T13:15:16+00:00,2024-04-15T21:05:00,,og,,
https://www.openforest.co/articles/founder-vesting-explained,200.0,2026-05-13T20:14:09+00:00,2026-02-06T00:00:00,2026-02-01T00:00:00,jsonld,jsonld,
https://www.hashmeta.ai/en/blog/long-tail-vs-short-tail-keywords-a-comprehensive-guide-to-pros-and-cons,200.0,,2025-05-01T04:09:41.281000+00:00,,jsonld,,
https://www.webfx.com/blog/seo/what-is-technical-seo/,200.0,,2025-04-01T13:00:00+00:00,2026-05-11T19:56:14+00:00,jsonld,jsonld,
https://www.roboticmarketer.com/ai-content-generation-in-2026-brand-voice-strategy-and-scaling/,200.0,,2025-12-31T01:00:00+00:00,2026-05-05T11:07:36+00:00,og,og,
https://latitud.com/blog/vesting-schedule-founders-employees,200.0,2026-05-13T20:14:10+00:00,,,,,
https://www.cooleygo.com/founder-basics-founders-stock/,200.0,2026-05-13T05:29:38+00:00,2014-05-18T06:05:47+00:00,2026-02-12T23:48:16+00:00,jsonld,jsonld,
https://talena-inc.com/what-is-a-virtual-data-room-in-2026-features-uses-and-benefits/,200.0,,2026-02-16T00:00:00+00:00,,time_tag,,
https://verifiedmetrics.com/blog/founder-vesting,200.0,2026-05-13T20:14:10+00:00,,,,,
https://www.keysearch.co/blog/long-tail-keywords-benefits/,200.0,,2024-08-21T15:05:42+00:00,2024-12-23T16:05:27+00:00,jsonld,jsonld,
https://growth-grid.ai/blog/business-plan-writing-services-the-2026-comparison-guide/,200.0,,2026-01-20T00:00:00+00:00,2026-03-30T12:50:51+00:00,jsonld,jsonld,
https://www.avisenlegal.com/founder-vesting-how-it-works-and-why-it-matters/,200.0,,,,,,
https://prospeo.io/s/bant,200.0,2026-03-24T21:07:16+00:00,,,,,
https://www.hutchlaw.com/blog/4-reasons-why-startup-founders-should-have-a-vesting-interest-in-their-companies,200.0,,,,,,
https://kruzeconsulting.com/blog/what-is-a-vesting-period/,200.0,2026-05-13T07:38:48+00:00,2025-12-11T21:06:00+00:00,2025-12-11T21:06:00+00:00,jsonld,jsonld,
https://velawood.com/how-founder-vesting-really-works/,200.0,,2018-03-06T11:41:46-05:00,2022-08-09T16:04:01-05:00,jsonld,jsonld,
https://s2wmedia.com/blog/bant-framework,200.0,2026-05-07T20:25:23+00:00,2026-03-18T22:26:10,,jsonld,,
https://corephp.com/technical-seo-getting-started-and-10-best-practices/,200.0,2026-05-13T20:14:12+00:00,2023-02-27T16:23:59-05:00,2023-03-01T08:30:15-05:00,jsonld,jsonld,
https://miro.com/process-mapping/meddic-sales-process-explained/,200.0,,,,,,
https://meddicc.com/,200.0,2026-05-13T15:52:43+00:00,,,,,
https://www.highspot.com/blog/meddic-sales-methodology/,200.0,,2025-11-05T21:07:15+00:00,2026-05-08T13:20:46+00:00,jsonld,jsonld,
https://www.lucidchart.com/blog/close-more-deals-with-meddic-sales-process,200.0,2026-05-13T17:34:33+00:00,2017-11-21T15:49:03+00:00,2026-04-01T20:32:01.127000+00:00,jsonld,jsonld,
https://otter.ai/blog/bant-sales-framework,200.0,2026-05-12T19:13:29+00:00,2025-06-24T00:00:00,,jsonld,,
https://www.mintz.com/insights-center/viewpoints/2022-03-15-stock-vesting-startup-companies,200.0,2026-05-13T20:14:11+00:00,2022-03-15T12:00:00+00:00,,time_tag,,
https://ledgy.com/blog/what-are-secondaries-and-how-do-they-work,200.0,2026-05-13T20:14:12+00:00,,,,,
https://www.behindgeniusventures.com/post/secondaries,200.0,2026-05-13T20:14:12+00:00,2025-07-24T01:57:09.090000+00:00,2025-06-24T19:56:23.218000+00:00,jsonld,jsonld,
https://www.mascience.com/community-blog/ma-trends-2026,200.0,2026-05-13T20:14:13+00:00,,,,,
https://www.forcemanagement.com/blog/meddic-vs.-meddpic-the-meaning-difference-and-benefits-of-each-for-sales-qualification-force-management,200.0,2026-05-09T09:47:39+00:00,2025-08-19T17:46:18,,jsonld,,
https://www.strausstroy.com/articles/2026-m-a-market-outlook,200.0,2026-05-13T20:14:13+00:00,,,,,
https://www.coffee.ai/articles/best-bant-qualification-tools-2026/,200.0,,2026-05-01T14:50:55+00:00,2026-04-25T00:18:14.152000+00:00,jsonld,jsonld,
https://www.riseworks.io/blog/top-global-hiring-trends-for-startups,200.0,2026-05-13T20:14:13+00:00,2026-01-10T00:00:00,2026-01-10T00:00:00,jsonld,jsonld,
https://www.caisgroup.com/articles/an-introduction-to-private-equity-secondaries,200.0,,2025-03-12T00:00:00+00:00,2025-07-24T09:18:51.868000+00:00,jsonld,jsonld,
https://pmc.ncbi.nlm.nih.gov/articles/PMC12857135/,200.0,,,,,,
https://www.blakes.com/insights/secondary-sales-101/,200.0,,2026-05-13T00:00:00,,time_tag,,
https://www.unbiased.com/discover/financial-advice/best-financial-advisor,200.0,2026-05-13T09:29:35+00:00,2023-12-22T13:08:17.214000+00:00,2026-04-30T15:47:25.076000+00:00,jsonld,jsonld,
https://startupdatarooms.com/vdr-market-explosion-2026-data-room-market-trends-and-leading-players/,200.0,,2025-11-27T21:27:25+00:00,2026-04-23T14:34:46+00:00,jsonld,jsonld,
https://carta.com/learn/equity/liquidity-events/secondary-transactions/,200.0,,,,,,
https://www.ansarada.com/article/the-definitive-guide-to-virtual-data-rooms-2026-strategic-architecture-security-protocols-and-market-analysis,200.0,2026-05-13T20:14:14+00:00,2026-03-08T00:00:00+00:00,2026-03-08T00:00:00+00:00,jsonld,jsonld,
https://prospeo.io/s/what-is-expansion-revenue,200.0,2026-03-24T21:13:51+00:00,,,,,
https://blog.cerebralops.in/first-10-hires-saas-startup-sequence/,200.0,,2026-02-11T06:33:00+00:00,2026-02-11T06:33:01+00:00,jsonld,jsonld,
https://capbase.com/founder-vesting-schedules-best-practices/,200.0,2026-05-13T19:50:28+00:00,2022-03-30T14:04:41+00:00,2026-02-26T04:17:20+00:00,jsonld,jsonld,
https://carta.com/learn/startups/equity-management/founder-shares/,200.0,,,,,,
https://medium.com/prooftrading/longer-equity-vesting-for-founders-745bcc4c4c5d,200.0,,2019-01-08T15:52:25+00:00,2019-06-04T01:52:32+00:00,jsonld,jsonld,
https://inaccord.com/blog-posts/sales-led-growth-vs-product-led-growth-choosing-the-right-strategy,200.0,2026-05-13T20:14:15+00:00,2025-11-25T20:25:38.786000+00:00,2025-11-24T22:01:57.878000+00:00,jsonld,jsonld,
https://www.rho.co/blog/vesting-for-startups,200.0,,2025-02-10T00:00:00+00:00,2026-04-21T14:37:13.019000+00:00,jsonld,jsonld,
https://www.pillsburypropel.com/guidance/founder-stock-vesting,200.0,,,,,,
https://fueler.io/blog/ai-hiring-trends-what-companies-actually-look-for,200.0,,,,,,
https://prospeo.io/s/value-based-pricing-strategy,200.0,2026-03-24T21:13:39+00:00,,,,,
https://clarifyb2b.com/resources/plg-vs-slg/,202.0,,,,,,
https://neonone.com/resources/blog/fundraising-basics-neo/,403.0,,,,,,
https://www.ideaplan.io/blog/why-nrr-is-the-single-most-important-saas-metric-2026,200.0,,2026-02-25T00:00:00,2026-02-27T00:00:00,jsonld,jsonld,
https://amplitude.com/blog/sales-led-growth-vs-product-led-growth,200.0,,2024-08-13T00:00:00,2025-03-17T21:15:26+00:00,jsonld,jsonld,
https://www.vistaar.com/blog/value-based-pricing,200.0,2026-05-13T20:14:16+00:00,,,,,
https://www.gofundme.com/c/fundraising-tips,200.0,,2025-06-30T22:09:36+00:00,2026-04-15T17:58:19+00:00,jsonld,jsonld,
https://www.moonfare.com/blog/secondary-market-in-private-equity-how-it-works-benefits-and-future-growth,200.0,,,,,,
https://www.workboard.com/resources/blog/business-growth-strategies,200.0,2026-05-13T20:14:17+00:00,2016-12-06T00:00:00,2026-04-29T14:29:53.774000+00:00,jsonld,jsonld,
https://www.informationweek.com/software-platforms/why-value-based-pricing-is-inevitable,200.0,2026-05-13T20:14:17+00:00,2026-03-26T11:00:00+00:00,2026-03-25T19:08:18.478000+00:00,jsonld,jsonld,
https://www.ccsfundraising.com/fundraising-fundamentals/,200.0,,2026-05-08T02:24:18+00:00,2026-05-08T02:24:23+00:00,jsonld,jsonld,
https://www.bbvaspark.com/en/news/business-growth-strategies/,403.0,,,,,,
https://www.deloitte.com/us/en/insights/topics/talent/human-capital-trends.html,200.0,2026-05-13T19:37:43+00:00,2026-03-04T05:00:00+00:00,2026-03-06T08:06:23+00:00,jsonld,jsonld,
https://productschool.com/blog/product-strategy/plg-vs-slg-vs-product-led-sales,200.0,,,,,,
https://www.morganstanley.com/articles/financial-planning-new-year-financial-resolutions,200.0,2026-05-13T13:48:32+00:00,,,,,
https://seekingsuccession.com/what-is-a-business-growth-strategy/,202.0,,,,,,
https://www.amyeisenstein.com/fundraising-fundamentals-4-major-gift-basics/,200.0,,2021-03-10T14:07:03+00:00,2021-03-10T14:08:45+00:00,jsonld,jsonld,
https://www.forbes.com/advisor/investing/financial-advisor/financial-planning/,403.0,,,,,,
https://wise.com/gb/blog/409a-valuation,200.0,,2026-03-25T00:00:00,2026-03-25T00:00:00,jsonld,og,
https://www.molestreet.com/blog/strategic-growth-for-business,200.0,2026-05-13T11:31:48+00:00,2025-02-17T18:40:59,2025-07-11T16:33:20,jsonld,jsonld,
https://www.qapita.com/blog/top-409a-valuation-providers-for-companies-in-2026,200.0,2026-05-13T20:14:19+00:00,,,,,
https://eqvista.com/409a-valuation/complete-guide-for-409a-valuation/,200.0,,2026-05-12T05:18:56+00:00,2026-05-12T05:27:44+00:00,jsonld,jsonld,
https://soferadvisors.com/insights/blog/409a-valuation-requirements-complete-compliance-guide-2025/,200.0,,2025-11-25T00:00:00-05:00,2026-03-06T00:00:00-05:00,jsonld,jsonld,
https://www.forbes.com/lists/top-wealth-advisors/,200.0,,,,,,
https://acumensphere.com/blog/business/top-409a-valuation-firms-in-2026,200.0,,2026-05-04T06:50:36.665000+00:00,2026-05-04T06:50:36.717000+00:00,jsonld,jsonld,
https://www.thestartuplawblog.com/blog/409a-valuations-what-every-startup-needs-to-know/,200.0,,2026-04-09T22:12:47+00:00,2026-05-13T14:32:25+00:00,jsonld,jsonld,
https://blog.withmantle.com/409a-valuations/,200.0,,2025-04-14T15:29:01+00:00,2026-01-21T16:28:41+00:00,jsonld,jsonld,
https://www.icertias.com/journal/why-value-price-quality-and-customer-care-now-dominate-buying-decisions,200.0,,2026-01-16T00:00:00,2026-01-16T00:00:00,jsonld,jsonld,
https://www.hr.com/en/app/blog/2025/11/10-best-web-analytics-tools-to-use-in-2026-free-pa_mhqftcuj.html,403.0,,,,,,
https://health.calm.com/resources/blog/workforce-well-being-in-2026-5-trends-consultants-cant-afford-to-ignore/,200.0,,2026-01-05T20:37:05+00:00,2026-02-12T00:30:02+00:00,jsonld,jsonld,
https://www.uschamber.com/co/good-company/the-leap/trend-watchers-share-key-trends,200.0,,2026-01-26T09:41:28-05:00,2026-01-26T09:41:28-05:00,jsonld,jsonld,
https://www.calmbywellness.com/mental-health-trends-2026%E2%80%91workplace/,200.0,,2025-11-13T11:00:00-08:00,2025-11-20T03:08:47-08:00,jsonld,jsonld,
https://medium.com/activated-thinker/the-silent-revolution-how-calm-technology-might-redefine-digital-life-in-2026-dc722ecd61b0,200.0,,2025-08-21T10:07:14+00:00,2025-09-01T05:55:33+00:00,jsonld,jsonld,
https://www.coremedia.com/blog/2026-cx-trends,200.0,,2025-12-16T07:59:35+00:00,2026-01-13T10:28:36+00:00,jsonld,jsonld,
https://www.medallia.com/blog/15-predictions-redefine-customer-experience/,200.0,,,,,,
https://www.quad.com/insights/modern-marketing/27-marketing-trends-and-predictions-for-2026,200.0,2026-03-23T22:09:04+00:00,2026-01-07T19:17:47+00:00,2026-03-24T02:09:04+00:00,jsonld,jsonld,
https://luthresearch.com/glossary/what-are-creator-led-brand-discovery-trends-for-2026/,200.0,2026-05-13T20:14:21+00:00,2026-03-22T09:30:28+00:00,,jsonld,,
https://contra.com/community/lTkdwSqw-calm-tech-2026-didnt-just,200.0,,2026-05-07T09:43:00.888000+00:00,2026-05-13T19:46:00.094000+00:00,jsonld,jsonld,
https://www.salsify.com/blog/top-10-consumer-trends-to-watch,200.0,,2026-01-30T00:00:00,2026-02-18T00:00:00,jsonld,jsonld,
https://www.papayaglobal.com/blog/employer-of-record-explained/,200.0,2026-05-12T13:02:17+00:00,2024-01-06T11:17:59+00:00,2026-02-16T08:12:42+00:00,jsonld,jsonld,
https://en.wikipedia.org/wiki/Employer_of_Record,200.0,2026-04-28T09:39:10+00:00,2024-10-01T16:31:11+00:00,2026-04-06T11:58:04+00:00,jsonld,jsonld,
https://www.bamboohr.com/blog/employer-of-record-eor-guide,403.0,,,,,,
https://www.zeni.ai/blog/series-b-valuations,200.0,2026-05-13T20:14:22+00:00,2026-02-13T00:00:00,,jsonld,,
https://www.deel.com/blog/employer-of-record-a-complete-guide/,200.0,,,,,,
https://www.paylocity.com/resources/glossary/eor/,200.0,,,,,,
https://help.clientsuccess.com/en/articles/12833895-who-should-own-renewal-management,200.0,,2025-11-13T18:42:55+00:00,2025-11-13T18:42:55+00:00,time_tag,jsonld,
https://www.capgemini.com/insights/research-library/what-matters-to-todays-consumer-2026/,200.0,,2026-01-06T06:30:00+00:00,2026-03-10T12:52:03+00:00,jsonld,jsonld,
https://www.forecastr.co/blog/series-a-vs-series-b,200.0,2026-05-07T19:50:35+00:00,2024-07-11T23:01:27+00:00,2025-01-29T16:26:08.684000+00:00,jsonld,jsonld,
https://pubs.acs.org/doi/10.1021/acs.langmuir.5c06879,403.0,,,,,,
https://foundershield.com/blog/when-should-you-raise-series-b-funding/,200.0,,2021-04-14T11:11:00+00:00,2024-09-20T11:15:00+00:00,jsonld,jsonld,
https://pmc.ncbi.nlm.nih.gov/articles/PMC12947691/,200.0,,,,,,
https://monday.com/blog/crm-and-sales/bant-qualified-leads/,200.0,,2025-12-20T18:45:14+00:00,2026-02-18T13:59:58+00:00,jsonld,jsonld,
https://www.sifthub.io/blog/outbound-sales,200.0,2026-05-13T20:14:23+00:00,2026-02-19T00:00:00,2026-03-19T06:29:04+00:00,jsonld,jsonld,
https://wise.com/gb/blog/series-b-funding,200.0,,2025-11-10T00:00:00,2025-11-10T00:00:00,jsonld,jsonld,
https://www.highspot.com/blog/outbound-sales-strategy/,200.0,,2026-03-24T22:03:53+00:00,2026-04-15T13:24:35+00:00,jsonld,jsonld,
https://www.dialpad.com/glossary/bant-sales/,200.0,,2024-08-08T08:00:15.631000+00:00,2025-05-06T22:05:51.533000+00:00,jsonld,jsonld,
https://www.reddit.com/r/startups/comments/1f3ynnc/at_what_point_to_set_up_a_founders_agreement/,200.0,,,,,,
https://www.indeed.com/career-advice/career-development/strategy-for-growth,403.0,,,,,,
https://scalemath.com/blog/what-is-a-good-monthly-churn-rate/,200.0,2026-05-13T20:14:24+00:00,2025-03-01T00:48:03+00:00,2025-07-31T22:27:11+00:00,jsonld,jsonld,
https://harperjames.co.uk/article/why-you-need-a-founders-agreement/,200.0,,2023-06-29T10:58:00+00:00,2026-02-04T11:59:29+00:00,jsonld,jsonld,
https://soferadvisors.com/insights/blog/what-is-a-dcf-valuation-complete-guide-to-dcf-method/,200.0,,2025-12-14T00:00:00-05:00,2026-03-06T00:00:00-05:00,jsonld,jsonld,
https://churnkey.co/blog/whats-a-normal-churn-rate-in-saas/,200.0,,2025-12-16T17:06:00+00:00,2026-04-14T12:35:44+00:00,jsonld,jsonld,
https://www.btcpa.net/insights/developing-an-effective-transfer-pricing-strategy,200.0,,2025-03-12T13:45:59+00:00,2026-01-07T20:41:00+00:00,jsonld,jsonld,
https://www.alliotts.com/articles/transfer-pricing-the-reasons-why-your-business-needs-to-take-it-seriously/,200.0,2026-05-13T12:53:49+00:00,2023-10-26T10:47:05+00:00,2023-10-26T11:02:33+00:00,jsonld,jsonld,
https://valuationmasterclass.com/dcf-valuation/,202.0,,,,,,
https://www.btcpa.net/insights/strategies-for-overcoming-transfer-pricing-challenges,200.0,,2024-02-12T18:48:28+00:00,2025-07-08T14:16:24+00:00,jsonld,jsonld,
https://www.kbkg.com/alex-martin/five-key-considerations-for-transfer-pricing,202.0,,,,,,
https://builtin.com/company/calm/faq/stability-growth,200.0,,,,,,
https://wise.com/us/blog/global-transfer-pricing,200.0,,2025-06-13T00:00:00,2025-06-13T00:00:00,jsonld,og,
https://bradyware.com/esop-transition-timeline-key-milestones/,403.0,,,,,,
https://prospeo.io/s/saas-growth-strategy,200.0,2026-03-24T21:09:35+00:00,,,,,
https://www.highspot.com/blog/challenger-sales-methodology/,200.0,,2023-09-28T23:12:29+00:00,2026-04-30T13:41:58+00:00,jsonld,jsonld,
https://www.dlapiper.com/insights/publications/2024/09/navigating-transfer-pricing-risks-key-insights-from-hmrcs-new-guidance,200.0,,,,,,
https://www.nceo.org/employee-ownership-faq/how-long-does-it-take-to-set-up-a-leveraged-esop,200.0,2026-05-08T18:29:21+00:00,,,,,
https://shahmm.medium.com/the-business-model-canvas-a-critical-analysis-of-its-fundamental-flaws-a702021959a7,200.0,,2025-07-07T04:22:40+00:00,2025-07-07T04:22:40+00:00,jsonld,jsonld,
https://integra-international.net/transfer-pricing-essentials-navigating-risks-and-compliance-for-your-multinational-business/,200.0,,2025-11-17T21:08:42+00:00,2025-11-21T18:33:13+00:00,jsonld,jsonld,
https://carta.com/learn/startups/equity-management/advisory-shares/,200.0,,,,,,
https://www.kroll.com/en/publications/convertible-notes-path-to-cheaper-financing-in-uncertain-world,200.0,,2025-03-07T00:00:00,,jsonld,,
https://www.cakeequity.com/guides/advisory-shares,200.0,2026-05-13T20:14:26+00:00,2026-03-11T00:00:00,2026-03-11T00:00:00,jsonld,jsonld,
https://pubs.rsc.org/en/content/articlehtml/2026/ta/d5ta09885h,200.0,,,,,,
https://ledgy.com/blog/equity-advisors,200.0,2026-05-13T20:14:27+00:00,,,,,
https://business.adobe.com/blog/seo-in-2026-fundamentals,,,,,,,"HTTPSConnectionPool(host='business.adobe.com', port=443): Read timed out. (read timeout=20)"
https://pmc.ncbi.nlm.nih.gov/articles/PMC9589735/,200.0,,,,,,
https://foundersnetwork.com/advisor-startup-equity-what-you-need-to-know/,200.0,,,,,,
https://www.tandfonline.com/doi/full/10.1080/10835547.2026.2614919,403.0,,,,,,
https://www.openvc.app/blog/advisory-shares,200.0,2026-05-06T13:47:28+00:00,,,,,
https://www.reddit.com/r/SaaS/comments/1sx6tpw/collected_churn_rate_benchmarks_across_12_saas/,200.0,,,,,,
https://www.reddit.com/r/ArtificialInteligence/comments/1r8anot/which_jobs_are_going_to_be_replaced_faster_than/,200.0,,,,,,
https://ir.lawnet.fordham.edu/jcfl/vol26/iss1/5/,200.0,,,,,,
https://getparse.io/articles/churn-rate-benchmarks,200.0,,2026-02-18T00:00:00,2026-02-18T00:00:00,jsonld,jsonld,
https://www.weforum.org/stories/2026/02/workforce-transformation-ai-jobs/,403.0,,,,,,
https://www.annualreviews.org/content/journals/10.1146/annurev-financial-111021-100657,200.0,,,,,,
https://pmtoolkit.ai/benchmarks/churn-rate-benchmarks,200.0,,,2026-01-01T00:00:00,,jsonld,
https://www.hyperbots.com/glossary/vendor-benchmarking,200.0,2026-05-13T17:45:51+00:00,,,,,
https://finsi.ai/blog/ecommerce-churn-rate-benchmarks-2026/,200.0,,2026-03-03T10:00:00+00:00,2026-05-05T17:12:16+00:00,jsonld,jsonld,
https://www.tsia.com/blog/state-of-customer-success-2026-ai-economics,200.0,2026-05-13T20:14:29+00:00,2026-02-11T00:00:00,,jsonld,,
https://planergy.com/blog/vendor-management-kpis/,200.0,2025-11-05T10:49:28+00:00,2025-01-29T00:00:00+00:00,2025-11-05T10:49:28+00:00,jsonld,jsonld,
https://blogs.cisco.com/news/ciscos-journey-in-ai-workforce-transformation,200.0,,2026-01-15T13:00:20+00:00,,jsonld,,
https://mixpanel.com/blog/product-led-growth/,200.0,,2020-05-07T06:06:00+00:00,2026-04-01T14:55:14+00:00,jsonld,jsonld,
https://www.crv.com/content/409a-valuation-before-series-a,200.0,2026-05-13T20:14:29+00:00,,,,,
https://digits.com/blog/409a-valuations-startups/,200.0,2026-05-13T19:18:13+00:00,2024-12-21T00:00:00+00:00,2024-12-21T00:00:00+00:00,jsonld,jsonld,
https://www.weforum.org/stories/2026/01/how-we-can-best-enable-the-new-era-of-supply-chains/,403.0,,,,,,
https://www.morganstanley.com/atwork/articles/409a-valuation-faq,200.0,2026-05-13T15:16:30+00:00,,,,,
https://online.hbs.edu/blog/post/product-led-growth,200.0,,2025-03-13T10:00:00+00:00,,jsonld,,
https://carta.com/learn/startups/equity-management/409a-valuation/,200.0,,,,,,
https://www.frazierdeeter.com/insights/article/practical-insights-understanding-409a-valuations/,429.0,,,,,,
https://www.ansi.org/standards-news/member-updates/11-20-25-mhi-reveals-top-supply-chain-trends-for-2026,403.0,,,,,,
https://ramp.com/blog/how-to-evaluate-your-409a-valuation,200.0,,2026-01-05T12:00:00+00:00,2026-04-03T19:04:19+00:00,jsonld,jsonld,
https://skilldynamics.com/blog/supply-chain-trends-that-will-define-2026/,200.0,,,,,,
https://www.infor.com/blog/supply-chain-transformation-trends-2026,200.0,,2026-02-26T00:00:00,2026-03-03T17:57:00,jsonld,jsonld,
https://secfi.com/learn/409a-valuation-stock-options-startup,200.0,,2025-08-10T00:00:00,2025-09-05T10:04:59+00:00,jsonld,jsonld,
https://kpmg.com/xx/en/our-insights/operations/supply-chain-trends-2026.html,200.0,2026-05-13T20:14:31+00:00,2026-05-12T11:49:53.109000+00:00,2026-05-12T11:49:53.109000+00:00,jsonld,jsonld,
https://news.darden.virginia.edu/2026/01/23/global-supply-chains-are-shifting-heres-how-companies-can-be-future-ready/,200.0,,2026-01-23T18:17:54+00:00,,jsonld,,
https://dynamicsourcemfg.com/supply-chain-management-in-2026-what-oems-need-to-know/,200.0,2026-05-13T19:31:06+00:00,2026-02-24T23:48:02+00:00,2026-02-25T16:08:39+00:00,og,og,
https://bradyware.com/esop-101-key-steps-from-planning-to-valuation/,403.0,,,,,,
https://founderscpa.com/blog/409a-valuations-and-startups-protecting-owners-and-employees-alike,200.0,2026-05-13T09:28:50+00:00,2024-05-29T16:23:56+00:00,2024-08-01T13:57:27.490000+00:00,jsonld,jsonld,
https://www.nceo.org/what-is-employee-ownership/esop-employee-stock-ownership-plan,200.0,2026-05-13T19:15:02+00:00,,,,,
https://seedblink.com/blog/2024-06-20-guide-to-implementing-an-employee-stock-option-plan-esops,200.0,2026-05-13T20:14:32+00:00,,,,,
https://www.employeeownershipfoundation.org/articles/how-to-establish-an-esop,200.0,,,,,,
https://www.53.com/content/fifth-third/en/financial-insights/business/succession-planning/steps-transitioning-to-esop-ownership.html,200.0,,,,,,
https://zapro.ai/vendor-management/vendor-performance-benchmarking/,200.0,,2025-11-05T06:00:09+00:00,2025-11-05T08:57:20+00:00,jsonld,jsonld,
https://www.thehartford.com/business-insurance/strategy/esop/factors-to-consider,200.0,2026-05-13T20:14:30+00:00,,,,,
https://www.tsia.com/blog/metrics-to-machine-learning-reinventing-customer-health-models,200.0,2026-05-13T20:14:32+00:00,2025-10-20T00:00:00,,jsonld,,
https://www.pecan.ai/blog/customer-churn-prediction-software/,200.0,2026-02-23T05:02:36+00:00,2026-02-22T21:29:00+00:00,2026-02-23T10:02:36+00:00,jsonld,jsonld,
https://www.sharp409a.com/blogs/how-409a-valuation-sets-strike-price-startup-guide/,200.0,,2026-05-05T06:58:14+00:00,,og,,
https://www.velaris.io/articles/churn-prediction-software-for-saas-teams,200.0,2026-05-13T20:14:32+00:00,2026-04-03T00:00:00,,jsonld,,
https://www.gainsight.com/essential-guide/product-led-growth/product-led-growth-strategy/,403.0,,,,,,
https://salesmotion.io/blog/bant-sales-framework,200.0,,2026-03-03T00:00:00+00:00,2026-03-03T00:00:00+00:00,jsonld,jsonld,
https://www.salesforce.com/marketing/customer-engagement-score/,200.0,,,,,,
https://www.datamaticsbpm.com/blog/are-bant-qualified-leads-still-relevant/,200.0,,2025-04-15T00:00:00,2025-04-15T00:00:00,jsonld,jsonld,
https://www.qapita.com/in/blog/steps-to-set-up-esop,200.0,2026-05-13T20:14:33+00:00,,,,,
https://prometai.app/blog/10-ai-companies-to-watch,200.0,,2026-02-19T00:00:00+00:00,2026-02-19T15:29:56.838000+00:00,jsonld,jsonld,
https://www.fastcompany.com/91495412/artificial-intelligence-most-innovative-companies-2026,403.0,,,,,,
https://shapo.io/blog/customer-success-dashboard-metrics/,200.0,,2026-04-26T08:54:02+00:00,2026-04-30T11:00:17+00:00,jsonld,jsonld,
https://www.esopassociation.org/articles/how-to-establish-an-esop,200.0,,2026-06-28T09:00:00+00:00,,time_tag,,
https://www.mindtickle.com/blog/what-is-sales-enablement/,200.0,,,,,,
https://federicopresicci.com/blog/faq/first-90-days-in-sales-enablement/,202.0,,,,,,
https://count.co/metric/churn-risk-analysis,200.0,,,,,,
https://www.mckinsey.com/industries/technology-media-and-telecommunications/our-insights/from-product-led-growth-to-product-led-sales-beyond-the-plg-hype,,,,,,,"('Connection aborted.', RemoteDisconnected('Remote end closed connection without response'))"
https://www.magentrix.com/blog/partner-enablement-the-definitive-guide-for-channel-teams,200.0,2026-05-13T20:14:35+00:00,2026-04-06T12:00:00+00:00,2026-04-27T15:11:30+00:00,jsonld,jsonld,
https://medium.com/coinmonks/the-best-ai-tools-for-business-in-2026-74d1aa96c9dc,200.0,,2026-03-23T15:37:01+00:00,2026-03-23T15:37:01+00:00,jsonld,jsonld,
https://www.tsia.com/blog/the-state-of-channel-partnerships-2026-ai,200.0,2026-05-13T20:14:35+00:00,,,,,
https://www.introw.io/blog/channel-partner-management,200.0,2026-05-13T20:14:35+00:00,,,,,
https://www.thechannelco.com/article/2026-tech-channel-roadmap,200.0,2026-04-28T20:43:31+00:00,,,,,
https://secondbody.ai/good-content/what-is-sales-enablement,200.0,2026-05-13T20:10:20+00:00,,,,,
https://dealroom.net/faq/valuation-methods,200.0,2026-05-13T17:13:11+00:00,2023-03-12T00:00:00,2026-01-21T00:00:00,jsonld,jsonld,
https://www.ibexbeyond.com/how-to-value-a-business-9-key-methods/,200.0,,2025-11-13T07:36:55+00:00,2026-01-20T23:49:11+00:00,jsonld,jsonld,
https://wabusinessvaluations.com.au/2025/04/24/valuation-of-a-company/,429.0,,,,,,
https://www.mncpa.org/resources/publications/interest-areas/internal-articles/step-by-step-guide-to-set-up-an-esop/,200.0,,,,,,
https://www.jobaajlearnings.com/blog/cheat-sheet-top-10-valuation-methods,200.0,,2025-06-03T00:00:00,2025-09-08T00:00:00,jsonld,jsonld,
https://www.ever-help.com/blog/7-essential-customer-satisfaction-metrics-to-track-in-2023,200.0,2026-05-13T20:14:36+00:00,2026-01-13T10:00:00+03:00,2026-04-20T10:00:00+03:00,jsonld,jsonld,
https://online.hbs.edu/blog/post/how-to-value-a-company,200.0,,2017-04-21T04:00:00+00:00,,jsonld,,
https://aws.amazon.com/blogs/publicsector/three-questions-to-build-workforce-readiness-for-ai-transformation-with-pluralsight/,200.0,2026-03-09T23:49:44+00:00,2026-03-05T16:34:57-08:00,2026-03-05T16:34:57-08:00,og,og,
https://www.fastcompany.com/91537924/ai-work-culture-strategy-90-day-plan,403.0,,,,,,
https://www.bcg.com/publications/2026/ai-transformation-is-a-workforce-transformation,403.0,,,,,,
https://www.oliverwyman.com/our-expertise/insights/2025/dec/wealth-management-trends-2026.html,200.0,,2025-12-15T00:00:00,,meta,,
https://bostoninstituteofanalytics.org/blog/investment-banking-valuation-methods-a-comprehensive-guide/,200.0,,2024-06-08T13:15:15+05:30,2026-03-04T09:33:40+05:30,jsonld,jsonld,
https://www.financestrategists.com/financial-advisor/financial-planning/financial-planning-trends/,200.0,2026-05-13T20:14:37+00:00,2023-08-27T08:14:00-07:00,2026-02-23T02:23:10-08:00,jsonld,jsonld,
https://www.schwab.com/learn/story/financial-planning-outlook,200.0,,,,,,
https://www.fnbo.com/insights/wealth/2025/top-trends-shaping-wealth-planning-in-2026,200.0,2026-05-13T19:37:29+00:00,2025-12-18T06:00:00+00:00,2025-12-18T23:09:00+00:00,jsonld,jsonld,
https://www.visier.com/blog/workforce-transformation-strategies-ai-era/,200.0,,,,,,
https://bipwealth.com/2026-financial-planning-guide/,200.0,,2025-12-10T08:15:00+00:00,2026-01-09T16:36:19+00:00,jsonld,jsonld,
https://www.iconiq.com/growth/reports/international-expansion-playbook,200.0,2026-05-13T20:14:37+00:00,,,,,
https://online.hbs.edu/blog/post/global-expansion-strategies,200.0,,2019-07-30T04:00:00+00:00,,jsonld,,
https://www.reddit.com/r/LocalLLaMA/comments/1r9ihg7/a_trick_to_slightly_improve_the_response_accuracy/,200.0,,,,,,
https://en.wikipedia.org/wiki/Executive_Order_14110,403.0,,,,,,
https://www.liminal.ai/blog/multi-model-vs-single-provider-ai-platforms,200.0,2026-05-13T20:14:38+00:00,,,,,
https://www.incorpx.io/blog/co-founder-equity-split-india,200.0,,2026-02-10T21:26:11+00:00,2026-02-10T21:26:11+00:00,jsonld,jsonld,
https://www.jpmorgan.com/insights/business-planning/guide-to-expanding-your-business-internationally,200.0,2026-05-13T20:00:59+00:00,,,,,
https://aibusiness.com/nlp/meta-6-tips-to-improve-your-prompts-for-llama-2,200.0,2026-05-13T20:14:38+00:00,2024-01-29T22:00:00+00:00,2024-04-19T07:42:51.692000+00:00,jsonld,jsonld,
https://ltx.studio/blog/ai-video-generation-cost,200.0,2026-05-13T20:14:39+00:00,2026-01-26T13:11:31.711000+00:00,2026-03-22T13:07:12.049000+00:00,jsonld,jsonld,
https://www.mindstudio.ai/blog/ai-filmmaking-cost-breakdown-2026,200.0,2026-05-11T18:34:44+00:00,2026-03-27T00:00:00+00:00,2026-03-27T00:00:00+00:00,jsonld,jsonld,
https://www.helicone.ai/blog/the-complete-llm-model-comparison-guide,200.0,,,,,,
https://fairdataihub.org/blog/rag-setup,200.0,,,,,,
https://blog.premai.io/rag-evaluation-metrics-frameworks-testing-2026/,404.0,,,,,,
https://oneuptime.com/blog/post/2026-01-30-rag-architecture-implementation/view,200.0,,2026-01-30T00:00:00+00:00,2026-01-30T00:00:00+00:00,jsonld,jsonld,
https://openreview.net/forum?id=FSDxP3ZpAx,200.0,,,,,,
https://medium.com/@angelosorte1/rag-architectures-every-ai-developer-must-know-in-2026-a-complete-guide-with-examples-ea59471aeb01,200.0,,2026-02-25T23:32:35+00:00,2026-02-25T23:32:35+00:00,jsonld,jsonld,
https://tensorwave.com/blog/llm-model-comparison,200.0,,2025-05-13T11:36:30-07:00,2025-05-13T11:44:17-07:00,og,og,
https://zapier.com/blog/best-ai-video-generator/,200.0,,2023-03-28T00:00:00,2026-02-09T00:00:00,jsonld,jsonld,
https://gordicaleksa.medium.com/eli5-flash-attention-5c44017022ad,200.0,,2023-07-18T12:19:09+00:00,2024-11-01T12:53:15+00:00,jsonld,jsonld,
https://www.reddit.com/r/LocalLLaMA/comments/1l4xiwg/whats_the_case_against_flash_attention/,200.0,,,,,,
https://www.reddit.com/r/LocalLLaMA/comments/1jcsvys/how_much_does_flash_attention_affect_intelligence/,200.0,,,,,,
https://www.datacamp.com/blog/flash-attention,200.0,,2026-02-03T22:00:00+00:00,,jsonld,,
https://medium.com/@swatipatel108/the-death-of-fine-tuning-lora-qlora-adapters-and-soft-prompts-in-production-2025-d9309e0b4d69,200.0,,2026-01-18T16:41:04+00:00,2026-01-18T16:44:56+00:00,jsonld,jsonld,
https://www.index.dev/blog/top-ai-fine-tuning-tools-lora-vs-qlora-vs-full,200.0,,,,,,
https://yashugupta-gupta11.medium.com/understanding-flash-attention-fueling-large-language-models-b037ad02c456,200.0,,2023-07-25T13:55:08+00:00,2023-07-25T13:55:08+00:00,jsonld,jsonld,
https://blog.laozhang.ai/en/posts/how-much-does-ai-video-generator-cost,200.0,,2026-03-05T00:00:00,2026-03-05T00:00:00,jsonld,jsonld,
https://www.emergentmind.com/topics/flash-attention-in-low-precision-settings,200.0,2026-02-24T19:24:05+00:00,,,,,
https://arxiv.org/html/2510.04212v1,200.0,2025-10-07T00:58:04+00:00,,,,,
https://www.mindstudio.ai/blog/google-agi-benchmark-10-cognitive-dimensions,200.0,2026-05-12T06:01:04+00:00,2026-04-16T00:00:00+00:00,2026-04-16T00:00:00+00:00,jsonld,jsonld,
https://aiexpjourney.substack.com/p/flash-attention-underlying-principles-explained-44804a9e25ce,200.0,,2023-12-17T16:01:46+00:00,2023-12-17T16:01:46+00:00,jsonld,jsonld,
https://towardsai.net/p/machine-learning/accelerating-ai-a-deep-dive-into-flash-attention-and-its-impacts,200.0,,2025-02-04T18:02:01,2025-02-04T19:04:32,jsonld,jsonld,
https://towardsdatascience.com/flash-attention-fast-and-memory-efficient-exact-attention-with-io-awareness-a-deep-dive-724af489997b/,200.0,,2024-05-29T14:06:44+00:00,2025-01-23T14:08:59+00:00,jsonld,jsonld,
https://arxiv.org/html/2603.13372v1,200.0,2026-03-17T00:08:54+00:00,,,,,
https://catdoes.com/blog/agi-for-developers-2026,200.0,2026-05-12T08:43:08+00:00,2026-04-24T00:00:00+00:00,,time_tag,,
https://aws.amazon.com/what-is/artificial-general-intelligence/,200.0,2026-04-29T19:05:41+00:00,,,,,
https://www.reddit.com/r/singularity/comments/1r3a6l7/fran%C3%A7ois_chollet_arc4_is_in_the_works_to_be/,200.0,,,,,,
https://en.wikipedia.org/wiki/Artificial_general_intelligence,200.0,2026-05-13T16:34:01+00:00,,,,,
https://arcprize.org/blog/arc-agi-3-launch,200.0,,,,,,
https://www.reddit.com/r/Automate/comments/1o2vmrs/just_watched_a_startup_burn_15kmonth_on/,200.0,,,,,,
https://milvus.io/ai-quick-reference/what-are-biencoders-and-crossencoders-and-when-should-i-use-each,200.0,,,,,,
https://medium.com/@sujathamudadla1213/bi-encoder-vs-cross-encoder-when-to-use-which-one-4a20edbe6d37,200.0,,2023-11-13T09:14:15+00:00,2023-11-13T09:14:15+00:00,jsonld,jsonld,
https://simonleewm.medium.com/mastering-image-editing-with-imagen-3-on-google-cloud-95361c150626,200.0,,2026-01-10T14:36:54+00:00,2026-01-27T06:27:11+00:00,jsonld,jsonld,
https://www.velodb.io/glossary/bi-encoder-vs-cross-encoder,200.0,,,,,,
https://www.timetrex.com/blog/artificial-general-intelligence-in-2026,200.0,2026-05-13T02:00:08+00:00,2026-03-30T23:25:16+00:00,2026-03-30T23:37:54+00:00,jsonld,jsonld,
https://weaviate.io/blog/weaviate-1-34-release,200.0,,2025-11-11T00:00:00+00:00,,og,,
https://www.comet.com/site/blog/retrieval-augmented-generation/,200.0,,2026-02-19T13:17:39+00:00,2026-02-19T17:49:14+00:00,og,og,
https://www.coscipress.com/journal/JAICS/article/7d0b54e3aed4502a3e44a4fb42d4aad4,200.0,,,,,,
https://docs.weaviate.io/weaviate/best-practices,200.0,,,,,,
https://towardsdatascience.com/advanced-rag-retrieval-cross-encoders-reranking/,200.0,,2026-04-11T15:00:00+00:00,2026-04-13T03:26:49+00:00,jsonld,jsonld,
https://www.forbes.com/sites/johnwerner/2025/08/19/evolving-models-and-games-are-we-near-agi/,200.0,,2025-08-19T00:00:00,2025-08-19T00:00:00,og,og,
https://thecreatorsai.com/p/pika-labs-tutorial-use-prompts-and,200.0,,2023-12-05T17:08:34+00:00,2023-12-05T17:08:34+00:00,jsonld,jsonld,
https://pikalabs.org/pika-1-0-tutorial-for-beginners/,200.0,,2024-01-03T08:14:33+00:00,,jsonld,,
https://www.oracle.com/database/vector-database/weaviate/,200.0,2026-05-12T02:26:57+00:00,2025-03-18T00:00:00,,jsonld,,
https://medium.com/@elenech/gemini-explained-the-models-capabilities-comparisons-with-gpt-4-and-limitations-769e3464ffd5,200.0,,2023-12-07T10:41:48+00:00,2023-12-07T10:41:48+00:00,jsonld,jsonld,
https://ai.google.dev/gemini-api/docs/models,200.0,2026-05-07T14:52:55+00:00,,,,,
https://blog.google/innovation-and-ai/technology/ai/google-gemini-ai/,200.0,,2023-12-06T15:00:00+00:00,2024-09-27T17:52:40.517422+00:00,jsonld,jsonld,
https://www.eesel.ai/blog/pika-ai-review,200.0,,2025-11-06T00:00:00+00:00,2025-11-14T00:00:00+00:00,jsonld,jsonld,
https://domoai.app/blog/pika-labs-pricing,200.0,2026-05-13T20:14:45+00:00,2026-03-04T10:32:35.656000+00:00,2026-03-04T10:05:29.254000+00:00,jsonld,jsonld,
https://www.reddit.com/r/ask/comments/1g2nrks/free_ai_image_to_video_generators_pika_is_really/,200.0,,,,,,
https://ai.google.dev/gemini-api/docs/imagen,200.0,2026-04-28T03:23:11+00:00,,,,,
https://magichour.ai/blog/pika-labs-pricing,200.0,,2026-03-13T12:00:00+00:00,2026-03-14T16:25:53.742000+00:00,jsonld,jsonld,
https://openclawlaunch.com/guides/best-mcp-servers,200.0,,2026-03-03T00:00:00,2026-03-03T00:00:00,jsonld,jsonld,
https://www.reddit.com/r/SaaS/comments/1rcgd85/how_long_does_it_actually_take_to_get_an_ai_saas/,200.0,,,,,,
https://docs.cloud.google.com/vertex-ai/generative-ai/docs/models,200.0,2026-05-11T21:40:29+00:00,,,,,
https://watercrawl.dev/blog/Beyond-Simple-Embeddings,200.0,,2025-08-30T00:00:00,,og,,
https://www.ibm.com/think/topics/google-gemini,200.0,2026-05-13T20:14:45+00:00,,2025-11-17T21:06:05.926000+00:00,,jsonld,
https://aiflowreview.com/weaviate-cloud-review-2026/,200.0,,2026-01-11T12:53:41+00:00,2026-01-12T13:02:25+00:00,jsonld,jsonld,
https://huggingface.co/blog/moe,200.0,,2023-12-11T00:00:00.312000+00:00,,jsonld,,
https://news.crunchbase.com/venture/record-breaking-funding-ai-global-q1-2026/,200.0,,2026-04-01T11:00:06+00:00,2026-04-01T18:56:44+00:00,jsonld,jsonld,
https://michielh.medium.com/moe-mixture-of-experts-for-dummies-d1a7e14c1846,200.0,,2025-04-08T20:01:39+00:00,2025-04-16T20:40:22+00:00,jsonld,jsonld,
https://investomation.com/blog/limitations-of-dall-e-3-part-2,404.0,,,,,,
https://www.mckinsey.com/capabilities/tech-and-ai/our-insights/superagency-in-the-workplace-empowering-people-to-unlock-ais-full-potential-at-work,,,,,,,"('Connection aborted.', RemoteDisconnected('Remote end closed connection without response'))"
https://medium.com/jonathans-musings/ai-startups-you-should-know-48d69d1ddf61,200.0,,2026-05-05T23:37:33+00:00,2026-05-05T23:37:33+00:00,jsonld,jsonld,
https://pmc.ncbi.nlm.nih.gov/articles/PMC12894337/,200.0,,,,,,
https://www.datacamp.com/blog/top-vision-language-models,200.0,,2025-07-28T23:00:00+00:00,,jsonld,,
https://openai.com/index/dall-e-3/,200.0,,,,,,
https://community.openai.com/t/collection-of-dall-e-3-prompting-tips-issues-and-bugs-check-first-post/889278,200.0,,2024-08-01T02:19:18.343000+00:00,,jsonld,,
https://mashable.com/article/chat-gpt-dall-e-3-image-limits,200.0,2026-05-13T20:14:47+00:00,2023-10-21T20:11:29+00:00,,jsonld,,
https://fireworks.ai/blog/best-open-source-llms,200.0,,2026-01-13T00:00:00,,time_tag,,
https://wellows.com/blog/ai-startups/,200.0,2026-05-13T19:01:30+00:00,2026-04-01T01:05:35+00:00,2026-04-01T05:19:49+00:00,jsonld,jsonld,
https://www.fool.com/investing/stock-market/market-sectors/information-technology/ai-stocks/ai-startups/,200.0,2026-05-13T20:14:47+00:00,2026-02-10T04:22:26.938000+00:00,2026-02-10T04:22:26.938000+00:00,jsonld,jsonld,
https://www.reddit.com/r/LocalLLaMA/comments/1ilkamr/a_comprehensive_overview_of_everything_i_know/,200.0,,,,,,
https://www.reddit.com/r/singularity/comments/1pzquum/what_will_happen_with_ai_in_2026_what_kind_of/,200.0,,,,,,
https://www.lakera.ai/blog/llm-fine-tuning-guide,200.0,2026-05-13T20:14:48+00:00,,,,,
https://appscrip.com/blog/best-ai-startup-ideas/,200.0,2026-05-13T07:36:21+00:00,2026-05-06T10:32:41+05:30,2026-05-12T11:29:05+05:30,jsonld,jsonld,
https://www.clarifai.com/blog/8-tips-to-train-and-fine-tune-machine-learning-models,200.0,2026-05-07T04:26:28+00:00,2023-11-10T16:53:53+00:00,2026-01-13T20:34:32.806000+00:00,jsonld,jsonld,
https://www.ibm.com/think/topics/mixture-of-experts,200.0,2026-05-13T20:14:48+00:00,,2025-11-17T21:07:26.345000+00:00,,jsonld,
https://www.presidency.ucsb.edu/documents/executive-order-14110-safe-secure-and-trustworthy-development-and-use-artificial,200.0,2026-05-13T17:50:03+00:00,,,,,
https://gurusup.com/blog/best-multi-agent-frameworks-2026,200.0,,2026-05-02T12:43:12.175000+00:00,2026-05-02T12:43:09.679000+00:00,jsonld,jsonld,
https://www.imagine.art/blogs/imagen-3-vs-mid-journey-vs-imagine-art,200.0,,,,,,
https://www.preprints.org/manuscript/202602.0537,403.0,,,,,,
https://epoch.ai/gradient-updates/how-has-deepseek-improved-the-transformer-architecture,200.0,,,,,,
https://pubs.rsc.org/en/content/articlehtml/2026/py/d5py01177a,200.0,,,,,,
https://huggingface.co/blog/rishiraj/what-changed-in-the-transformer-architecture,200.0,,2025-03-08T22:41:51.680000+00:00,2025-03-08T22:43:15.353000+00:00,jsonld,jsonld,
https://www.bakerdonelson.com/President-Bidens-AI-Executive-Order-What-Private-Sector-Organizations-Need-to-Consider,200.0,,,,,,
https://pubs.rsc.org/en/content/articlehtml/2026/ra/d5ra09944g,200.0,,,,,,
https://pub.towardsai.net/top-ai-agent-frameworks-in-2026-a-production-ready-comparison-7ba5e39ad56d,200.0,,2026-04-01T13:01:01+00:00,2026-04-20T06:29:54+00:00,jsonld,jsonld,
https://www.researchgate.net/publication/391524204_Business_model_revisited_a_novel_canvas_for_digital_transformation,403.0,,,,,,
https://medium.com/@gaurvi.i.vishnoi/the-rise-of-mixture-of-experts-how-moe-is-reshaping-ai-in-2026-45a47bfa4dfc,200.0,,2026-04-18T07:42:20+00:00,2026-04-18T07:42:20+00:00,jsonld,jsonld,
https://towardsdatascience.com/increasing-transformer-model-efficiency-through-attention-layer-optimization-fefa6f87b1d6/,200.0,,2024-11-18T20:16:54+00:00,2025-01-13T14:12:01+00:00,jsonld,jsonld,
https://www.youngju.dev/blog/ai-papers/2026-03-04-ai-papers-mixture-of-experts-scaling-2026.en,200.0,2026-04-24T21:59:26+00:00,2026-03-04T00:00:00+00:00,2026-03-04T00:00:00+00:00,jsonld,jsonld,
https://www.mindstudio.ai/blog/gemma-4-mixture-of-experts-architecture-explained,200.0,2026-05-11T17:23:06+00:00,2026-04-07T00:00:00+00:00,2026-04-07T00:00:00+00:00,jsonld,jsonld,
https://safe.ai/ai-risk,200.0,2026-05-13T20:14:51+00:00,,,,,
https://www.titanxt.io/post/imagen-3-vs-midjourney-a-visual-faceoff,200.0,,2025-04-24T14:31:12.052000+00:00,2025-04-24T14:31:12.052000+00:00,jsonld,jsonld,
https://justinlevitt.medium.com/clone-your-voice-with-ai-elevenlabs-review-c43032c81d2e,200.0,,2025-10-22T18:06:58+00:00,2025-10-31T19:05:15+00:00,jsonld,jsonld,
https://northflank.com/blog/7-best-ai-cloud-providers,200.0,,,,,,
https://www.apu.apus.edu/area-of-study/information-technology/resources/generative-ai-security-risks/,200.0,,2026-01-27T00:00:00+00:00,2026-01-27T13:04:42+00:00,jsonld,jsonld,
https://community.adobe.com/questions-404/i-was-trying-to-generate-a-video-using-pika-it-never-generated-my-video-yet-to-docked-me-the-125-generative-credits-1547720,200.0,,,,,,
https://www.digitalocean.com/resources/articles/what-is-llamaindex,200.0,,,2026-03-12T04:39:56.945000+00:00,,time_tag,
https://medium.com/@reliabledataengineering/rag-is-dead-and-why-thats-the-best-news-you-ll-hear-all-year-0f3de8c44604,200.0,,2026-01-11T07:53:49+00:00,2026-01-11T07:54:12+00:00,jsonld,jsonld,
https://www.cloud4u.com/blog/ai-ml-providers-ranking/,200.0,,,,,,
https://squirro.com/squirro-blog/state-of-rag-genai,200.0,2026-05-07T04:07:30+00:00,2026-01-18T23:15:00+00:00,2026-04-13T08:03:17.754000+00:00,jsonld,jsonld,
https://www.exxactcorp.com/blog/deep-learning/top-5-tips-for-fine-tuning-llms,200.0,,,,,,
https://www.reddit.com/r/Rag/comments/1shqrwv/production_rag_stack_in_2026_what_are_people/,200.0,,,,,,
https://www.lalal.ai/blog/how-to-create-custom-voices-with-ai-voice-cloning/,200.0,,2025-09-25T14:54:00+00:00,2025-10-03T16:05:54+00:00,jsonld,jsonld,
https://arxiv.org/abs/1707.09835,200.0,2017-09-29T00:09:34+00:00,,,,,
https://pubmed.ncbi.nlm.nih.gov/37030677/,403.0,,,,,,
https://www.reddit.com/r/MistralAI/comments/1snyyvp/how_are_startups_using_ai_for_business/,200.0,,,,,,
https://www.subian-electric.com/blog/2026-transformer-trends-and-innovations/,200.0,2026-02-16T19:08:54+00:00,2026-02-17T15:48:38+00:00,,jsonld,,
https://aishwaryasrinivasan.substack.com/p/all-you-need-to-know-about-rag-in,200.0,,2026-03-21T16:59:51+00:00,2026-03-21T16:59:51+00:00,jsonld,jsonld,
https://www.pcbb.com/bid/2026-04-06-ma-in-2026-when-merging-makes-sense,,,,,,,"HTTPSConnectionPool(host='www.pcbb.com', port=443): Max retries exceeded with url: /bid/2026-04-06-ma-in-2026-when-merging-makes-sense (Caused by ConnectTimeoutError(<HTTPSConnection(host='www.pcbb.co"
https://community.heygen.com/public/resources/best-practices-for-cloning-your-voice,200.0,,2024-04-10T23:16:48.614000+00:00,2026-03-03T22:07:54.407000+00:00,jsonld,jsonld,
https://www.reddit.com/r/google/comments/1djr9xa/dramatically_improve_gemini_advanced_performance/,200.0,,,,,,
https://www.frontiersin.org/journals/computational-neuroscience/articles/10.3389/fncom.2022.1075294/full,200.0,,2023-01-05T00:00:00,2026-05-13T00:00:00,jsonld,jsonld,
https://www.reddit.com/r/Bard/comments/1q86r2o/how_to_get_gemini_to_provide_more_detailed/,200.0,,,,,,
https://foundationcapital.com/ideas/where-ai-is-headed-in-2026,200.0,2026-05-13T19:18:56+00:00,2025-12-30T00:00:00+00:00,,time_tag,,
https://medium.com/@YanAIx/step-by-step-into-gpt-70bc4a5d8714,200.0,,2022-09-02T21:04:23+00:00,2022-09-02T21:04:23+00:00,jsonld,jsonld,
https://docs.cloud.google.com/vertex-ai/generative-ai/docs/models/gemini-use-supervised-tuning,200.0,2026-05-13T18:14:44+00:00,,,,,
https://www.geeksforgeeks.org/artificial-intelligence/introduction-to-generative-pre-trained-transformer-gpt/,200.0,,2024-05-27T11:41:44,2026-05-09T03:01:01,jsonld,jsonld,
https://aayushgarg.dev/posts/2025-09-08-building-gpt-from-scratch.html,200.0,2026-05-13T04:27:01+00:00,,,,,
https://jaketae.github.io/study/gpt/,200.0,2024-12-19T12:23:33+00:00,2021-02-15T00:00:00+00:00,,og,,
https://www.udacity.com/blog/how-to-build-a-gpt-model-a-beginners-guide-to-language-ai/,200.0,,2025-02-18T21:39:28+00:00,2025-02-20T00:09:26+00:00,jsonld,jsonld,
https://www.zdnet.com/article/want-better-gemini-responses-try-these-10-tricks-google-says/,200.0,2026-05-13T18:24:28+00:00,2025-11-24T16:53:10+00:00,2025-11-24T16:53:10+00:00,jsonld,jsonld,
https://www.snowflake.com/en/lp/building-startup-ai-age/,200.0,2026-05-13T20:02:55+00:00,,,,,
https://dugas.ch/artificial_curiosity/GPT_architecture.html,200.0,2026-04-03T06:59:45+00:00,,,,,
https://www.presidency.ucsb.edu/documents/icymi-biden-harris-administration-secures-voluntary-commitments-from-leading-artificial,200.0,2026-05-13T18:48:43+00:00,,,,,
https://arxiv.org/abs/2602.23940,200.0,2026-03-02T01:40:55+00:00,,,,,
https://cloud.google.com/transform/top-five-gen-ai-tuning-use-cases-gemini-hundreds-of-orgs,200.0,,2025-02-05T00:00:00,,jsonld,,
https://www.tandfonline.com/doi/full/10.1080/00396338.2026.2620282,403.0,,,,,,
https://www.littler.com/news-analysis/asap/president-biden-issues-landmark-artificial-intelligence-executive-order,200.0,2026-05-13T07:02:30+00:00,2023-10-31T12:00:00,2023-10-31T12:33:27-05:00,jsonld,jsonld,
https://www.federalregister.gov/documents/2023/11/01/2023-24283/safe-secure-and-trustworthy-development-and-use-of-artificial-intelligence,200.0,,2023-11-01T00:00:00,,og,,
https://pmc.ncbi.nlm.nih.gov/articles/PMC10848624/,200.0,,,,,,
https://ieeexplore.ieee.org/document/10307046/,200.0,,,,,,
https://arxiv.org/html/2512.03233v1,200.0,2025-12-04T01:07:56+00:00,,,,,
https://www.brookings.edu/articles/one-year-later-how-has-the-white-house-ai-executive-order-delivered-on-its-promises/,200.0,2026-05-13T20:14:55+00:00,2024-11-04T20:11:03+00:00,2025-10-28T18:38:04+00:00,jsonld,jsonld,
https://www.workforcebulletin.com/the-white-house-releases-blueprint-for-an-ai-bill-of-rights-making-automated-systems-work-for-the-american-people,200.0,,2022-10-12T00:00:00,,time_tag,,
https://www.reddit.com/r/singularity/comments/1creamu/gpt4o_vs_gpt4/,200.0,,,,,,
https://pmc.ncbi.nlm.nih.gov/articles/PMC12407253/,200.0,,,,,,
https://www.reddit.com/r/Rag/comments/1j2krli/is_llamaindex_actually_helpful/,200.0,,,,,,
https://www.eachlabs.ai/blog/fast-video-prototyping-techniques-with-pika-video,200.0,,2026-02-05T07:27:03+00:00,2026-02-12T10:04:11+00:00,jsonld,jsonld,
https://peerj.com/articles/cs-1859/,200.0,2026-05-13T19:14:56+00:00,,,,,
https://slashdot.org/software/p/Imagen-3/alternatives,403.0,,,,,,
https://medium.com/@nludhami/gpt-4-pinnacle-of-zero-shot-learning-cb38f4f7ba4f,200.0,,2023-08-02T13:40:11+00:00,2023-08-02T13:52:04+00:00,jsonld,jsonld,
https://pmc.ncbi.nlm.nih.gov/articles/PMC11470580/,200.0,,,,,,
https://mostly.ai/blog/benchmarking-synthetic-text-generation-mostly-ai-vs-gpt-4o-mini-in-wine-review-prediction,200.0,2026-03-26T08:06:36+00:00,2024-10-01T16:01:57+00:00,2024-10-02T11:09:02+00:00,jsonld,jsonld,
https://policyreview.info/articles/analysis/general-purpose-ai-regulation-and-ai-act,200.0,,2023-12-11T22:00:00+01:00,,time_tag,,
https://cybernews.com/tech/pika-artificial-intelligence-video-generator/,200.0,2026-05-13T20:14:57+00:00,2024-10-04T08:41:20+00:00,2024-10-04T08:41:20+00:00,jsonld,jsonld,
https://epoch.ai/benchmarks/gpqa-diamond,200.0,,,,,,
https://dev.to/matt_frank_usa/model-serving-infrastructure-building-scalable-inference-2gf1,200.0,,2026-02-23T18:01:25+00:00,2026-02-23T18:01:25+00:00,jsonld,jsonld,
https://learn.microsoft.com/en-us/dotnet/ai/vector-stores/overview,200.0,2026-04-09T21:34:53+00:00,,,,,
https://www.frontiersin.org/journals/research-metrics-and-analytics/articles/10.3389/frma.2025.1684137/full,200.0,,2025-11-10T00:00:00,2026-05-13T00:00:00,jsonld,jsonld,
https://www.mindstudio.ai/blog/gpqa-benchmark-graduate-level-google-proof-qa-creator-limits,200.0,2026-05-12T01:49:55+00:00,2026-05-05T00:00:00+00:00,2026-05-05T00:00:00+00:00,jsonld,jsonld,
https://intuitionlabs.ai/articles/gpqa-diamond-ai-benchmark,200.0,,2025-10-24T12:00:00+00:00,2026-03-03T05:41:14.355000+00:00,jsonld,jsonld,
https://rhesis.ai/post/picking-agentic-framework-2026,200.0,2026-05-07T14:24:23+00:00,2026-03-01T00:00:00,2026-03-01T00:00:00,jsonld,jsonld,
https://pricepertoken.com/leaderboards/benchmark/gpqa,200.0,2026-05-13T20:04:33+00:00,,,,,
https://journals.plos.org/plosone/article?id=10.1371%2Fjournal.pone.0313401,200.0,,,,,,
https://cuty.ai/article/aigc/top-10-alternatives-to-pika-labs-that-work-well,200.0,,,,,,
https://medium.com/@victor.arango93/pre-training-fine-tuning-instruction-tuning-whats-the-difference-35cf0b0172c3,200.0,,2025-03-09T14:02:29+00:00,2025-03-09T14:02:29+00:00,jsonld,jsonld,
https://www.geeksforgeeks.org/artificial-intelligence/difference-between-fine-tuning-supervised-fine-tuning-sft-and-instruction-fine-tuning/,200.0,,2025-03-26T05:14:00,2025-07-23T06:14:35,jsonld,jsonld,
https://www.reddit.com/r/ClaudeAI/comments/1pp3b85/best_way_to_avoid_claude_pro_session_limits/,200.0,,,,,,
https://blog.futuresmart.ai/gpt-4-semantic-search-and-vector-databases-revolutionizing-question-answering,200.0,,2023-03-30T19:29:14.021000+00:00,2023-03-30T19:29:14.022000+00:00,jsonld,jsonld,
https://dev.to/benchgecko/how-to-compare-ai-models-without-getting-fooled-by-benchmarks-p81,200.0,,2026-04-21T12:01:20+00:00,2026-04-21T12:03:06+00:00,jsonld,jsonld,
https://www.reddit.com/r/claude/comments/1rmojc0/how_to_avoid_limits/,200.0,,,,,,
https://medium.com/no-time/how-to-never-hit-claudes-usage-limit-again-3-proven-methods-e248208f5b0a,200.0,,2026-04-19T19:40:48+00:00,2026-04-19T19:40:48+00:00,jsonld,jsonld,
https://alicelabs.ai/en/insights/best-ai-agent-frameworks-2026,200.0,,2026-04-15T00:00:00,,jsonld,,
https://medium.com/@asmafarhan2000/how-brands-are-measuring-ai-search-visibility-in-2026-2326d17db287,200.0,,2026-05-08T17:21:00+00:00,2026-05-08T17:21:00+00:00,jsonld,jsonld,
https://www.digitaldividedata.com/blog/instruction-tuning-vs-fine-tuning-what-the-data-difference-means-for-your-model,200.0,2026-05-13T19:38:15+00:00,2026-04-01T18:36:06+00:00,2026-04-08T15:02:36+00:00,jsonld,jsonld,
https://letsdatascience.com/blog/open-source-vs-closed-llms-choosing-the-right-model-in-2026,200.0,2026-05-13T20:14:59+00:00,2026-02-11T21:10:19.542000+00:00,2026-03-27T02:19:25+00:00,jsonld,jsonld,
https://www.airops.com/blog/ai-visibility-metrics,200.0,2026-05-13T20:14:59+00:00,2026-01-16T00:00:00,,jsonld,,
https://www.airops.com/blog/ai-search-metrics,200.0,2026-05-13T20:14:59+00:00,,,,,
https://karthikeyanrathinam.medium.com/top-10-vector-databases-in-2026-ultimate-comparison-benchmarks-use-cases-6b0e878256b5,200.0,,2026-03-26T05:15:40+00:00,2026-03-26T05:15:40+00:00,jsonld,jsonld,
https://pub.towardsai.net/building-a-modern-rag-pipeline-in-2026-qwen3-embeddings-and-vector-database-in-qdrant-ebeca2bbe338,200.0,,2026-02-17T16:01:02+00:00,2026-02-19T08:05:42+00:00,jsonld,jsonld,
https://www.erlin.ai/blog/chatgpt-search-seo,200.0,2026-05-13T08:20:36+00:00,2026-05-07T00:00:00+00:00,,jsonld,,
https://www.digitalapplied.com/blog/ai-search-seo-statistics-2026-definitive-collection,200.0,,2026-04-03T00:00:00+01:00,2026-04-03T00:00:00+01:00,jsonld,jsonld,
https://aizolo.com/blog/how-to-compare-ai-models-in-seconds-the-smart-way-to-choose-your-perfect-ai-assistant/,200.0,,2025-11-18T16:55:37+05:30,2026-02-21T10:43:19+05:30,jsonld,jsonld,
https://www.ferventers.com/blogs/chatgpt-seo-tracking,200.0,2026-05-02T10:41:42+00:00,,,,,
https://www.reddit.com/r/digital_marketing/comments/1t4dh10/seo_in_2026_feels_completely_different_are_we_all/,200.0,,,,,,
https://www.mdpi.com/2079-9292/14/17/3512,403.0,,,,,,
https://www.tandfonline.com/doi/full/10.1080/14992027.2025.2569927,403.0,,,,,,
https://www.frase.io/blog/the-10-best-ai-visibility-tools-in-2026,200.0,,2026-02-18T10:29:00+00:00,2026-03-22T00:59:01+00:00,jsonld,jsonld,
https://pmc.ncbi.nlm.nih.gov/articles/PMC11981593/,200.0,,,,,,
https://envisionitagency.com/blog/2026-seo-predictions/,200.0,2026-05-12T15:25:53+00:00,2025-12-12T15:06:53+00:00,2025-12-13T15:54:59+00:00,jsonld,jsonld,
https://artificialanalysis.ai/models,200.0,,,,,,
https://experienceleague.adobe.com/en/docs/llm-optimizer/using/essentials/best-practices,200.0,2026-05-13T14:27:35+00:00,,,,,
https://www.reddit.com/r/seogrowth/comments/1nniggd/5_ways_to_optimize_for_ai_search_in_2025_chatgpt/,200.0,,,,,,
https://www.ibm.com/think/topics/instruction-tuning,200.0,2026-05-13T20:15:01+00:00,,2025-11-17T13:43:59.010000+00:00,,jsonld,
https://www.averi.ai/how-to/10-seo-trends-for-2026-that-will-actually-impact-your-startup-s-growth,200.0,2026-05-13T13:03:30+00:00,2026-02-19T00:00:00+00:00,,time_tag,,
https://www.semrush.com/blog/visual-search/,200.0,,2024-03-21T16:27:00+00:00,2025-07-04T08:29:00+00:00,jsonld,jsonld,
https://medium.com/@chris.essey/visual-search-optimization-by-chris-essey-essey-marketing-882675371182,200.0,,2025-04-06T15:46:34+00:00,2025-04-06T15:46:34+00:00,jsonld,jsonld,
https://www.fourfront.us/blog/marketing-trends-2026/,200.0,2026-05-11T15:58:13+00:00,2025-10-01T16:45:13+00:00,2025-10-01T12:45:13+00:00,jsonld,og,
https://about.ads.microsoft.com/en/blog/post/october-2025/optimizing-your-content-for-inclusion-in-ai-search-answers,200.0,2026-05-13T20:00:45+00:00,2025-10-08T00:00:00,,jsonld,,
https://zerogravitymarketing.com/blog/images-for-seo-success,200.0,,2025-01-29T17:50:06,,og,,
https://www.reddit.com/r/AskMarketing/comments/1ok11kw/stop_ignoring_image_seo_its_a_goldmine_for_traffic/,200.0,,,,,,
https://www.reddit.com/r/GeminiAI/comments/1rrw7cf/how_reliable_are_gemini_gems_for_research_and/,200.0,,,,,,
https://www.connectionmodel.com/blog/optimizing-for-visual-search-the-next-big-seo-frontier,200.0,2026-05-07T02:18:32+00:00,,,,,
https://contentpen.ai/blog/ai-search-optimization-tools,200.0,,2026-04-28T09:51:54,2026-05-08T04:49:45,jsonld,jsonld,
https://searchengineland.com/relevance-is-the-new-ranking-signal-how-ai-search-redefines-optimization-455316,200.0,2025-05-12T17:00:42+00:00,2025-05-13T14:00:00+00:00,,jsonld,,
https://felloai.com/chatgpt-pricing-guide-free-go-plus-pro-alternatives-october-2025/,200.0,2026-05-13T18:26:31+00:00,2026-04-24T16:37:32+00:00,2026-05-12T16:11:23+00:00,jsonld,jsonld,
https://tinyrituals.co/blogs/tiny-rituals/gemini-birthstones-the-ultimate-guide-to-their-meanings-and-use,200.0,,2020-05-28T06:12:00+00:00,2025-02-14T23:23:35+00:00,jsonld,jsonld,
https://www.bracai.eu/post/gpqa-benchmark-leaderboard,200.0,,2024-07-17T15:02:15.644000+00:00,2026-03-30T09:51:35.383000+00:00,jsonld,jsonld,
https://www.cloudzero.com/blog/how-much-does-chatgpt-cost/,200.0,,2026-04-30T14:19:32+00:00,2026-05-01T15:22:11+00:00,jsonld,jsonld,
https://www.naturalhealinggems.com/gemini,200.0,,,,,,
https://api.stackexchange.com/docs/throttle,200.0,,,,,,
https://www.finout.io/blog/openai-pricing-in-2026,200.0,2026-05-11T10:30:32+00:00,2026-05-11T08:45:33,2026-05-11T08:45:33,jsonld,jsonld,
https://visible.seranking.com/blog/best-ai-mode-tracking-tools-2026/,200.0,,2026-01-08T13:01:38+00:00,2026-03-13T14:23:58+00:00,jsonld,jsonld,
https://fritz.ai/chatgpt-pricing/,200.0,,2026-04-27T20:11:37+00:00,2026-04-27T20:18:12+00:00,jsonld,jsonld,
https://pmc.ncbi.nlm.nih.gov/articles/PMC12109579/,200.0,,,,,,
https://arxiv.org/abs/2601.00869,200.0,2026-01-06T01:01:35+00:00,,,,,
https://www.gemrockauctions.com/learn/holistic-gemstone-information/gemini-birthstone,200.0,,2022-12-20T00:00:00,2025-06-04T00:00:00,jsonld,jsonld,
https://pmc.ncbi.nlm.nih.gov/articles/PMC12579840/,200.0,,,,,,
https://www.rankability.com/blog/best-ai-search-visibility-tracking-tools/,200.0,2026-05-11T17:14:08+00:00,,,,,
https://owt-india.com/blog/ai-search-optimization/how-ai-search-engines-evaluate-content-key-signals-that-matter/,200.0,,2026-03-21T10:14:27+05:30,2026-05-11T12:09:11+05:30,jsonld,jsonld,
https://pmc.ncbi.nlm.nih.gov/articles/PMC12446425/,200.0,,,,,,
https://intuitionlabs.ai/articles/claude-pricing-plans-api-costs,200.0,,2025-12-01T08:59:00+00:00,2026-04-14T04:43:45.262000+00:00,jsonld,jsonld,
https://htpgemstones.com/blogs/birthstones/gemini-birthstones/,200.0,,2025-05-02T12:29:02+00:00,2025-05-02T12:32:18+00:00,jsonld,jsonld,
https://www.frontiersin.org/journals/communication/articles/10.3389/fcomm.2025.1554551/full,200.0,,2025-07-11T00:00:00,2026-05-13T00:00:00,jsonld,jsonld,
https://ideas.repec.org/a/pal/jobman/v32y2025i4d10.1057_s41262-025-00383-2.html,200.0,,2025-05-13T00:00:00,,jsonld,,
https://psnet.ahrq.gov/perspective/artificial-intelligence-and-patient-safety-promise-and-challenges,200.0,2026-05-13T17:43:26+00:00,2024-03-27T13:09:09+00:00,,time_tag,,
https://www.tomsguide.com/ai/10-chatgpt-prompts-to-help-you-streamline-your-workflow-and-stay-productive-all-day-long,200.0,2026-05-12T16:16:57+00:00,2026-05-08T09:30:00+00:00,2026-05-08T09:30:00+00:00,jsonld,jsonld,
https://www.finout.io/blog/claude-code-pricing-2026,200.0,2026-05-11T10:30:32+00:00,,,,,
https://conversionmarketing.co.nz/conversational-ai-2026-update/,429.0,,,,,,
https://improvado.io/blog/voice-search-seo,200.0,2026-05-13T18:35:05+00:00,2022-09-29T10:05:47-07:00,2026-05-04T13:21:03-07:00,jsonld,jsonld,
https://www.reddit.com/r/AI_Agents/comments/1t66uhw/do_fresh_content_updates_matter_more_for_geo_than/,200.0,,,,,,
https://ahrefs.com/blog/ai-seo-statistics/,200.0,2026-05-13T19:13:26+00:00,2025-09-01T08:57:08+00:00,2025-11-10T13:05:57+00:00,og,og,
https://www.digitallyunique.com/post/10-top-image-search-engines-for-visual-content,200.0,,2025-09-04T16:57:08.923000+00:00,2026-01-19T14:13:33.342000+00:00,jsonld,jsonld,
https://support.microsoft.com/en-us/topic/set-up-voice-access-9fc44e29-12bf-4d86-bc4e-e9bb69df9a0e,200.0,,,,,,
https://www.reddit.com/r/seogrowth/comments/1mf9opy/chatgpt_and_perplexity_love_fresh_content_study/,200.0,,,,,,
https://nightwatch.io/blog/ai-rank-and-brand-tracking-tools/,200.0,,,,,,
https://www.evertune.ai/resources/insights-on-ai/the-10-best-ai-visibility-tools-for-2026,200.0,2026-05-13T20:15:06+00:00,2026-04-28T18:08:23.713000+00:00,2026-04-28T18:08:23.713000+00:00,jsonld,jsonld,
https://www.quantilope.com/resources/best-brand-tracking-software-features-pricing-and-support,200.0,2026-05-13T19:28:29+00:00,2026-02-12T15:03:51+00:00,2026-05-05T15:20:27.978000+00:00,jsonld,jsonld,
https://www.oliveandcompany.com/blog/ai-search-optimization/,200.0,,2025-08-26T13:00:00+00:00,,jsonld,,
https://amplitude.com/compare/best-ai-visibility-monitoring-tools,200.0,,2026-03-24T15:02:09+00:00,2026-03-24T15:02:09+00:00,jsonld,jsonld,
https://www.quattr.com/blog/content-freshness,200.0,,2026-02-16T09:17:35+00:00,2026-04-07T05:39:10+00:00,jsonld,jsonld,
https://www.thehoth.com/blog/content-freshness-seo/,200.0,,2026-01-29T13:00:00+00:00,,jsonld,,
https://www.reddit.com/r/podcasting/comments/116masw/does_anyone_have_proof_that_posting_transcripts/,200.0,,,,,,
https://forumscout.app/blog/ai-social-listening-tools,200.0,,2025-12-08T07:07:31+00:00,2026-02-10T12:54:34+00:00,jsonld,jsonld,
https://www.esafety.gov.au/key-topics/esafety-guide/dalle-3,,,,,,,"HTTPSConnectionPool(host='www.esafety.gov.au', port=443): Read timed out. (read timeout=20)"
https://www.cambridge.org/core/journals/proceedings-of-the-design-society/article/exploring-the-role-of-human-data-in-datadriven-design/475D8A0A760B3C9AE8A931EC4CFE22DC,200.0,,,,,,
https://visualping.io/blog/best-social-media-monitoring-tools,200.0,,,,,,
https://www.reddit.com/r/seogrowth/comments/1pc0hip/how_can_i_optimize_my_website_content_for_ai/,200.0,,,,,,
https://pressgazette.co.uk/platforms/news-publisher-ai-deals-lawsuits-openai-google/,200.0,,2026-03-24T17:13:03+00:00,2026-04-07T15:14:16+00:00,jsonld,jsonld,
https://podsqueeze.com/blog/how-to-choose-a-podcast-transcription-service-actionable-tips/,200.0,2026-05-13T20:15:07+00:00,2026-05-13T18:46:44.126000+00:00,2026-05-13T18:46:44.126000+00:00,jsonld,jsonld,
https://www.semrush.com/blog/ai-search-optimization/,200.0,,2025-07-18T08:41:00+00:00,2026-05-06T08:31:00+00:00,jsonld,jsonld,
https://aibusiness.com/generative-ai/ai-lawsuits-in-2026-settlements-licensing-deals-litigation,200.0,2026-05-13T20:15:07+00:00,2026-02-09T16:26:18+00:00,2026-02-09T17:20:45.180000+00:00,jsonld,jsonld,
https://www.onely.com/blog/how-to-boost-ai-search-visibility/,200.0,2025-12-24T10:00:26+00:00,2025-12-02T00:00:00,2025-12-02T00:00:00,jsonld,jsonld,
https://finch.com/blog/google-ai-overviews-optimization-seo/,200.0,2026-05-13T20:15:08+00:00,2025-09-28T02:05:57+00:00,2025-09-29T01:42:44+00:00,jsonld,jsonld,
https://digitalmarketinginstitute.com/blog/optimize-content-for-ai-search,200.0,,2025-11-03T10:52:00+00:00,2025-12-11T15:37:07+00:00,jsonld,jsonld,
https://www.mdpi.com/2414-4088/8/7/56,403.0,,,,,,
https://www.tomsguide.com/ai/apple-intelligence/apple-confirms-siri-2-0-is-still-coming-in-2026-heres-what-that-means-for-your-iphone,200.0,2026-05-06T14:14:30+00:00,2026-02-13T16:14:23+00:00,2026-02-13T16:14:23+00:00,jsonld,jsonld,
https://pubsonline.informs.org/doi/10.1287/orsc.2026.ed.v37.n3,403.0,,,,,,
https://www.pnas.org/doi/10.1073/pnas.2526734123,403.0,,,,,,
https://9to5mac.com/2026/05/06/apple-may-have-just-made-one-of-the-most-important-new-siri-announcements/,200.0,,2026-05-06T11:19:59+00:00,2026-05-06T11:20:01+00:00,jsonld,jsonld,
https://towardsdatascience.com/the-inversion-error-why-safe-agi-requires-an-enactive-floor-and-state-space-reversibility/,200.0,,2026-04-01T15:14:00+00:00,2026-04-14T16:42:53+00:00,jsonld,jsonld,
https://www.macworld.com/article/3125820/ios-27-could-overhaul-siri-with-these-7-major-new-features.html,200.0,,2026-05-06T10:30:00+00:00,2026-05-06T03:30:00-07:00,jsonld,jsonld,
https://dergipark.org.tr/en/pub/ekimad/article/1795729,200.0,,,2026-04-30T00:00:00,,og,
https://www.uxpin.com/studio/blog/google-gemini-ai-ux-overhaul-macos-app/,200.0,2026-05-13T16:27:19+00:00,2026-05-04T10:00:00+00:00,2026-05-09T13:42:43+00:00,jsonld,jsonld,
https://www.newline.co/@Dipen/lora-adapters-checklist-8-points-for-stable-finetuning--c77063dd,403.0,,,,,,
https://www.reddit.com/r/google/comments/1tbaw14/on_12_may_2026_google_quietly_showed_the_future/,200.0,,,,,,
https://blog.google/innovation-and-ai/products/gemini-app/gemini-drop-april-2026/,200.0,,2026-04-24T16:00:00+00:00,2026-04-24T16:00:00.387980+00:00,jsonld,jsonld,
https://9to5google.com/2026/05/03/gemini-full-redesign/,200.0,,2026-05-03T21:33:46+00:00,2026-05-03T21:34:02+00:00,jsonld,jsonld,
https://www.cambridge.org/core/journals/data-and-policy/article/attribution-crisis-in-llm-search-results-estimating-ecosystem-exploitation/170DD0B88E5F5AEA8F69F2E9AF1328E3,200.0,,,,,,
https://gemini.google/release-notes/,200.0,,,,,,
https://www.workshopdigital.com/blog/ai-visibility-mistakes/,200.0,,2025-12-04T00:00:00-08:00,2025-12-04T05:29:52-08:00,jsonld,jsonld,
https://dev.to/nikolasbarwicki/unlocking-web-accessibility-an-in-depth-guide-to-aria-pei,200.0,,2023-06-05T07:00:00+00:00,2023-06-05T07:00:00+00:00,jsonld,jsonld,
https://blogs.opera.com/tips-and-tricks/2024/10/how-to-get-the-most-from-opera-browsers-native-ai-aria/,200.0,,2024-10-23T08:00:00+00:00,2024-10-23T09:37:44+00:00,jsonld,jsonld,
https://arxiv.org/abs/2604.12890,200.0,2026-04-28T00:16:50+00:00,,,,,
https://en.wikipedia.org/wiki/Quora,200.0,2026-05-12T23:26:49+00:00,2010-01-14T22:05:21+00:00,2026-05-07T20:59:52+00:00,jsonld,jsonld,
https://www.speechpad.com/blog/ai-transcripts-hurt-podcast-seo,200.0,,,,,,
https://timelines.issarice.com/wiki/Timeline_of_Quora,202.0,,,,,,
https://quora-group.com/terms-conditions/,200.0,2026-05-08T18:27:05+00:00,2023-06-19T19:42:26+00:00,2023-11-21T04:19:11+00:00,jsonld,jsonld,
https://arxiv.org/abs/2409.12959,200.0,2024-11-28T01:31:49+00:00,,,,,
https://www.amazon.science/publications/genius-a-generative-framework-for-universal-multimodal-search,200.0,,,,,,
https://pmc.ncbi.nlm.nih.gov/articles/PMC12239537/,200.0,,,,,,
https://www.psychiatrictimes.com/view/preliminary-report-on-chatbot-iatrogenic-dangers,403.0,,,,,,
https://eseospace.com/blog/ranking-in-bing-copilot/,403.0,,,,,,
https://zerogravitymarketing.com/blog/top-8-disadvantages-of-chatgpt,200.0,,2025-07-31T08:00:43,,og,,
https://www.pbs.org/newshour/show/what-to-know-about-ai-psychosis-and-the-effect-of-ai-chatbots-on-mental-health,200.0,2026-05-13T20:14:51+00:00,2025-08-31T17:40:04-04:00,2025-09-01T11:26:17-04:00,jsonld,jsonld,
https://proceedings.iclr.cc/paper_files/paper/2025/hash/6d5d6afa9957cfc9142ba60e78a467e9-Abstract-Conference.html,200.0,,,,,,
https://www.anchorpoints.io/blogs/dark-side-ai-negative-effects-chat-gpt,200.0,,2024-04-24T06:00:02-04:00,,time_tag,,
https://www.reddit.com/r/iphone/comments/1phr8dp/how_do_i_remove_siri/,200.0,,,,,,
https://developers.google.com/search/docs/appearance/structured-data/faqpage,200.0,2026-05-08T13:32:58+00:00,,,,,
https://almcorp.com/blog/bing-ai-performance-webmaster-tools-complete-guide/,202.0,,,,,,
https://www.bing.com/webmasters/help/webmaster-guidelines-30fba23a,200.0,,,,,,
https://www.intego.com/mac-security-blog/how-to-turn-off-siri-completely-on-iphone-ipad-and-mac/,403.0,,,,,,
https://www.frase.io/blog/faq-schema-ai-search-geo-aeo,200.0,,2025-11-17T04:11:00+00:00,2026-04-23T03:59:45+00:00,jsonld,jsonld,
https://studiohawk.com.au/blog/faq-schema/,200.0,2026-05-07T06:40:42+00:00,2025-11-09T22:00:00,2025-11-11T00:38:00,jsonld,jsonld,
https://www.botify.com/blog/tracking-ai-bots-with-log-file-analysis,200.0,2026-05-13T20:15:12+00:00,2024-11-19T00:00:00,2024-12-18T00:00:00,jsonld,jsonld,
https://www.jasminedirectory.com/blog/log-file-analysis-tracking-ai-bot-behavior-on-your-site/,200.0,,2025-12-28T09:59:45+00:00,2025-12-28T10:02:36+00:00,jsonld,jsonld,
https://www.epicnotion.com/blog/faq-schema/,200.0,,2025-03-04T12:54:39-05:00,2026-04-27T11:36:41-05:00,jsonld,jsonld,
https://www.semrush.com/kb/879-log-file-analyzer,200.0,,,,,,
https://www.asurion.com/connect/tech-tips/turn-off-siri-on-iphone/,200.0,,2025-10-06T00:00:00,2026-01-12T12:37:48.013000+00:00,jsonld,og,
https://www.evidentlyai.com/llm-guide/llm-evaluation,200.0,2026-05-13T20:15:13+00:00,,,,,
https://www.ibm.com/think/insights/chatgpt-risks,200.0,2026-05-13T20:15:13+00:00,,2025-11-18T23:26:10.029000+00:00,,jsonld,
https://www.screamingfrog.co.uk/log-file-analyser/tutorials/monitor-ai-bots-in-the-log-file-analyser/,200.0,2026-05-13T20:15:12+00:00,2025-11-11T13:27:47+00:00,2025-12-10T12:17:04+00:00,jsonld,jsonld,
https://www2.parklanejewelry.com/how-to-switch-off-siri/,200.0,,2026-04-09T12:02:22+00:00,,jsonld,,
https://wellows.com/blog/audit-brand-visibility-on-llms/,200.0,2026-05-13T16:24:53+00:00,2025-09-24T05:25:00+00:00,2026-05-13T11:52:51+00:00,jsonld,jsonld,
https://zapier.com/blog/perplexity-ai/,200.0,,2024-04-03T00:00:00,2025-08-19T00:00:00,jsonld,jsonld,
https://bemarketing.com/faq-schema-guide-why-it-matters-for-geo-and-ai-search-results/,200.0,,2026-03-02T17:17:21+00:00,,jsonld,,
https://www.codecademy.com/article/how-to-use-perplexity-ai,200.0,,,,,,
https://www.therankmasters.com/insights/ai-visibility/audit-brand-visibility-llms,200.0,,,,,,
https://medium.com/design-bootcamp/why-perplexity-ai-is-rewriting-the-rules-of-ai-powered-ux-design-dc72feef915b,200.0,,2024-12-19T18:58:20+00:00,2024-12-19T19:50:42+00:00,jsonld,jsonld,
https://medium.com/@tselvaraj/build-a-perplexity-like-user-interface-for-your-private-data-1930bf0f7e72,200.0,,2024-02-05T22:37:12+00:00,2024-02-05T22:37:12+00:00,jsonld,jsonld,
https://www.braze.com/resources/articles/what-is-zero-party-data,200.0,,2025-04-10T16:55:35.791000+00:00,2025-11-11T16:55:00+00:00,jsonld,jsonld,
https://www.qualtrics.com/articles/strategy-research/zero-party-data/,200.0,2026-05-13T19:15:47+00:00,,,,,
https://gozen.io/blog/tools-to-collect-zero-party-data/,200.0,2026-04-25T07:07:27+00:00,,,,,
https://www.reddit.com/r/ChatGPTPromptGenius/comments/1q7dpf5/i_made_a_prompt_cheatsheet_for_2026/,200.0,,,,,,
https://www.wyng.com/blog/what-is-zero-party-data-the-definitive-guide-for-enterprise-brands/,200.0,2026-05-13T20:15:14+00:00,2025-02-23T17:40:45+00:00,2026-04-27T22:08:33+00:00,jsonld,jsonld,
https://www.cloudtalk.io/blog/best-speech-to-text-ai/,200.0,2026-05-12T20:33:13+00:00,2025-03-27T13:44:35+02:00,2026-02-10T12:19:36+02:00,jsonld,jsonld,
https://www.dataguard.com/blog/a-comprehensive-guide-to-zero-party-data,200.0,2026-05-13T20:15:15+00:00,2022-09-22T14:39:14,2026-01-23T03:01:29,jsonld,jsonld,
https://stackoverflow.com/legal/api-terms-of-use,200.0,,,,,,
https://searchengineland.com/log-file-analysis-ai-crawlers-search-visibility-474428,200.0,2026-04-16T06:47:16+00:00,2026-04-16T13:00:00+00:00,,jsonld,,
https://usercentrics.com/knowledge-hub/zero-first-and-third-party-data/,200.0,,2024-01-12T06:12:51+00:00,2025-04-22T12:50:05+00:00,jsonld,jsonld,
https://www.digitalapplied.com/blog/google-search-live-200-countries-voice-video-ai,200.0,,2026-03-28T00:00:00+01:00,2026-03-28T00:00:00+01:00,jsonld,jsonld,
https://getviralseo.com/articles/how-google-replaced-search-by-image-with-google-lens,200.0,2026-05-09T19:50:32+00:00,2026-03-25T00:00:00+00:00,,time_tag,,
https://ziptie.dev/blog/eeat-for-ai-search/,200.0,2026-05-13T20:15:15+00:00,2026-03-06T16:31:55+00:00,2026-03-06T16:34:01+00:00,jsonld,jsonld,
https://www.brightedge.com/blog/e-e-a-t-implementation-ai-search,200.0,2026-05-13T14:28:21+00:00,,,,,
https://blog.clickpointsoftware.com/google-e-e-a-t,200.0,2026-05-07T07:03:40+00:00,2025-07-22T18:26:34+00:00,2025-08-11T14:52:20.378000+00:00,jsonld,jsonld,
https://www.cdomagazine.tech/us-federal-news-bureau/us-army-launches-project-aria-to-accelerate-ai-adoption-across-operations,200.0,,2026-04-07T17:28:59+00:00,,jsonld,,
https://www.uxdesigninstitute.com/blog/perplexity-ai-and-design-process/,200.0,,2024-06-14T12:39:17+01:00,2025-03-11T14:19:10+01:00,jsonld,jsonld,
https://grantedai.com/grants/aria-activation-partners-program-ai-science-autonomous-labs-aria-f1a2b3c4,200.0,,,,,,
https://grantedai.com/grants/aria-mathematics-safe-ai-opportunity-seeds-ai-safety-alignment-aria-e0f1a2b3,200.0,,,,,,
https://govciomedia.com/nist-launches-aria-to-redefine-how-ai-is-evaluated/,200.0,,2026-01-20T19:14:29+00:00,,jsonld,,
https://pmc.ncbi.nlm.nih.gov/articles/PMC12869913/,200.0,,,,,,
https://trustmary.com/artificial-intelligence/how-to-monitor-brand-mentions-in-ai-search/,200.0,,2026-02-23T14:54:16+00:00,2026-05-13T12:47:04+00:00,jsonld,jsonld,
https://ai-challenges.nist.gov/aria,200.0,2026-05-13T20:15:16+00:00,,,,,
https://www.army.mil/article/290864/harnessing_ai_for_the_future_army_unveils_project_aria,200.0,,2026-03-05T09:30:07-05:00,2026-03-06T07:44:17-05:00,og,og,
https://aria2026.org/,200.0,,,,,,
https://seorankmedia.com/how-ai-mention-trackers-work-a-clear-guide-to-understanding-visibility-in-large-language-models/,200.0,,2025-07-14T14:20:47+00:00,2025-07-21T06:54:04+00:00,jsonld,jsonld,
https://www.perplexity.ai/hub/getting-started,200.0,2026-05-13T18:08:58+00:00,,,,,
https://zapier.com/blog/chatgpt-alternatives/,200.0,,2024-06-12T00:00:00,2026-05-06T00:00:00,jsonld,jsonld,
http://www.diva-portal.org/smash/record.jsf?pid=diva2%3A2002359,200.0,,,,,,
https://www.semrush.com/blog/ai-visibility-tracking-for-small-teams/,200.0,,2025-12-19T15:48:00+00:00,2026-02-11T10:08:00+00:00,jsonld,jsonld,
https://www.perplexity.ai/hub/blog/getting-started-with-perplexity,200.0,2026-05-13T18:11:49+00:00,2026-05-01T00:00:00,,jsonld,,
https://pmc.ncbi.nlm.nih.gov/articles/PMC11906504/,200.0,,,,,,
https://www.lindy.ai/blog/chatgpt-alternative,200.0,2026-05-13T20:15:17+00:00,2024-12-13T00:00:00,2026-05-06T13:58:54.074000+00:00,jsonld,jsonld,
https://local-ai-zone.github.io/guides/ai-model-licensing-complete-legal-guide-2025.html,200.0,2026-05-13T03:39:05+00:00,2025-10-17T00:00:00+00:00,2025-10-17T00:00:00+00:00,jsonld,jsonld,
https://vantagepoint.io/blog/sf/blog/insights/data-privacy-2026-business-leaders-guide,200.0,2026-05-13T03:11:01+00:00,2026-03-11T12:00:00+00:00,2026-03-11T12:00:00.137000+00:00,jsonld,jsonld,
https://www.frontiersin.org/journals/artificial-intelligence/articles/10.3389/frai.2025.1558938/full,200.0,,2025-03-26T00:00:00,2026-05-13T00:00:00,jsonld,jsonld,
https://aipolicylab.se/news/metadata-readme-elements-for-synthetic-structured-data-made-with-genai-recommendations-to-data-repositories-to-encourage-transparent-reproducible-and-responsible-data-sharing/,200.0,,2025-03-20T10:30:14+01:00,,time_tag,,
https://www.reddit.com/r/AskMarketing/comments/1r7zna2/digital_marketing_in_2026_is_more_about_having/,200.0,,,,,,
https://sourceforge.net/software/ai-content-and-data-licensing/,200.0,,,,,,
https://www.jmir.org/2026/1/e88195,200.0,,2026-03-26T00:00:00,,time_tag,,
https://www.searchenginejournal.com/zero-party-data-how-to-use-first-party-insights-to-power-intent-based-content-strategy/568189/,200.0,2026-05-13T13:10:41+00:00,2026-03-25T11:00:38+00:00,2026-03-25T11:00:38+00:00,jsonld,jsonld,
https://amperity.com/blog/first-party-vs-third-party-data-what-marketers-need-to-know-in-2026,200.0,,2026-01-29T00:00:00+00:00,,jsonld,,
https://www.whitechalkroad.com.au/blog/generative-ai-in-seo/,200.0,,2026-01-07T04:52:40+00:00,2026-01-07T05:31:35+00:00,jsonld,jsonld,
https://www.acquia.com/blog/zero-party-data,200.0,2026-05-11T20:20:04+00:00,2026-04-20T00:00:00,2026-04-20T00:00:00,jsonld,jsonld,
https://www.gearbrain.com/what-are-amazon-alexa-skills-2471456002.html,200.0,,2020-01-27T00:00:00,2020-01-27T18:15:53+00:00,jsonld,jsonld,
https://www.abdn.ac.uk/library/blog/creative-commons-licenses-and-genai/,200.0,,2024-10-23T00:00:00,,time_tag,,
https://www.onely.com/blog/how-to-optimize-for-google-ai-mode/,200.0,2026-02-24T19:59:03+00:00,2026-02-24T00:00:00,2026-02-24T00:00:00,jsonld,jsonld,
https://mashable.com/article/how-to-set-up-siri,200.0,2026-05-13T20:15:19+00:00,2024-05-08T15:02:10+00:00,,jsonld,,
https://www.guidedogs.org.uk/getting-support/information-and-advice/how-can-technology-help-me/alexa-skills/,200.0,,,,,,
https://www.londontechwatch.com/2017/08/what-is-an-alexa-skill/,200.0,,2017-08-30T09:27:06,2017-08-30T13:27:06,jsonld,jsonld,
https://www.reddit.com/r/digital_marketing/comments/1ltspco/we_cracked_ai_mode_what_seos_need_to_know_to_stay/,200.0,,,,,,
https://www.mdpi.com/2220-9964/13/11/405,403.0,,,,,,
https://developer.amazon.com/en-US/alexa/alexa-skills-kit/frequently-asked-questions,200.0,2026-05-13T19:37:38+00:00,,,,,
https://www.simplypsychology.org/implicit-bias.html,200.0,2026-05-13T16:28:41+00:00,2020-07-01T00:00:00+00:00,2023-08-02T14:16:05+00:00,jsonld,jsonld,
https://susodigital.com/thoughts/your-guide-to-visibility-in-google-ai-mode/,403.0,,,,,,
https://medium.com/@vineetagarwal98/my-accidental-stumble-into-a-smarter-search-a-first-look-at-perplexity-ai-2d2054025031,200.0,,2025-05-06T21:51:23+00:00,2025-05-06T21:51:23+00:00,jsonld,jsonld,
https://www.bloomreach.com/en/blog/importance-of-zero-party-data,200.0,,2024-07-15T12:20:42+00:00,2024-07-15T12:20:44+00:00,jsonld,jsonld,
https://bmjopen.bmj.com/content/16/4/e112695,403.0,,,,,,
https://mentalhealthmodesto.com/uncategorized/implicit-personality-theory-shaping-judgments-and-everyday-interactions/,200.0,2026-05-13T04:27:33+00:00,2026-01-03T08:00:00+00:00,2026-01-09T22:44:48+00:00,jsonld,jsonld,
https://www.conductor.com/platform/features/ai-search-performance/ai-mention-citation-tracking/,200.0,,,,,,
https://www.averi.ai/blog/ai-citation-tracking-chatgpt-perplexity-claude,200.0,2026-05-13T12:44:19+00:00,2026-04-24T00:00:00+00:00,,time_tag,,
https://www.e2msolutions.com/blog/how-to-optimize-for-google-ai-mode/,200.0,,2025-11-04T00:00:00+00:00,2026-05-08T13:36:11+00:00,jsonld,jsonld,
https://academic.oup.com/eurjcn/article/24/5/800/8205996,403.0,,,,,,
https://www.reddit.com/r/podcasting/comments/1t06o5y/what_do_yall_do_with_your_episode_transcripts_in/,200.0,,,,,,
https://www.seoptimer.com/blog/implied-links/,200.0,,2014-05-05T04:43:16+00:00,2024-11-20T12:10:31+00:00,jsonld,jsonld,
https://llmpulse.ai/blog/best-google-ai-mode-trackers/,200.0,,2026-04-21T08:30:48+00:00,2026-04-21T14:34:19+00:00,jsonld,jsonld,
https://www.dittotranscripts.com/blog/how-podcast-transcriptions-are-essential-for-seo-and-content-accessibility/,200.0,2026-05-07T18:58:34+00:00,2024-03-26T14:30:52+00:00,2025-07-03T15:06:45+00:00,jsonld,jsonld,
https://brytesoft.com/blog/is-perplexity-pro-worth-it.html,200.0,,2025-10-17T08:48:00+00:00,2026-05-08T03:17:57+00:00,jsonld,jsonld,
https://aisuperior.com/open-source-llm-cost/,200.0,,2026-03-17T12:08:00+00:00,,jsonld,,
https://sparkpod.ai/blog/podcast-seo-ai-transcripts,200.0,,2026-02-03T00:00:00,2026-02-03T00:00:00,jsonld,jsonld,
https://influencermarketinghub.com/youtube-chapters-key-moments/,200.0,2026-05-13T19:41:28+00:00,2026-03-03T11:55:55+00:00,,jsonld,,
https://eliteofficesolutions.com/podcast-seo-transcription/,202.0,,,,,,
https://www.clearscope.io/blog/ai-citation-tracking-tools-for-brands,200.0,,2026-03-10T00:00:00,,time_tag,,
https://moz.com/learn/seo/google-eat,200.0,,2025-03-24T00:00:00-07:00,2025-10-16T08:47:35-07:00,jsonld,jsonld,
https://humbleandbrag.com/blog/youtube-chapters,200.0,2026-05-09T15:06:30+00:00,2026-05-06T00:00:00+00:00,,jsonld,,
https://levitatemedia.com/learn/video-seo-best-practices-2026-advanced-strategies-for-maximum-visibility,200.0,2026-05-13T20:15:22+00:00,2026-01-08T14:58:11.232000+00:00,2026-01-08T14:58:11.232000+00:00,jsonld,jsonld,
https://www.tubebuddy.com/blog/video-chapters/,200.0,2026-05-05T07:21:02+00:00,2026-01-22T14:11:00+00:00,2026-05-05T14:21:02+00:00,jsonld,jsonld,
https://www.vdocipher.com/blog/video-seo-best-practices/,200.0,,2026-01-11T06:54:56+00:00,2026-01-12T10:47:14+00:00,jsonld,jsonld,
https://www.androidpolice.com/used-gemini-wrong-for-months-setup-that-actually-works/,200.0,,2026-04-16T11:00:10+00:00,2026-04-16T11:00:10+00:00,jsonld,jsonld,
https://jctgrowth.com/youtube-seo-and-ai-strategy/,200.0,,2026-02-23T22:11:26+00:00,2026-04-01T11:20:41+00:00,jsonld,jsonld,
https://www.reddit.com/r/podcasting/comments/102ewa0/has_anyone_posted_podcast_transcriptions_to/,200.0,,,,,,
https://www.reddit.com/r/content_marketing/comments/1mj2wlv/are_answer_engine_optimization_services_worth_it/,200.0,,,,,,
https://www.reddit.com/r/AISEOforBeginners/comments/1rxt1ct/is_aeo_answer_engine_optimization_legit_or_just/,200.0,,,,,,
https://agency102.com/insights/aeo-vs-seo-why-answer-engine-optimization-is-the-future-of-search-and-what-it-means-for-your-business/,200.0,2026-05-13T20:15:23+00:00,2025-09-03T15:38:37+00:00,2025-09-03T15:42:13+00:00,jsonld,jsonld,
https://www.eweek.com/news/best-chatgpt-alternatives-to-try/,403.0,,,,,,
https://passion.digital/blog/seo-friendly-images-a-complete-guide-to-optimising-visual-content/,200.0,2026-05-13T17:26:21+00:00,2024-10-01T10:40:44+00:00,2025-01-16T14:07:13+00:00,jsonld,jsonld,
https://usevisuals.com/blog/using-chapters-to-improve-watch-time-on-youtube,200.0,2026-05-12T20:26:52+00:00,2025-12-09T00:00:00+00:00,,time_tag,,
https://www.reddit.com/r/seogrowth/comments/1s50ngf/why_do_some_brands_appear_more_often_in_ai/,200.0,,,,,,
https://dev.to/poorva__jaatni_72dc6c77ab/importance-of-aeo-in-seo-why-answer-engine-optimization-matters-k77,200.0,,2025-10-06T17:16:37+00:00,2025-10-06T17:16:37+00:00,jsonld,jsonld,
https://www.airops.com/blog/brand-mention-seo,200.0,2026-05-13T20:15:23+00:00,2025-12-12T00:00:00,2026-01-22T00:00:00,jsonld,jsonld,
https://dev.to/sivarampg/clawdbot-the-ai-assistant-thats-breaking-the-internet-1a47,200.0,,2026-01-26T11:58:51+00:00,2026-01-27T16:03:02+00:00,jsonld,jsonld,
https://www.reddit.com/r/OpenAI/comments/1sep7po/why_is_tracking_brand_mentions_in_ai_so_much/,200.0,,,,,,
https://thedigitalring.com/insights/ai-search-optimization-how-to-optimize-your-ai-seo-efforts,200.0,2026-05-13T20:15:23+00:00,,2026-04-09T15:21:41.328000+00:00,,jsonld,
https://www.whitepress.com/en/knowledge-base/6142/brand-mentions-what-they-are-and-why-they-matter,200.0,,,,,,
https://mashable.com/article/what-is-clawdbot-how-to-try,200.0,2026-05-13T20:15:24+00:00,2026-01-28T09:09:56+00:00,,jsonld,,
https://www.tencentcloud.com/techpedia/136686?lang=en,200.0,,,,,,
https://www.reddit.com/r/androidapps/comments/1rwxn3y/keep_gemini_talking_in_background/,200.0,,,,,,
https://www.reforge.com/guides/optimizing-for-ai-search-and-discovery,200.0,,,,,,
https://kimberlyherrington.com/seo/podcast-seo,200.0,,2020-07-23T00:00:00,2020-08-04T00:00:00,jsonld,jsonld,
https://www.squarespace.com/blog/ai-search-seo,200.0,,2025-07-17T10:28:00-04:00,2026-05-13T09:39:49-04:00,jsonld,jsonld,
https://modal.com/blog/how-to-deploy-whisper,200.0,,,,,,
https://www.androidpolice.com/prevent-apps-from-sleeping-in-the-background-on-android/,200.0,,2020-01-21T18:39:00+00:00,2025-09-22T18:18:10+00:00,jsonld,jsonld,
https://medium.com/data-science-in-your-pocket/what-is-clawdbot-the-viral-ai-assistant-b432d275de66,200.0,,2026-01-26T14:34:56+00:00,2026-01-31T18:18:20+00:00,jsonld,jsonld,
https://thewebguys.co.nz/ai-models-brand-mentions-context/,200.0,2026-05-13T17:40:11+00:00,2026-01-30T10:43:39+13:00,2026-05-13T15:22:07+12:00,jsonld,jsonld,
https://support.rev.com/hc/en-us/articles/4424628024717-Boost-SEO-with-Podcast-Transcription,200.0,,2026-04-24T03:54:09+00:00,,time_tag,,
https://coda.io/blog/ai/what-is-structured-unstructured-data,200.0,,,,,,
https://www.evertune.ai/resources/insights-on-ai/schema-vs-no-schema-does-structured-data-matter-for-ai-search,200.0,2026-05-13T20:15:25+00:00,2026-01-26T20:17:58.482000+00:00,2026-01-26T19:48:11.427000+00:00,jsonld,jsonld,
https://forum.avicennaresearch.com/t/android-battery-optimization-workarounds/1249,200.0,,2025-11-03T05:55:47+00:00,,og,,
https://paligo.net/blog/how-structured-authoring-delivers-ai-ready-content-in-the-age-of-generative-ai/,200.0,2026-05-13T13:13:51+00:00,2024-09-17T15:04:04+00:00,2025-10-07T09:07:56+00:00,jsonld,jsonld,
https://www.syntacticsinc.com/news-articles-cat/log-file-analysis-mapping-ai-crawlers/,200.0,,2026-04-30T10:00:00+00:00,2026-04-30T17:19:32+08:00,jsonld,jsonld,
https://www.theknowledgeacademy.com/blog/chatgpt-plugins/,403.0,,,,,,
https://www.tanzenconsulting.com/blog/structured-content-ai,200.0,,2024-07-17T18:19:32-04:00,2024-07-17T18:21:09-04:00,jsonld,jsonld,
https://developer.amazon.com/en-US/docs/alexa/devconsole/about-skill-metrics.html,200.0,2026-05-13T20:01:47+00:00,,,,,
https://www.clickrank.ai/topical-authority/,200.0,,2026-01-18T10:45:10+03:00,2026-03-08T08:36:54+03:00,jsonld,jsonld,
https://www.indiehackers.com/post/best-15-aeo-tools-in-2026-tested-ranked-6c6b9fa2c2,200.0,,2026-05-12T12:29:54.099000+00:00,2026-05-12T12:29:54.099000+00:00,jsonld,jsonld,
https://www.scoopanalytics.com/blog/10-chatgpt-plugins-that-will-blow-your-mind-and-boost-your-productivity,200.0,2026-05-13T20:15:26+00:00,2026-04-14T23:09:35.330000+00:00,2026-04-14T23:09:35.330000+00:00,jsonld,jsonld,
https://www.gradually.ai/en/chatgpt-plugins/,200.0,,2024-03-29T00:00:00,2026-03-06T00:00:00,jsonld,jsonld,
https://kontent.ai/blog/why-structured-content-is-your-best-geo-hedge/,200.0,,2025-08-13T09:00:00+00:00,,jsonld,,
https://developer.amazon.com/en-US/docs/alexa/devconsole/interpret-metrics-results.html,200.0,2026-05-13T18:58:01+00:00,,,,,
https://www.pcmag.com/how-to/best-chatgpt-plugins-and-how-to-install-them,200.0,2026-05-13T20:15:26+00:00,2023-11-02T12:49:45+00:00,,jsonld,,
https://datanorth.ai/blog/best-chatgpt-plugins,200.0,,2024-08-22T14:38:24+02:00,2026-03-03T09:50:46+02:00,jsonld,jsonld,
https://justainews.com/companies/openai/best-chatgpt-plugins-gpts/,202.0,,,,,,
https://arxiv.org/abs/2504.10489,200.0,2025-04-16T00:00:08+00:00,,,,,
https://thegadgetflow.com/blog/alexa-unleashed-at-ces-2026/,200.0,2026-05-13T18:55:48+00:00,2026-01-07T13:27:22-05:00,2026-01-07T13:27:29-05:00,jsonld,jsonld,
https://www.frontiersin.org/journals/language-sciences/articles/10.3389/flang.2025.1569448/full,200.0,,2025-06-20T00:00:00,2026-05-13T00:00:00,jsonld,jsonld,
https://research.google/pubs/is-long-context-all-you-need-leveraging-llms-extended-context-for-nl2sql/,200.0,,,,,,
https://www.reddit.com/r/SaaS/comments/1r5wcau/how_do_you_make_your_brand_stand_out_in_llm/,200.0,,,,,,
https://www.indiehackers.com/post/the-best-ai-visibility-tools-of-2026-increasing-brand-visibility-in-llms-a906a3d194,200.0,,2026-05-12T11:33:28.318000+00:00,2026-05-12T11:33:28.318000+00:00,jsonld,jsonld,
https://www.myidcm.com/blog/answer-engine-optimization,200.0,,2025-06-20T08:24:54+00:00,2025-08-08T08:35:52+00:00,og,og,
https://financialmodelslab.com/blogs/profitability/alexa-skill-development,200.0,,2026-03-13T10:36:02+01:00,2026-03-13T10:36:04+01:00,jsonld,jsonld,
https://ieeexplore.ieee.org/document/10895215/,200.0,,,,,,
https://llmpulse.ai/blog/glossary/share-of-voice/,200.0,,2026-03-30T06:00:00+00:00,2026-03-30T09:46:39+00:00,jsonld,jsonld,
https://www.plugandplaytechcenter.com/insights/how-to-improve-brand-visibility-in-ai-search-engines,200.0,2026-04-30T18:16:35+00:00,,,,,
https://www.semrush.com/blog/how-to-measure-ai-share-of-voice/,200.0,,2025-12-10T12:00:00+00:00,2025-12-10T12:00:00+00:00,jsonld,jsonld,
https://nicklafferty.com/blog/llm-tracking-tools/,200.0,,2025-08-02T00:00:00+00:00,2026-05-13T00:00:00+00:00,jsonld,jsonld,
https://www.yotpo.com/blog/llm-monitoring-tools-brand-visibility/,200.0,2026-05-13T10:07:02+00:00,2026-03-05T19:57:18+00:00,2026-03-26T08:30:42+00:00,jsonld,jsonld,
https://productivityspot.com/best-alexa-skills-for-productivity/,200.0,,2022-02-02T16:52:35+05:30,2026-01-03T14:39:39+05:30,jsonld,jsonld,
https://www.useomnia.com/blog/visibility-ai-share-of-voice,200.0,2026-05-13T20:15:28+00:00,2026-03-02T14:39:41.779000+00:00,2026-03-02T14:39:41.779000+00:00,jsonld,jsonld,
https://medium.com/@mrkarthikkn/how-to-build-your-ai-share-of-voice-baseline-before-your-competitors-do-882e14017f99,200.0,,2026-04-20T08:02:09+00:00,2026-04-20T08:02:09+00:00,jsonld,jsonld,
https://www.reddit.com/r/GeminiAI/comments/1nfy7u6/gemini_is_bad_for_research_keeps_insisting_its/,200.0,,,,,,
https://www.hubspot.com/aeo-grader/share-of-voice,200.0,2026-05-13T14:30:20+00:00,,,,,
https://medium.com/@thatmarketingbuddy/how-to-get-your-content-cited-by-chatgpt-and-ai-search-in-6-steps-e576733c0867,200.0,,2026-03-11T12:28:25+00:00,2026-03-12T18:49:27+00:00,jsonld,jsonld,
https://developer.amazon.com/en-US/alexa/alexa-skills-kit/get-deeper/monetization,200.0,2026-05-13T20:15:28+00:00,,,,,
https://www.netranks.ai/blog/measuring-improving-ai-share-of-voice,200.0,2026-05-13T15:56:28+00:00,2025-12-24T00:00:00+00:00,,time_tag,,
https://www.eweek.com/news/chatgpt-photo-editing-trends-2026/,403.0,,,,,,
https://geneo.app/blog/how-to-check-chatgpt-citations-2025-guide/,200.0,,2025-08-21T14:08:25+00:00,2025-08-21T14:08:25+00:00,jsonld,jsonld,
https://ai.google.dev/gemini-api/docs/safety-guidance,200.0,2026-04-28T03:23:11+00:00,,,,,
https://llmpulse.ai/blog/glossary/ai-brand-mentions/,200.0,,2026-03-30T06:00:00+00:00,2026-04-07T14:05:25+00:00,jsonld,jsonld,
https://concentric.ai/google-gemini-security-risks/,200.0,2026-05-13T08:54:05+00:00,,,,,
https://locomotive.agency/blog/llm-seeding-getting-your-brand-cited-by-ai/,200.0,2026-05-13T12:40:14+00:00,,,,,
https://www.talkwalker.com/blog/track-brand-mentions-in-ai-search,200.0,,,,,,
https://www.spellbook.legal/learn/is-gemini-private,200.0,2026-05-13T20:15:30+00:00,,,,,
https://www.urbanelement.com/insights/the-llm-ranking-landscape-what-every-brand-needs-to-know-about-ai-search-visibility-in-2026,200.0,,2026-03-19T12:13:55+00:00,2026-03-19T12:15:06+00:00,jsonld,jsonld,
https://www.library.unsw.edu.au/using-the-library/information-resources/primary-and-secondary-sources,200.0,,,,,,
https://taodigitalmarketing.com/brand-mentions-in-ai-search/,200.0,,2025-10-22T14:26:12+00:00,2025-10-22T15:21:43+00:00,jsonld,jsonld,
https://www.wikidata.org/wiki/Wikidata:SPARQL_tutorial,200.0,2026-05-13T08:25:59+00:00,,,,,
https://contesimal.ai/blog/types-of-primary-sources-of-information/,200.0,,2025-12-24T08:39:19+00:00,,jsonld,,
https://www.pageonepower.com/linkarati/how-do-llms-choose-which-brands-to-mention-in-results,200.0,2026-05-07T02:31:00+00:00,,,,,
https://pmc.ncbi.nlm.nih.gov/articles/PMC10358883/,200.0,,,,,,
https://www.reddit.com/r/AISEOInsider/comments/1qynvbk/google_gemini_shortcuts_the_simple_trick_that/,200.0,,,,,,
https://www.jeffsu.org/master-google-gemini/,200.0,,2025-05-06T13:03:04+00:00,2025-05-06T13:03:04+00:00,jsonld,jsonld,
https://higoodie.com/blog/how-to-optimize-for-gemini/,200.0,2026-05-13T20:15:31+00:00,2026-04-13T18:09:52+00:00,2026-05-03T11:31:10+00:00,jsonld,jsonld,
https://www.mariehaynes.com/should-you-use-google-extended-in-robots-txt/,200.0,,2025-04-28T18:29:28+00:00,2025-05-07T17:32:52+00:00,og,og,
https://www.reddit.com/r/DigitalMarketingHack/comments/1r1vjj0/how_are_you_optimizing_for_ai_search_chatgpt/,200.0,,,,,,
https://www.conbersa.ai/blog/best-reddit-marketing-platforms-2026,200.0,,2026-04-07T00:00:00,2026-04-07T00:00:00,jsonld,jsonld,
https://datadome.co/bots/google-extended/,200.0,,,,,,
https://pub.towardsai.net/21-chunking-strategies-that-will-fix-your-broken-rag-system-14dac3f2b067,200.0,,2025-12-22T16:02:57+00:00,2025-12-22T16:02:57+00:00,jsonld,jsonld,
https://www.pcmag.com/explainers/how-to-get-the-most-from-google-gemini-ai-tips-youll-actually-use,200.0,2026-05-13T20:15:31+00:00,2026-03-30T18:43:47+00:00,,jsonld,,
https://phemex.com/academy/reddit-stock-2026,200.0,,2026-03-04T08:07:34.225000+00:00,2026-03-04T08:07:34.225000+00:00,jsonld,jsonld,
https://mededu.jmir.org/2026/1/e76098,200.0,,2026-03-18T00:00:00,,time_tag,,
https://www.reddit.com/r/DigitalMarketing/comments/1rrhl37/how_are_you_optimizing_content_for_ai_search/,200.0,,,,,,
https://neilpatel.com/blog/how-to-rank-your-website-on-chatgpt/,200.0,2026-05-13T20:15:32+00:00,2026-04-08T19:28:00+00:00,2026-05-11T18:54:42+00:00,jsonld,jsonld,
https://www.evergreen.media/en/guide/chatgpt-search/,200.0,2026-02-06T14:56:16+00:00,2026-01-26T11:45:33+00:00,2026-02-06T13:56:16+00:00,jsonld,jsonld,
https://www.authoritas.com/blog/google-changes-featured-snippets-and-the-serps,200.0,2026-05-13T20:15:32+00:00,2024-12-05T00:00:00,2023-03-02T00:00:00,jsonld,jsonld,
https://www.eesel.ai/blog/clawd-bot-alternatives,200.0,,2026-02-01T00:00:00+00:00,2026-02-01T00:00:00+00:00,jsonld,jsonld,
https://searchengineland.com/earn-brand-mentions-drive-llm-seo-visibility-466728,200.0,2026-01-06T19:15:28+00:00,2026-01-05T14:00:00+00:00,2026-01-07T00:15:28+00:00,jsonld,jsonld,
https://trakkr.ai/article/value-of-perplexity-citations,200.0,,2025-12-16T00:00:00,2026-03-13T00:00:00,jsonld,jsonld,
https://www.reddit.com/r/localsearch/comments/1e5lgyf/5_seo_strategies_for_divorce_lawyers_and_family/,200.0,,,,,,
https://www.ferventers.com/blogs/how-to-get-cited-in-perplexity,200.0,2026-05-02T10:41:43+00:00,2026-02-01T00:00:00,2026-02-01T00:00:00,jsonld,jsonld,
https://searchengineland.com/google-extended-does-not-stop-google-search-generative-experience-from-using-your-sites-content-433058,200.0,2024-02-23T12:11:57+00:00,2023-10-09T17:56:51+00:00,2024-02-23T17:11:57+00:00,jsonld,jsonld,
https://acr-journal.com/article/digital-nostalgia-marketing-how-past-centric-ads-affect-gen-z-consumption-1527/,200.0,,,,,,
https://www.searchenginepeople.com/blog/evolution-expansion-googles-featured-snippets.html,200.0,2026-05-09T03:19:29+00:00,2018-07-17T12:49:00+00:00,2020-06-23T00:07:39+00:00,jsonld,jsonld,
https://rocketclicks.com/revenue-roadmap/family-law-firm-seo-on-page/,200.0,2026-05-13T03:48:59+00:00,2026-05-01T17:00:31-05:00,2026-05-01T16:48:42-05:00,jsonld,jsonld,
https://www.marketmymarket.com/whats-google-doing-with-featured-snippets/,200.0,,2025-09-10T11:34:57+00:00,2026-03-06T20:38:42+00:00,jsonld,jsonld,
https://www.scorpion.co/articles/expert-tips/marketing/a-complete-guide-to-featured-snippets-in-2021/,200.0,,,,,,
https://www.legalmarketingblog.com/marketing-tips/legal-awards-the-basics/,403.0,,,,,,
https://9sail.com/law-firm-seo/family-law-seo/,200.0,,2025-03-13T18:23:09+00:00,2025-12-28T14:19:09+00:00,jsonld,jsonld,
https://www.rep-ink.com/inksights/touting-your-award-wins-how-to-stay-in-compliance-with-legal-marketing-standards/,200.0,,2026-04-22T15:54:00-04:00,2026-05-06T13:19:20-04:00,jsonld,jsonld,
https://www.expertlawfirm.com/seo-for-family-law-and-seo-for-lawyers-what-actually-drives-consultations/,200.0,,2026-05-04T19:42:36+00:00,2026-05-04T19:42:37+00:00,jsonld,jsonld,
https://legal.thomsonreuters.com/blog/cause-of-action-overview-and-how-to-specify-elements/,200.0,,2025-11-17T19:07:26+00:00,2026-01-20T18:01:34+00:00,og,og,
https://www.rizeupmedia.com/seo-for-family-law-firms-a-comprehensive-guide/,200.0,,2023-05-12T14:41:53+00:00,2025-07-11T18:26:03+00:00,jsonld,jsonld,
https://www.attorneyjournals.com/how-ai-is-changing-where-clients-find-lawyers,200.0,,2026-05-01T20:16:17,2026-05-01T20:16:17,jsonld,jsonld,
https://www.digitalapplied.com/blog/google-business-profile-guide-every-feature-2026,200.0,,2026-04-11T00:00:00+01:00,2026-04-11T00:00:00+01:00,jsonld,jsonld,
https://lawrank.com/gemini-for-lawyers/,200.0,,2026-03-27T13:03:00+00:00,2026-04-27T21:49:36+00:00,jsonld,jsonld,
https://www.clio.com/blog/seo-for-family-law-firms/,200.0,,,,,,
https://www.spellbook.legal/learn/gemini-for-lawyers,200.0,2026-05-13T20:15:35+00:00,,,,,
https://www.interact.law/articles/legalawardsubmission/,200.0,,2026-02-15T23:01:34+00:00,,jsonld,,
https://authority.builders/blog/seo-for-family-law/,200.0,,2025-03-01T06:51:35+00:00,2025-06-05T02:52:05+00:00,jsonld,jsonld,
https://www.clio.com/blog/lawyer-anxiety/,200.0,,,,,,
https://www.legalmarketingblog.com/marketing-tips/google-business-profile-hacks-that-still-work-in-2026/,403.0,,,,,,
https://globalrecognitionawards.org/blog/legal-business-awards/,200.0,,2024-06-26T20:13:38+00:00,2024-11-29T12:07:23+00:00,jsonld,jsonld,
https://www.summize.com/resources/2026-legal-tech-trends-ai-clm-and-smarter-workflows,200.0,2026-05-13T20:15:35+00:00,2026-04-29T00:00:00,,jsonld,,
https://smbteam.com/google-just-changed-the-rules-on-reviews-heres-what-every-law-firm-needs-to-know/,200.0,,2026-04-24T20:11:58+00:00,2026-05-07T00:39:50+00:00,jsonld,jsonld,
https://www.litera.com/blog/ai-legal-tech-5-predictions-2026,200.0,2026-05-13T15:14:09+00:00,,,,,
https://www.majux.com/marketing-for-law-firms-how-often-should-your-firm-blog/,200.0,2026-05-13T20:15:36+00:00,2020-11-20T02:20:59+00:00,2023-12-22T22:29:06+00:00,jsonld,jsonld,
https://www.spellbook.legal/briefs/law-firm-technology-in-2026-essential-tools-categories-integration-strategies,200.0,2026-05-13T20:15:36+00:00,2026-04-08T00:00:00,2026-05-08T17:50:36.246000+00:00,jsonld,jsonld,
https://www.spellbook.legal/learn/perplexity-for-lawyers,200.0,2026-05-13T20:15:36+00:00,,,,,
https://www.spellbook.legal/learn/is-it-legal-for-lawyers-to-use-perplexity,200.0,2026-05-13T20:15:36+00:00,,,,,
https://muzeummarketing.com/blog/complete-guide-to-google-screened-for-lawyers/,200.0,2026-05-13T12:41:42+00:00,2025-06-02T10:08:23+00:00,2026-02-09T16:56:23+00:00,jsonld,jsonld,
https://www.reddit.com/r/SEO_for_AI/comments/1t1g4af/whats_actually_moving_the_needle_for/,200.0,,,,,,
https://jurisdigital.com/guides/content-pillars-law-firm-strategy/,200.0,,2024-04-12T08:00:00-06:00,2024-04-26T14:22:45-06:00,jsonld,jsonld,
https://www.bestlawyers.com/article/optimal-content-creation-frequency-law-firms/6111,200.0,2024-09-13T18:00:00+00:00,,,,,
https://www.lawlytics.com/blog/how-often-should-lawyers-blog/,200.0,2026-05-13T20:15:36+00:00,,,,,
https://fwd-lawyermarketing.com/common-questions-law-firms-ask-about-legal-blogging/,200.0,2026-05-10T03:36:03+00:00,2025-09-04T20:03:47+00:00,2026-02-17T21:51:13+00:00,og,og,
https://fwd-lawyermarketing.com/best-for-law-firms-google-lsas-or-traditional-google-ads/,200.0,2026-05-10T07:53:05+00:00,2024-05-23T19:28:06+00:00,2026-02-17T21:51:15+00:00,og,og,
https://www.attorneyatwork.com/google-local-service-ads-for-law-firms-comprehensive-guide/,200.0,,2026-03-01T10:24:00+00:00,2026-05-07T18:44:42+00:00,jsonld,jsonld,
https://www.copostrategies.com/prioritize-frequency-over-caliber-with-your-law-firms-content,200.0,,,,,,
https://www.attorneyatwork.com/content-marketing-for-law-firms/,200.0,,2026-03-05T10:00:00+00:00,2026-05-07T15:45:30+00:00,jsonld,jsonld,
https://verbit.ai/legal/top-legal-ai-trends-for-2026-insights-from-law-firm-and-legal-tech-leaders/,200.0,2026-05-13T20:15:37+00:00,2026-01-26T09:42:59+00:00,2026-01-27T08:18:17+00:00,jsonld,jsonld,
https://www.accelmarketingsolutions.com/ppc-google-ads-vs-lsa-google-screened-a-guide-for-law-firms/,200.0,,2024-07-02T19:43:31+00:00,2025-08-20T19:35:35+00:00,og,og,
https://thelegalmarketingcompany.com/local-service-ads/,200.0,,2023-06-07T06:29:15+00:00,2026-05-07T05:02:00+00:00,jsonld,jsonld,
https://www.clio.com/blog/google-local-services-ads-for-lawyers/,200.0,,,,,,
https://hennessey.com/law-firm-ppc/digital-advertising/,200.0,,2024-09-06T21:22:31+00:00,2024-09-18T22:18:30+00:00,jsonld,jsonld,
https://geeksforgrowth.com/blog/how-law-firms-can-ethically-use-retargeting-ads/,200.0,,2025-10-07T21:35:35+00:00,,jsonld,,
https://ai.plainenglish.io/the-ultimate-perplexity-computer-guide-for-lawyers-boost-efficiency-by-300-in-2026-c656e2d20d22,200.0,,2026-04-15T06:20:46+00:00,2026-04-15T06:31:29+00:00,jsonld,jsonld,
https://findenmarketing.com/the-pros-and-cons-of-using-linkedin-advertising-for-a-law-firm,200.0,2026-05-13T20:15:38+00:00,2024-08-07T18:55:45+00:00,2024-11-12T15:35:37+00:00,jsonld,jsonld,
https://crackerjackmarketing.com/blog/linkedin-for-lawyers/,200.0,,2025-01-16T12:21:24+00:00,2025-01-17T01:51:32+00:00,jsonld,jsonld,
https://jurisdigital.com/guides/ultimate-list-legal-blogs-guests-posts/,200.0,,2019-04-16T00:00:00-06:00,2026-04-20T07:15:12-06:00,jsonld,jsonld,
https://lafleur.marketing/blog/how-to-market-your-law-firm-on-linkedin/,200.0,2026-05-13T20:15:39+00:00,2021-09-08T19:12:42-04:00,2024-06-16T09:40:29-04:00,jsonld,jsonld,
https://fwd-lawyermarketing.com/facebook-ad-strategies-that-actually-work-for-personal-injury-lawyers/,200.0,2026-05-09T19:54:37+00:00,2025-05-01T21:29:42+00:00,2026-02-17T21:51:14+00:00,og,og,
https://www.practiceproof.com/linkedin-marketing-for-law-firms/,200.0,,2026-03-12T08:00:00+10:00,2026-03-25T13:20:38+10:00,jsonld,jsonld,
https://onward.justia.com/how-to-leverage-twitter-for-your-law-firm/,403.0,,,,,,
https://www.practicepanther.com/blog/twitter-for-lawyers-10-tips-to-master-the-tweet/,200.0,,2021-09-01T08:11:00+00:00,2023-05-12T21:09:37+00:00,jsonld,jsonld,
https://www.zentake.com/blog-post/long-wait-times-during-peak-hours-how-digital-intake-forms-transform-urgent-care-check-ins,200.0,2026-05-13T20:15:39+00:00,,,,,
https://fwd-lawyermarketing.com/law-firm-intake-friction-points-killing-conversions/,200.0,2026-05-07T23:11:22+00:00,2026-05-04T14:52:25-05:00,2026-05-07T18:01:08-05:00,jsonld,jsonld,
https://www.clio.com/blog/clio-grow/,200.0,,,,,,
https://www.aaepa.com/2023/01/increasing-your-law-firms-conversion-rate/,403.0,,,,,,
https://good2bsocial.com/twitter-marketing-tips-and-best-practices-for-lawyers/,200.0,,2020-01-30T05:00:00+00:00,2024-03-11T14:46:51+00:00,jsonld,jsonld,
https://lawleaders.com/why-conversion-is-now-the-most-important-factor-in-running-a-law-firm/,200.0,,2025-02-18T17:50:05+00:00,2025-03-05T19:51:52+00:00,jsonld,jsonld,
https://www.mycase.com/blog/general/twitter-101-lawyers-law-firms/,200.0,,2016-10-25T00:00:00,,jsonld,,
https://www.clio.com/resources/the-ultimate-social-media-playbook-for-lawyers/twitter-for-lawyers/,200.0,,,,,,
https://www.adhocdigital.com.au/blog/google-ads-results-timeline-for-lawyers/,200.0,,2024-06-29T01:54:33+00:00,2025-07-10T20:46:40+00:00,jsonld,jsonld,
https://optimizemyfirm.com/scholarship-seo/,200.0,,2021-06-05T06:37:13+00:00,2021-10-22T06:04:45+00:00,jsonld,jsonld,
https://www.tengoldenrules.com/law-firm-marketing/local-service-ads/,200.0,2026-05-13T20:15:40+00:00,2022-04-07T17:01:34+00:00,2024-01-25T20:02:15+00:00,jsonld,jsonld,
https://www.jasminedirectory.com/blog/the-ethics-of-ai-persuasion-boundaries-in-2026-advertising/,200.0,,2025-12-24T12:15:25+00:00,2025-12-24T12:17:15+00:00,jsonld,jsonld,
https://reportcard.com/blog/link-building-for-lawyers/,200.0,,2024-12-16T07:17:19+00:00,2025-01-21T15:41:34+00:00,jsonld,jsonld,
https://www.dlapiper.com/insights/publications/intellectual-property-news/2026/advertising-dispute-trends-to-watch-in-2026,200.0,,,,,,
https://advertisinglaw.fkks.com/post/102mlx3/gala-releases-2026-advertising-law-predictions-report,200.0,,2026-03-04T15:16:13.002000+00:00,,time_tag,,
https://www.afslaw.com/perspectives/the-fine-print/advertising-law-compliance-2026-five-developments-every-advertiser,200.0,2026-05-13T20:15:40+00:00,2026-02-27T00:00:00-05:00,2026-03-05T17:28:50-05:00,jsonld,jsonld,
https://blog.keitaro.io/en/ethical-marketing-best-practices-for-brands-and-media-buyers-in-2026/,200.0,,2025-10-02T14:59:04+02:00,2025-10-15T16:54:32+02:00,jsonld,jsonld,
https://www.esquiredigital.com/the-esquire-ai-visibility-method/,200.0,,,,,,
https://www.bestlawyers.com/article/ai-legal-marketing-visibility/7310,200.0,2026-04-20T11:00:00+00:00,,,,,
https://rocketclicks.com/client-education/mobile-users-prefer-fast-loading-websites-for-law-firms/,200.0,2026-05-13T02:45:42+00:00,2025-03-19T16:00:47-05:00,2025-03-18T14:58:53-05:00,jsonld,jsonld,
https://www.walkeradvertising.com/mobile-optimization-for-law-firm-websites/,200.0,2026-05-13T20:15:42+00:00,2025-07-17T20:57:47+00:00,2025-07-17T20:57:49+00:00,jsonld,jsonld,
https://www.clio.com/blog/geo-for-law-firms/,200.0,,,,,,
https://jolt.law.harvard.edu/digest/ai-as-the-new-front-door-to-legal-services-what-googles-ai-overview-means-for-law-firm-visibility-and-professional-responsibility,200.0,,2026-01-05T23:00:25+00:00,2026-01-05T23:00:25+00:00,og,og,
https://crisp.co/why-you-need-mobile-optimization-for-your-law-firms-website/,200.0,,2018-02-15T17:32:54+00:00,2020-08-20T21:01:39+00:00,jsonld,jsonld,
https://onward.justia.com/how-googles-conversational-ai-mode-will-change-legal-search-queries/,403.0,,,,,,
https://www.jdsupra.com/legalnews/ai-search-visibility-the-tools-law-8183786/,200.0,,,,,,
https://fwd-lawyermarketing.com/should-your-personal-injury-law-firm-be-running-youtube-ads/,200.0,2026-05-10T02:24:34+00:00,2025-05-02T21:38:26+00:00,2026-02-17T21:51:14+00:00,og,og,
https://good2bsocial.com/mobile-seo-for-law-firms/,200.0,,2025-05-05T18:36:00+00:00,,jsonld,,
https://www.bestlawyers.com/article/mobile-optimization-legal-websites-success/6466,200.0,2025-01-10T13:00:00+00:00,,,,,
https://www.msba.org/site/site/content/News-and-Publications/News/General-News/Gemini_for_Lawyers_Comparing_Free_Pro_and_Ultra_AI_Tools_for_Legal_Practice.aspx,200.0,,,,,,
https://www.attorneyjournals.com/six-legal-marketing-trends-law-firms-must-get-ahead-of-in-2026,200.0,,2025-12-31T16:55:13,2025-12-31T16:54:56,jsonld,jsonld,
https://www.ftc.gov/business-guidance/advertising-marketing,200.0,2026-05-13T20:15:41+00:00,2026-02-13T22:00:00+00:00,,time_tag,,
https://pmc.ncbi.nlm.nih.gov/articles/PMC8852885/,200.0,,,,,,
https://www.lexiconlegalcontent.com/geo-for-law-firms/,200.0,,2025-10-27T01:12:08+00:00,2026-02-25T00:17:22+00:00,jsonld,jsonld,
https://www.walkeradvertising.com/yearly-legal-marketing-trends/,200.0,2026-05-13T20:15:44+00:00,2026-01-14T15:50:49+00:00,2026-01-14T15:50:51+00:00,jsonld,jsonld,
https://www.martindale-avvo.com/blog/risks-of-ignoring-ai-search-for-law-firms/,200.0,,2026-05-04T22:33:15+00:00,2026-05-04T22:33:17+00:00,jsonld,jsonld,
https://www.iowabar.org/?pg=IowaLawyerMagazine&pubAction=viewIssue&pubIssueID=65951&pubIssueItemID=432262,200.0,,2026-03-01T12:00:00-06:00,,jsonld,,
https://stubgroup.com/blog/google-ads-for-lawyers-guide/,200.0,,2026-03-26T22:03:30+00:00,2026-03-27T15:09:58+00:00,jsonld,jsonld,
https://www.consultwebs.com/blog/2026-marketing-predictions-for-law-firms/,200.0,,2026-01-08T00:00:00,2026-01-23T00:00:00,jsonld,jsonld,
https://pubsonline.informs.org/doi/10.1287/mksc.2021.0107,403.0,,,,,,
https://legal.thomsonreuters.com/blog/the-consumer-vs-professional-ai-privacy-standards-for-legal-work/,200.0,,2025-11-10T14:30:46+00:00,2025-11-19T22:40:35+00:00,og,og,
https://www.clio.com/resources/ai-for-lawyers/safe-ai-use-law-firms/,200.0,,,,,,
https://gh.bmj.com/content/11/1/e019180,403.0,,,,,,
https://www.reddit.com/r/LawFirm/comments/1aptun9/are_lawyers_using_chatgpt_or_similar_tools_at/,200.0,,,,,,
https://www.trustpilot.com/review/attorneyvisibilityai.com?page=2,403.0,,,,,,
https://www.law365.co/blog/why-shouldnt-you-use-chatgpt-for-any-legal-documentation,200.0,2026-05-07T12:24:41+00:00,2025-07-21T15:12:40+00:00,2025-07-21T15:12:40.385000+00:00,jsonld,jsonld,
https://www.attorneyatwork.com/ppc-for-lawyers/,200.0,,2026-03-05T15:19:00+00:00,2026-05-07T16:06:34+00:00,jsonld,jsonld,
https://www.weltman.com/publication-what-creditors-can-expect-in-bankruptcy-for-2026,200.0,,,,,,
https://12amagency.com/blog/law-firm-marketing-companies-with-highest-roi/,200.0,2026-05-13T18:19:31+00:00,2026-04-21T15:24:28+00:00,2026-04-23T15:07:06+00:00,jsonld,jsonld,
https://ppc.co/blog/build-better-ppc-campaigns-for-your-law-firm,200.0,2026-05-13T20:15:46+00:00,,,,,
https://www.helloroketto.com/articles/ppc-for-lawyers,200.0,,2026-04-30T00:00:00,2026-04-30T00:00:00,jsonld,jsonld,
https://www.dykema.com/news-insights/bankruptcy-and-restructuring-trends-to-watch-in-2026.html,200.0,,2026-01-02T18:45:00+00:00,,jsonld,,
https://www.wolterskluwer.com/en/expert-insights/getting-ahead-of-chapter-11-filings-in-2026-a-practical-guide,200.0,,2026-02-17T00:00:00+00:00,,jsonld,,
https://calmatters.org/economy/technology/2025/09/chatgpt-lawyer-fine-ai-regulation/,200.0,2026-05-11T19:12:26+00:00,2025-09-22T12:35:00+00:00,2025-09-22T15:43:07+00:00,jsonld,jsonld,
https://www.lawmatics.com/blog/best-ai-tools-for-lawyers,200.0,2026-05-13T20:15:46+00:00,,,,,
https://www.americanbar.org/products/inv/book/456744760/,403.0,,,,,,
https://www.lexreception.com/blog/business-tips/5-best-practices-to-increase-website-conversions-for-law-firms/,200.0,,2026-02-09T09:51:05+00:00,2026-02-09T09:51:08+00:00,jsonld,jsonld,
https://www.lawmatics.com/blog/deep-dive-recap-whats-new-in-lawmatics-in-2026,200.0,2026-05-13T20:15:47+00:00,,,,,
https://www.spellbook.legal/learn/is-it-legal-for-lawyers-use-chatgpt,200.0,2026-05-13T20:15:47+00:00,,,,,
https://www.lawbrokr.com/blog/using-video-marketing-to-showcase-your-law-firms-expertise,200.0,2026-05-13T20:15:47+00:00,,,,,
https://www.attorneyatwork.com/law-firm-video-marketing-strategy-fails/,200.0,,2026-05-05T10:00:00+00:00,2026-05-05T21:59:18+00:00,jsonld,jsonld,
https://outreachz.com/blog/best-law-firm-link-building-services/,200.0,,2026-03-18T09:26:40+00:00,2026-04-13T10:31:44+00:00,jsonld,jsonld,
https://firmpilot.com/blog/video-marketing-for-lawyers-how-to-connect-and-convert-online/,429.0,,,,,,
https://www.attorneyatwork.com/sm-law-firm-leaders-twitter-pros-cons/,200.0,,2015-03-04T10:16:09+00:00,2024-10-28T21:47:49+00:00,jsonld,jsonld,
https://www.latimes.com/b2b/law-legal/story/2025-10-19/video-marketing-for-lawyers,200.0,,2025-10-19T08:55:00+00:00,2025-10-19T08:55:00.029000+00:00,jsonld,jsonld,
https://www.mcdougallinteractive.com/blog/seo/law-firm-seo-results-timeline/,200.0,2026-03-21T09:45:17+00:00,2025-10-30T16:54:34+00:00,2025-10-30T16:57:07+00:00,jsonld,jsonld,
https://www.wolterskluwer.com/en/know/future-ready-lawyer-2026,200.0,,,,,,
https://broadly.com/blog/best-practices-for-family-law-lead-generation/,200.0,,2022-12-14T02:28:38+00:00,2025-02-15T05:55:43+00:00,jsonld,jsonld,
https://www.sociosquares.com/blog/how-to-use-linkedin-to-attract-high-net-worth-clients-for-your-law-firm/,,,,,,,"HTTPSConnectionPool(host='www.sociosquares.com', port=443): Max retries exceeded with url: /blog/how-to-use-linkedin-to-attract-high-net-worth-clients-for-your-law-firm/ (Caused by SSLError(SSLCertVer"
https://www.ncbar.org/nc-lawyer/2024-11/social-media-marketing-for-law-firms-who-what-why-when-where-how/,200.0,,2024-11-20T05:00:19-05:00,2024-11-20T10:25:00-05:00,jsonld,jsonld,
https://www.oneegg.com.au/blog/law-firm-landing-page-best-practices/,200.0,,2026-04-10T11:43:41+11:00,2026-04-24T15:35:59+11:00,jsonld,jsonld,
https://www.5wpr.com/ai-visibility-index/legal-ai-visibility-index-2026/,200.0,,2026-04-23T00:00:00,2026-04-23T00:00:00,jsonld,jsonld,
https://androvett.com/twitter-for-lawyers-is-it-worth-it,503.0,,,,,,
https://www.martindale-avvo.com/blog/ai-visibility-for-law-firms-an-expanded-guide-for-your-conversations/,200.0,,2026-04-06T19:15:29+00:00,2026-04-07T17:54:47+00:00,jsonld,jsonld,
https://legalservicesboard.org.uk/enquiries/frequently-asked-questions/reserved-legal-activities,200.0,,2019-04-23T11:19:15+00:00,2019-05-07T09:34:36+00:00,jsonld,jsonld,
https://mylegalwin.com/the-top-legal-youtubers-of-2025/,200.0,,,,,,
https://forwardpush.com/blog/why-law-firms-should-or-shouldnt-use-lsa-in-their-lead-strategy-a-balanced-guide/,200.0,,2025-12-11T09:35:04-05:00,2025-12-11T09:35:05-05:00,jsonld,jsonld,
https://www.findlaw.com/lawyer-marketing/white-papers/website-visibility-in-google-ai-search-major-ai-tools-for-legal-services-queries/,200.0,2026-05-13T20:15:49+00:00,2026-03-02T14:36:23-05:00,2026-03-02T19:17:49-05:00,jsonld,jsonld,
https://videos.feedspot.com/law_youtube_channels/,200.0,,2018-03-27T10:38:21-07:00,2026-05-09T19:08:01-07:00,og,og,
https://firmpilot.com/blog/law-firm-google-business-profile/,429.0,,,,,,
https://www.marketmymarket.com/legal-marketing/law-firm-google-business-profile-optimization/,200.0,,,,,,
https://www.ericmathenylaw.com/blog/2010/april/lsa-leaving-the-scene-of-an-accident/,200.0,,2010-04-18T00:00:00,2026-03-03T00:00:00,jsonld,jsonld,
https://www.martindale-avvo.com/blog/the-new-rules-of-search-visibility-for-law-firms/,200.0,,2026-01-05T13:36:00+00:00,2026-03-16T20:20:52+00:00,jsonld,jsonld,
https://tubeonai.com/best-youtube-channels-for-lawyers/,200.0,,2025-12-03T12:58:06-05:00,2025-12-24T03:10:53-05:00,og,og,
https://getciville.com/why-deleting-old-content-can-boost-your-firms-seo/,200.0,2026-05-13T20:15:49+00:00,2025-08-26T16:46:27+00:00,2025-08-26T16:46:50+00:00,jsonld,jsonld,
https://www.bangkoklegalconsulting.com/top-youtube-channels-for-aspiring-lawyers/,200.0,2025-11-27T19:42:09+00:00,2025-06-21T15:33:36+00:00,2025-06-21T15:37:25+00:00,jsonld,jsonld,
https://www.walkeradvertising.com/website-trends/,200.0,2026-05-13T20:15:50+00:00,2026-03-03T16:51:41+00:00,2026-03-03T16:51:43+00:00,jsonld,jsonld,
https://lawfirmmarketingpros.com/dont-enter-2026-without-these-5-things-in-your-law-firm-marketing-strategy/,200.0,2026-05-13T16:42:07+00:00,,,,,
https://natlawreview.com/article/twitter-law-firms-8-tips-marketing-your-business-x,200.0,2026-05-13T20:15:48+00:00,2023-11-13T13:43:02,2023-11-13T14:25:29,jsonld,jsonld,
https://www.martindale-avvo.com/blog/why-you-should-update-old-content-on-your-website/,200.0,,2020-07-16T10:45:29+00:00,2020-07-16T10:45:29+00:00,jsonld,jsonld,
https://www.rep-ink.com/inksights/how-law-firms-can-build-trust-before-a-crisis-strikes/,200.0,,2026-01-05T21:21:11-05:00,2026-01-06T15:40:15-05:00,jsonld,jsonld,
https://growlaw.co/blog/reputation-management-for-attorneys,200.0,2026-05-13T20:15:51+00:00,,,,,
https://www.americanbar.org/groups/law_practice/resources/law-practice-magazine/2026/march-april-2026/ai-powered-search-visibility-for-law-firms/,403.0,,,,,,
https://www.americanbar.org/groups/law_practice/resources/law-technology-today/2025/legal-chatgpt-tips-prompts-and-use-cases/,403.0,,,,,,
https://www.millalaw.com/why-law-firms-love-reputation-management/,403.0,2026-05-13T20:15:51+00:00,,,,,
https://12amagency.com/blog/reputation-management-important-law-firm/,200.0,2026-05-13T19:43:38+00:00,2025-11-28T21:41:23+00:00,2025-12-01T13:06:49+00:00,jsonld,jsonld,
https://burkelawvt.com/blog/lsa/,200.0,,2020-11-16T18:20:53+00:00,2021-05-17T21:36:35+00:00,jsonld,jsonld,
https://optimizemyfirm.com/settlements-verdict-page/,200.0,,2019-12-29T04:35:49+00:00,2021-10-11T07:20:52+00:00,jsonld,jsonld,
https://www.forbes.com/councils/forbesagencycouncil/2026/05/11/your-law-firms-reputation-is-now-a-ranking-factor-and-most-businesses-arent-ready/,200.0,,2026-05-11T00:00:00,2026-05-11T00:00:00,og,og,
https://blog.joinmastodon.org/2018/08/mastodon-quick-start-guide/,200.0,2026-05-05T21:35:15+00:00,2018-08-27T00:00:00+00:00,,time_tag,,
https://www.legalmarketingblog.com/marketing-tips/using-schema-markup-to-improve-your-law-firms-visibility/,403.0,,,,,,
https://medium.com/@erinfulmerwrites/navigating-mastodon-a-user-guide-for-newbies-dbd453782b4e,200.0,,2022-12-01T21:35:48+00:00,2022-12-01T21:52:17+00:00,jsonld,jsonld,
https://brand24.com/blog/lawyer-reputation-management/,200.0,,2025-04-18T15:07:36+02:00,2026-04-13T13:07:47+02:00,jsonld,jsonld,
https://ericwbailey.website/published/my-mastodon-strategy/,200.0,,2023-02-21T00:05:00+00:00,,og,,
https://www.superlawyers.com/about/attorney-faq/,200.0,2026-05-13T20:15:52+00:00,,2026-01-26T19:40:40+00:00,,og,
https://sarahmhigley.com/writing/mastodon/,200.0,2023-09-17T22:48:51+00:00,,,,,
https://lawrank.com/social-media-for-lawyers/,200.0,,2026-04-14T16:48:00+00:00,2026-04-16T11:43:57+00:00,jsonld,jsonld,
https://www.superlawyers.com/about/selection-process/,200.0,2026-05-13T20:15:52+00:00,,2026-02-17T21:45:49+00:00,,og,
https://www.superlawyers.com/for-lawyers/announcement-templates/,200.0,2026-05-13T20:15:52+00:00,,,,,
https://www.martindale-avvo.com/blog/4-ways-to-promote-your-law-firm-using-twitter/,200.0,,2021-07-13T18:38:39+00:00,2021-07-13T18:38:39+00:00,jsonld,jsonld,
https://www.lawmatics.com/onboarding,200.0,2026-05-13T20:15:52+00:00,,,,,
https://help.lawmatics.com/en/articles/10699808-client-portal-overview,200.0,,2026-03-09T18:59:46+00:00,2026-03-09T18:59:46+00:00,time_tag,jsonld,
https://vipmarketing.com/blog/5-schema-markups-to-amplify-your-law-firms-web-performance/,200.0,2026-05-12T18:16:26+00:00,2024-02-16T17:42:13+00:00,2026-03-03T19:59:57.530000+00:00,jsonld,jsonld,
https://www.findlaw.com/lawyer-marketing/blog/super-lawyers-website-redesign-improves-navigation-highlights-vetted-attorneys/,200.0,2026-05-13T20:15:53+00:00,2022-12-07T12:56:05-05:00,2023-01-10T12:21:39-05:00,jsonld,jsonld,
https://www.latus-group.com/blog/an-estate-planning-guide-for-beginners,200.0,2026-05-13T20:15:53+00:00,,,,,
https://www.lexiconlegalcontent.com/generative-engine-optimization-law-firms/,200.0,,2025-10-28T12:36:00+00:00,2026-02-21T18:32:03+00:00,jsonld,jsonld,
https://www.morganstanley.com/articles/estate-planning-checklist,200.0,2026-05-13T13:56:34+00:00,,,,,
https://investor.vanguard.com/investor-resources-education/article/estate-planning-basics,200.0,,,,,,
https://www.lawdepot.com/us/estate-planning/,200.0,,,,,,
https://www.capterra.com/bankruptcy-software/,403.0,,,,,,
https://www.dossey.com/blog/2024/october/understanding-the-basics-of-estate-planning-a-be/,200.0,,2024-10-31T00:00:00,2026-03-04T00:00:00,jsonld,jsonld,
https://tweethunter.io/blog/twitter-for-lawyers?r=0&amp%2525252525252525252525253Butm_medium=social&amp%2525252525252525252525253Butm_campaign=influ_salesplayers,200.0,,,,,,
https://www.consumershield.com/articles/lawyer-cost,200.0,2026-05-13T20:15:54+00:00,2025-08-14T11:20:53.510000+00:00,2025-08-14T11:20:53.510000+00:00,jsonld,jsonld,
https://support.tiktok.com/en/account-and-privacy/personalized-ads-and-data/how-your-ads-are-personalized,200.0,,,,,,
https://lawfirmsites.com/reputation-management-for-lawyers-online/,200.0,2026-05-13T20:15:53+00:00,2025-09-08T09:58:58+00:00,2025-10-03T18:43:54+00:00,jsonld,jsonld,
https://www.scorpion.co/law-firms/insights/blog/verticals/law-firms/linkedin-do-s-and-don-ts-for-lawyers/,200.0,,,,,,
https://www.legalreader.com/geo-strategies-every-law-firm-needs-in-2026/,200.0,,2026-02-27T18:49:31+00:00,,og,,
https://www.gorelick-law.com/what-are-alternative-sentencing-options-for-dui-in-california,200.0,2026-05-13T20:15:55+00:00,2025-10-24T00:00:00,2025-10-24T00:00:00,jsonld,jsonld,
https://www.findlaw.com/lawyer-marketing/blog/is-findlaw-worth-it-read-this-and-decide-for-yourself/,200.0,2026-05-13T20:15:55+00:00,2021-02-10T11:28:20-05:00,2021-04-12T08:04:40-05:00,jsonld,jsonld,
https://withsenzu.com/hidden-acquisition-costs-thinking-beyond-the-purchase-price/,200.0,2026-05-12T20:51:54+00:00,2025-05-23T14:08:43-05:00,2025-06-03T19:26:53-05:00,jsonld,jsonld,
https://lawful.com/costs/how-much-does-a-lawyer-cost,200.0,2026-05-13T20:15:55+00:00,2022-10-28T16:17:51.598000+00:00,2025-02-14T05:34:18.053000+00:00,jsonld,jsonld,
https://12amagency.com/blog/justia-vs-findlaw/,200.0,2026-05-13T18:04:30+00:00,2025-09-29T08:59:48+00:00,2025-12-13T04:44:24+00:00,jsonld,jsonld,
https://www.themeehanlawfirm.com/dui/dui-sentencing-alternatives,200.0,2026-05-13T20:15:55+00:00,,,,,
https://www.majux.com/should-your-law-firm-use-findlaw/,200.0,2026-05-13T20:15:55+00:00,2022-10-28T19:56:33+00:00,2025-03-03T18:20:51+00:00,jsonld,jsonld,
https://legaltemplates.net/resources/estate-planning/cost-of-estate-planning/,200.0,,2026-03-10T19:44:19+00:00,2026-03-17T16:55:36+00:00,jsonld,jsonld,
https://www.metlife.com/stories/legal/how-much-do-lawyers-cost/,200.0,2026-05-13T20:15:55+00:00,,,,,
https://arxiv.org/html/2603.23857v1,200.0,2026-03-26T00:22:14+00:00,,,,,
https://dui.williamweinberg.com/california-dui/alternative-to-jail-on-dui-cases/,200.0,2026-04-09T16:13:47+00:00,2025-08-27T22:56:53+00:00,2025-09-12T21:47:41+00:00,jsonld,jsonld,
https://www.spellbook.legal/learn/lawyer-fined-using-ai-legal-fake-citations,200.0,2026-05-13T20:15:56+00:00,,,,,
https://www.latimes.com/business/story/2025-05-22/ai-lawyers-hallucinations-a-growing-problem-for-lawyers,200.0,,2025-05-22T10:00:00+00:00,2025-05-25T20:21:53.529000+00:00,jsonld,jsonld,
https://www.ncsc.org/resources-courts/legal-practitioners-guide-ai-hallucinations,200.0,2026-05-13T20:13:04+00:00,2026-02-16T00:00:00,2026-02-16T07:02:23-05:00,jsonld,jsonld,
https://www.jjlaw2.com/dui/alternatives-to-custody/,200.0,2025-09-29T08:46:56+00:00,2025-05-14T16:37:15+00:00,2025-09-29T12:46:56+00:00,jsonld,jsonld,
https://www.consultwebs.com/lawyer-seo/link-building/,200.0,,2021-04-15T00:00:00,2026-05-13T00:00:00,jsonld,jsonld,
https://growresolve.com/link-building-industry-series-law/,202.0,,,,,,
https://taodigitalmarketing.com/link-building-for-law-firms/,200.0,,2024-01-18T11:12:23+00:00,2024-12-19T15:16:07+00:00,jsonld,jsonld,
https://www.law.cornell.edu/wex/legal_advertising,200.0,2026-05-13T10:08:32+00:00,,,,,
https://www.araglegal.com/employers/our-plans,200.0,,,,,,
https://plaintiffmagazine.com/recent-issues/item/ethics-of-law-firm-marketing-and-advertising,200.0,2026-05-13T20:15:57+00:00,,,,,
https://www.ncbar.gov/for-lawyers/ethics-and-rules/ethics-articles/walking-the-ethical-line-with-lawyer-advertising/,200.0,,,,,,
https://www.reddit.com/r/Lawyertalk/comments/1nzspjx/social_media_marketing_for_law_firms/,200.0,,,,,,
https://onward.justia.com/answer-engine-optimization-aeo-is-your-law-firm-website-aeo-friendly/,403.0,,,,,,
https://www.legalreader.com/why-lawyers-should-invest-in-link-building/,200.0,,2026-02-27T19:51:57+00:00,,og,,
https://www.clio.com/blog/link-building-for-lawyers/,200.0,,,,,,
https://www.sociosquares.com/blog/google-business-profile-optimization-for-law-firms-guide/,,,,,,,"HTTPSConnectionPool(host='www.sociosquares.com', port=443): Max retries exceeded with url: /blog/google-business-profile-optimization-for-law-firms-guide/ (Caused by SSLError(SSLCertVerificationError("
https://seoprofy.com/blog/link-building-for-lawyers/,200.0,2026-05-13T20:00:23+00:00,2025-03-28T17:41:48+00:00,2026-01-01T18:36:23+00:00,og,og,
https://www.clio.com/blog/lawyer-advertising-rules/,200.0,,,,,,
https://dnovogroup.com/blog/instagram-for-lawyers/,200.0,2026-05-09T23:18:24+00:00,2023-05-12T12:26:00+00:00,2026-02-19T15:08:28+00:00,jsonld,jsonld,
https://www.oneegg.com.au/blog/ppc-vs-seo-for-law-firms/,200.0,,2026-04-24T11:10:13+11:00,2026-04-24T11:58:20+11:00,jsonld,jsonld,
https://www.andava.com/learn/legal-marketing-statistics/,200.0,,2025-11-06T05:22:39+00:00,,jsonld,,
https://lexwire.org/ai-visibility/answer-engine-optimization-law-firms/,200.0,,2025-12-07T19:29:02+00:00,2026-01-18T05:03:36+00:00,jsonld,jsonld,
https://jurisdigital.com/research/is-investing-in-superlawyers-worth-it-for-your-law-firm/,200.0,,2024-08-29T04:09:49-06:00,2025-11-24T09:22:46-07:00,jsonld,jsonld,
https://www.clio.com/resources/the-ultimate-social-media-playbook-for-lawyers/instagram-marketing-for-lawyers/,200.0,,,,,,
https://www.paperstreet.com/internet-marketing/ai-marketing/,200.0,2026-05-13T20:15:59+00:00,2024-08-02T17:20:58+00:00,2026-03-30T17:33:35+00:00,jsonld,jsonld,
https://custom.legal/answer-engine-optimization-makes-trust-more-valuable-than-keywords/,429.0,,,,,,
https://onward.justia.com/6-factors-influencing-your-law-firm-website-conversion-rates/,403.0,,,,,,
https://www.reddit.com/r/Legalmarketing/comments/1l3g2p1/the_quiet_crisis_of_law_firm_lead_conversion_why/,200.0,,,,,,
https://growwithqs.com/what-legal-clients-really-want-in-2026/,200.0,,2026-03-06T11:13:38+00:00,2026-03-06T11:13:46+00:00,jsonld,jsonld,
https://www.lexiconlegalcontent.com/aeo-for-law-firms/,200.0,,2025-11-08T03:21:00+00:00,2025-11-08T04:05:09+00:00,jsonld,jsonld,
https://good2bsocial.com/boosting-site-speed-for-law-firm-websites/,200.0,,2024-03-07T05:00:00+00:00,2025-03-07T15:05:58+00:00,jsonld,jsonld,
https://www.taylorscherseo.com/blog/legal-marketing-statistics,200.0,2026-05-13T20:16:00+00:00,,,,,
https://www.ollyolly.com/social-media-ads/should-your-law-firm-advertise-on-findlaw-avvo-or-martindale-a-comprehensive-guide/,429.0,,,,,,
https://epicattorneymarketing.com/social-media-marketing-for-law-firms-the-2026-strategy-for-total-market-dominance/,200.0,,2026-05-02T17:00:00-07:00,2026-05-02T21:51:34-07:00,jsonld,jsonld,
https://prforattorneys.com/2025/12/18/ai-visibility-2026-how-llm-optimization-beats-traditional-seo/,403.0,,,,,,
https://medium.com/@InnafromLawrina/top-10-lawyer-directories-find-a-lawyer-for-your-needs-60237f43dcaa,200.0,,2023-08-21T11:12:20+00:00,2023-08-21T11:12:20+00:00,jsonld,jsonld,
https://www.ilawyermarketing.com/answer-engine-optimization-for-law-firms/,200.0,,2025-08-12T03:24:05+00:00,2026-03-26T01:26:55+00:00,jsonld,jsonld,
https://seoprofy.com/blog/legal-marketing-statistics/,200.0,2026-05-13T20:16:00+00:00,2024-10-22T09:30:41+00:00,2026-01-02T11:46:56+00:00,og,og,
https://developers.google.com/search/docs/appearance/core-web-vitals,200.0,2025-12-10T18:38:05+00:00,,,,,
https://lawrank.com/best-lawyer-review-websites/,200.0,,2026-01-02T18:50:57+00:00,2026-05-06T17:37:57+00:00,jsonld,jsonld,
https://www.fosterwebmarketing.com/blog/the-best-directory-sites-for-attorneys.cfm,200.0,,,,,,
https://www.jdsupra.com/legalnews/optimizing-your-law-firm-website-a-8129691/,200.0,,,,,,
https://good2bsocial.com/core-web-vitals-for-law-firms-a-guide-to-improving-your-website-performance/,200.0,,2024-05-29T19:14:33+00:00,2025-02-11T22:36:04+00:00,jsonld,jsonld,
https://www.findlaw.com/lawyer-marketing/blog/3-reasons-to-have-a-listing-on-the-findlaw-com-directory/,200.0,2026-05-13T20:16:01+00:00,2024-05-29T15:03:32-05:00,2025-01-28T14:10:23-05:00,jsonld,jsonld,
https://vipmarketing.com/blog/best-directories-to-list-your-law-firm/,200.0,2026-05-12T18:16:24+00:00,2025-03-19T19:45:00+00:00,2026-03-10T19:41:08.057000+00:00,jsonld,jsonld,
https://avitagroup.com/best-legal-directories-for-lawyers/,200.0,,2026-02-11T17:24:18+00:00,2026-02-12T23:01:58+00:00,jsonld,jsonld,
https://nitropack.io/blog/increase-page-speed-law-firm-website/,200.0,,2024-05-20T17:30:00+00:00,2026-03-26T10:42:52+00:00,jsonld,jsonld,
https://www.reddit.com/r/SocialMediaMarketing/comments/1qb0194/what_is_your_minimum_viable_twitter_strategy_that/,200.0,,,,,,
https://goconstellation.com/findlaw-lawyer-directory/,403.0,,,,,,
https://www.egenerationmarketing.com/blog/guide-lead-generation-for-lawyers,200.0,2026-05-09T23:53:39+00:00,,,,,
https://attorneyatlawmagazine.com/legal-marketing/social-media/facebook/8-best-facebook-ads-tips-for-lawyers,200.0,2026-05-13T20:16:01+00:00,2021-11-22T17:27:45-07:00,2023-01-05T07:41:52-07:00,jsonld,jsonld,
https://www.rev.com/blog/dui-defense-strategies,200.0,2026-05-13T20:16:02+00:00,2025-11-18T00:00:00,2025-12-16T00:00:00,jsonld,jsonld,
https://legalvoice.org/resources/working-with-a-lawyer/,200.0,,2022-12-07T20:40:34+00:00,2025-12-02T22:50:14+00:00,jsonld,jsonld,
https://www.jasminedirectory.com/blog/legal-business-directories-the-2026-list/,200.0,,2026-03-29T10:01:06+00:00,2026-03-29T10:27:45+00:00,jsonld,jsonld,
https://smbteam.com/content-marketing-for-law-firms-the-two-weekend-podcast-strategy/,200.0,,2019-12-18T09:41:45+00:00,2026-04-01T06:03:22+00:00,jsonld,jsonld,
https://www.elitelegalmarketing.com/facebook-ads-for-lawyers-a-smart-client-acquisition-strategy-for-law-firms/,403.0,,,,,,
https://www.mycase.com/blog/law-firm-marketing/facebook-advertising-for-lawyers/,200.0,,2022-09-15T00:00:00,,jsonld,,
https://www.attorneyjournals.com/the-complete-guide-to-reputation-management-for-law-firms,200.0,,2025-01-02T20:23:52,2025-01-02T20:23:21,jsonld,jsonld,
https://www.usa.gov/legal-aid,200.0,2026-05-13T14:27:17+00:00,,,,,
https://consumer.ftc.gov/hiring-lawyer,200.0,2026-05-13T20:15:24+00:00,2023-09-11T18:40:50-04:00,2025-09-10T22:55:46-04:00,og,og,
https://www.calbar.ca.gov/public/legal-resources/working-attorney/what-expect-regarding-fees-and-billing,200.0,2026-05-13T20:02:32+00:00,,,,,
https://www.casestatus.com/blog/reputation-management-for-law-firms,200.0,2026-05-13T20:16:03+00:00,,,,,
https://www.forthepeople.com/blog/hiring-your-first-lawyer-guide-first-time-legal-representation/,200.0,2026-05-13T19:44:24+00:00,2025-05-02T14:31:51-04:00,2025-05-20T17:05:59-04:00,jsonld,jsonld,
https://www.legalsoft.com/blog/law-firm-reputation-management-tips,200.0,2026-05-13T20:16:03+00:00,2024-11-01T00:00:00,,jsonld,,
https://blog.hubspot.com/marketing/answer-engine-optimization-case-studies,200.0,2026-04-22T14:18:35+00:00,2026-04-22T14:18:35+00:00,2026-04-22T14:18:35+00:00,jsonld,jsonld,
https://www.clio.com/resources/digital-marketing-lawyers/social-media-lawyers/,200.0,,,,,,
https://www.attorneyjournals.com/the-benefits-of-creating-video-content-for-your-law-firm,200.0,,2023-05-31T15:31:10,2023-05-31T15:31:00,jsonld,jsonld,
https://goconstellation.com/video-marketing-for-attorneys/,403.0,,,,,,
https://www.superlawyers.com/for-lawyers/publication-information-colorado/,200.0,2026-05-13T20:16:04+00:00,,,,,
https://www.jdsupra.com/legalnews/supercharge-your-networking-with-social-3820143/,200.0,,,,,,
https://fwd-lawyermarketing.com/why-video-testimonials-are-the-new-word-of-mouth-for-law-firms/,200.0,2026-05-10T22:02:36+00:00,2025-04-14T18:27:43+00:00,2026-02-17T21:51:14+00:00,og,og,
https://attorneys.superlawyers.com/,200.0,2026-05-13T20:16:04+00:00,,,,,
https://greenbananaseo.com/answer-engine-optimization-case-studies/,200.0,,2025-11-07T07:27:25-05:00,2026-01-29T06:42:48-05:00,jsonld,jsonld,
https://lawfirmmarketingpros.com/reputation-marketing-and-reputation-management-for-lawyers/,200.0,2026-05-13T19:44:33+00:00,,,,,
https://greatlawfirmleads.com/video-testimonials/,200.0,,2022-04-22T20:35:30+00:00,2022-04-23T20:52:36+00:00,jsonld,jsonld,
https://www.reddit.com/r/Lawyertalk/comments/yf1s7e/ive_seen_a_couple_dozen_top_attorney_lists/,200.0,,,,,,
https://jeffreykulwin.com/2026-super-lawyers-list/,200.0,2026-05-13T20:16:04+00:00,2026-01-26T17:52:47+00:00,2026-01-26T17:52:50+00:00,jsonld,jsonld,
https://www.superlawyers.com/about/,200.0,2026-05-13T20:16:05+00:00,,2026-02-02T18:11:30+00:00,,og,
https://www.clio.com/resources/digital-marketing-lawyers/lawyer-video/,200.0,,,,,,
https://www.americanbar.org/groups/professional_responsibility/resources/professionalism/crossroads/,403.0,,,,,,
https://www.postali.com/a-law-firms-guide-to-online-reputation-management/,200.0,,2023-10-04T19:52:53+00:00,2025-09-08T16:37:21+00:00,jsonld,jsonld,
https://www.theedigital.com/blog/top-5-crms-for-law-firms,200.0,2026-04-07T12:27:14+00:00,2026-01-21T20:22:48+00:00,2026-04-07T16:27:14+00:00,jsonld,jsonld,
https://www.catomarketing.com/post/law-firms-on-linkedin-a-2026-blueprint-for-generating-high-value-cases,200.0,,2026-03-10T07:02:41.285000+00:00,2026-03-10T07:02:41.285000+00:00,jsonld,jsonld,
https://www.exults.com/blog/top-crms-for-law-firms/,200.0,,2025-10-14T07:14:23+00:00,2025-10-14T07:23:24+00:00,jsonld,jsonld,
https://inoriseo.com/law-firm-software/law-firm-crm-comparison-2026/,503.0,,,,,,
https://bluesevencontent.com/divorce-lawyer-seo-content/,429.0,,,,,,
https://firmpilot.com/blog/divorce-attorney-seo/,429.0,,,,,,
https://jurisdigital.com/guides/5-tips-on-how-to-get-nominated-for-super-lawyers/,200.0,,2023-01-02T00:00:00-07:00,2025-11-22T10:36:11-07:00,jsonld,jsonld,
https://www.bestlawyers.com/article/how-to-use-video-content-for-legal-client-acquisition/6200,200.0,2024-10-24T13:00:00+00:00,,,,,
https://legalexpertconnections.com/super-lawyers-selection-process-2026/,200.0,,2025-12-06T14:38:26+00:00,2025-12-06T15:07:45+00:00,jsonld,jsonld,
https://www.elitelegalmarketing.com/seo-for-divorce-lawyers-who-want-to-be-the-best/,403.0,,,,,,
https://www.cliffordlaw.com/16-attorneys-selected-to-the-2023-super-lawyers-list/,200.0,,2023-01-24T14:00:00+00:00,2026-03-01T17:09:18+00:00,jsonld,jsonld,
https://www.blueoceanglobaltech.com/blog/seo-for-divorce-lawyers,307.0,,,,,,
https://www.reddit.com/r/Lawyertalk/comments/1nf0u95/how_do_you_handle_when_clients_expect_you_to/,200.0,,,,,,
https://spellbook.com/learn/is-it-legal-for-lawyers-use-chatgpt,200.0,2026-05-13T20:15:47+00:00,,,,,
https://www.matadorsolutions.net/divorce-lawyer-seo/,200.0,,2024-11-19T19:03:16+00:00,2025-10-16T03:54:47+00:00,jsonld,jsonld,
https://jurisdigital.com/guides/seo-divorce-lawyers/,200.0,,2025-02-18T00:00:00-07:00,2025-11-22T18:03:49-07:00,jsonld,jsonld,
https://legaltalknetwork.com/blog/2025/05/maximizing-your-law-firm-lead-conversion-strategies-for-success/,200.0,,2025-05-21T16:25:13+00:00,2025-06-20T20:29:08+00:00,jsonld,jsonld,
https://www.pmpmg.com/blog/guide-to-tik-tok-for-lawyers/,200.0,,2024-01-12T13:57:50,2024-11-13T18:33:35,jsonld,jsonld,
https://elkhq.com/blog/seo-for-family-lawyers/,200.0,2026-05-13T19:44:42+00:00,2024-09-03T12:16:23+00:00,2026-04-18T00:34:44+00:00,jsonld,jsonld,
https://jnylaw.com/blog/can-chatgpt-still-give-you-legal-advice-heres-whats-changed/,200.0,,2025-11-08T08:00:20+00:00,,jsonld,,
https://lafleur.marketing/blog/schema-markup-and-seo/,200.0,2026-05-13T20:16:07+00:00,2025-02-08T15:43:24-05:00,2025-02-08T15:43:25-05:00,jsonld,jsonld,
https://www.clio.com/blog/seo-for-divorce-lawyers/,200.0,,,,,,
https://www.rev.com/blog/new-years-resolutions-for-lawyers,200.0,2026-05-13T20:16:07+00:00,2025-12-16T00:00:00,2026-04-16T00:00:00,jsonld,jsonld,
https://lawrank.com/core-web-vitals-what-are-they-and-how-do-they-impact-attorney-seo/,200.0,,2021-07-09T21:04:19+00:00,2022-10-11T18:54:17+00:00,jsonld,jsonld,
https://thefarberlawfirm.com/blog/top-legal-trends-every-lawyer-should-know-in-2026/,200.0,,2026-01-21T23:14:59+00:00,2026-01-26T20:47:10+00:00,jsonld,jsonld,
https://www.accelmarketingsolutions.com/should-i-make-a-tiktok-or-instagram-for-my-law-firm/,200.0,,2024-12-12T17:16:42+00:00,2025-08-29T15:18:34+00:00,og,og,
https://www.martindale-avvo.com/academy/training/setup-martindale-and-lawyers-dot-com-profile-provantage-onboarding/,200.0,,2024-09-09T22:10:24+00:00,2025-03-06T21:30:12+00:00,jsonld,jsonld,
https://dagmarmarketing.com/blog/core-web-vitals-for-attorneys/,200.0,,2021-11-16T23:16:43+00:00,2022-06-09T19:15:33+00:00,jsonld,jsonld,
https://www.lawyerlegion.com/profile-creation-guildelines,200.0,,,,,,
https://www.pbi.org/blog/5-trends-attorneys-should-watch-in-2026/,200.0,2026-01-06T09:41:54+00:00,2025-12-10T08:28:00-05:00,2026-01-06T09:41:54-05:00,jsonld,jsonld,
https://support.google.com/google-ads/announcements/9048695?hl=en,200.0,,,,,,
https://www.lexiconlegalcontent.com/schema-markup-for-law-firms-the-hidden-seo-advantage-your-competitors-are-missing/,200.0,,2025-09-14T22:27:15+00:00,2026-05-07T02:47:13+00:00,jsonld,jsonld,
https://gavelgrow.com/blog/conversion-rate-optimization-best-practices,200.0,2026-05-13T16:35:24+00:00,,,,,
https://www.americanbar.org/groups/law_practice/resources/law-practice-today/2025/august-2025/law-firm-visibility-generative-ai/,403.0,,,,,,
https://aegislaw.com/the-future-of-law-5-predictions-for-2026-and-how-to-prepare/,200.0,2026-05-13T20:16:09+00:00,2025-12-17T17:27:43+00:00,2026-01-25T01:04:30+00:00,jsonld,jsonld,
https://www.consultwebs.com/blog/what-googles-new-ai-overview-ads-mean-for-law-firm-marketing/,200.0,,2025-07-03T00:00:00,2025-07-24T00:00:00,jsonld,jsonld,
https://onefirstlegal.com/how-law-firms-can-leverage-social-media-without-violating-ethics-rules/,200.0,2025-11-18T10:51:38+00:00,2025-08-25T12:12:53+00:00,2025-11-18T15:51:38+00:00,jsonld,jsonld,
https://rocketclicks.com/client-education/how-law-firm-brand-mentions-and-backlinks-affect-local-search/,200.0,2026-05-13T03:23:44+00:00,2025-04-02T14:30:33-05:00,2025-04-01T15:28:56-05:00,jsonld,jsonld,
https://www.goldbergsegalla.com/blog/professional-liability-matters/social-media-lessons/ethical-advertising-on-linkedin/,200.0,,2013-08-27T13:22:43+00:00,,jsonld,,
https://www.findlaw.com/lawyer-marketing/white-papers/legal-directories-profiles-impact-search-visibility-performance/,200.0,2026-05-13T20:16:09+00:00,2025-06-16T16:41:49-05:00,2025-11-06T12:10:30-05:00,jsonld,jsonld,
https://www.jasminedirectory.com/blog/how-business-directory-backlinks-affect-domain-authority-a-data-driven-analysis/,200.0,,2026-04-27T03:57:48+00:00,2026-04-27T04:00:54+00:00,jsonld,jsonld,
https://www.legalcommunications.com/what-are-backlinks-and-why-are-they-important-for-seo/,200.0,2026-02-02T13:33:31+00:00,2026-02-02T12:49:55-04:00,2026-02-02T13:33:31-04:00,jsonld,jsonld,
https://9sail.com/resources/blog/mobile-friendly-seo-for-law-firms-capturing-clients-on-the-go/,200.0,,2026-01-12T16:20:33+00:00,2026-01-13T19:40:15+00:00,jsonld,jsonld,
https://marketing.trialguides.com/news-insights/3-proven-ways-to-optimize-your-law-firm-website-for-more-clients,200.0,2026-05-13T20:16:10+00:00,,,,,
https://www.mcdougallinteractive.com/blog/ai-seo-for-law-firms/conversion-rate-optimization-for-law-firms-with-ai/,200.0,2026-03-21T09:40:02+00:00,2025-12-31T21:50:21+00:00,,jsonld,,
https://skunkworks.ca/how-law-firms-can-leverage-a-visual-first-platform-like-instagram/,403.0,,,,,,
https://www.oneegg.com.au/blog/google-ads-cost-lawyers/,200.0,,2026-02-17T16:16:24+11:00,2026-04-24T11:19:21+11:00,jsonld,jsonld,
https://lawrank.com/instagram-for-lawyers/,200.0,,2024-12-23T19:29:50+00:00,2025-06-29T02:24:04+00:00,jsonld,jsonld,
https://growlaw.co/blog/optimize-website-for-mobile,200.0,2026-05-13T20:16:10+00:00,,,,,
https://www.modernsolo.com/blog/grow-practice-instagram,200.0,,2016-10-24T13:54:32-04:00,2020-10-07T18:51:48-04:00,jsonld,jsonld,
https://onward.justia.com/news-and-notes-from-google-local-services-ads-july-2025/,403.0,,,,,,
https://lawfirmmarketingpros.com/what-lawyers-need-to-know-about-the-new-google-local-service-ads-policy/,200.0,2026-05-13T16:56:55+00:00,,,,,
https://gavelgrow.com/blog/what-is-retargeting-advertising,200.0,2026-05-13T16:35:24+00:00,,,,,
https://cuttingedgepr.com/articles/best-law-firm-link-building-services-top-10-picks-for-2026/,202.0,,,,,,
https://jurisgrowth.me/services/local-service-ads-for-lawyers/,200.0,2026-05-07T16:23:22+00:00,,,,,
https://www.legalmarketingblog.com/marketing-tips/retargeting-ads-for-law-firms-worth-it-or-worn-out/,403.0,,,,,,
https://blog.intaker.com/post/remarketing-or-retargeting-campaign-for-law-firms-2,200.0,2026-05-13T08:34:00+00:00,,,,,
https://www.sfbar.org/blog/heads-up-new-chatgpt-privacy-concerns-for-lawyers-and-legal-staff/,200.0,,2025-08-07T22:02:57+00:00,,jsonld,,
https://www.filepro.com.au/pros-and-cons-of-chatbots-for-your-law-firm/,200.0,,2021-07-14T03:55:54+00:00,,jsonld,,
https://jurisdigital.com/research/click-study-google-local-service-ads-lawyers/,200.0,,2021-04-29T00:00:00-06:00,2026-04-22T06:28:20-06:00,jsonld,jsonld,
https://taodigitalmarketing.com/retargeting-ads-for-law-firms/,200.0,,2024-05-09T12:59:04+00:00,2025-02-25T16:33:28+00:00,jsonld,jsonld,
https://sites.lsa.umich.edu/mje/2024/10/31/tiktok-shop-takeover-the-economics-behind-tiktok-shops-success/,403.0,,,,,,
https://www.bestlawyers.com/article/backlinks-help-law-firm-seo/5815,200.0,2025-07-23T15:00:00+00:00,,,,,
https://www.martindale-avvo.com/blog/ai-pitfalls-for-attorneys-how-to-avoid-hidden-dangers/,200.0,,2025-12-22T14:15:00+00:00,2026-02-17T02:34:36+00:00,jsonld,jsonld,
https://wilmic.com/lawyering-mistakes/,202.0,,,,,,
https://www.callrail.com/blog/legal-marketing-trends,200.0,,,,,,
https://www.glossy.co/beauty/why-tiktoks-comment-section-is-driving-the-majority-of-first-purchases-right-now/,200.0,,2026-05-07T04:04:00+00:00,2026-05-07T04:04:00+00:00,jsonld,jsonld,
https://www.everlaw.com/blog/legal-technology/lawyer-technology-competence-5-debacles-you-can-avoid/,200.0,,2022-12-14T06:00:00-08:00,,jsonld,,
https://bemomentiq.com/blog/social-commerce-psychology-decoded-11-subconscious-triggers-make,200.0,,2025-12-19T12:29:00+00:00,2026-03-27T02:23:31.916000+00:00,jsonld,jsonld,
https://www.inro.social/blog/instagram-shop,200.0,2026-05-13T20:16:13+00:00,2026-03-17T14:33:17.616000+00:00,2026-03-16T15:51:07.945000+00:00,jsonld,jsonld,
https://www.duoplus.net/blog/how-to-set-up-instagram-shop-in-2026/,200.0,2026-05-13T10:26:08+00:00,,,,,
https://www.ilawyermarketing.com/how-do-the-new-lsa-ads-impact-local-search/,200.0,,2020-10-25T21:19:39+00:00,2023-06-02T17:13:24+00:00,jsonld,jsonld,
https://www.sophisticatedcloud.com/all-blogs/how-to-set-up-your-instagram-shop-a-2026-guide,200.0,,2026-01-06T11:57:56+00:00,2026-01-07T10:21:37+00:00,jsonld,jsonld,
https://www.yotpo.com/pages/loyalty-rewards-platform/,200.0,2026-05-13T10:21:47+00:00,2026-03-23T19:45:46+00:00,2026-03-23T19:45:46+00:00,jsonld,jsonld,
https://firework.com/blog/how-to-set-up-an-instagram-shop,200.0,2026-05-13T20:16:13+00:00,2025-04-24T00:00:00,2025-01-30T00:00:00,jsonld,jsonld,
https://www.edesk.com/blog/selling-on-instagram/,200.0,,2020-04-03T16:27:39+00:00,2026-02-11T10:17:10+00:00,jsonld,jsonld,
https://www.yotpo.com/pages/loyalty-management-software/,200.0,2026-05-13T10:19:59+00:00,2026-03-23T19:48:16+00:00,2026-03-23T19:48:16+00:00,jsonld,jsonld,
https://www.reddit.com/r/GrowthHacking/comments/1t7r3wr/ai_product_photography_for_ecommerce_whats/,200.0,,,,,,
https://www.psychologytoday.com/us/blog/the-savvy-consumer/202201/why-tiktok-made-us-buy-it,200.0,2022-01-28T01:30:31+00:00,2022-01-27T20:30:31-05:00,2022-01-27T20:30:31-05:00,jsonld,jsonld,
https://www.yotpo.com/the-step-by-step-guide-to-loyalty-program-implementation/,200.0,2026-05-13T10:23:48+00:00,2022-02-23T01:09:05+00:00,2025-08-20T20:59:17+00:00,jsonld,jsonld,
https://www.lawsociety.ab.ca/resource-centre/key-resources/practice-management/staying-safe-how-to-manage-threats-and-physical-violence-risks-in-the-legal-profession/,200.0,2026-05-13T20:16:13+00:00,2024-02-16T16:16:31+00:00,2026-01-26T21:55:55+00:00,jsonld,jsonld,
https://www.yotpo.com/blog/ecommerce-loyalty-program-guide/,200.0,2026-05-13T10:11:26+00:00,2025-10-15T19:55:16+00:00,2026-01-22T14:12:07+00:00,jsonld,jsonld,
https://www.reddit.com/r/automation/comments/1rsyczq/are_people_actually_using_ai_to_generate_product/,200.0,,,,,,
https://www.outfy.com/blog/how-to-set-up-a-shop-on-instagram/,200.0,,2025-07-17T07:35:06+00:00,2026-02-05T12:02:03+00:00,jsonld,jsonld,
https://www.digitalapplied.com/blog/ecommerce-analytics-2026-data-driven-revenue-guide,200.0,,2026-02-09T00:00:00+01:00,2026-02-09T00:00:00+01:00,jsonld,jsonld,
https://support.google.com/analytics/answer/14430645?hl=en,200.0,,,,,,
https://ask-luca.com/blogs/google-analytics-for-ecommerce,200.0,2026-05-13T20:16:14+00:00,2026-02-23T15:01:16.122000+00:00,2026-02-23T02:51:03.730000+00:00,jsonld,jsonld,
https://www.csail.mit.edu/news/3-questions-how-ai-image-generators-work,200.0,2026-05-11T16:33:52+00:00,2022-10-27T12:00:00+00:00,,time_tag,,
https://hightouch.com/blog/winback-campaign,200.0,,2025-10-13T13:30:00+00:00,2025-10-24T15:04:27+00:00,jsonld,jsonld,
https://www.pixelz.com/blog/ugc-on-pdp/,200.0,2026-05-13T07:04:44+00:00,2025-02-21T00:00:00+07:00,,og,,
https://www.inboundlogistics.com/articles/carbon-neutral-shipping-what-it-is-how-it-works-and-benefits/,200.0,,2025-09-02T09:08:47+00:00,2025-09-03T16:17:22+00:00,jsonld,jsonld,
https://seo-hacker.com/google-analytics-4-guide-2026/,200.0,,2026-04-27T08:30:28+00:00,2026-04-24T11:54:03+08:00,jsonld,jsonld,
https://www.polestarglobal.com/resources/carbon-neutral-shipping/,200.0,,2024-08-27T20:07:51+00:00,2025-03-26T16:45:23+00:00,jsonld,jsonld,
https://www.shipbob.com/blog/carbon-neutral-shipping/,200.0,,2021-05-24T06:20:00+00:00,2025-10-28T15:18:28+00:00,jsonld,jsonld,
https://www.bigblue.co/blog/carbon-neutral-shipping-the-guide-for-e-commerce,200.0,2026-05-13T20:16:15+00:00,2023-12-14T00:00:00,,jsonld,,
https://greenly.earth/en-gb/blog/industries/what-is-carbon-neutral-shipping-and-how-to-implement-it,200.0,,,,,,
https://shopify.dev/docs/api/checkout-ui-extensions/latest,200.0,,,,,,
https://studiohawk.com.au/blog/user-generated-content-digital-pr,200.0,2026-05-07T06:40:55+00:00,2024-12-20T22:27:32,2025-01-21T04:48:58,jsonld,jsonld,
https://checkoutboost.com/blogs/shopify-growth/shopify-checkout-extensibility-the-complete-guide,200.0,,2026-04-30T09:50:25+05:30,2026-04-30T10:07:06+05:30,jsonld,jsonld,
https://flowium.com/blog/winback-email-campaign-and-examples/,200.0,,2025-01-20T07:02:07-05:00,2026-04-03T02:19:38-04:00,jsonld,jsonld,
https://www.shopify.com/partners/blog/checkout-extensibility,200.0,,,,,,
https://www.midday.io/blog/shopify-checkout-extensibility-in-2026-7-mistakes-that-break-conversion-and-how-to-fix-them-30,404.0,,,,,,
https://www.ithelps-digital.com/en/blog/shopify-checkout-extensibility-a-comprehensive-guide,200.0,2026-05-13T20:16:16+00:00,2024-04-02T13:27:43+00:00,,jsonld,,
https://www.americanbar.org/groups/gpsolo/resources/ereport/2024-march/tapas-using-chatbots-your-law-firm-website-pros-cons-perks-perils/,403.0,,,,,,
https://www.charleagency.com/articles/shopify-one-page-checkout/,200.0,,2023-12-21T00:00:00,2026-01-28T00:00:00,jsonld,jsonld,
https://www.muckypuddle.com/blogs/news/shopify-checkout-extensibility-ultimate-guide,200.0,,2025-02-20T08:30:00+00:00,,jsonld,,
https://www.triplewhale.com/blog/moby,200.0,2026-05-13T20:16:17+00:00,,,,,
https://www.valueaddedresource.net/ebay-tests-ai-fashion-models-alters-images/,200.0,,2026-04-14T13:23:00+00:00,2026-05-08T03:16:13+00:00,jsonld,jsonld,
https://pages.ebay.com/sellingwithAI/,200.0,2026-05-13T20:16:17+00:00,,,,,
https://www.reddit.com/r/Ebay/comments/1tannm7/changes_to_ebay_in_last_25_years/,200.0,,,,,,
https://help.shopify.com/en/manual/reports-and-analytics/shopify-reports/overview-dashboard,403.0,,,,,,
https://getelevar.com/shopify/checkout-extensibility-implications/,200.0,,2024-07-30T20:22:06+00:00,2024-10-01T21:26:43+00:00,jsonld,jsonld,
https://export.ebay.com/en/services-tools/product-research/,200.0,,,,,,
https://help.shopify.com/en/manual/reports-and-analytics/google-analytics/google-analytics-setup,403.0,,,,,,
https://www.marketplacepulse.com/articles/the-evolution-of-walmart,200.0,,2018-10-16T12:00:00,2018-10-16T12:00:00,jsonld,jsonld,
https://blog.jazva.com/history-of-walmart-infographic,200.0,2026-05-07T07:08:06+00:00,,,,,
https://plausible.io/blog/shopify-analytics,200.0,2026-05-13T13:44:00+00:00,2025-04-21T07:02:17-05:00,2026-05-13T00:00:00-05:00,jsonld,jsonld,
https://allen.law/2026/03/allen-law-group-super-lawyers-and-rising-stars/,200.0,2026-05-13T20:16:07+00:00,2026-03-25T16:38:23-04:00,2026-04-09T12:12:46-04:00,jsonld,jsonld,
https://www.sarasanalytics.com/blog/shopify-analytics-dashboard,200.0,2026-05-13T20:16:18+00:00,2025-06-19T00:00:00,2026-05-12T00:00:00,jsonld,jsonld,
https://www.coursera.org/articles/shopify-google-analytics,200.0,,2025-01-21T21:05:04.810000+00:00,2025-01-21T21:06:02.789000+00:00,jsonld,jsonld,
https://www.reddit.com/r/PPC/comments/1remi2g/the_problem_with_uploading_first_party_data_to/,200.0,,,,,,
https://filtergrade.com/lighting-set-ups-techniques-product-videos/,200.0,2026-05-12T00:35:43+00:00,2018-09-21T19:42:48+00:00,2023-03-01T23:38:42+00:00,jsonld,jsonld,
https://www.onetrust.com/blog/mastering-first-party-data-the-complete-playbook-for-marketers/,200.0,2026-05-13T20:16:19+00:00,2025-12-08T16:47:20+00:00,2025-12-08T16:47:20+00:00,jsonld,jsonld,
https://piwik.pro/blog/first-party-data-value/,200.0,,2024-01-30T11:03:07+00:00,2026-02-04T15:10:21+00:00,jsonld,jsonld,
https://www.xyla.ai/how-to-set-up-a-shop-on-instagram/,200.0,,2026-02-09T15:21:38+00:00,2026-02-09T15:21:39+00:00,jsonld,jsonld,
https://www.stackadapt.com/resources/blog/1st-party-data,200.0,,2025-07-24T15:56:44+00:00,2026-04-14T13:58:32+00:00,jsonld,jsonld,
https://help.shopify.com/en/manual/international/managed-markets/overview,403.0,,,,,,
https://infotrust.com/articles/shopify-google-analytics-the-complete-guide-to-deploying-a-scalable-data-foundation/,200.0,,2025-05-22T20:17:43+00:00,2025-05-23T13:33:33+00:00,jsonld,jsonld,
https://www.triplewhale.com/blog/the-whalies-2025,200.0,2026-05-13T20:16:20+00:00,,,,,
https://www.arcade.software/post/best-interactive-demo-software-2026,200.0,2026-05-13T20:16:20+00:00,,,,,
https://creatify.ai/blog/how-to-make-a-product-video,200.0,2026-05-13T19:12:09+00:00,2026-04-20T00:00:00+00:00,,jsonld,,
https://blaremedia.net/lighting-techniques-for-video-production/,200.0,2026-05-13T16:27:05+00:00,2023-04-20T22:35:19+00:00,2024-11-05T03:54:50+00:00,jsonld,jsonld,
https://help.erank.com/blog/ebay-trending-searches-latest-updates/,200.0,,2026-04-19T19:46:30+00:00,2026-04-19T19:46:39+00:00,jsonld,jsonld,
https://badger.blue/blogs/ecommerce-unpacked/global-ecommerce-with-shopify-markets,200.0,,2025-09-09T10:11:54+00:00,,jsonld,,
https://swarmify.com/blog/product-video-best-practices/,200.0,,2026-04-08T03:25:16+00:00,2026-05-11T17:56:51+00:00,jsonld,jsonld,
https://www.americaneagle.com/insights/blog/post/what-are-amazon-ppc-ads-are-they-worth-it,403.0,,,,,,
https://www.colborlight.com/blogs/articles/beginners-guide-to-product-videography-lighting,200.0,,2024-01-23T00:00:02+00:00,,jsonld,,
https://www.channable.com/blog/amazon-ppc-campaign-pros-and-cons,429.0,,,,,,
https://www.salsify.com/blog/amazon-best-practices-for-optimizing-product-detail-pages-salsify,200.0,,2024-01-26T00:00:00,2024-06-24T00:00:00,jsonld,jsonld,
https://badger.blue/blogs/ecommerce-unpacked/common-pitfalls-shopify-b2b-solutions,200.0,,2023-12-13T15:21:36+00:00,,jsonld,,
https://orbe.app/blogs/blog/shopify-markets-vs-markets-pro,200.0,,2023-02-15T13:26:00+00:00,,jsonld,,
https://zonprep.com/blog/is-amazon-ppc-worth-it-or-do-amazon-ads-waste-money/,200.0,2026-05-13T20:16:21+00:00,2022-07-14T12:57:00+00:00,2022-07-29T03:40:36+00:00,jsonld,jsonld,
https://www.reddit.com/r/shopify/comments/1cp3u4o/shopify_b2b_is_incredibly_frustrating_rant/,200.0,,,,,,
https://influenceflow.io/resources/content-creation-equipment-the-complete-2026-guide-for-creators-1/,200.0,,2026-02-11T12:15:27.050960+00:00,2026-02-11T12:15:27.050960+00:00,jsonld,jsonld,
https://marketingltb.com/blog/statistics/youtube-shopping-statistics/,200.0,2026-05-13T15:27:10+00:00,2025-10-13T02:44:16+00:00,2026-05-04T09:36:16+00:00,jsonld,jsonld,
https://www.smartscout.com/amazon-selling-guides/breaking-down-the-benefits-is-amazon-ppc-worth-the-investment,200.0,2026-05-13T20:16:21+00:00,,,,,
https://www.yotpo.com/glossary/what-is-a-youtube-shopping/,200.0,2026-05-13T12:38:36+00:00,,,,,
https://www.oneadvanced.com/resources/do-personal-development-plans-pdps-work-or-are-they-just-a-meaningless-compliance-exercise/,200.0,,,,,,
https://webcontrive.com/blogs/newsroom/b2b-on-shopify-what-works-and-what-doesnt,200.0,,2026-03-05T05:22:41-05:00,2026-03-05T05:21:00-05:00,jsonld,jsonld,
https://scaleinsights.com/learn/is-amazon-ppc-worth-it,200.0,,,,,,
https://metricool.com/youtube-shopping/,200.0,,2026-01-01T14:37:29+00:00,2026-02-03T14:37:42+00:00,jsonld,jsonld,
https://community.shopify.com/t/b2b-hide-pricing-help-frustration-w-customer-accounts/553813,200.0,,2025-08-05T14:57:48.762000+00:00,,jsonld,,
https://www.youtube.com/creators/partner-program/shopping/,200.0,,,,,,
https://www.triplewhale.com/blog/triple-whale-product-updates-january-2026,200.0,2026-05-13T20:16:22+00:00,,,,,
https://www.sparklayer.io/blog/2022/08/08/shopify-b2b-products/,200.0,2026-05-11T13:02:40+00:00,2022-08-08T00:00:00,2022-08-08T00:00:00,jsonld,jsonld,
https://www.triplewhale.com/pricing,200.0,2026-05-13T16:33:57+00:00,,,,,
https://www.triplewhale.com/case-studies/dixxon-flannel-company,200.0,2026-05-13T20:16:22+00:00,,,,,
https://www.pricefy.io/articles/managing-b2b-orders-in-shopify-without-shopify-plus,200.0,2026-05-13T20:16:22+00:00,2024-08-13T01:41:07+00:00,2024-08-13T01:41:07+00:00,jsonld,jsonld,
https://support.google.com/youtube/answer/12257682?hl=en,200.0,,,,,,
https://support.google.com/youtube/thread/420071472/expanding-the-youtube-shopping-affiliate-program-to-more-creators-%F0%9F%9B%8D%EF%B8%8F?hl=en,200.0,,,,,,
https://pmc.ncbi.nlm.nih.gov/articles/PMC12860439/,200.0,,,,,,
https://www.tandfonline.com/doi/full/10.1080/1461670X.2026.2627469,403.0,,,,,,
https://www.reddit.com/r/DigitalMarketing/comments/1rcgcbs/how_crucial_is_ai_for_ecommerce_right_now_is_it/,200.0,,,,,,
https://philsturgeon.com/carbon-offsetting-isnt-the-problem/,200.0,,2024-07-31T21:39:56+00:00,2024-07-31T21:55:32+00:00,jsonld,jsonld,
https://www.latevaweb.com/en/internal-linking-seo-ecommerce,200.0,,2025-08-07T00:00:00+01:00,,jsonld,,
https://www.wri.org/insights/how-to-decarbonize-international-shipping,200.0,2026-05-13T19:31:05+00:00,2023-10-25T14:00:00,2025-04-07T13:22:00,jsonld,jsonld,
https://www.resourcewise.com/blog/the-multi-fuel-reality-of-maritime-decarbonization?hsLang=en,200.0,2026-05-12T13:01:39+00:00,2026-05-12T13:01:10+00:00,2026-05-12T13:01:10.771000+00:00,jsonld,jsonld,
https://www.frontiersin.org/journals/communication/articles/10.3389/fcomm.2026.1801803/full,200.0,,2026-05-01T00:00:00,2026-05-13T00:00:00,jsonld,jsonld,
https://www.frontiersin.org/journals/artificial-intelligence/articles/10.3389/frai.2026.1734151/full,200.0,,2026-02-18T00:00:00,2026-05-13T00:00:00,jsonld,jsonld,
https://www.bigcommerce.com/articles/ecommerce/ecommerce-ai/,200.0,,2025-12-05T12:00:00+00:00,2026-05-04T13:52:54.764000+00:00,jsonld,jsonld,
https://dropship-spy.com/blog/8-surefire-strategies-for-boosting-sms-customer-engagement,200.0,,2025-06-29T20:14:44.019000+00:00,2025-10-20T07:16:50.546000+00:00,jsonld,jsonld,
https://cxl.com/blog/amazon-seo/,200.0,2026-05-13T20:16:24+00:00,2020-07-29T16:55:31+00:00,2022-12-26T10:50:19+00:00,jsonld,jsonld,
https://gh2.org/call-member-states-adopt-imos-net-zero-framework-2026,200.0,,,,,,
https://nifty.ai/post/how-to-sell-on-mercari,200.0,2026-05-13T20:16:24+00:00,2026-04-03T13:33:11.649000+00:00,2026-03-11T10:44:01.607000+00:00,jsonld,jsonld,
https://www.xoance.com/ai-for-small-ecommerce-stores/,202.0,,,,,,
https://thriveagency.com/news/amazon-ppc-everything-you-need-to-know/,200.0,,2024-08-28T00:00:00,2025-03-04T07:10:44+00:00,jsonld,og,
https://www.reddit.com/r/ecommerce/comments/1jyslic/conversion_rate_optimization_pros_how_can_one_get/,200.0,,,,,,
https://www.jdsupra.com/legalnews/2026-outlook-for-maritime-biofuels-3187770/,200.0,,,,,,
https://www.mercari.com/us/help_center/topics/account/guides/how-it-works/,200.0,,,,,,
https://closo.co/blogs/blog/how-do-you-sell-things-on-mercari-2025-step-by-step-seller-guide,200.0,,2025-10-13T18:43:04-04:00,2025-10-13T18:42:48-04:00,jsonld,jsonld,
https://lifehacker.com/tech/mercari-resale-app-review,200.0,2026-05-13T20:16:25+00:00,2025-04-29T17:30:00+00:00,2025-06-09T15:08:14+00:00,og,og,
https://www.lezzat.co.uk/how-does-amazon-seo-affect-amazon-ppc/,200.0,,2023-10-19T23:59:00+00:00,2023-11-15T11:56:41+00:00,jsonld,jsonld,
https://canopymanagement.com/amazon-seo-checklist-7-critical-mistakes-killing-your-rankings/,200.0,,2025-05-22T21:55:32+00:00,2026-03-03T21:06:47+00:00,jsonld,jsonld,
https://www.attentive.com/blog/marketing-benchmarks-report-highlights,200.0,2026-05-13T20:16:26+00:00,2023-03-30T00:00:00,2026-05-07T00:00:00,jsonld,jsonld,
https://www.attentive.com/blog/sms-email-and-push-orchestration,200.0,2026-05-13T20:16:26+00:00,2026-02-20T00:00:00,2026-05-07T00:00:00,jsonld,jsonld,
https://www.attentive.com/blog/sms-marketing-metrics,200.0,2026-05-13T20:16:26+00:00,2024-02-20T00:00:00,2026-05-07T00:00:00,jsonld,jsonld,
https://www.aihello.com/resources/blog/beginners-guide-to-amazon-seo-dos-and-dont-for-first-time-sellers/,200.0,,2026-04-22T03:15:06+00:00,2026-04-22T03:15:06+00:00,jsonld,jsonld,
https://www.attentive.com/blog/high-performing-sms-campaign-insights,200.0,2026-05-13T20:16:26+00:00,2026-05-04T00:00:00,2026-05-07T00:00:00,jsonld,jsonld,
https://www.fullstory.com/blog/ecommerce-conversion-rate-optimization/,200.0,,,,,,
https://elements.envato.com/learn/pinterest-predicts-trends,200.0,2026-01-28T10:16:21+00:00,2025-12-23T05:18:23+11:00,2026-01-28T10:16:21+11:00,jsonld,jsonld,
https://www.whowhatwear.com/fashion/trends/pinterest-fashion-trend-predictions-2026,200.0,2026-05-09T00:59:54+00:00,2025-12-21T10:00:00+00:00,2025-12-21T10:00:00+00:00,jsonld,jsonld,
https://www.hustleandslow.com/selling-on-mercari/,403.0,,,,,,
https://www.hanwha.com/newsroom/news/feature-stories/advancing-maritime-decarbonization-through-technology-infrastructure-and-partnership.do,200.0,,,,,,
https://sleeplessmedia.com/articles/ecommerce-cro-strategies,200.0,,2025-11-24T17:46:00+00:00,,jsonld,,
https://www.nbcnews.com/select/shopping/pinterest-predicts-2026-trend-report-rcna248706,200.0,,2025-12-11T21:11:24.540000+00:00,2025-12-11T21:11:24.540000+00:00,jsonld,jsonld,
https://www.eesel.ai/blog/ai-search-engines,200.0,,2026-01-27T00:00:00+00:00,2026-01-27T00:00:00+00:00,jsonld,jsonld,
https://midhudsonweb.com/seo-trends-2026/,202.0,,,,,,
https://circlesstudio.com/blog/seo-trends/,307.0,,,,,,
https://www.klaviyo.com/products/sms-marketing/benchmarks,200.0,,,,,,
https://corktreecreative.com/blog/seo-trends/,200.0,,2026-03-04T15:00:23+00:00,2026-03-19T18:55:03+00:00,jsonld,jsonld,
https://79dev.com/state-of-ai-search-2026/,200.0,2026-05-12T22:22:24+00:00,,,,,
https://www.printful.com/blog/ai-tools-for-writing-product-descriptions,200.0,,,,,,
https://www.squarespace.com/blog/ai-product-description-generator,200.0,,2023-08-24T09:06:35-04:00,2025-01-17T09:39:47-05:00,jsonld,jsonld,
https://medium.com/@neuwark/how-to-write-product-descriptions-fast-using-ai-technology-a-complete-guide-af17d42691eb,200.0,,2025-11-03T22:44:14+00:00,2025-11-03T22:44:14+00:00,jsonld,jsonld,
https://newsroom.pinterest.com/news/spring-trend-report-2026/,200.0,,2026-03-17T00:00:00,2026-03-17T00:00:00,jsonld,jsonld,
https://www.digitalapplied.com/blog/ai-product-photography-tools-ecommerce-2026-guide,200.0,,2026-04-02T00:00:00+01:00,2026-04-02T00:00:00+01:00,jsonld,jsonld,
https://medium.com/@weframe.tech/jamstack-development-cost-2024-d770e12eb401,200.0,,2024-01-21T10:04:42+00:00,2024-03-22T05:47:52+00:00,jsonld,jsonld,
https://jimmacleod.medium.com/the-best-ai-image-tools-for-2026-compared-and-evaluated-4dee99b4b565,200.0,,2026-01-02T01:35:05+00:00,2026-01-02T01:35:05+00:00,jsonld,jsonld,
https://business.pinterest.com/blog/pinterest-brand-moments-guide-2026/,200.0,,2026-01-15T00:00:00,2026-01-16T00:00:00,jsonld,jsonld,
https://www.experte.com/ai-image-generators,200.0,,,,,,
https://business.pinterest.com/pinterest-predicts/2026/laced-up/,200.0,,2025-12-17T00:00:00,,jsonld,,
https://agilitycms.com/blog/7-reasons-to-adopt-jamstack-ecommerce,200.0,,2022-10-03T04:00:00+00:00,2022-10-13T10:33:07.663000+00:00,jsonld,jsonld,
https://www.weshop.ai/blog/best-ai-image-models-for-ecommerce-in-2026/,200.0,,2026-05-10T18:44:23+00:00,2026-05-10T18:44:24+00:00,jsonld,jsonld,
https://claid.ai/blog/article/ai-product-photo-tools,200.0,2026-05-08T10:28:09+00:00,,,,,
https://businesshelp.snapchat.com/s/article/store-products-shopping-lenses?language=en_GB,200.0,2025-05-13T20:16:30+00:00,,,,,
https://ar.snap.com/blog/ar-virtual-try-on-ecommerce-lens-studio,200.0,,,,,,
https://businesshelp.snapchat.com/s/article/shopping-lens?language=en_GB,200.0,2025-05-13T20:16:31+00:00,,,,,
https://www.triplewhale.com/blog/attribution-modeling,200.0,2026-05-13T20:16:31+00:00,,,,,
https://adparlor.com/glossary/term/catalog-powered-shopping-lens/,200.0,,2025-07-29T18:48:55+00:00,2025-07-29T18:48:56+00:00,jsonld,jsonld,
https://forbusiness.snapchat.com/blog/introducing-catalog-powered-ar-shopping-lenses,200.0,,,,,,
https://www.practicalecommerce.com/triple-whales-moby-ai-gets-things-done,200.0,2026-05-13T20:16:32+00:00,2025-08-22T14:16:49+00:00,2026-05-02T19:03:13+00:00,jsonld,jsonld,
https://myb2bnetwork.com/blog/snapchat-ads-worth-it-in-2025/,200.0,2026-05-13T17:16:20+00:00,2025-05-24T13:34:38+00:00,2026-02-03T18:26:27+00:00,jsonld,jsonld,
https://businesshelp.snapchat.com/s/article/dynamic-ads-types,200.0,2025-05-13T20:16:31+00:00,,,,,
https://www.attnagency.com/blog/triple-whale-shopify-review,200.0,,,,,,
https://www.triplewhale.com/moby-prompting-guide,200.0,2026-05-13T20:16:32+00:00,,,,,
https://dot.la/snapchat-shopping-2656484158.html,200.0,,2022-01-26T20:08:15+00:00,2022-11-21T19:49:10+00:00,jsonld,jsonld,
https://stormy.ai/blog/triple-whale-moby-agents-shopify-amazon-ads-tutorial,200.0,,2026-04-25T23:27:22.863846+00:00,2026-04-25T23:27:22.863846+00:00,jsonld,jsonld,
https://digilogy.co/news/snapchat-partners-with-brands-for-ar-shopping,200.0,2026-05-13T20:16:32+00:00,2025-04-28T10:04:46+05:30,2025-07-31T15:33:29+05:30,jsonld,jsonld,
https://www.octaneai.com/case-studies,200.0,,,,,,
https://www.octaneai.com/,200.0,,,,,,
https://help.shopify.com/en/manual/intro-to-shopify/bots/identifying-bot-activity,403.0,,,,,,
https://prospeo.io/c/octane-ai-revenue,200.0,2026-05-13T20:16:33+00:00,,,,,
https://kb.triplewhale.com/en/articles/9211940-moby-introduction,200.0,,2025-09-16T23:45:58+00:00,2025-09-16T23:45:58+00:00,time_tag,jsonld,
https://www.reddit.com/r/Entrepreneurs/comments/1sx2g2g/your_shopify_analytics_are_lying_to_you_here_is/,200.0,,,,,,
https://monday.com/blog/monday-campaigns/email-conversion-rates/,200.0,2026-05-13T19:46:04+00:00,2026-01-12T08:48:53+00:00,2026-02-13T08:45:44+00:00,jsonld,jsonld,
https://attribuly.com/blogs/attribuly-vs-triple-whale-shopify-attribution-2026/,200.0,,2026-04-01T00:00:00,,time_tag,,
https://cropink.com/snapchat-dpa,200.0,,2025-04-15T08:33:05.366000+00:00,2025-04-15T08:33:05.366000+00:00,jsonld,jsonld,
https://carthook.com/sv/blogs/compare/shopify-upsell-and-cross-sell-apps-octane-ai-advanced-quiz-maker-vs-cartup-ai-recommendations,200.0,,,,,,
https://newsroom.pinterest.com/en-us/news/pinterest-predicts-nonconformity-self-preservation-and-escapism-drive-21-trends-for-2026,200.0,,2025-12-09T00:00:00,2025-12-15T00:00:00,jsonld,jsonld,
https://www.askneedle.com/blog/ecommerce-meta-ads-strategy,200.0,2026-05-13T20:16:34+00:00,2026-03-18T00:00:00,2026-03-18T00:00:00,jsonld,jsonld,
https://www.prnewswire.com/news-releases/octane-ai-raises-5-million-to-help-shopify-merchants-personalize-ecommerce-experiences-301337355.html,200.0,2026-05-13T20:16:34+00:00,2021-07-20T09:32:00-04:00,2021-07-20T09:32:00-04:00,jsonld,jsonld,
https://www.babylovegrowth.ai/en/blog/amazon-seo-meaning-explained,200.0,,2025-06-26T05:00:49.711000+00:00,2026-04-06T01:00:08.047000+00:00,og,og,
https://nifty.ai/post/increase-sales-mercari,200.0,2026-05-13T20:16:34+00:00,2026-03-11T07:35:48.890000+00:00,2026-02-10T14:11:22.165000+00:00,jsonld,jsonld,
https://www.reddit.com/r/Mercari/comments/xov7nd/recommended_basics_of_selling_on_mercari_for_a/,200.0,,,,,,
https://closo.co/blogs/beginner-guides-how-tos/15-proven-tips-for-selling-on-mercari-in-2025-that-actually-work,200.0,,2025-10-13T18:36:55-04:00,2025-10-13T18:36:50-04:00,jsonld,jsonld,
https://tools.oneshop.com/blog/tricks-to-selling-on-mercari,200.0,2026-04-29T09:08:52+00:00,2022-11-09T00:00:00+00:00,2022-11-09T00:00:00+00:00,og,og,
https://www.adstellar.ai/blog/meta-advertising-for-ecommerce-brands,200.0,,2026-02-01T15:45:42.644000+00:00,2026-02-01T15:45:42.647000+00:00,jsonld,jsonld,
https://help.retentionx.com/hc/en-us/articles/11290576546716-Creating-Effective-Email-Winback-Flows,200.0,,2025-07-14T23:38:14+00:00,,time_tag,,
https://sellerledger.com/category/mercari/,200.0,,,,,,
https://business.adobe.com/blog/basics/user-generated-content-ugc-a-guide-to-getting-started,,,,,,,"HTTPSConnectionPool(host='business.adobe.com', port=443): Read timed out. (read timeout=20)"
https://finsi.ai/blog/win-back-email-campaign-guide/,200.0,,2026-03-03T10:00:00+00:00,2026-05-05T17:12:33+00:00,jsonld,jsonld,
https://www.reddit.com/r/EcommerceWebsite/comments/1sypop6/honest_evaluation_adobe_commerce_vs_shopify_vs/,200.0,,,,,,
https://xentral.com/en/blog/best-cms-e-commerce-comparison,200.0,,2026-02-23T00:00:00,2026-05-13T00:00:00,jsonld,jsonld,
https://www.triplewhale.com/blog/ai-in-ecommerce,200.0,2026-05-13T20:16:35+00:00,,,,,
https://wizcommerce.com/blog/shopify-b2b-alternatives/,200.0,2026-05-13T20:16:35+00:00,2026-05-06T11:14:48+00:00,2026-05-12T09:47:36+00:00,jsonld,jsonld,
https://madeinaday.com/how-to-sell-stuff-fast-on-mercari/,200.0,2026-05-13T20:16:35+00:00,2021-07-12T03:00:00-07:00,2025-01-27T11:23:51-08:00,jsonld,jsonld,
https://digitalsuits.co/blog/best-b2b-ecommerce-platforms/,200.0,2026-05-13T16:19:53+00:00,2026-01-12T09:44:30.211000+00:00,2026-01-12T10:37:44.522000+00:00,jsonld,jsonld,
https://www.europa-worldwide.com/europa-road/europa-ddp-flow/,200.0,,,,,,
https://www.growmax.io/comparisons/shopify-plus-b2b-alternatives,200.0,,,,,,
https://nshift.com/blog/cross-border-ecommerce-logistics-2026,200.0,2026-05-12T08:37:46+00:00,,,,,
https://blog.mozilla.org/en/advertising/anonym/a-first-party-data-reality-check/,200.0,2026-05-13T20:16:36+00:00,2025-07-15T17:22:36+00:00,2025-07-15T17:45:32+00:00,jsonld,jsonld,
https://atlantic-pacific.com/new-compliance-requirements-for-ddp-shipments-via-france/,202.0,,,,,,
https://epostglobalshipping.com/2025-international-shipping-insights-trends-report,200.0,2026-05-13T20:16:36+00:00,2026-04-14T22:20:29+00:00,2026-04-16T15:18:46+00:00,jsonld,jsonld,
https://appinventiv.com/blog/ai-in-ecommerce/,200.0,,2023-11-03T00:00:00,2025-10-09T00:00:00,jsonld,jsonld,
https://reportgenix.com/shopify-analytics-issues-2025/,200.0,,2025-09-13T09:07:24+00:00,2025-09-13T09:07:25+00:00,jsonld,jsonld,
https://www.appsflyer.com/blog/measurement-analytics/marketers-first-party-data/,200.0,2026-05-13T20:16:36+00:00,2024-10-02T14:44:00+00:00,2025-12-30T09:34:56+00:00,jsonld,jsonld,
https://baymard.com/blog/current-state-ecommerce-product-page-ux,200.0,,2023-10-24T11:15:00+02:00,2026-03-18T10:30:00+01:00,jsonld,jsonld,
https://www.digitalapplied.com/blog/product-page-optimization-ecommerce-conversion-guide-2026,200.0,,2026-01-04T00:00:00+01:00,2026-01-04T00:00:00+01:00,jsonld,jsonld,
https://businessmodelcanvastemplate.com/blogs/brief-history/amazon-seller-services-brief-history,200.0,,2024-12-19T01:13:00+01:00,2025-07-11T16:12:02+02:00,jsonld,jsonld,
https://www.ecommercebytes.com/2026/02/01/usps-delivered-duty-paid-launches-for-outbound-packages/,200.0,,2026-02-01T19:18:00+00:00,2026-02-01T19:18:01+00:00,jsonld,jsonld,
https://www.bloomreach.com/en/blog/why-ai-is-the-future-of-e-commerce,200.0,,2025-11-12T21:30:23+00:00,2026-01-15T18:45:49+00:00,jsonld,jsonld,
https://goaura.com/blog/amazon-seller-central-guide,200.0,,,,,,
https://www.panda-boom.com/resources/blog/what-is-amazon-seller-central/,200.0,,2025-08-18T04:46:32+00:00,2025-08-18T06:55:36+00:00,jsonld,jsonld,
https://www.upu.int/en/news/2026/january/upu-delivers-on-delivered-duty-paid-promise-with-partners,200.0,,,,,,
https://www.aboutamazon.com/news/small-business/amazon-independent-sellers-growth-sales,200.0,,2025-11-06T14:00:03.275000+00:00,2025-11-06T14:00:03.275000+00:00,jsonld,jsonld,
https://www.luigisbox.com/blog/product-detail-page/,200.0,2026-05-13T18:48:02+00:00,2024-10-30T10:14:29+01:00,2026-01-20T09:45:07+01:00,jsonld,jsonld,
https://help.shopify.com/en/manual/b2b,403.0,,,,,,
https://help.shopify.com/en/manual/b2b/getting-started/dedicated-store-checklist,403.0,,,,,,
https://help.shopify.com/en/manual/b2b/getting-started/blended-store-checklist,403.0,,,,,,
https://wecanflyagency.com/blog/shopify-b2b-and-wholesale,200.0,2026-05-13T20:16:37+00:00,2025-11-19T16:08:59.286000+00:00,2025-11-18T15:22:07.370000+00:00,jsonld,jsonld,
https://wisepim.com/blog/best-product-page-layouts-ecommerce,200.0,,2026-03-16T12:15:40.464288,2026-03-16T11:15:40+00:00,jsonld,jsonld,
https://www.reddit.com/r/smallbusiness/comments/1seq4nk/i_tested_shopifys_native_b2b_on_nonplus_stores/,200.0,,,,,,
https://www.reddit.com/r/AmazonFBA/comments/1q0dm2c/is_amazon_fba_still_worth_it_in_2026/,200.0,,,,,,
https://www.pattern.com/blog/amazon-is-ending-fba-prep-services-in-2026,200.0,2026-05-13T20:16:38+00:00,,,,,
https://sellercentral.amazon.com/help/hub/reference/external/GABBX6GZPA8MSZGW,200.0,,,,,,
https://medium.com/@jenishdhapaliya/e-commerce-product-page-seo-rank-convert-in-2026-b600842608b2,200.0,,2026-03-10T05:53:17+00:00,2026-03-10T05:54:03+00:00,jsonld,jsonld,
https://nightjar.so/help-desk/how-much-does-ai-product-photography-reduce-the-time-to-market-for-new-product-drops,200.0,,2025-12-05T00:00:00+00:00,2026-05-11T00:00:00+00:00,jsonld,jsonld,
https://www.portless.com/blogs/ddp-vs-ddu-international-ecommerce,200.0,2026-05-13T20:16:39+00:00,,,,,
https://www.attnagency.com/blog/postscript-shopify-review,200.0,,,,,,
https://theshopninjas.com/blog/shopify-b2b-explained-how-to-build-wholesale-stores-on-shopify/,200.0,,2026-02-27T17:03:05+00:00,2026-03-04T19:01:48+00:00,jsonld,jsonld,
https://www.spinxdigital.com/blog/how-to-set-up-b2b-and-wholesale-stores-on-shopify/,200.0,,2025-03-20T00:00:00,2025-03-20T00:00:00,jsonld,jsonld,
https://www.ecdigitalstrategy.com/blog/shopify-optimization-2026/,200.0,,2026-01-16T09:00:52+00:00,2026-03-23T16:57:21+00:00,jsonld,jsonld,
https://www.twine.net/blog/ugc-content-creation-faqs/,200.0,2026-05-13T18:33:08+00:00,2025-02-28T23:28:11+00:00,2025-03-03T23:22:58+00:00,jsonld,jsonld,
https://www.bsifreight.com/knowledge/guides-resources/ddp-vs-dap-incoterms-guide,200.0,,,,,,
https://postscript.io/blog/next-in-text-the-exciting-future-of-rcs,200.0,,2024-11-12T00:00:00+00:00,,jsonld,,
https://postscript.io/sms-guide-the-ai-advantage-guide,200.0,,,,,,
https://wiserreview.com/blog/postscript-alternatives/,200.0,,2026-05-11T11:34:40+00:00,2026-05-11T12:17:21+00:00,jsonld,jsonld,
https://www.freightamigo.com/en/blog/ecommerce-logistics/ddudap-vs-ddp-2026-ultimate-guide-to-duties-hs-compliance-e-commerce-strategies/,200.0,,2026-02-11T08:30:03.148000+00:00,2026-03-16T13:40:21.819000+00:00,jsonld,jsonld,
https://www.pattern.com/blog/breaking-down-amazons-seo-algorithm-for-ecommerce,200.0,2026-05-13T20:16:40+00:00,,,,,
https://postscript.io/sms-benchmarks,200.0,,,,,,
https://writer.com/blog/pdp-creation-generative-ai/,200.0,,2025-02-24T22:56:29+00:00,2025-10-17T12:35:28+00:00,jsonld,jsonld,
https://www.shipwise.com/blog/how-to-calculate-free-shipping,200.0,2026-05-13T20:16:41+00:00,2026-03-03T00:00:00,2026-03-03T00:00:00,jsonld,jsonld,
https://sellerise.com/blog/amazon-seo-guide/,200.0,2026-05-13T17:43:55+00:00,2024-08-16T16:22:01+00:00,2026-03-20T14:35:32+00:00,jsonld,jsonld,
https://www.reddit.com/r/AskPhotography/comments/1rg66fj/what_is_this_weird_effect_on_my_pure_white/,200.0,,,,,,
https://www.pixelz.com/blog/common-mistakes-in-product-photography/,200.0,2026-05-13T07:01:10+00:00,2014-04-30T00:00:00+07:00,,og,,
https://www.amplifyy.com/what-to-expect-from-amazon-seo-services/,200.0,,2025-10-08T17:37:50+00:00,2025-10-08T17:37:53+00:00,jsonld,jsonld,
https://blog.shipperhq.com/2024/10/free-shipping-threshold-to-convert-more/,200.0,2026-05-13T19:46:26+00:00,2024-10-25T13:06:10+00:00,2025-02-03T20:57:00+00:00,jsonld,jsonld,
https://www.replicasurfaces.com/blogs/updates/the-art-and-science-of-plain-white-backgrounds-what-every-product-photographer-should-know,200.0,,,,,,
https://www.reddit.com/r/Klaviyo/comments/1rawe00/klaviyo_not_sending_welcome_series_emails_from/,200.0,,,,,,
https://stay.ai/blog/subscription-services-for-shopify/,200.0,2026-05-13T20:16:42+00:00,2025-10-02T04:44:25+00:00,2025-11-17T17:06:10+00:00,jsonld,jsonld,
https://www.loopwork.co/blog/stay-ai-subscriptions-complete-guide-2026,200.0,2026-05-13T20:16:42+00:00,2025-11-14T00:00:00,2026-04-09T00:00:00,jsonld,jsonld,
https://stay.ai/blog/best-shopify-subscription-management-app-dtc-brands/,200.0,2026-05-13T20:16:42+00:00,2025-09-21T00:17:46+00:00,2026-01-02T14:10:47+00:00,jsonld,jsonld,
https://www.jumpfly.com/blog/the-pros-and-cons-of-amazon-brand-registry/,200.0,2026-05-13T20:16:42+00:00,2022-11-17T04:44:00-06:00,2022-11-16T16:24:42-06:00,jsonld,jsonld,
https://uproer.com/articles/category-page-power-ups-seo/,200.0,,2020-12-22T12:32:34-06:00,2025-12-23T14:32:58-06:00,jsonld,jsonld,
https://help.klaviyo.com/hc/en-us/articles/12414318812827,200.0,,,,,,
https://help.stay.ai/en/articles/9547512-getting-started-on-stay-ai,200.0,,2025-12-12T21:00:08+00:00,2025-12-12T21:00:08+00:00,time_tag,jsonld,
https://stay.ai/blog/shopify-subscription-retention-stay-ai/,200.0,2026-05-13T20:16:43+00:00,2025-06-27T15:51:58+00:00,2025-11-20T16:01:59+00:00,jsonld,jsonld,
https://customers.ai/blog/flow-open-rates-low-klaviyo,200.0,,2024-12-03T21:14:26+00:00,2024-12-03T21:14:29+00:00,jsonld,jsonld,
https://bird.marketing/blog/digital-marketing/guide/ecommerce-seo-marketing/optimize-category-pages-seo/,200.0,2026-05-13T19:46:33+00:00,2024-10-07T05:54:37+00:00,,jsonld,,
https://www.reddit.com/r/AmazonSeller/comments/1hidett/is_the_amazon_brand_registry_worth_it_even_if_you/,200.0,,,,,,
https://nationalpositions.com/amazon-seo-is-real-this-is-how-it-works/,200.0,,2022-03-09T08:26:33+00:00,2022-03-09T08:26:33+00:00,jsonld,jsonld,
https://fivestarcommerce.com/amazon-brand-registry-what-it-does-and-doesnt/,429.0,,,,,,
https://www.sellerlabs.com/blog/understanding-amazon-brand-registry-limitations/,200.0,,2022-01-12T14:00:00+00:00,2025-06-26T06:47:40+00:00,jsonld,jsonld,
https://www.dentsu.com/us/en/blog/amazons-brand-registry-explained-,200.0,,2022-07-04T04:00:00+00:00,,time_tag,,
https://sell.amazon.com/brand-registry,200.0,,,,,,
https://medium.com/enquirehq/the-complete-guide-to-attribution-surveys-enquirelabs-ca5cb61dcdd8,200.0,,2021-07-21T13:06:56+00:00,2021-07-21T13:06:56+00:00,jsonld,jsonld,
https://www.sellerlabs.com/blog/amazon-brand-registry-requirements-2026/,200.0,,2026-01-13T17:52:24+00:00,2026-04-07T20:55:42+00:00,jsonld,jsonld,
https://securewealthadvisers.com.au/insights/does-free-shipping-really-exist-an-expert-shares-the-marketing-tricks-you-need-to-know/,200.0,,2026-04-13T17:04:17+00:00,,jsonld,,
https://www.winwithoptimal.com/insights/amazon-brand-registry-checklist-and-guide/,200.0,,2023-01-18T17:38:14+00:00,2025-05-05T13:39:27+00:00,jsonld,jsonld,
https://ecommercetech.io/apps/enquire-labs,200.0,2026-05-13T20:16:45+00:00,,,,,
https://www.reddit.com/r/DigitalMarketing/comments/1srx4oa/is_setting_up_an_instagram_shop_through_shopify/,200.0,,,,,,
https://fairing.co/,200.0,2026-05-13T15:49:44+00:00,,,,,
https://byteandbuy.com/blog/dtc-postpurchase-surveys-fairing-attribution-roas,200.0,2025-10-23T12:31:24+00:00,,,,,
https://www.devopsschool.com/blog/top-10-ai-personalized-recommendation-engines-tools-in-2025-features-pros-cons-comparison/,200.0,,,,,,
https://sell.amazon.com/blog/what-is-amazon-brand-registry,200.0,,2023-06-19T19:54:58.533000,,og,,
https://www.yotpo.com/blog/best-loyalty-programs/,200.0,2026-05-13T10:51:30+00:00,2025-05-14T00:18:58+00:00,2025-07-29T12:05:17+00:00,jsonld,jsonld,
https://business.adobe.com/blog/basics/ecommerce-conversion-rate-optimization,,,,,,,"HTTPSConnectionPool(host='business.adobe.com', port=443): Read timed out. (read timeout=20)"
https://www.yotpo.com/blog/10-brands-bringing-a-10-10-personality-to-their-loyalty-programs/,200.0,2026-05-13T11:28:12+00:00,2022-04-28T12:27:16+00:00,2023-04-19T09:13:29+00:00,jsonld,jsonld,
https://wiremo.co/business/19-yotpo-brands/,200.0,2026-05-13T12:18:24+00:00,2025-07-15T16:00:42+01:00,2025-12-04T14:25:08+00:00,jsonld,jsonld,
https://about.ups.com/us/en/newsroom/press-releases/customer-first/ups-and-happy-returns-cement-position-as-largest-box-free-label-.html,403.0,,,,,,
https://lasvegassun.com/news/2026/apr/21/ups-and-happy-returns-cement-position-as-largest-b/,404.0,,,,,,
https://www.yotpo.com/blog/best-loyalty-program-tips/,200.0,2026-05-13T11:59:14+00:00,2026-01-28T02:07:52+00:00,2026-01-28T02:07:52+00:00,jsonld,jsonld,
https://www.addictioncenter.com/behavioral-addictions/social-media-addiction/snapchat-addiction/,200.0,,2024-04-24T16:33:01+00:00,2026-03-26T16:03:00+00:00,jsonld,jsonld,
https://www.freightwaves.com/news/ups-owned-happy-returns-expands-network-to-10000-drop-off-locations,403.0,,,,,,
https://halothemes.net/blogs/shopify/shopify-vs-bigcommerce-which-platform-handles-scaling-better-in-2026,200.0,,,,,,
https://shopxcommerce.com/blogs/all/bigcommerce-vs-shopify-2026-which-platform-is-right-for-your-business,200.0,,2026-02-02T10:32:18+00:00,,jsonld,,
https://scandiweb.com/blog/bigcommerce-vs-shopify/,200.0,2026-05-13T20:16:46+00:00,,,,,
https://www.galaxyweblinks.com/blog/shopify-vs-bigcommerce,200.0,2026-05-13T20:16:46+00:00,2026-01-21T10:23:00,2026-01-20T13:05:45+00:00,jsonld,og,
https://www.ajc.com/business/2026/04/why-ups-wants-to-ship-your-returns-more-than-your-online-orders/,200.0,,2026-04-23T12:49:38.557000+00:00,2026-04-23T12:49:38.727000+00:00,jsonld,jsonld,
https://www.today.com/shop/retailers-change-return-policy-rcna90615,200.0,,2023-07-03T19:35:51.995000+00:00,2025-12-26T18:53:26.182000+00:00,jsonld,jsonld,
https://crimsonagility.us/e-commerce-category-page-seo/,200.0,2026-05-13T20:16:47+00:00,,,,,
https://www.getpassionfruit.com/blog/shopify-seo-vs-bigcommerce-seo-which-platform-wins-for-d2c-brands,200.0,2026-05-13T17:31:50+00:00,2026-03-10T00:00:00+00:00,,jsonld,,
https://ecommerceparadise.com/shopify-vs-bigcommerce-in-2026-which-ecommerce-platform-is-better/,200.0,2026-05-13T20:16:47+00:00,2026-04-12T10:44:39+00:00,2026-04-19T15:04:00+00:00,jsonld,jsonld,
https://www.dash.app/blog/how-to-optimise-category-pages-for-seo,200.0,2026-05-13T20:16:47+00:00,2026-05-06T00:00:00,2026-05-07T00:00:00,jsonld,jsonld,
https://ahrefs.com/blog/seo-ecommerce-category-pages/,200.0,2026-05-13T19:46:47+00:00,2022-09-05T06:00:00+00:00,2024-03-18T13:21:00+00:00,og,og,
https://www.contentharmony.com/blog/ecommerce-category-pages/,200.0,,2017-01-19T12:15:52+00:00,2023-06-05T20:28:48+00:00,jsonld,jsonld,
https://www.winwithoptimal.com/insights/amazon-ppc-ad-types-a-guide-for-amazon-advertising-beginners/,200.0,,2023-01-18T17:38:14+00:00,2025-05-05T13:39:27+00:00,jsonld,jsonld,
https://nightjar.so/blog/the-real-cost-of-product-photography-a-breakdown,200.0,,2026-02-27T00:00:00,2026-02-27T00:00:00,jsonld,jsonld,
https://www.frooition.com/blog/bigcommerce-vs-shopify-2026-the-definitive-e-commerce-comparison-for-scaling-brands/,200.0,2026-05-13T20:16:48+00:00,2026-04-14T10:00:00+00:00,2026-04-16T08:51:50+00:00,jsonld,jsonld,
https://www.parcelperform.com/insights/ai-visibility-ecommerce-ghost-brand,200.0,,,2026-04-09T05:57:06.086000+00:00,,jsonld,
https://www.bridge-global.com/blog/ai-in-retail-and-ecommerce/,200.0,,2025-12-11T04:58:17+00:00,2025-12-12T08:47:51+00:00,jsonld,jsonld,
https://www.sellerscommerce.com/blog/guide-to-optimising-ecommerce-category-pages/,200.0,2026-05-13T15:57:05+00:00,2025-06-26T01:14:54+00:00,2025-06-26T01:14:57+00:00,jsonld,jsonld,
https://joinhexagon.com/blogs/the-hidden-impact-of-ai-hallucinations-on-e-commer-moxyse4u-xanl,200.0,,2026-05-09T06:30:01.676000+00:00,2026-05-09T06:30:01.676000+00:00,jsonld,jsonld,
https://sam-solutions.com/blog/shopify-vs-bigcommerce-comparison/,200.0,,2026-04-08T12:52:08+00:00,2026-04-15T09:07:29+00:00,jsonld,jsonld,
https://perpetua.io/blog-amazon-ppc-pay-per-click-advertising-optimization-strategies/,200.0,2026-05-13T20:16:49+00:00,,,,,
https://pixelphant.com/blog/product-photography-cost-2026-pricing-guide,200.0,,2025-12-16T10:40:49+00:00,2025-12-16T12:10:02+00:00,jsonld,jsonld,
https://powerdigitalmarketing.com/blog/8-tips-you-should-keep-in-mind-for-sms-compliance/,200.0,,2021-08-31T17:45:54+00:00,2024-11-23T00:03:29+00:00,jsonld,jsonld,
https://www.text-em-all.com/sms-compliance,200.0,2026-05-13T17:05:09+00:00,,,,,
https://www.attentive.com/blog/what-marketers-need-to-know-about-sms-compliance-in-the-us,200.0,2026-05-13T20:16:49+00:00,2022-12-15T00:00:00,2026-05-07T00:00:00,jsonld,jsonld,
https://www.tenonhq.com/article/sms-marketing-compliance-for-enterprise,200.0,2026-05-13T20:16:49+00:00,,,,,
https://export.ebay.com/en/manage-listings/how-to-create-listings-with-variations/,200.0,,,,,,
https://netpeak.us/blog/amazon-ppc-the-ultimate-guide/,200.0,,2025-04-11T10:00:00+03:00,2025-04-11T10:00:00+03:00,jsonld,jsonld,
https://support.totalboat.com/hc/en-us/articles/38375952031259-Fairing,200.0,,2025-07-28T21:38:39+00:00,,time_tag,,
https://www.reddit.com/r/Ebay/comments/tu1t7l/tip_make_sure_you_pick_the_right_category/,200.0,,,,,,
https://gdprlocal.com/the-essential-guide-to-sms-marketing-compliance-in-the-us/,200.0,,2023-08-11T09:37:21+00:00,2025-05-30T21:38:22+00:00,jsonld,jsonld,
https://www.bronkalla.com/Fairing.html,200.0,2023-05-19T20:23:54+00:00,,,,,
https://www.helium10.com/blog/amazon-ads/,200.0,,2023-09-11T19:07:59+00:00,2024-01-24T06:04:24+00:00,jsonld,jsonld,
https://chiyachtrefinishing.com/blogs/fairing-surfacing-your-yacht-everything-you-need-to-know/,200.0,,2017-12-27T06:16:00+00:00,2017-12-04T15:28:23+00:00,jsonld,jsonld,
https://www.epoxyworks.com/preparing-to-fair/,200.0,2026-05-13T20:16:50+00:00,2023-03-28T17:31:40+00:00,2025-06-17T13:30:23+00:00,jsonld,jsonld,
https://www.zigpoll.com/content/fairing-vs-powr-vs-satismeter-2026,200.0,,2026-04-10T23:12:38+00:00,2026-04-10T23:12:38+00:00,jsonld,jsonld,
https://fairing.co/blog/fairing-vs-other-survey-solutions-why-specialization-matters-in-marketing-measurement,200.0,2026-05-13T19:46:59+00:00,,,,,
https://fairing.co/blog/the-complete-guide-to-attribution-surveys,200.0,2026-05-13T15:49:43+00:00,,,,,
https://www.leverdigital.co.uk/guides/the-complete-guide-to-enhanced-conversions-in-google-ads,200.0,2026-05-13T20:16:51+00:00,,,,,
https://help.shopify.com/en/manual/apps/about-apps,403.0,,,,,,
https://boolv.video/blog/mastering-youtube-shopping-complete-guide/,200.0,,2024-07-02T07:33:22+00:00,2024-07-02T07:52:21+00:00,jsonld,jsonld,
https://www.reddit.com/r/GoogleTagManager/comments/1ik44tf/ive_seen_hundreds_of_enhanced_conversions_setups/,200.0,,,,,,
https://stape.io/blog/google-ads-conversions-uplift-case-study,200.0,,,2026-02-20T08:26:00+00:00,,jsonld,
https://support.google.com/google-ads/answer/11021502?hl=en,200.0,,,,,,
https://pubsonline.informs.org/doi/10.1287/mksc.2022.0393,403.0,,,,,,
https://www.thinktribe.com/post/ai-risks-in-ecommerce-hidden-failures,200.0,,2025-06-24T13:10:55.655000+00:00,2025-06-24T13:10:55.655000+00:00,jsonld,jsonld,
https://userloop.io/fairing-post-purchase-survey-alternatives,200.0,,,,,,
https://www.trackbee.io/blog/the-ultimate-guide-to-google-enhanced-conversions,200.0,2026-05-13T20:16:51+00:00,,,,,
https://www.dinmo.com/third-party-cookies/solutions/conversions-api/google-ads/,200.0,,2024-01-19T12:49:00.319000+01:00,2026-01-06T09:30:58.586000+01:00,jsonld,jsonld,
https://www.tandfonline.com/doi/full/10.1080/23311916.2026.2637251,403.0,,,,,,
https://www.revize.app/blog/shopify-checkout-extensibility-migration-guide,200.0,2026-05-10T17:58:18+00:00,2026-02-09T00:00:00+00:00,,time_tag,,
https://canopymanagement.com/ultimate-amazon-seo-quick-start-guide/,200.0,,2025-08-11T23:30:51+00:00,2026-04-16T18:05:58+00:00,jsonld,jsonld,
https://www.returnlogic.com/company/frequently-asked-questions/,200.0,2023-10-09T14:05:30+00:00,2022-10-03T12:36:36+00:00,2023-10-09T14:05:30+00:00,jsonld,jsonld,
https://www.clickpost.ai/returnlogic-alternatives,200.0,2026-05-12T07:41:18+00:00,,,,,
https://www.aihello.com/resources/blog/amazon-seo-strategy-tips-and-tricks-for-beginners/,200.0,,2025-09-24T03:22:37+00:00,2025-09-24T03:22:37+00:00,jsonld,jsonld,
https://datahawk.co/blog/amazon/amazon-strategy-guide/,200.0,2026-05-13T17:04:11+00:00,2025-06-11T14:47:21+00:00,2025-08-01T22:23:43+00:00,jsonld,jsonld,
https://www.kff.org/medicare/medicare-part-d-premiums-are-decreasing-for-many-stand-alone-drug-plans-in-a-number-of-states-in-2026/,200.0,,2025-10-07T14:34:00+00:00,2025-10-07T14:34:01+00:00,jsonld,jsonld,
https://riithink.com/riisearch-blog/complete-amazon-seo-guide-for-enhanced-product-visibility/,200.0,,2024-10-22T10:19:07+00:00,2026-04-15T19:37:18+00:00,jsonld,jsonld,
https://www.shopifyacademy.com/article-built-for-shopify-standards,200.0,,,,,,
https://neilpatel.com/blog/amazon-seo/,200.0,2026-05-13T20:16:52+00:00,2025-05-20T13:00:00+00:00,2025-08-07T16:46:31+00:00,jsonld,jsonld,
https://badger.blue/blogs/ecommerce-unpacked/shopify-checkout-extensibility-complete-guide,200.0,,2024-05-10T14:28:22+00:00,,jsonld,,
https://help.shopify.com/en/manual/b2b/checkout-and-orders/payment-terms,403.0,,,,,,
https://checkoutboost.com/blogs/shopify-growth/how-long-does-it-take-to-receive-shopify-payments,200.0,,2026-02-24T22:31:30+05:30,2026-02-24T22:31:30+05:30,jsonld,jsonld,
https://what.digital/shopify-plus-checkout-extensibility/,200.0,2026-05-13T05:00:02+00:00,2025-10-16T01:55:49+00:00,2026-04-03T08:42:33+00:00,jsonld,jsonld,
https://developers.google.com/search/docs/fundamentals/seo-starter-guide,200.0,2025-12-10T18:38:05+00:00,,,,,
https://help.klaviyo.com/hc/en-us/articles/6637671573403,200.0,,,,,,
https://commerce-ui.com/insights/new-shopify-checkout-upgrading-to-checkout-extensibility,200.0,,2023-06-25T21:10:58+00:00,2025-10-20T07:37:46+00:00,jsonld,jsonld,
https://stay.ai/new-to-subscription/,200.0,2026-05-13T20:16:54+00:00,2025-01-09T10:25:14+00:00,2025-03-14T16:15:21+00:00,jsonld,jsonld,
https://help.klaviyo.com/hc/en-us/articles/360035661191,200.0,,,,,,
https://docs.getelevar.com/docs/moving-shopifys-checkout-to-checkout-extensibility,200.0,,,,,,
https://blog.hootsuite.com/tiktok-shopping/,200.0,,2024-06-19T22:44:50+00:00,2025-09-11T12:09:25+00:00,jsonld,jsonld,
https://wholedesignstudios.com/klaviyo-sms/,200.0,,2024-09-26T12:33:48+00:00,2024-10-01T07:31:50+00:00,jsonld,jsonld,
https://apps.shopify.com/stayai-subscriptions,200.0,,,,,,
https://www.pattern.com/blog/how-does-tiktok-shop-work,200.0,2026-05-13T20:16:54+00:00,,,,,
https://help.klaviyo.com/hc/en-us/articles/360035056972,200.0,,,,,,
https://www.uschamber.com/co/grow/marketing/four-main-types-of-seo-explained,200.0,,2025-12-22T12:08:10-05:00,2025-12-22T12:08:10-05:00,jsonld,jsonld,
https://www.aspire.io/blog/everything-marketers-need-to-know-about-tiktok-shop,200.0,2026-05-13T20:16:55+00:00,2025-12-30T00:00:00,2025-12-30T00:00:00,jsonld,jsonld,
https://easysellapp.com/blogs/wiki/best-shopify-analytics-apps-store-reporting-2026,200.0,,2026-04-10T21:40:49+01:00,2026-04-10T21:40:49+01:00,jsonld,jsonld,
https://www.bloomanalytics.io/blog/top-10-analytics-apps-for-shopify-in-2026,200.0,2026-05-13T12:51:56+00:00,2025-02-05T00:00:00+00:00,,jsonld,,
https://www.yotpo.com/glossary/what-is-a-loyalty-program/,200.0,2026-05-13T12:38:30+00:00,,,,,
https://www.yotpo.com/pages/loyalty-program-for-ecommerce/,200.0,2026-05-13T11:10:29+00:00,2026-04-15T20:34:52+00:00,2026-04-15T20:34:52+00:00,jsonld,jsonld,
https://loop.fans/blog/yotpo-loyalty-review,200.0,,,,,,
https://www.yotpo.com/blog/loyalty-reward-program/,200.0,2026-05-13T10:35:57+00:00,2025-09-16T19:53:25+00:00,2025-09-16T19:53:25+00:00,jsonld,jsonld,
https://carthook.com/blogs/wiki/recharge-subscription-shopify-a-comprehensive-guide,200.0,,,,,,
https://support.yotpo.com/docs/recommendations-for-a-loyalty-program-faq-page,200.0,,,,,,
https://onesignal.com/blog/a-guide-to-sms-compliance-understanding-regulations-by-region/,200.0,,2024-05-03T19:58:07+00:00,2024-05-03T19:58:07+00:00,jsonld,jsonld,
https://swankyagency.com/ecommerce-subscriptions-recharge/,200.0,2020-10-29T14:51:39+00:00,2019-11-26T13:46:26+00:00,2020-10-29T14:51:39+00:00,jsonld,jsonld,
https://www.vibes.com/blog/sms-compliance,200.0,2026-05-13T20:16:56+00:00,2026-03-30T18:39:52.066000+00:00,2026-03-27T15:24:27.681000+00:00,jsonld,jsonld,
https://www.reddit.com/r/smallbusiness/comments/1r1llni/6_sms_compliance_mistakes_that_still_catch_small/,200.0,,,,,,
https://www.attnagency.com/blog/skio-shopify-review,200.0,,,,,,
https://www.zigpoll.com/content/recharge-vs-skio-compared-2026-92581e,200.0,,2026-04-12T04:16:00+00:00,2026-04-12T04:16:00+00:00,jsonld,jsonld,
https://completesms.com/blog/your-complete-guide-to-sms-compliance-in-the-us/,200.0,2026-05-13T14:16:55+00:00,2025-07-08T01:50:37+00:00,2026-04-15T15:55:43+00:00,og,og,
https://www.501c3.org/sms-compliance-basics/,200.0,,2025-12-12T15:45:12+00:00,2025-12-12T15:59:06+00:00,jsonld,jsonld,
https://journals.plos.org/plosone/article?id=10.1371%2Fjournal.pone.0299087,200.0,,,,,,
https://workflowautomation.net/reviews/skio,200.0,,,,,,
https://futurmedia.co.uk/blog/shopify-guide,200.0,2026-05-13T20:16:57+00:00,2026-04-25T11:54:34.626000+00:00,2026-04-23T18:13:55.904000+00:00,jsonld,jsonld,
https://www.tradingview.com/news/zacks:17fa20078094b:0-shopify-s-ai-channels-are-booming-what-they-mean-for-the-stock/,200.0,,2026-05-12T16:04:00+00:00,,jsonld,,
https://www.digitalapplied.com/blog/shopify-winter-2026-edition-sidekick-simgym-updates-guide,200.0,,2026-03-12T00:00:00+01:00,2026-03-12T00:00:00+01:00,jsonld,jsonld,
https://www.g2.com/products/returnlogic/reviews,403.0,,,,,,
https://ads.tiktok.com/help/article/considerations-when-launching-your-tiktok-shop-journey,200.0,,,,,,
https://www.aimerce.ai/blogs/seo/top-5-dtc-analytics-dashboards-for-shopify-in-2026,200.0,,2026-05-13T20:16:57.408000+00:00,2026-05-13T20:16:57.408000+00:00,jsonld,jsonld,
https://www.frontrowgroup.com/insight/shopify-winter-edition-2026-updates-new-features/,200.0,2026-05-13T13:58:27+00:00,2026-01-26T09:24:00+00:00,2026-01-26T13:34:47+00:00,jsonld,jsonld,
https://www.fudge.ai/blog/shopify-updates-march-2026/,200.0,,2026-03-09T00:00:00+00:00,2026-03-09T00:00:00+00:00,jsonld,jsonld,
https://www.nautilusshipping.com/news-and-insights/upcoming-sustainability-rules-regulations-in-2026-for-the-maritime-industry,522.0,,,,,,
https://ieeexplore.ieee.org/document/11080851/,200.0,,,,,,
https://easysubscription.io/easy-subscriptions-vs-skio-subscriptions/,200.0,,2025-11-28T11:14:23+00:00,2026-05-01T10:25:54+00:00,jsonld,jsonld,
https://easyappsecom.com/guides/shopify-trends-2026.html,200.0,2026-04-16T16:23:25+00:00,2026-03-12T00:00:00,2026-03-12T00:00:00,jsonld,jsonld,
https://www.samarpaninfotech.com/blog/shopify-updates-2026/,200.0,,,,,,
https://www.shipbots.com/post/wholesale-ecommerce-explained-process-pros-and-top-platforms,200.0,2026-05-13T20:16:58+00:00,,,,,
https://theshopninjas.com/blog/why-custom-design-is-your-2026-competitive-edge/,200.0,,2025-12-22T14:00:07+00:00,2026-01-13T19:59:43+00:00,jsonld,jsonld,
https://k-ecommerce.com/blog/why-b2b-ecommerce-is-essential-for-growth-in-2025-and-beyond,200.0,,2025-06-30T17:45:43-04:00,2025-06-30T17:45:43-04:00,jsonld,jsonld,
https://www.bigcommerce.com/apps/yotpo-loyalty-rewards/,200.0,,,,,,
https://www.shopify.com/enterprise/blog/b2b-ecommerce-wholesale,200.0,,,,,,
https://resolvepay.com/blog/post/exploring-the-pros-and-cons-of-b2b-marketplaces/,200.0,2026-05-13T19:14:13+00:00,2021-04-01T17:53:00+00:00,2025-04-04T15:58:59.534000+00:00,jsonld,jsonld,
https://www.shopify.com/enterprise/blog/direct-to-consumer-vs-wholesale,200.0,,,,,,
https://www.fourfoldtech.com/the-future-of-shopify-how-the-platform-will-transform-online-selling-in-2026/,200.0,,2025-12-09T14:54:08+00:00,2026-03-23T13:21:40+00:00,jsonld,jsonld,
https://www.yotpo.com/blog/ecommerce-sms-marketing-guide/,200.0,2026-05-13T10:35:10+00:00,2025-03-27T11:20:10+00:00,2026-01-13T08:33:02+00:00,jsonld,jsonld,
https://postscript.io/guide-sms-for-ecommerce-examples,200.0,,,,,,
https://messageflow.com/blog/sms-ecommerce-engage-customers-drive-sales/,200.0,2026-05-13T11:16:37+00:00,2024-09-10T17:00:50+00:00,2024-12-09T21:06:40+00:00,jsonld,jsonld,
https://www.thesproutmedia.com/ecommerce-cro,200.0,,2026-01-01T00:00:00,2026-03-17T00:00:00,jsonld,jsonld,
https://rabbu.com/about,403.0,,,,,,
https://www.route.com/newsroom/carbon-neutral-shipping,200.0,,,,,,
https://rabbu.com/blog/airbnb-host-guide-for-investors-how-to-maximize-profit-revenue,403.0,,,,,,
https://rabbu.com/blog/streamline-your-property-management-with-rabbu-the-ultimate-tool-for-real-estate-investors,403.0,,,,,,
https://redstagfulfillment.com/what-percentage-consumers-expect-free-shipping/,200.0,2026-05-13T17:00:40+00:00,2026-01-22T14:26:41-05:00,2026-01-22T14:28:52-05:00,jsonld,jsonld,
https://www.amerisave.com/learn/land-loans-in-essential-things-to-know-before-you-buy,200.0,2026-05-13T20:17:00+00:00,,,,,
https://krmyacht.com/blog/fairing/,200.0,,2025-05-26T12:22:18+03:00,2026-04-09T12:39:51+03:00,jsonld,jsonld,
https://www.detrack.com/blog/what-is-carbon-neutral-shipping-the-complete-guide/,200.0,,2022-12-18T23:49:39+00:00,2025-12-12T08:44:48+00:00,jsonld,jsonld,
https://www.worldwidelandtransfer.com/the-differences-between-lenders-title-insurance-and-owners-title-insurance/,200.0,2026-05-13T20:17:01+00:00,2025-07-17T16:17:04+00:00,2025-07-22T17:58:54+00:00,jsonld,jsonld,
https://www.federalstandardabstract.com/title-insurance-owners-policy-vs-lenders-policy/,200.0,2026-05-13T17:58:47+00:00,2024-03-01T17:02:31+00:00,2024-05-22T01:24:26+00:00,jsonld,jsonld,
https://www.wfyi.org/wfyi-news/2026-02-01/what-are-land-contracts-and-what-risks-do-they-pose-for-potential-homeowners,200.0,,2026-02-01T00:00:00+00:00,2026-04-24T15:57:05+00:00,jsonld,jsonld,
https://www.reddit.com/r/RealEstate/comments/1gsu8k4/beware_florida_exclusive_buyer_brokerage_agreement/,200.0,,,,,,
https://www.truecommerce.com/blog/top-10-b2b-ecommerce-benefits/,200.0,,2022-02-05T00:48:04+00:00,2025-12-08T05:35:18+00:00,jsonld,jsonld,
https://coldwellbankerishome.com/blog/owner-vs-lender-title-insurance,200.0,2026-05-13T19:46:13+00:00,2026-04-16T15:11:40+00:00,2026-05-09T20:30:59+00:00,jsonld,jsonld,
https://www.ncsl.org/fiscal/land-contract-regulation,403.0,,,,,,
https://www.airdna.co/best-places-to-invest-in-vacation-rentals,200.0,,,,,,
https://info.buyersbrokersonly.com/blog/understanding-buyer-agency-agreements-a-guide-for-homebuyers,200.0,2026-05-07T03:36:46+00:00,2024-10-12T11:54:01+00:00,2026-03-30T12:24:33.862000+00:00,jsonld,jsonld,
https://qz.com/south-bend-college-towns-airbnb-2026-airdna,200.0,2026-05-13T20:17:02+00:00,2026-04-14T09:00:00.291000+00:00,2026-04-14T09:11:30.315000+00:00,og,og,
https://sequoia-re.com/blog/exclusive-buyer-representation-agreement,200.0,,,,,,
https://www.zillow.com/learn/what-is-seller-financing/,403.0,,,,,,
https://www.bankrate.com/mortgages/mortgage-interest-rates-forecast/,200.0,,2023-10-31T04:00:00+00:00,2026-04-30T14:10:04+00:00,jsonld,jsonld,
https://www.lendingtree.com/home/mortgage/rates/mortgage-interest-rates-forecast/,200.0,2026-05-13T20:17:02+00:00,2022-11-02T07:41:00+00:00,2026-05-08T20:17:02+00:00,jsonld,jsonld,
https://www.noradarealestate.com/blog/mortgage-rates-forecast-next-90-days-may-to-july-2026/,200.0,,2026-05-12T11:48:13+00:00,2026-05-12T11:48:14+00:00,jsonld,jsonld,
https://greenabl.co/a-guide-to-carbon-neutral-shipping-delivery-for-supply-chain-managers/,200.0,,2023-03-28T13:07:50-05:00,2023-04-07T11:21:06-05:00,jsonld,jsonld,
https://www.crowdfundinglawyers.net/real-estate-syndication-structure/,200.0,2026-05-13T19:47:49+00:00,2024-10-07T16:14:03+00:00,2025-01-08T11:22:44+00:00,jsonld,jsonld,
https://www.dbllaw.com/new-fincen-reporting-rule-for-certain-residential-real-estate-transfers-begins-march-1-2026/,200.0,,2026-02-19T22:33:45+00:00,2026-02-19T22:33:46+00:00,jsonld,jsonld,
https://www.pew.org/en/research-and-analysis/issue-briefs/2024/07/land-contracts-pose-5-major-risks-for-homebuyers,200.0,,2024-07-18T09:19:00-04:00,2025-05-29T16:35:08-04:00,jsonld,jsonld,
https://www.airroi.com/blog/top-us-airbnb-markets-2026,200.0,2026-05-12T03:05:59+00:00,2026-03-17T00:00:00,2026-03-17T00:00:00,jsonld,jsonld,
https://www.digidrub.com/shopify-trends-in-2026-how-to-stay-ahead-of-the-e-commerce-curve/,200.0,,2026-04-28T12:49:04+00:00,2026-04-30T08:44:47+00:00,jsonld,jsonld,
https://www.biggerpockets.com/blog/ultimate-guide-to-real-estate-syndication,200.0,2026-05-13T20:17:03+00:00,2023-05-12T06:30:19-06:00,2024-02-08T15:30:38-07:00,jsonld,jsonld,
https://www.emporatitle.com/blog/how-seller-financed-real-estate-deals-work,200.0,,2023-12-18T22:43:00+00:00,2025-10-07T21:06:12+00:00,jsonld,jsonld,
https://bamcapital.com/top-real-estate-syndication-companies/,200.0,2026-05-13T20:17:03+00:00,2022-10-24T17:27:24-04:00,2025-07-28T10:27:20-04:00,jsonld,jsonld,
https://reiprime.com/guides/house-hacking,200.0,,2024-04-15T12:00:00+00:00,2026-03-22T00:00:00+00:00,jsonld,jsonld,
https://www.datasift.ai/blog-posts/house-hacking,200.0,2026-05-13T20:17:04+00:00,,,,,
https://www.therealestatecpa.com/guide-real-estate-syndication-sponsors/,202.0,,,,,,
https://www.amerisave.com/learn/house-hacking-strategies-that-actually-work,200.0,2026-05-13T20:17:04+00:00,,,,,
https://prevailiws.com/understanding-real-estate-syndication-structures/,200.0,,2023-04-14T12:00:24+00:00,2024-10-09T13:38:13+00:00,jsonld,jsonld,
https://www.nar.realtor/mls-online-listings/multiple-listing-service-mls-what-is-it,200.0,,2012-01-11T08:11:00-06:00,,og,,
https://rise48equity.com/a-peek-into-the-projected-returns-in-a-real-estate-syndication/,200.0,2026-05-13T13:32:28+00:00,2025-09-12T15:55:53-07:00,2025-09-12T15:55:53-07:00,jsonld,jsonld,
https://www.westhawaiirealtors.com/mls-confidential-8-realities-sellers-need-to-know-about-their-listing,200.0,,2020-09-29T22:31:11,2024-08-13T02:06:39,jsonld,jsonld,
https://www.rocketmortgage.com/learn/multiple-listing-service,403.0,,,,,,
https://themichaelblank.com/apartments/complete-guide-to-real-estate-syndications/,200.0,,2020-05-21T22:09:34-04:00,2022-01-31T12:44:50-04:00,jsonld,jsonld,
https://qualityhomes.ca/articles/are-modular-homes-a-good-investment-in-2026/,200.0,,2026-04-28T14:37:32+00:00,,jsonld,,
https://www.reddit.com/r/Economics/comments/1ldtzxs/nahbwells_fargo_housing_market_index_hmi_new_home/,200.0,,,,,,
https://builtprefab.com/why-prefab-makes-sense-for-2026-builds/,202.0,,,,,,
https://www.fennemorelaw.com/5-things-to-know-about-seller-financing/,200.0,,2016-01-28T23:17:41+00:00,2026-02-11T21:20:09+00:00,jsonld,jsonld,
https://www.prefabex.com/posts/why-prefabricated-modular-buildings-are-booming-in-2026,200.0,,,,,,
https://www.leeza.io/post/the-hidden-dangers-mls-listing-fraud-and-protecting-yourself-from-seller-impersonation,200.0,,2025-03-07T22:57:47.836000+00:00,2025-03-07T22:57:47.836000+00:00,jsonld,jsonld,
https://www.cresinsurance.com/avoid-real-estate-lawsuit-when-mls-gets-things-wrong/,200.0,2026-05-13T20:17:05+00:00,2017-05-17T17:40:58+00:00,2025-08-09T23:00:32+00:00,jsonld,jsonld,
https://www.amerisave.com/glossary/after-repair-value-arv-what-it-means-for-your-home-investment-in,200.0,2026-05-13T20:17:05+00:00,,,,,
https://www.championhomes.com/blog/the-ultimate-guide-to-buying-a-modular-home-in-2026,200.0,2026-05-13T06:56:47+00:00,,,,,
https://www.nahb.org/news-and-economics/press-releases/2025/12/builder-sentiment-inches-higher-but-ends-the-year-in-negative-territory,200.0,,2025-12-15T00:00:00,,time_tag,,
https://www.s2amodular.com/2026/01/30/modular-vs-traditional-construction-in-2026-cost-speed-roi-compared/,200.0,,2026-01-30T09:27:47-08:00,,time_tag,,
https://www.plymouthtitleinsurance.com/industry-news/homebuilder-sentiment-insights-nahb-wells-fargo-housing-market-index,200.0,,2024-12-01T06:00:32-06:00,2024-12-01T06:00:40-06:00,jsonld,jsonld,
https://www.thelandgeek.com/blog-raw-land-investing-2026/,200.0,,2025-12-26T21:42:49+00:00,2025-12-26T21:42:48.803000+00:00,jsonld,jsonld,
https://www.amerisave.com/learn/modular-home-prices-complete-cost-breakdown-financing-guide,200.0,2026-05-13T20:17:06+00:00,,,,,
https://www.rocketmortgage.com/learn/what-is-a-modular-home,403.0,,,,,,
https://www.mortgagenewsdaily.com/data/builder-confidence,200.0,,,,,,
https://chmic.ca/arv-in-real-estate-what-after-repair-value-is-and-why-it-matters-for-real-estate-investors/,200.0,,2025-12-17T13:00:08+00:00,2026-01-13T16:09:06+00:00,jsonld,jsonld,
https://amyawerbuch.com/blog/what-flat-homebuilder-sentiment-means-for-you,200.0,,,,,,
https://www.realtor.com/news/trends/homebuilder-sentiment-nahb-april-2026/,200.0,,2026-04-15T15:31:40+00:00,2026-04-15T16:21:49+00:00,jsonld,jsonld,
https://rabbu.com/blog/frequently-asked-questions,403.0,,,,,,
https://gb.inxpress.com/inxpress-blog/april-2025-(3)/test/,200.0,,2025-05-29T14:22:25,2025-05-29T14:48:40,og,og,
https://rabbu.com/contact,403.0,,,,,,
https://www.championhomes.com/blog/how-do-i-finance-a-modular-home,200.0,2026-05-13T07:36:34+00:00,2025-07-31T00:00:00,,jsonld,,
https://landlimited.com/blogs/hoa-vs-no-hoa-raw-land-which-is-better-for-buyers-in-2026,200.0,,,,,,
https://greenvalleyhomesales.com/do-modular-homes-qualify-for-fha-va-and-usda-loans/,200.0,2026-05-13T20:17:07+00:00,2026-05-10T14:00:00+00:00,,jsonld,,
https://awning.com/post/data-rabbu-review,200.0,2026-05-13T10:02:23+00:00,2026-04-24T00:00:00,2026-04-24T00:00:00,jsonld,jsonld,
https://www.reddit.com/r/airbnb_hosts/comments/1r0pm8f/what_was_the_best_investment_you_made_in_your/,200.0,,,,,,
https://www.thectbrothers.com/blog/invest-in-airbnb,200.0,2026-05-13T20:17:08+00:00,2026-02-20T19:15:45.122000+00:00,2026-02-20T19:15:45.122000+00:00,jsonld,jsonld,
https://www.gallen-law.com/understanding-the-nar-settlement-and-its-impact-on-realtor-commissions-what-homebuyers-and-sellers-need-to-know,200.0,,2024-12-09T21:13:46,2025-01-14T17:44:51,jsonld,jsonld,
https://www.amerisave.com/glossary/what-is-a-modular-home-costs-financing-and-what-buyers-need-to-know-in,200.0,2026-05-13T20:17:08+00:00,,,,,
https://www.landhub.com/land-news/what-makes-land-valuable-in-2026-a-definition-of-a-good-land,200.0,,2026-03-12T00:00:00,,jsonld,,
https://www.cascadeloans.com/support/modular-home-loans/,200.0,,2022-06-02T22:12:37+00:00,2022-06-22T21:11:37+00:00,jsonld,jsonld,
https://hospitable.com/airbnb-investment,200.0,2026-05-13T16:51:48+00:00,2025-06-17T00:00:00+00:00,2025-06-17T00:00:00+00:00,jsonld,jsonld,
https://www.extraspace.com/blog/moving/best-cities-in-america-for-investing-in-airbnb/,403.0,,,,,,
https://www.airdna.co/blog/guide-to-airbnb-real-estate-investing,200.0,,,,,,
https://kwlends.com/what-you-should-know-about-the-nar-settlement/,200.0,,2024-09-04T11:42:32-05:00,2025-12-02T09:52:45-06:00,jsonld,jsonld,
https://www.recostseg.com/post/bonus-depreciation-2026,200.0,2026-05-13T20:17:08+00:00,,,,,
https://www.noradarealestate.com/blog/9-major-real-estate-tax-changes-effective-2026/,200.0,,2026-05-13T12:37:51+00:00,,jsonld,,
https://www.cbiz.com/insights/article/irs-notice-2026-11-100-bonus-depreciation-for-real-estate,403.0,,,,,,
https://holmesmodular.com/modular-home-loans/,200.0,,,,,,
https://wiss.com/bonus-depreciation-2026-real-estate-investors/,200.0,,2026-05-08T15:05:12+00:00,,jsonld,,
https://theravenscroftgroup.com/blog/bonus-depreciation-real-estate-2026,403.0,,,,,,
https://www.therealestatecpa.com/blog/major-real-estate-tax-changes-in-2026-bonus-depreciation-qozs-salt-and-more/,202.0,,,,,,
https://www.reit.com/what-reit/how-form-reit,200.0,2026-05-13T17:36:36+00:00,,,,,
https://www.ccim.com/insights/commercial-connections/summer-2024/national-association-realtorsr-settlement-will-it,200.0,2026-05-13T20:17:07+00:00,,,,,
https://www.schwab.com/stocks/understand-stocks/reits,200.0,2026-05-13T20:17:09+00:00,,,,,
https://www.bpm.com/insights/invest-in-reits/,200.0,,2026-03-11T08:00:00-07:00,2026-03-16T08:31:26-07:00,jsonld,jsonld,
https://www.eisneramper.com/insights/real-estate/reits-basics-1019/,200.0,,2025-02-19T00:00:00,,jsonld,,
https://dfpi.ca.gov/news/insights/7-tips-for-first-time-homebuyers/,403.0,,,,,,
https://pro.bloombergtax.com/insights/fixed-assets/bonus-depreciation-strategy-for-2026-and-beyond/,403.0,,,,,,
https://www.achievefinancialcu.com/Services/Financial-Education-Center/Financial-Articles/The-Homebuying-Process-for-First-Time-Homebuyers,403.0,,,,,,
https://carta.com/learn/private-funds/structures/limited-partner/,200.0,,,,,,
https://pipelineroad.com/tools/preferred-return-calculator,200.0,2026-05-13T20:17:10+00:00,,,,,
https://www.anomalycpa.com/post/tax-free-wealth-unlocking-alternative-investments-in-atm-machines,200.0,2026-05-13T20:17:10+00:00,,,,,
https://www.adventuresincre.com/glossary/preferred-return/,200.0,2026-05-12T23:12:11+00:00,2024-08-19T18:11:13+00:00,2025-07-05T05:35:11+00:00,jsonld,jsonld,
https://www.navyfederal.org/makingcents/home-ownership/first-time-home-buyer-guide.html,200.0,2026-05-13T20:17:10+00:00,,,,,
https://atmtrader.com/blogs/news/atm-franchise-routes-and-portfolios-guide,200.0,,2025-09-09T06:06:31-07:00,2025-09-03T07:06:00-07:00,jsonld,jsonld,
https://fnrpusa.com/blog/understanding-commercial-real-estate-cre-promotes-and-preferred-returns/,200.0,,2021-03-12T10:00:04-05:00,2024-06-25T16:55:09-04:00,jsonld,jsonld,
https://www.rate.com/mortgage/resource/housing-market-outlook-will-inventory-finally-improve,403.0,,,,,,
https://www.wipfli.com/insights/articles/what-are-the-key-rules-for-100-percent-bonus-depreciation,200.0,,2026-02-26T08:00:00-06:00,2026-04-03T08:00:00-06:00,jsonld,jsonld,
https://www.turbinecap.com/real-estate-syndication-pilots-blog/understanding-preferred-return,200.0,,2023-01-11T14:14:25+11:00,2023-01-12T18:27:03+11:00,jsonld,jsonld,
https://www.biggerpockets.com/forums/922/topics/1205895-how-long-to-live-in-a-house-hack,200.0,,2024-10-22T07:53:31-07:00,,time_tag,,
https://primior.com/preferred-return-in-real-estate-what-smart-investors-actually-need-to-know/,202.0,,,,,,
https://www.zillow.com/research/2026-housing-predictions-35800/,403.0,,,,,,
https://primior.com/private-real-estate-equity-the-hidden-power-of-preferred-returns/,202.0,,,,,,
https://www.rocketmortgage.com/learn/earnest-money,403.0,,,,,,
https://www.moonfare.com/glossary/hurdle-rate-preferred-return,200.0,,,,,,
https://www.townsq.io/blog/hoa-meeting,200.0,2026-05-13T20:17:12+00:00,2025-05-08T02:42:42.831000+00:00,2025-04-13T02:51:44.517000+00:00,jsonld,jsonld,
https://www.duckfund.com/blogs-re/best-earnest-money-deposit-providers-cre-usa,403.0,,,,,,
https://crowdstreet.com/resources/investment-fundamentals/what-is-a-preferred-return,200.0,2026-05-11T19:38:57+00:00,,,,,
https://www.penfed.org/mortgage/article/earnest-money-deposit,403.0,,,,,,
https://linnovatepartners.com/understanding-limited-partnership-agreements-lpas-in-funds-a-comprehensive-guide/,200.0,,2026-04-21T02:45:42+00:00,2026-04-21T03:03:04+00:00,jsonld,jsonld,
https://www.compass.com/research/market-outlook/,200.0,,,,,,
https://hoastrategies.com/articles/myth-to-reality-a-strategy-to-achieve-1-hour-association-board-meetings/,202.0,,,,,,
https://www.nar.realtor/magazine/real-estate-news/2026-real-estate-outlook-what-leading-housing-economists-are-watching,200.0,,2026-01-05T10:00:00-06:00,,og,,
https://www.cbre.com/services/invest-finance-and-value/market-forecasts-and-analytics,200.0,2026-05-13T20:17:13+00:00,,,,,
https://southoaktitle.com/blog/title-insurance-talk,200.0,,,,,,
https://mylandtrust.com/blog/exploring-the-title-insurance-underwriting-process-educating-your-clients/,403.0,,,,,,
https://www.fsresidential.com/maryland/news-events/articles/hoa-meetings/,200.0,,2025-04-02T08:15:16.852670,,jsonld,,
https://www.chase.com/personal/mortgage/education/financing-a-home/how-long-does-preapproval-take,200.0,,2025-10-28T00:00:00,,jsonld,,
https://www.fortunebuilders.com/p/airbnb-rentals/,200.0,2026-05-13T20:17:14+00:00,2022-11-23T00:01:00+00:00,2022-11-23T12:00:35-06:00,jsonld,jsonld,
https://ibuyer.com/blog/how-much-does-a-termite-inspection-cost/,200.0,,2025-06-11T12:02:43+00:00,2025-12-23T07:45:47+00:00,jsonld,jsonld,
https://www.mrei.co.uk/post/preferred-return-meaning-limitations-and-example,200.0,,2025-05-19T01:49:45.687000+00:00,2025-05-19T01:49:45.687000+00:00,jsonld,jsonld,
https://www.zillow.com/learn/how-long-does-pre-approval-take/,200.0,,2024-05-31T23:10:25+00:00,2025-09-16T14:22:04+00:00,jsonld,jsonld,
https://www.lawnstarter.com/blog/cost/termite-inspection-price/,200.0,2026-05-13T20:17:14+00:00,2025-04-17T12:17:04+00:00,2025-12-27T18:17:40+00:00,jsonld,jsonld,
https://homeparamount.com/financing/,200.0,,,,,,
https://www.rocketmortgage.com/learn/how-long-does-a-mortgage-preapproval-last,403.0,,,,,,
https://www.navyfederal.org/makingcents/home-ownership/mortgage-approval-process.html,200.0,2026-05-13T20:17:14+00:00,,,,,
https://www.reddit.com/r/realestateinvesting/comments/1nf6e3j/considering_buying_a_house_to_flip_but_im_a/,200.0,,,,,,
https://www.alta.org/homeowner/resources,200.0,,,,,,
https://www.homelight.com/blog/pros-and-cons-of-for-sale-by-owner-weigh-your-options/,200.0,2026-05-13T17:17:49+00:00,2026-03-20T04:19:48-07:00,2026-03-22T15:38:24-07:00,jsonld,jsonld,
https://www.hud.gov/hud-partners/single-family-fixing-home,200.0,2026-05-12T14:22:26+00:00,,,,,
https://levinecapital.com/earnest-money-deposit/,200.0,,2025-03-19T12:39:44-04:00,2025-07-11T19:09:37-04:00,jsonld,jsonld,
https://www.michaelsamuelslaw.com/blog/2024/03/what-are-the-benefits-of-listing-a-home-fsbo/,200.0,,2024-03-08T17:40:38+00:00,2024-03-08T17:40:39+00:00,jsonld,jsonld,
https://moneyvibes.medium.com/house-flipping-in-2025-why-i-ditched-the-70-rule-and-how-you-should-too-7afaef562e78,200.0,,2025-06-18T20:24:44+00:00,2025-06-18T20:24:44+00:00,jsonld,jsonld,
https://www.reddit.com/r/homeowners/comments/1ij2cbf/bought_a_house_sight_unseen_with_serious_regret/,200.0,,,,,,
https://www.reddit.com/r/RealEstate/comments/18iamr4/anything_to_be_concerned_about_it_accepting_a/,200.0,,,,,,
https://www.dummies.com/article/home-auto-hobbies/home-ownership-renting/potential-home-sale-owner-advantages-252678/,200.0,2026-05-13T20:17:15+00:00,2025-07-08T00:00:00,2025-06-28T00:00:00,jsonld,jsonld,
https://focusedlaw.com/selling-your-home-without-a-realtor-pros-and-cons-of-fsbo/,202.0,,,,,,
https://blog.atproperties.com/eyes-wide-shut-buying-a-home-sight-unseen/,202.0,,,,,,
https://www.festaradontech.com/blogs/news/why-newly-built-homes-are-not-immune-to-radon-exposure,200.0,,2025-01-15T16:05:15+00:00,,jsonld,,
https://flipsmrt.com/blog/flipping-houses-checklist,200.0,,2025-10-11T10:03:34.327738+00:00,,og,,
https://www.amerisave.com/glossary/wraparound-mortgage-what-it-means-for-home-buyers-in,200.0,2026-05-13T20:17:16+00:00,,,,,
https://www.lung.org/media/press-releases/national-radon-action-month-2026,200.0,,,,,,
https://www.chrisanncleland.com/index.php/2021/04/13/is-it-wise-for-a-seller-to-take-sight-unseen-offers/,200.0,,2021-04-13T22:50:04-04:00,2021-04-13T22:50:07-04:00,jsonld,jsonld,
https://www.cancer.org/cancer/risk-prevention/radiation-exposure/radon.html,200.0,2026-05-13T14:56:15+00:00,,,,,
https://www.festaradontech.com/blogs/news/understanding-the-epas-radon-action-level,200.0,,2025-06-13T14:47:17+00:00,,jsonld,,
https://www.consumeraffairs.com/finance/what-is-a-wraparound-mortgage.html,200.0,,2022-04-01T03:35:23+00:00,2026-02-26T08:55:49+00:00,jsonld,jsonld,
https://www.reddit.com/r/realestateinvesting/comments/1o4rmjr/the_1_rule_is_holding_people_back_it_doesnt_work/,200.0,,,,,,
https://www.rocketmortgage.com/learn/1-rule-real-estate,403.0,,,,,,
https://www.mdpi.com/2624-8921/8/2/31,403.0,,,,,,
https://www.opendoor.com/articles/is-for-sale-by-owner-worth-it,200.0,,2022-06-16T00:00:00+00:00,2026-04-22T07:53:11.895000+00:00,jsonld,jsonld,
https://dsmradon.com/radon-levels-in-newly-built-homes/,200.0,,2026-01-02T10:12:44+00:00,2026-01-02T10:12:46+00:00,jsonld,jsonld,
https://www.airthings.com/resources/radon-test,200.0,2026-05-13T20:17:17+00:00,,,,,
https://www.chase.com/personal/mortgage/education/buying-a-home/how-long-to-close-on-a-house,200.0,,2026-01-12T00:00:00,,jsonld,,
https://www.airthings.com/newsroom/airthings-launches-first-us-library-lender-program-in-recognition-of-radon-action-month,200.0,2026-05-13T20:17:17+00:00,,,,,
https://fieldreport.caes.uga.edu/publications/C1301/building-radon-safe/,200.0,,2025-11-25T18:42:04+00:00,2026-03-11T18:21:57+00:00,jsonld,jsonld,
https://www.consumerfinance.gov/ask-cfpb/im-about-to-close-on-a-real-estate-purchase-transaction-with-a-mortgage-what-can-expect-in-the-mortgage-closing-process-en-1905/,403.0,,,,,,
https://www.zillow.com/learn/real-estate-closing/,200.0,,2025-11-10T11:54:20+00:00,2026-01-14T16:42:26+00:00,jsonld,jsonld,
https://www.coachcarson.com/one-percent-rule-does-not-work/,200.0,2026-05-11T10:51:56+00:00,2022-10-21T09:00:04+00:00,2022-10-20T11:07:48+00:00,jsonld,og,
https://experience.arcgis.com/experience/0d600feba0fa462d8b5532e80ed1fe8c/page/Housing-Affordability,200.0,2026-03-24T02:49:16+00:00,,,,,
https://www.nar.realtor/research-and-statistics/housing-statistics/housing-affordability-index/methodology,200.0,,2011-12-28T06:03:00-06:00,,og,,
https://www.awbinstitute.org/indicator/housing-affordability-index/,200.0,,2020-05-07T20:55:46+00:00,2025-09-02T18:01:05+00:00,jsonld,jsonld,
https://www.frbsf.org/research-and-insights/publications/doctor-econ/2003/12/housing-affordability-index/,200.0,,2003-12-01T00:00:00-08:00,2003-12-01T00:00:00-08:00,jsonld,jsonld,
https://yourhome.fanniemae.com/buy/what-expect-closing-house,200.0,2026-05-13T15:01:16+00:00,,,,,
https://www.parealtors.org/blog/what-does-the-housing-affordability-index-mean/,403.0,,,,,,
https://jdj-consulting.com/housing-affordability-in-2026-trends-and-market-outlook/,200.0,2026-05-12T19:35:21+00:00,2026-05-04T14:53:21+00:00,2026-05-08T16:16:23+00:00,jsonld,jsonld,
https://eyeonhousing.org/2026/02/how-rising-costs-affect-home-affordability-3/,200.0,2026-05-13T20:17:19+00:00,2026-02-17T15:24:19-05:00,,time_tag,,
https://bettermoneyhabits.bankofamerica.com/en/home-ownership/what-happens-at-closing,200.0,2026-05-13T20:17:19+00:00,2026-04-13T00:00:00,2026-04-10T00:00:00,jsonld,jsonld,
https://awning.com/post/airdna-review,200.0,2026-05-12T17:48:39+00:00,2026-04-24T00:00:00,2026-04-24T00:00:00,jsonld,jsonld,
https://www.prnewswire.com/news-releases/2026-will-be-the-best-year-to-invest-in-short-term-rentals-since-2021-new-airdna-report-finds-302643393.html,200.0,2026-05-08T22:50:01+00:00,2025-12-16T10:00:00-05:00,2025-12-16T10:02:43-05:00,jsonld,jsonld,
https://gulfcoastalrealtors.com/how-to-owner-finance-your-house-wraparound-mortgage/,200.0,,2024-09-01T17:45:44+00:00,2024-09-02T19:40:13+00:00,jsonld,jsonld,
https://www.airdna.co/short-term-rental-investor-survey,200.0,,,,,,
https://www.thefederalsavingsbank.com/Blog/veterans-affairs-va-home-loan-benefits-eligibility-in-2026-whats-changed-and-who-qualifies-now/,200.0,,2026-04-02T14:00:23+00:00,,og,,
https://www.pointerealtygroup.com/blog/is-homeownership-within-reach-the-housing-affordability-index-can-tell-you,200.0,,2023-08-25T00:00:00,2023-08-25T00:00:00,jsonld,jsonld,
https://arabellacapital.com/understanding-the-1-rule-in-real-estate-investing/,200.0,2026-05-13T14:29:28+00:00,2025-03-04T05:14:00-05:00,2026-01-29T15:11:10+00:00,jsonld,og,
https://www.biggerpockets.com/blog/1-percent-rule-dead,200.0,2026-05-13T20:17:20+00:00,2021-06-04T13:30:00-06:00,2022-11-11T11:44:49-07:00,jsonld,jsonld,
https://stayfi.com/vrm-insider/2026/04/20/vacation-rental-statistics/,200.0,2026-05-13T15:43:00+00:00,2026-04-20T14:00:00+00:00,2026-05-04T17:52:23+00:00,jsonld,jsonld,
https://www.jtcgroup.com/insights/understanding-1031-exchange-boot/,200.0,2026-05-13T20:17:21+00:00,2026-02-06T16:49:39+00:00,2026-02-10T14:15:57+00:00,jsonld,jsonld,
https://www.trpc.org/459/Housing-Affordability-Index,200.0,,,,,,
https://wealthbuilder1031.com/boot-in-1031-exchanges-how-to-avoid-taxable-income-on-sale/,200.0,2026-05-13T13:48:57+00:00,2025-02-03T21:58:14+00:00,,og,,
https://www.va.gov/housing-assistance/home-loans/eligibility/,200.0,,2025-06-12T00:00:00,,time_tag,,
https://www.military.com/va-loans/learn/va-home-loans-guide/,200.0,,,,,,
https://www.360training.com/blog/nar-settlement-explained,403.0,,,,,,
https://www.leaderbank.com/blog/what-boot-1031-exchanges,403.0,,,,,,
https://www.cpec1031.com/blog/3-pro-tips-for-dealing-with-boot-in-a-1031-exchange,200.0,,2025-12-01T10:13:00-06:00,2026-02-09T13:43:39-06:00,jsonld,jsonld,
https://www.reddit.com/r/homeowners/comments/1evf9py/what_does_the_nar_settlement_mean_for_buyers/,200.0,,,,,,
https://griffinfunding.com/blog/va-loans/how-to-choose-the-best-va-mortgage-lender-for-you-2026/,200.0,2026-05-11T20:05:45+00:00,2026-01-13T01:56:45+00:00,2026-01-14T20:35:48+00:00,jsonld,jsonld,
https://www.reddit.com/r/FirstTimeHomeBuyer/comments/1iu98i0/what_are_your_pros_and_cons_to_hoas/,200.0,,,,,,
https://www.zillow.com/learn/for-sale-by-owner-vs-real-estate-agent/,200.0,,2025-06-05T23:07:40+00:00,2025-12-03T23:16:46+00:00,jsonld,jsonld,
https://www.reddit.com/r/fuckHOA/comments/esjl1d/why_is_hoa_such_a_bad_thing/,200.0,,,,,,
https://www.reit.com/what-reit/history-reits,200.0,2026-05-13T17:56:13+00:00,,,,,
https://www.brookings.edu/articles/how-will-the-national-association-of-realtors-settlement-affect-the-cost-of-selling-or-buying-a-home/,200.0,2026-05-13T20:17:22+00:00,2024-03-29T15:15:58+00:00,,jsonld,,
https://beresfordlaw.com/the-impact-of-the-national-association-of-realtors-settlement-agreement/,200.0,,2024-10-22T13:31:48+00:00,2025-02-06T16:00:01+00:00,jsonld,jsonld,
https://en.wikipedia.org/wiki/Real_estate_investment_trust,200.0,2026-05-11T22:04:51+00:00,2003-12-31T23:55:50+00:00,2026-05-08T12:31:07+00:00,jsonld,jsonld,
https://www.reit.com/data-research/data/reits-numbers,200.0,2026-05-13T17:53:50+00:00,,,,,
https://medium.com/@mdkollmorgen/reits-the-basics-of-publicly-traded-real-estate-companies-61311f19c33e,200.0,,2018-03-22T15:43:05+00:00,2018-03-22T15:43:05+00:00,jsonld,jsonld,
https://www.veteransunited.com/valoans/va-loan-pros-and-cons/,200.0,,2017-07-25T07:10:00-05:00,2025-12-16T15:00:00-06:00,og,og,
https://www.doorloop.com/blog/reits-statistics,200.0,2026-05-13T20:17:23+00:00,2023-09-28T00:00:00,2026-03-04T00:00:00,jsonld,jsonld,
https://www.1percentlists.com/real-estate/real-estate-2026-5-crucial-changes-you-cant-ignore/,200.0,2026-05-13T20:17:24+00:00,2026-01-14T03:03:32+00:00,2026-04-23T22:04:28+00:00,og,og,
https://www.speichergroup.com/insights/real-estate-agent-commissions,200.0,2026-05-13T15:30:22+00:00,,,,,
https://www.cmctx.com/hoa-safety-guidelines-tips/,200.0,,2025-04-28T16:46:36+00:00,2025-10-31T21:04:39+00:00,jsonld,jsonld,
https://www.moomoo.com/community/feed/108354622586886,200.0,,2022-05-24T10:45:30+08:00,,jsonld,,
https://homerise.com/flat-fee-vs-commission-real-estate-2026/,200.0,,2026-01-23T20:53:39+00:00,2026-04-10T17:27:03+00:00,jsonld,jsonld,
https://homerise.com/who-pays-realtor-fees/,200.0,,2026-05-04T15:47:36+00:00,2026-05-04T16:24:15+00:00,jsonld,jsonld,
https://www.nar.realtor/the-facts/what-the-nar-settlement-means-for-home-buyers-and-sellers,200.0,,2024-05-24T04:23:00-05:00,,og,,
https://listwithclever.com/real-estate-blog/6-percent-real-estate-commission-explained/,200.0,2026-05-13T20:17:25+00:00,2024-08-21T14:34:05+00:00,2026-05-13T13:27:28+00:00,jsonld,jsonld,
https://www.wealthmanagement.com/alternative-investments/looking-back-on-60-years-of-reits,200.0,,2020-11-17T17:35:00+00:00,2024-12-10T08:53:14.538000+00:00,jsonld,jsonld,
https://www.azibo.com/blog/how-to-start-a-storage-unit-business,200.0,2026-05-13T20:17:25+00:00,2024-07-12T00:00:00,,og,,
https://www.homelight.com/blog/real-estate-agent-commission/,200.0,2026-05-13T14:59:57+00:00,2026-01-20T02:00:00-08:00,2026-03-13T09:19:49-07:00,jsonld,jsonld,
https://listwithclever.com/average-real-estate-commission-rate/missouri/,200.0,2026-05-13T20:17:25+00:00,2025-09-15T06:35:38+00:00,2026-02-28T14:39:11+00:00,jsonld,jsonld,
https://www.usrealtytraining.com/blogs/real-estate-agent-commission,200.0,2026-05-13T20:17:25+00:00,2026-03-19T00:00:00,2026-03-19T00:00:00,jsonld,jsonld,
https://better.com/content/who-pays-realtor-fees,200.0,,,,,,
https://www.storable.com/resources/starting-a-self-storage-business/,200.0,,2021-07-26T12:08:44,2026-04-16T15:41:56,jsonld,jsonld,
https://www.championhomes.com/our-homes/modular-homes,200.0,2026-05-13T07:11:24+00:00,,,,,
https://www.commercialrealestate.loans/blog/a-beginners-guide-to-self-storage-investing/,200.0,2026-05-13T20:17:26+00:00,2022-11-01T00:00:00,2023-12-18T22:13:02.694529+00:00,jsonld,jsonld,
https://www.nar.realtor/blogs/styled-staged-sold/how-far-is-too-far-with-home-staging,200.0,,2024-08-19T01:00:00-05:00,,og,,
https://rodkhleif.com/self-storage-investing-for-beginners-guide/,200.0,,2025-11-25T13:02:05-05:00,2025-11-21T13:15:17-05:00,jsonld,jsonld,
https://myhome.freddiemac.com/buying/closing-your-loan-when-buying,,,,,,,"HTTPSConnectionPool(host='myhome.freddiemac.com', port=443): Max retries exceeded with url: /buying/closing-your-loan-when-buying (Caused by NameResolutionError(""HTTPSConnection(host='myhome.freddiema"
https://www.loricollins.com/blog/The-New-Rules-of-Buying--Who-Pays-the-Realtor-in-2026-,403.0,,,,,,
https://withbrickworks.com/stories/setting-the-stage-how-home-staging-became-a-transformative-tool,200.0,,,,,,
https://www.everythingcreativedesigns.com/ecd-news/2023/10/11/the-evolution-of-home-staging-from-the-50s-to-today,200.0,,2023-10-11T10:00:00-07:00,2023-11-03T09:44:43-07:00,jsonld,jsonld,
https://en.wikipedia.org/wiki/Home_staging,403.0,,,,,,
https://www.wcspeakers.com/speaker/barb-schwarz/,200.0,,,,,,
https://stagedhome.com/ABOUT,200.0,,,,,,
https://www.sothebysrealty.com/extraordinary-living-blog/the-evolution-of-luxury-home-staging/,200.0,,2024-07-18T14:00:02-04:00,,time_tag,,
https://nextlevelincome.com/the-pros-cons-of-self-storage-investing-by-kris-bennett/,200.0,,2021-05-11T08:12:58+00:00,2023-02-10T06:15:13+00:00,jsonld,jsonld,
https://firstimpressionhomestaging.com/2022/07/the-home-staging-story/,202.0,,,,,,
https://calprogroup.com/blog/6-benefits-of-a-yearly-termite-inspection/,200.0,2026-05-13T20:17:28+00:00,2023-12-15T13:25:20+00:00,2025-10-24T11:27:53+00:00,jsonld,jsonld,
https://www.fastexpert.com/blog/should-i-buy-a-house-with-termites/,200.0,2026-05-13T20:17:28+00:00,2024-03-29T08:40:39+00:00,2025-03-21T19:00:51+00:00,jsonld,jsonld,
https://www.pestworld.org/news-hub/pest-articles/what-is-a-termite-inspection/,200.0,,2022-10-31T00:00:00,2023-11-08T00:00:00,jsonld,jsonld,
https://www.hitechtermite.com/articles/when-should-i-call-a-termite-control-specialist,200.0,,,,,,
https://www.jjext.com/the-importance-of-professional-termite-inspections,200.0,2026-05-13T19:49:19+00:00,2024-06-16T01:37:42+00:00,2026-05-12T17:57:59+00:00,jsonld,jsonld,
https://www.houzeo.com/blog/termite-inspection/,200.0,2026-05-13T19:49:19+00:00,2026-04-01T08:29:26-04:00,2026-04-01T12:29:31+00:00,jsonld,jsonld,
https://www.hoamanagement.com/who-can-attend-hoa-meetings/,200.0,2026-05-13T20:17:29+00:00,2011-08-30T12:57:00+00:00,2022-03-07T14:02:19+00:00,jsonld,jsonld,
https://www.plymouthrock.com/resources/should-i-get-a-termite-inspection-when-buying-a-home,200.0,2025-12-12T09:18:51+00:00,2025-06-26T21:14:39+00:00,2025-12-12T14:18:51+00:00,jsonld,jsonld,
https://www.barbschwarz.com/about/,200.0,,2022-07-25T20:35:04+00:00,2025-09-25T22:12:26+00:00,jsonld,jsonld,
https://www.cedarmanagementgroup.com/illegal-hoa-board-meeting/,403.0,,,,,,
https://www.fsresidential.com/corporate/news-and-articles/articles/learn-the-basics-for-hoa-board-meetings/,200.0,,2025-07-02T06:45:38.343634,,jsonld,,
https://www.pwc.com/us/en/industries/financial-services/library/reit-ipo-strategy.html,200.0,,,,,,
https://www.realized1031.com/blog/how-do-you-start-a-reit,200.0,2026-05-12T14:49:58+00:00,2022-04-16T16:57:39+00:00,2022-04-16T16:57:39+00:00,jsonld,jsonld,
https://www.mordorintelligence.com/industry-reports/global-prefabricated-housing-market,200.0,,2021-07-20T00:00:00,2026-04-30T00:00:00,jsonld,jsonld,
https://scarincihollenbeck.com/law-firm-insights/effective-condo-or-hoa-board-meeting,200.0,,2020-04-21T10:00:00,2023-02-16T03:36:35,jsonld,jsonld,
https://www.tandfonline.com/doi/full/10.1080/15214842.2025.2579393,403.0,,,,,,
https://pmc.ncbi.nlm.nih.gov/articles/PMC5708579/,200.0,,,,,,
https://www.fortunebusinessinsights.com/industry-reports/modular-construction-market-101662,200.0,,,,,,
https://www.roattorneys.com/blog/going-virtual-the-pros-and-cons-of-online-hoa-board-meetings,200.0,,,,,,
https://www.prologis.com/what-we-do/resources/reit-investing-guide,200.0,2026-05-13T20:17:31+00:00,2019-12-16T00:00:00,2025-12-07T23:57:00-08:00,jsonld,jsonld,
https://www.urban.org/data-tools/american-affordability-tracker,403.0,,,,,,
https://www.cato.org/publications/housing-affordability,200.0,,,,,,
https://www.investor.gov/introduction-investing/investing-basics/investment-products/real-estate-investment-trusts-reits,200.0,,,,,,
https://www.reddit.com/r/REBubble/comments/1t73kum/real_estate_data_news_update_may_2026/,200.0,,,,,,
https://www.realtor.com/news/real-estate-news/modular-housing-construction-mbi-survey-data/,200.0,,2026-04-17T17:58:01+00:00,2026-04-20T14:07:32+00:00,jsonld,jsonld,
https://gsmodular.com/are-modular-homes-a-good-investment/,202.0,,,,,,
https://www.epa.gov/radon/radon-and-real-estate-resources,200.0,2026-05-13T20:17:32+00:00,2014-09-12T11:16:30-04:00,2026-03-18T00:00:00,og,og,
https://www.radonevolution.com/en/financing/,200.0,2026-05-13T10:10:10+00:00,2025-04-07T19:18:36+00:00,2025-04-09T17:32:13+00:00,jsonld,jsonld,
https://blog.propty.io/how-to-compare-hoa-management-fees,200.0,,2026-03-17T17:14:00.340000+00:00,2026-04-22T23:55:47+00:00,jsonld,jsonld,
https://www.cbre.com/insights/books/us-real-estate-market-outlook-2026,200.0,2026-05-13T20:17:33+00:00,,,,,
https://cohaus.com/coliving-vs-renting-why-coliving-is-the-smarter-choice-in-2026/,200.0,2026-05-13T15:29:48+00:00,2026-05-01T04:53:12+00:00,2026-05-01T05:01:11+00:00,jsonld,jsonld,
https://carta.com/learn/private-funds/structures/general-partner/,200.0,,,,,,
https://www.protectenvironmental.com/who-pays-for-radon-mitigation-buyer-or-seller/,200.0,2026-05-13T20:17:34+00:00,2025-12-11T03:06:56+00:00,2025-12-12T00:06:59+00:00,jsonld,jsonld,
https://www.catalystcp.com/build-to-rent-investment-opportunities-2026/,200.0,2026-05-13T20:17:33+00:00,2026-04-15T09:06:27+00:00,2026-04-15T11:31:17+00:00,jsonld,jsonld,
https://www.tandfonline.com/doi/full/10.1080/07352166.2024.2415936,403.0,,,,,,
https://www.nar.realtor/newsroom/national-association-of-realtorsr-reaches-agreement-to-resolve-nationwide-homebuyer-claims,200.0,,2026-04-10T14:00:00-05:00,,og,,
https://www.matthews.com/insights/cap-rate-real-estate,200.0,,2026-01-13T00:00:00,2026-01-13T00:00:00,jsonld,jsonld,
https://www.reddit.com/r/Mortgages/comments/1rs21ks/pros_and_cons_of_dscr_loans_for_rental_property/,200.0,,,,,,
https://easystreetcap.com/dscr-loans-guide/,200.0,2026-05-13T20:17:34+00:00,2026-04-10T14:50:07+00:00,2026-04-10T16:05:33+00:00,jsonld,jsonld,
https://www.dilitrust.com/general-partners-vs-limited-partners/,200.0,2026-05-13T19:57:05+00:00,2025-08-13T18:23:08+00:00,2026-03-18T16:20:16+00:00,jsonld,jsonld,
https://www.foxessellfaster.com/blog/how-off-market-and-coming-soon-listings-are-quietly-reshaping-buyer-competition-in-2026/,200.0,,2026-05-12T05:30:00+00:00,,og,,
https://retail.thelender.com/post/pros-cons-dscr-loans,200.0,2026-05-13T20:17:35+00:00,2026-04-28T00:00:00,2026-04-28T00:00:00,jsonld,jsonld,
https://www.reddit.com/r/realestateinvesting/comments/1t2bbo4/dscr_loan_fees/,200.0,,,,,,
https://www.reddit.com/r/RealEstateAdvice/comments/1pf067y/do_i_really_have_to_sign_an_exclusive_buyers/,200.0,,,,,,
https://www.cohomesandloans.com/dscr-loan-prepayment-penalty/,403.0,,,,,,
https://www.cbiz.com/insights/article/maximizing-cre-cash-flow-with-cost-segregation-studies,403.0,,,,,,
https://www.nar.realtor/research-and-statistics/housing-statistics/housing-affordability-index,200.0,,2026-05-11T09:00:00-05:00,,og,,
https://naeba.org/top-ten-reasons-to-choose-an-exclusive-buyer-agent/,200.0,,2026-05-04T20:17:58+00:00,,jsonld,,
https://www.415group.com/blog/cost-segregation-studies-can-reveal-substantial-tax-savings,200.0,2026-05-12T13:38:48+00:00,2026-05-05T20:27:01+00:00,2026-05-05T20:27:52.159000+00:00,jsonld,jsonld,
https://avantstay.com/blog/cost-segregation-studies-increase-cash-flow-year-one/,200.0,2026-05-13T17:01:22+00:00,2026-02-11T20:06:37+00:00,2026-02-11T20:14:44+00:00,jsonld,jsonld,
https://www.cushmanwakefield.com/en/united-states/insights/trends-to-watch,200.0,,2026-01-06T12:00:00+00:00,2026-03-28T04:07:55+00:00,jsonld,jsonld,
https://brettstomps.com/real-estate-guides/exclusive-vs-non-exclusive/,403.0,,,,,,
https://www.thestreet.com/dictionary/housing-affordability-index,403.0,,,,,,
https://www.minut.com/blog/short-term-rental-regulations,200.0,2026-05-13T20:17:36+00:00,2026-01-26T14:38:03.565000+00:00,2026-01-20T13:04:18.033000+00:00,jsonld,jsonld,
https://www.minut.com/blog/short-term-rental-laws-us,200.0,2026-05-13T20:17:36+00:00,2026-02-03T09:47:47.380000+00:00,2026-02-03T09:47:47.380000+00:00,jsonld,jsonld,
https://www.reddit.com/r/RealEstate/comments/15vjs0x/ia_buying_land_like_in_acres_a_good_idea_for_long/,200.0,,,,,,
https://www.bnbcalc.com/blog/real-estate-tax/rental-income-tax/cost-segregation-to-maximize-bonus-depreciation,200.0,,2026-04-20T15:26:49.335000+00:00,2026-04-20T15:26:51+00:00,jsonld,jsonld,
https://trerc.tamu.edu/data/housing-affordability/,200.0,2026-05-13T09:02:03+00:00,2024-02-26T18:07:36+00:00,2026-05-13T14:02:03+00:00,jsonld,jsonld,
https://www.blueandco.com/cost-segregation-studies/,200.0,,2026-02-20T17:38:59+00:00,,jsonld,,
https://agtpropertiesusa.com/the-pros-and-cons-of-investing-in-vacant-land-2/,200.0,2026-05-13T08:03:30+00:00,2024-07-18T16:02:06+00:00,2024-12-09T16:29:02+00:00,jsonld,jsonld,
https://www.consumerscu.org/blog/5-problems-to-look-out-for-when-buying-land,200.0,2026-05-13T20:17:37+00:00,2025-04-21T12:00:30+00:00,2025-04-17T13:59:44+00:00,og,og,
https://globalrealassets.georgetown.edu/insight/is-land-a-good-investment/,403.0,,,,,,
https://www.qapita.com/blog/who-are-general-partners-in-private-equity,200.0,2026-05-13T20:17:37+00:00,,,,,
https://www.reddit.com/r/SaaS/comments/1rr1vhe/anyone_else_frustrated_with_navattics_setup_time/,200.0,,,,,,
https://www.affinity.co/blog/lp-gp-relationships,200.0,2026-05-13T20:17:37+00:00,,,,,
https://www.pnc.com/insights/personal-finance/borrow/how-long-to-close-on-house.html,,,,,,,"HTTPSConnectionPool(host='www.pnc.com', port=443): Read timed out. (read timeout=20)"
https://www.navattic.com/blog/benchmarks-interactive-demos,200.0,,2025-04-24T17:24:00+00:00,2025-04-24T17:24:00+00:00,jsonld,jsonld,
https://www.leadspicker.com/ai-tools/navattic,200.0,2026-05-13T20:17:38+00:00,,,,,
https://www.reddit.com/r/CustomerSuccess/comments/1r8e5nq/how_to_reduce_saas_churn_after_analyzing_100/,200.0,,,,,,
https://www.withorb.com/blog/saas-churn-rate,200.0,,,,,,
https://lunabeachproperties.com/wp/blog/smart-buy-land-comprehensive-guide-land-investment/,200.0,,2024-01-10T16:23:53+00:00,2024-01-20T14:05:56+00:00,og,og,
https://www.landbase.com/blog/how-to-define-icp-b2b-framework-2026,200.0,2026-05-13T20:17:38+00:00,2024-05-01T00:00:00,2025-04-02T12:07:38+00:00,jsonld,jsonld,
https://www.ztekcyber.com/resources/soc-2-compliance-2026-guide,200.0,,2026-03-09T00:00:00,2026-03-09T00:00:00,jsonld,jsonld,
https://www.promptloop.com/directory/what-does-navattic-do,200.0,,,,,,
https://www.avalara.com/mylodgetax/en/blog/2026/01/a-year-of-change-for-short-term-rentals-2025-regulation-trends-and-2026-outlook.html,200.0,2026-05-13T20:17:38+00:00,2026-01-06T00:00:00,,meta,,
https://www.walnut.io/blog/product-demos/top-interactive-demo-tools-2026/,200.0,,2025-12-22T12:01:33+00:00,2026-04-09T16:30:12+00:00,jsonld,jsonld,
https://billingplatform.com/blog/how-to-reduce-customer-churn,200.0,,2025-03-13T19:52:11+00:00,2025-05-15T13:26:35+00:00,jsonld,jsonld,
https://swimlane.com/blog/predictions-that-will-redefine-your-soc/,200.0,,2026-01-06T15:00:00+00:00,2026-01-07T18:04:29+00:00,jsonld,jsonld,
https://almohmedia.com/define-ideal-customer-profile-in-2026-why-icps-are-no-longer-static-documents-but-living-data-models/,200.0,2026-05-13T08:56:47+00:00,2025-12-18T14:59:48+00:00,2025-12-18T14:59:50+00:00,jsonld,jsonld,
https://www.subjolt.com/guides/churn-rate-benchmarks/,200.0,,2026-04-30T00:00:00,2026-04-30T00:00:00,jsonld,jsonld,
https://churnfree.com/blog/logo-retention/,200.0,2026-04-30T12:29:31+00:00,,,,,
https://www.hubifi.com/blog/logo-retention-formula-guide,200.0,2026-05-13T20:17:40+00:00,2025-10-01T13:36:54.380000+00:00,2025-06-09T05:58:54.936000+00:00,jsonld,jsonld,
https://www.frontiersin.org/journals/big-data/articles/10.3389/fdata.2026.1779935/full,200.0,,2026-02-27T00:00:00,2026-05-13T00:00:00,jsonld,jsonld,
https://www.drivetrain.ai/strategic-finance-glossary/logo-retention-rate-what-it-is-how-to-calculate-it-and-why-its-a-key-metric-for-saas-businesses-to-track,200.0,2026-05-13T20:17:40+00:00,2026-04-28T00:00:00,2026-04-28T00:00:00,jsonld,jsonld,
https://www.newdayusa.com/learn/best-mortgage-programs-for-veterans-in-2026,,,,,,,"HTTPSConnectionPool(host='www.newdayusa.com', port=443): Max retries exceeded with url: /learn/best-mortgage-programs-for-veterans-in-2026 (Caused by ConnectTimeoutError(<HTTPSConnection(host='www.new"
https://thecfoclub.com/operational-finance/logo-retention/,403.0,,,,,,
https://www.thegrowthsyndicate.com/resources/b2b-tech-positioning-dunford,200.0,2026-05-13T20:17:40+00:00,2025-12-03T16:30:26.114000+00:00,2025-11-29T10:43:25.626000+00:00,jsonld,jsonld,
https://nexos.ai/blog/n8n-integrations/,403.0,,,,,,
https://zapier.com/blog/n8n-integrations/,200.0,,2026-03-02T00:00:00,2026-03-02T00:00:00,jsonld,jsonld,
https://www.arcade.software/post/best-product-tour-software-2026,200.0,2026-05-13T20:17:41+00:00,,,,,
https://acceligize.com/featured-blogs/optimizing-for-mqls-strategic-tips-to-improve-lead-qualification/,200.0,,2025-12-24T14:26:34+00:00,2026-05-06T15:53:01+00:00,jsonld,jsonld,
https://www.pitchkitchen.com/pitchkitchen-vs-april-dunford,200.0,,2026-04-30T00:00:00,2026-04-30T00:00:00,jsonld,jsonld,
https://www.demandrevenue.com/6-ways-icp-boosts-roi/,202.0,,,,,,
https://businessofsoftware.org/2026/02/why-positioning-is-never-one-and-done-key-lessons-from-april-dunfords-bos-ama/,200.0,,2026-02-23T14:23:21+00:00,2026-02-23T14:23:23+00:00,jsonld,jsonld,
https://jimo.ai/blog/interactive-product-tour,200.0,2026-05-13T14:28:01+00:00,2026-02-27T00:00:00+00:00,,jsonld,,
https://www.guideflow.com/blog/product-tour-best-practices,200.0,2026-05-13T20:17:41+00:00,2026-04-28T15:57:35.285000+00:00,2026-04-24T15:28:49.397000+00:00,jsonld,jsonld,
https://guideless.ai/blog/12-product-walkthrough-software-tools-2026/,200.0,,2026-04-02T11:51:29.220000+00:00,,time_tag,,
https://vistapointadvisors.com/news/improve-saas-retention-benchmarks-averages,200.0,,,,,,
https://softwareequity.com/blog/preparing-ma-exit/,200.0,,2024-02-13T05:00:13+00:00,2024-06-06T11:42:39+00:00,jsonld,jsonld,
https://vadimkravcenko.com/en/exit-selling-your-saas/,200.0,2026-05-13T20:17:42+00:00,2022-07-16T16:43:16+00:00,2026-04-04T19:56:47+00:00,jsonld,jsonld,
https://www.bcg.com/publications/2026/m-and-a-outlook-expectations-are-high-again,403.0,,,,,,
https://www.get-ryze.ai/blog/cost-per-acquisition-benchmarks-2026,200.0,,2026-04-24T00:00:00,2026-04-24T00:00:00,jsonld,jsonld,
https://www.gtm8020.com/blog/customer-acquisition-cost-statistics,200.0,2026-05-13T20:17:42+00:00,,,,,
https://www.mdpi.com/2075-163X/11/2/115,403.0,,,,,,
https://contentsquare.com/guides/mixpanel-glossary/funnels/,200.0,,,,,,
https://ieeexplore.ieee.org/document/11232722/,200.0,,,,,,
https://www.getmonetizely.com/articles/5-pricing-experiments-every-saas-should-try-and-what-youll-learn,200.0,2026-05-13T20:17:42+00:00,2025-05-20T00:00:00,,jsonld,,
https://docs.mixpanel.com/docs/reports/funnels/funnels-advanced,200.0,2026-05-13T19:12:16+00:00,,,,,
https://www.statsig.com/perspectives/analytics-mixpanel-funnels-cohorts-retention-comparison,200.0,,2025-12-04T00:00:00,2025-12-04T00:39:41.697000+00:00,jsonld,jsonld,
https://www.landbase.com/blog/account-scoring-vs-lead-scoring-2026,200.0,2026-05-13T20:17:43+00:00,2024-05-01T00:00:00,2025-04-02T12:07:38+00:00,jsonld,jsonld,
https://www.hivedigital.com/blog/maximizing-business-growth-with-mixpanel/,200.0,2025-07-21T17:39:22+00:00,2025-04-29T16:31:40+00:00,2025-07-21T21:39:22+00:00,jsonld,jsonld,
https://www.answerfinancial.com/insurance-center/pros-and-cons-of-hoa/,,,,,,,"HTTPSConnectionPool(host='www.answerfinancial.com', port=443): Max retries exceeded with url: /insurance-center/pros-and-cons-of-hoa/ (Caused by ConnectTimeoutError(<HTTPSConnection(host='www.answerfi"
https://www.reddit.com/r/GrowthHacking/comments/1syu89i/the_real_reason_your_saas_metrics_arent_moving/,200.0,,,,,,
https://www.calian.com/resources/blogs/soc-2-type-ii-continuous-compliance-2026/,200.0,,2026-04-16T19:23:22+00:00,2026-04-16T19:55:27+00:00,jsonld,jsonld,
https://monday.com/blog/crm-and-sales/ai-lead-scoring/,200.0,,2025-11-27T19:13:55+00:00,2026-04-26T09:29:15+00:00,jsonld,jsonld,
https://www.averi.ai/blog/15-essential-saas-metrics-every-founder-must-track-in-2026-(with-benchmarks),200.0,2026-05-13T12:34:17+00:00,2025-10-28T00:00:00+00:00,2026-04-09T00:00:00+00:00,jsonld,jsonld,
https://www.digitalapplied.com/blog/saas-marketing-statistics-2026-data-points-trends,200.0,,2026-04-21T00:00:00+01:00,2026-04-21T00:00:00+01:00,jsonld,jsonld,
https://scielo.org.za/scielo.php?script=sci_arttext&pid=S2224-78902017000300011,200.0,,,,,,
https://www.paddle.com/blog/saas-pricing-models-strategies-fltr,200.0,,2026-03-13T12:00:00+00:00,,jsonld,,
https://www.data-mania.com/blog/b2b-saas-benchmarks-2026-annual-report/,200.0,,2026-05-12T03:32:03-04:00,2026-05-12T03:32:03-04:00,jsonld,jsonld,
https://botpenguin.com/blogs/n8n-integrations,200.0,,2026-02-17T00:00:00-05:00,,jsonld,,
https://uq.pressbooks.pub/inquiry-in-action/chapter/three-paths-to-ai-integration-navigating-knowledge-language-and-reflection-support-in-business-education/,200.0,,2025-10-31T00:00:00,,jsonld,,
https://prospeo.io/s/annual-recurring-revenue,200.0,2026-03-24T21:08:18+00:00,,,,,
https://gencomm.ai/blog/ai-lead-scoring/,429.0,,,,,,
https://www.kometmedia.com/blogs/9-amazing-video-ideas-for-saas-in-2026-with-real-examples-you-can-watch,200.0,2026-05-13T20:17:44+00:00,,,,,
https://www.howdygo.com/blog/feature-announcement-examples,200.0,,2025-08-28T07:27:13.907000+00:00,,time_tag,,
https://www.crowdstrike.com/en-us/cybersecurity-101/social-engineering/how-to-spot-a-phishing-email/,200.0,2026-05-13T11:00:19+00:00,,2025-08-12T15:53:00+00:00,,jsonld,
https://www.reprise.com/resources/blog/saas-demo-video-guide,200.0,,2023-03-07T21:24:03+00:00,2025-04-22T12:00:38+00:00,jsonld,jsonld,
https://ideaproof.io/blog/2026-saas-market-trends-and-opportunities-mk7j3hop,200.0,,2024-01-01T00:00:00,2026-01-22T00:00:00,jsonld,jsonld,
https://www.coffee.ai/articles/measuring-saas-metrics-2026/,200.0,,2026-02-17T05:00:52.453000+00:00,2026-04-03T21:16:34.301000+00:00,jsonld,jsonld,
https://userlist.com/blog/new-feature-announcement-emails/,200.0,,2024-03-21T00:00:00,2024-09-19T00:00:00,jsonld,jsonld,
https://www.library.hbs.edu/working-knowledge/eight-trends-for-2026-pricing-passion-and-the-risks-ahead,200.0,,2025-12-19T08:00:00-05:00,,jsonld,,
https://fleishmanhillard.com/2026/01/social-media-predictions-2026/,200.0,,2026-01-28T04:32:03+00:00,2026-01-29T22:53:29+00:00,jsonld,jsonld,
https://www.cyber.gc.ca/en/guidance/spotting-malicious-email-messages-itsap00100,200.0,,,2026-01-28T00:00:00,,dc,
https://sidemail.io/articles/dunning-emails/,200.0,,2025-04-28T10:02:03.210000+00:00,,jsonld,,
https://zuplo.com/learning-center/best-api-gateways-2026,200.0,2026-05-13T19:40:01+00:00,2026-04-28T00:00:00,,jsonld,,
https://www.reddit.com/r/GrowthHacking/comments/1qhzxwb/whats_actually_working_for_earlystage_social/,200.0,,,,,,
https://www.visla.us/blog/how-tos/product-demo-video/,200.0,2026-05-13T19:50:12+00:00,2024-10-15T18:00:41+00:00,2026-03-19T15:53:52+00:00,jsonld,jsonld,
https://genesysgrowth.com/blog/social-proof-conversion-stats-for-marketing-leaders,200.0,2026-05-10T07:07:12+00:00,2026-02-05T00:00:00+00:00,,time_tag,,
https://blog.alguna.com/value-metric-pricing/,200.0,,2026-03-18T16:58:09+00:00,2026-03-18T16:58:09+00:00,jsonld,jsonld,
https://medium.com/@madamevision/how-social-media-is-rewriting-attention-in-2026-5b077f851504,200.0,,2025-10-18T15:21:32+00:00,2025-10-18T15:21:32+00:00,jsonld,jsonld,
https://www.reddit.com/r/localseo/comments/1rsfo9l/how_long_does_it_take_to_see_results_from_seo/,200.0,,,,,,
https://www.lucatagliaferro.com/how-long-does-seo-take/,202.0,,,,,,
https://stackoverflow.com/questions/14412132/whats-the-best-approach-for-generating-a-new-api-key,200.0,,2013-01-19T07:26:33+00:00,,time_tag,,
https://m16marketing.com/digital-marketing-blog/how-long-seo-takes-to-work/,200.0,2026-05-13T20:17:46+00:00,2025-07-17T07:10:00+00:00,2026-02-16T03:33:23+00:00,jsonld,jsonld,
https://docs.mixpanel.com/docs/reports/funnels/funnels-faq,200.0,2026-05-13T18:47:16+00:00,,,,,
https://zuplo.com/features/api-key-management,200.0,2026-05-13T15:28:55+00:00,,,,,
https://wisernotify.com/blog/social-proof-statistics/,200.0,2026-05-13T10:51:50+00:00,2024-03-29T03:26:33+00:00,2026-03-14T09:35:13+00:00,jsonld,jsonld,
https://shapo.io/blog/social-proof-examples/,200.0,,2025-12-18T12:37:32+00:00,2025-12-18T12:37:33+00:00,jsonld,jsonld,
https://stripe.com/resources/more/usage-based-pricing-101-what-it-is-and-strategies-to-implement-it,200.0,,2024-05-24T00:00:00-04:00,,jsonld,,
https://stripe.com/blog/vertical-saas-insights-sessions-2026,200.0,,2026-05-11T00:00:00-07:00,,jsonld,,
https://www.akeyless.io/secrets-management-glossary/api-key-management/,200.0,,2022-01-13T20:22:08-07:00,2025-12-22T12:38:27-07:00,jsonld,jsonld,
https://mobilegrowthassociation.com/what-pricing-model-should-you-choose-in-2026/,200.0,2026-05-13T20:17:47+00:00,2026-03-25T18:43:41+00:00,2026-03-25T19:54:54+00:00,jsonld,jsonld,
https://www.venasolutions.com/blog/saas-statistics,200.0,2026-05-07T10:40:10+00:00,2026-01-05T11:45:00+00:00,2026-01-05T21:43:51.110000+00:00,jsonld,jsonld,
https://www.dansiepen.io/growth-checklists/saas-upsell-product-upgrade-email-strategies,200.0,2026-05-13T20:17:47+00:00,2024-09-12T00:00:00,2024-12-16T00:00:00,jsonld,jsonld,
https://medium.com/@aymane.bt/the-future-of-saas-pricing-in-2026-an-expert-guide-for-founders-and-leaders-a8d996892876,200.0,,2026-01-17T14:35:47+00:00,2026-01-17T14:35:47+00:00,jsonld,jsonld,
https://www.chameleon.io/alternative/userpilot-alternatives,200.0,,,,,,
https://zylo.com/blog/saas-trends/,200.0,2026-05-13T20:17:48+00:00,2026-05-04T20:48:44.634000+00:00,2026-05-04T20:44:31.177000+00:00,jsonld,jsonld,
https://userpilot.com/blog/pendo-competitors/,200.0,2026-05-13T18:22:30+00:00,2026-04-06T08:30:50+00:00,2026-04-06T13:14:43+00:00,jsonld,jsonld,
https://www.reddit.com/r/SaaSSales/comments/1sn9ula/the_rule_of_40_is_deciding_saas_valuations_in/,200.0,,,,,,
https://encharge.io/nudge-emails/,403.0,,,,,,
https://aventis-advisors.com/rule-of-40-in-saas-2026/,200.0,,2026-05-06T14:55:58+00:00,2026-05-07T12:51:09+00:00,jsonld,jsonld,
https://tami.ai/saas-sales-2026/,200.0,,2025-10-15T11:58:34+00:00,2025-11-05T14:55:30+00:00,og,og,
https://dev.to/tessamero/just-hired-to-build-or-head-a-developer-relations-team-heres-what-you-should-do-in-your-first-90-days-47e4,200.0,,2022-07-05T15:50:38+00:00,2022-07-05T15:51:18+00:00,jsonld,jsonld,
https://www.capgemini.com/gb-en/news/client-stories/a-global-leading-oem-leverages-innovative-connected-services-to-transform-from-an-equipment-manufacturer-into-a-business-solution-partner/,200.0,,2021-11-16T04:35:00+00:00,2025-03-07T06:46:53+00:00,jsonld,jsonld,
https://www.realtor.com/research/top-housing-markets-2026/,200.0,2025-12-12T21:48:18+00:00,2025-12-10T11:00:15+00:00,2025-12-12T17:59:13+00:00,jsonld,jsonld,
https://www.guideflow.com/blog/product-walkthrough-platforms,200.0,2026-05-13T20:17:49+00:00,2026-04-29T17:27:48.815000+00:00,2026-04-29T17:27:48.815000+00:00,jsonld,jsonld,
https://www.interimcsuiteservices.com/saas-2026/,200.0,,,,,,
https://www.pendo.io/pendo-blog/the-top-8-in-app-guidance-tools-in-2025/,200.0,,2025-07-29T04:00:00+00:00,2026-01-30T20:55:15.822000+00:00,jsonld,jsonld,
https://www.pendo.io/pendo-vs-walkme/,200.0,,2025-08-13T16:22:17.356000+00:00,2026-02-24T15:31:20.895000+00:00,jsonld,jsonld,
https://www.guideflow.com/blog/product-adoption-software-tools,200.0,2026-05-13T20:17:49+00:00,2026-04-16T12:41:12.092000+00:00,2026-04-14T12:24:51.297000+00:00,jsonld,jsonld,
https://developers.openai.com/api/docs/guides/rate-limits,200.0,2026-05-13T15:06:59+00:00,,,,,
https://www.pluralsight.com/resources/blog/tech-operations/developer-relations-getting-a-devrel-job,200.0,,,,,,
https://docs.appcues.com/flows/why-isnt-my-flow-showing,200.0,,,,,,
https://apty.ai/blog/best-product-walkthrough-software/,200.0,,2026-03-16T15:23:58+00:00,2026-05-01T07:51:32+00:00,jsonld,jsonld,
https://www.categorypirates.news/p/a-beginners-guide-to-category-design,200.0,,2023-01-23T14:15:14+00:00,2023-01-23T14:15:14+00:00,jsonld,jsonld,
https://www.reddit.com/r/node/comments/1hsrlrf/best_practices_for_handling_thirdparty_api_rate/,200.0,,,,,,
https://www.goldfront.com/blog/a-no-bs-approach-for-category-design,200.0,,2026-04-13T00:00:00,,time_tag,,
https://scribe.com/library/walkme-alternatives,200.0,2026-05-13T19:50:29+00:00,2022-09-19T00:00:00,2026-05-10T00:00:00,jsonld,jsonld,
https://clickup.com/blog/category-design/,200.0,,2025-11-27T07:05:30+00:00,2025-11-27T07:05:37+00:00,jsonld,jsonld,
https://www.getint.io/blog/what-is-native-integration-vs-third-party,200.0,2026-05-13T20:17:51+00:00,,,,,
https://medium.com/@margaretwhite569uknancy8htmll/i-lost-7-400-to-api-rate-limits-before-fixing-my-ai-trading-agent-heres-the-2026-blueprint-60ca8fbe861e,200.0,,2026-03-09T10:22:20+00:00,2026-03-09T10:22:20+00:00,jsonld,jsonld,
https://targetrecruit.com/blogs/simplifying-integrations-the-advantages-of-native-software-integration/,202.0,,,,,,
https://www.useparagon.com/blog/what-are-native-integrations,200.0,2026-05-13T10:09:50+00:00,,,,,
https://www.cin7.com/blog/why-native-integrations-are-so-critical-in-todays-digital-marketplace/,200.0,2026-05-13T16:32:39+00:00,2025-01-14T07:00:00+00:00,2025-02-07T20:45:31.231000+00:00,jsonld,jsonld,
https://developer.zendesk.com/documentation/api-basics/best-practices/best-practices-for-avoiding-rate-limiting/,200.0,2026-05-13T02:11:25+00:00,,,,,
https://www.formstack.com/blog/the-pros-and-cons-of-native-integrations,200.0,2026-05-13T18:12:58+00:00,,,,,
https://www.becategorical.com/category-design-a-newcomers-guide/,200.0,2026-05-13T19:50:34+00:00,2021-09-08T12:55:06+00:00,2023-04-17T14:54:19+00:00,jsonld,jsonld,
https://www.workato.com/the-connector/native-integration/,200.0,,2026-01-24T15:17:31+00:00,2026-04-23T04:50:52+00:00,jsonld,jsonld,
https://stripe.com/resources/more/net-dollar-retention-explained,200.0,,2025-05-29T00:00:00-05:00,,jsonld,,
https://www.scalemetrics.ai/saas-rule-of-50-explained/,200.0,2026-05-13T20:17:51+00:00,2026-03-16T04:47:44+00:00,2026-05-13T06:55:13+00:00,jsonld,jsonld,
https://www.maxio.com/saaspedia/net-dollar-retention,200.0,,2022-09-01T20:03:00+00:00,2025-12-16T12:39:41+00:00,jsonld,jsonld,
https://growthequityinterviewguide.com/growth-equity/saas-metrics/net-revenue-retention,200.0,2026-05-13T19:50:39+00:00,2022-12-06T20:12:25+00:00,2025-03-21T09:07:57+00:00,jsonld,jsonld,
https://www.tandfonline.com/doi/full/10.1080/16184742.2023.2191633,403.0,,,,,,
https://prospeo.io/s/example-of-buyer-persona,200.0,2026-02-18T01:33:35+00:00,,,,,
https://www.rainsalestraining.com/blog/the-6-buyer-personas-and-how-to-sell-to-them,200.0,2026-05-07T02:47:46+00:00,2024-01-17T14:00:00,2024-03-06T21:30:20,jsonld,jsonld,
https://www.gitbook.com/blog/best-software-documentation-tools,200.0,2026-05-13T14:20:40+00:00,,,,,
https://www.ibm.com/think/topics/native-integration,200.0,2026-05-13T20:17:53+00:00,,2026-03-06T20:07:06.514000+00:00,,jsonld,
https://www.reddit.com/r/SaaS/comments/1sg0ov6/what_does_good_documentation_actually_mean_in_2026/,200.0,,,,,,
https://www.dwmedia.com/blog/most-common-b2b-buyer-persona-examples/,202.0,,,,,,
https://www.designsociety.org/publication/30776/benchmarking_study_of_automotive_seat_track_sensitivity_to_manufacturing_variation,200.0,2026-05-13T20:17:53+00:00,,,,,
https://buildwithfern.com/post/api-documentation-best-practices-guide,200.0,2026-05-13T10:16:32+00:00,,,,,
https://medium.com/@synergysoft/api-governance-in-2026-5-trends-to-watch-and-why-they-matter-dfb0446bfaf4,200.0,,2025-09-30T09:38:03+00:00,2025-09-30T09:38:03+00:00,jsonld,jsonld,
https://virtuaresearch.com/insights/?p=47,200.0,,2023-10-25T12:28:00+00:00,,time_tag,,
https://www.reddit.com/r/zapier/comments/1q51ei6/researching_the_best_workflow_automation_software/,200.0,,,,,,
https://konghq.com/blog/learning-center/what-is-api-rate-limiting,200.0,,2024-07-23T16:46:44.851000+00:00,2025-10-01T12:31:03.898000+00:00,og,jsonld,
https://orq.ai/blog/api-rate-limit,200.0,2026-05-08T09:54:53+00:00,2025-02-05T00:00:00+00:00,,time_tag,,
https://www.swyx.io/measuring-devrel,200.0,,,,,,
https://meetingnotes.com/blog/ai-tools-that-integrate-with-zapier,200.0,2026-05-13T20:17:54+00:00,2026-01-26T00:00:00,2026-01-26T00:00:00,jsonld,jsonld,
https://medium.com/@pragatipattanayak33/ux-mistakes-i-still-see-in-saas-dashboards-and-how-to-fix-them-98b308830cf6,200.0,,2025-12-30T04:42:23+00:00,2025-12-30T04:42:23+00:00,jsonld,jsonld,
https://blog.postman.com/what-is-api-rate-limiting/,200.0,2026-05-13T20:17:54+00:00,2026-01-06T00:09:29+00:00,,jsonld,,
https://zapier.com/blog/best-ai-productivity-tools/,200.0,,2023-02-15T00:00:00,2025-12-01T00:00:00,jsonld,jsonld,
https://redhousestaging.com/a-brief-history-of-home-staging/,200.0,,2019-05-16T07:25:52-04:00,2019-05-20T09:18:15-04:00,jsonld,jsonld,
https://www.marketermilk.com/blog/best-seo-tools,200.0,2026-05-13T20:17:55+00:00,2026-02-17T00:00:00,2026-02-24T00:00:00,jsonld,jsonld,
https://pmc.ncbi.nlm.nih.gov/articles/PMC4838267/,200.0,,,,,,
https://pmc.ncbi.nlm.nih.gov/articles/PMC8853086/,200.0,,,,,,
https://www.realtor.com/advice/buy/i-bought-my-house-sight-unseen/,200.0,,2022-08-17T18:30:00+00:00,2025-01-22T14:17:37+00:00,jsonld,jsonld,
https://www.madx.digital/learn/se-ranking-alternatives,200.0,2026-05-13T20:17:55+00:00,2026-04-27T01:27:09.275000+00:00,2026-04-27T01:27:09.275000+00:00,jsonld,jsonld,
https://zapier.com/blog/best-seo-tools/,200.0,,2023-10-30T00:00:00,2024-11-15T00:00:00,jsonld,jsonld,
https://pmc.ncbi.nlm.nih.gov/articles/PMC12359863/,200.0,,,,,,
https://www.saasmag.com/net-revenue-retention-defining-saas-metric/,200.0,,2026-04-14T14:40:24+00:00,2026-04-20T11:20:30+00:00,jsonld,jsonld,
https://www.m3ter.com/blog/net-revenue-retention,200.0,,2026-02-17T09:36:51+00:00,2026-02-17T09:48:26+00:00,jsonld,jsonld,
https://sprinto.com/blog/top-iso-27001-certification-companies/,200.0,,,,,,
https://www.constantcontact.com/blog/tech-partner-programs/,403.0,,,,,,
https://www.stackone.com/blog/technology-partnerships-guide/,200.0,2026-05-13T20:17:56+00:00,2026-03-11T00:00:00+00:00,2026-03-11T00:00:00+00:00,jsonld,jsonld,
https://partnerstack.com/articles/why-start-a-technology-partner-program,200.0,2026-05-13T20:17:56+00:00,2025-03-14T16:38:23.389000+00:00,2022-08-31T18:07:14.178000+00:00,jsonld,jsonld,
https://www.reddit.com/r/SaaS/comments/1ouv8vb/how_are_you_handling_integrations_in_your_saas/,200.0,,,,,,
https://www.cambridge.org/core/journals/judgment-and-decision-making/article/an-alternative-approach-for-eliciting-willingnesstopay-a-randomized-internet-trial/24EDD8C64444A5D34F3279C81E077AAE,200.0,,,,,,
https://publishing.insead.edu/author/w-chan-kim,403.0,,,,,,
https://www.useparagon.com/blog/how-to-build-a-tech-partnership,200.0,2026-05-13T19:50:48+00:00,,,,,
https://monday.com/appdeveloper/blog/saas-app-analytics-guide/,200.0,,2023-07-24T15:30:32+00:00,2025-03-18T15:56:10+00:00,jsonld,jsonld,
https://www.kissmetrics.io/assessment/saas,200.0,,,,,,
https://altios.com/publication/global-expansion-trends-2026-what-mid-sized-companies-need-to-know/,200.0,2026-05-13T14:55:55+00:00,2026-01-19T09:50:40+00:00,2026-03-26T17:20:47+00:00,jsonld,jsonld,
https://www.appcues.com/blog/best-user-onboarding-examples,200.0,2026-05-13T20:17:57+00:00,,,,,
https://content.hubjoy.co/ai-lead-scoring-secrets-intent-signals-hubspot-tips-for-2026,200.0,2026-05-08T22:37:34+00:00,2026-01-29T23:49:48+00:00,2026-04-18T02:01:00.479000+00:00,jsonld,jsonld,
https://store.hbr.org/product/beyond-disruption-innovate-and-achieve-growth-without-displacing-industries-companies-or-jobs/10497,200.0,,,,,,
https://leadhaste.com/blog/ai-lead-scoring-for-sales-2026,200.0,,2026-04-27T15:28:36.787000+00:00,2026-04-27T15:29:20+00:00,jsonld,jsonld,
https://6sense.com/blog/best-lead-scoring-software/,403.0,,,,,,
https://www.lazard.com/research-insights/top-geopolitical-trends-in-2026/,200.0,,,,,,
https://talktoglobe.com/global-expansion-strategy-2026/,200.0,,2026-04-30T21:10:15+00:00,2026-04-30T21:14:42+00:00,jsonld,jsonld,
https://www.leadinfo.com/en/blog/b2b-lead-generation-trends-in-2026-the-7-channels-and-tactics-that-actually-work/,200.0,,2026-01-29T08:58:15+00:00,2026-01-29T09:04:03+00:00,jsonld,jsonld,
https://escalon.services/blog/finance/the-saas-rule-of-40-what-it-means-and-how-to-achieve-it,200.0,2026-05-13T18:31:15+00:00,2026-03-09T07:27:04+00:00,2026-03-25T18:22:08+00:00,jsonld,jsonld,
https://www.bizlove.com/blog/what-category-creators-see-before-everyone-else,200.0,2026-05-13T20:17:58+00:00,2026-03-19T00:00:00,2026-03-19T00:00:00,jsonld,jsonld,
https://www.ey.com/en_us/insights/geostrategy/geostrategic-outlook,200.0,,2025-12-16T19:41:04+00:00,2026-03-06T16:54:16+00:00,jsonld,jsonld,
https://www.marketbetter.ai/blog/complete-guide-b2b-intent-data-2026/,200.0,,2026-03-01T00:00:00+00:00,,jsonld,,
https://www.willpatrick.co.uk/notes/category-creation-anthony-kennada,200.0,2026-05-13T20:17:58+00:00,,,,,
https://ampifire.com/blog/category-design-examples-ideas-to-own-a-market/,200.0,2026-05-13T18:17:32+00:00,2025-09-14T12:22:57+00:00,2026-04-30T00:09:44+00:00,jsonld,jsonld,
https://www.futureventures.ca/insights/mastering-category-design-essential-strategies-for-business-success,200.0,,2025-09-20T12:09:38,2026-01-26T23:04:36,jsonld,jsonld,
https://pmc.ncbi.nlm.nih.gov/articles/PMC9707275/,200.0,,,,,,
https://getsecureslate.com/blog/top-10-iso-27001-certification-companies-leading-global-security,200.0,,2026-03-30T00:00:00+00:00,2026-03-30T00:00:00+00:00,jsonld,jsonld,
https://www.dave-bailey.com/blog/how-to-create-a-new-startup-category,200.0,,,,,,
https://medium.com/swlh/how-to-create-a-new-product-category-in-three-easy-steps-57436d933853,200.0,,2018-11-02T07:20:18+00:00,2019-05-29T23:18:36+00:00,jsonld,jsonld,
https://nowspeed.com/blog/category-creation-the-ultimate-growth-strategy-for-challenger-brands/,200.0,,2025-04-17T15:33:49-04:00,2025-04-21T15:44:08-04:00,jsonld,jsonld,
https://prospeo.io/s/reprise-pricing-reviews-pros-and-cons,200.0,2026-03-24T20:59:05+00:00,,,,,
https://www.boil.agency/post/3-reasons-why-category-design-is-the-winning-strategy,200.0,2026-05-13T20:17:59+00:00,,,,,
https://www.ngram.com/blog/reprise-alternatives-cost-too-much,200.0,,2026-04-18T20:06:56.418000+00:00,2026-04-18T20:06:56.349000+00:00,jsonld,jsonld,
https://www.reddit.com/r/SaaS/comments/1mgci41/productqualified_leads_pqls_marketing_qualified/,200.0,,,,,,
https://encharge.io/saas-upgrade-emails/,403.0,,,,,,
https://www.mtu.edu/umc/services/websites/seo/,200.0,2026-05-13T20:18:00+00:00,2014-10-04T08:00:00+05:00,2024-11-05T22:34:13+05:00,jsonld,jsonld,
https://docs.zapier.com/integrations/quickstart/build-integration,200.0,,,,,,
https://lochhead.com/blog/looking-for-a-growth-strategy-try-category-creation/,200.0,2026-05-13T14:30:14+00:00,2021-04-07T20:05:50+00:00,,jsonld,,
https://medium.com/@userpilot/appcues-pricing-explained-should-you-choose-the-essentials-or-growth-plan-733b512b0991,200.0,,2021-11-16T20:20:01+00:00,2021-11-16T20:21:03+00:00,jsonld,jsonld,
https://restfulapi.net/rest-api-rate-limit-guidelines/,200.0,2026-05-13T11:19:48+00:00,2024-11-13T12:31:21+00:00,2024-11-13T12:31:22+00:00,jsonld,jsonld,
https://americanimpactreview.com/article/e2026022,200.0,,2026-03-07T12:00:00+00:00,,jsonld,,
https://www.eesel.ai/blog/gmail-nudges-and-follow-up-reminders,200.0,,2025-10-16T00:00:00+00:00,2025-11-14T00:00:00+00:00,jsonld,jsonld,
https://www.dailystory.com/blog/the-future-of-email-marketing-predictions-for-the-next-5-years/,200.0,,2026-03-18T10:00:38+00:00,2026-03-31T15:04:38+00:00,jsonld,jsonld,
https://www.mdpi.com/0718-1876/20/2/122,403.0,,,,,,
https://glow.team/blog/best-practices-for-saas-metrics-dashboards-in-2024/,200.0,2026-04-06T13:20:00+00:00,2024-07-23T17:07:26.773000+00:00,2024-07-23T17:07:26.773000+00:00,jsonld,jsonld,
https://www.makemybrandlabs.com/blogs/designing-saas-dashboards-and-portals,200.0,,2025-10-22T00:00:00,2026-02-06T06:42:47.752000+00:00,jsonld,jsonld,
https://www.apideck.com/blog/why-building-native-integrations-in-house-is-slowing-your-product-down,200.0,,2025-09-17T16:01:00+03:00,2025-09-17T13:53:19.565000+00:00,jsonld,jsonld,
https://vertify.com/blog/the-hidden-costs-of-native-integrations/,200.0,,2024-06-06T16:28:20+00:00,2024-06-10T15:14:00+00:00,jsonld,jsonld,
https://www.merge.dev/blog/native-integrations,200.0,2026-05-13T20:18:02+00:00,2023-08-22T00:00:00,,jsonld,,
https://ideas.repec.org/h/spr/mgmchp/978-3-030-70424-7_9.html,200.0,,2021-05-13T00:00:00,,jsonld,,
https://www.forbes.com/councils/forbesbusinesscouncil/2026/01/16/why-category-creation-beats-competing-on-features-and-how-to-do-it-right/,200.0,,2026-01-16T00:00:00,2026-01-16T00:00:00,og,og,
https://yoast.com/optimize-low-quality-page/,200.0,2026-05-13T20:18:03+00:00,2025-10-23T13:54:28+00:00,2026-03-26T10:23:45+00:00,jsonld,jsonld,
