original_index,text,word_count,syllable_count,syllables_per_word,flesch_reading_ease,flesch_kincaid_grade,gunning_fog,coleman_liau,ari,dale_chall
100700,Abstract,1,2,2.0,36.62,8.4,0.4,1.0,16.75,19.48
100701,The most recognizable symptoms of,5,10,2.0,32.56,9.96,10.0,11.92,8.39,10.2
100702,Tremors: Involuntary shaking,3,9,3.0,-50.01,20.98,14.53,22.67,20.89,14.31
100703,Gait changes: Shuffling steps with,5,7,1.4,83.32,2.88,2.0,11.92,9.33,16.52
100704,Muscles stay tense and tight,5,6,1.2,100.24,0.52,2.0,6.12,3.68,10.2
100705,Daily activities—such as washing,4,9,2.25,12.43,12.52,11.6,17.4,14.72,11.73
100706,Micrographia: Small,2,5,2.5,-6.69,14.69,20.8,18.7,21.96,11.63
100707,Cognitive decline typically starts subtly,5,12,2.4,-1.28,14.68,26.0,21.2,15.92,19.67
100708,Often unaffected by medications to,5,12,2.4,-1.28,14.68,18.0,13.08,9.33,10.2
100710,Bladder problems.,2,4,2.0,35.61,8.79,0.8,12.9,17.25,19.53
100711,This also is called orthostatic,5,9,1.8,49.48,7.6,10.0,9.6,6.5,10.2
100713,This can lead to motor,5,6,1.2,100.24,0.52,2.0,-0.84,-1.97,0.25
100714,About 2% of people taking,5,8,1.6,66.4,5.24,2.0,1.48,0.85,7.04
100715,New wet AMD therapies in,5,7,1.4,83.32,2.88,10.0,1.48,-0.09,10.2
100716,Gene therapy is a promising,5,9,1.8,49.48,7.6,18.0,4.96,2.74,13.36
100717,It is a one-time,4,5,1.25,97.03,0.72,1.6,-5.8,-4.12,7.78
100718,What if a single injection,5,8,1.6,66.4,5.24,10.0,3.8,1.79,7.04
100719,Luxa Biotechnology reported encouraging results,5,16,3.2,-68.96,24.12,26.0,28.16,21.58,19.67
100720,The PRIMA System offers hope,5,8,1.6,66.4,5.24,2.0,6.12,3.68,13.36
100721,Susvimo is the first implantable,5,9,1.8,49.48,7.6,10.0,10.76,7.45,10.2
100722,For healthcare system as a,5,7,1.4,83.32,2.88,2.0,3.8,1.79,10.2
100723,Using scaffolds,2,4,2.0,35.61,8.79,0.8,10.0,12.54,19.53
100724,AI algorithms analyze retinal images,5,14,2.8,-35.12,19.4,34.0,15.4,11.21,19.67
100725,A part of the immune,5,6,1.2,100.24,0.52,2.0,-3.16,-3.86,7.04
100726,Undoubtedly,1,4,4.0,-132.58,32.0,40.4,18.4,30.88,19.48
100727,2020 [10],2,2,1.0,120.21,-3.01,0.8,-13.2,-1.59,19.53
100728,Current Status,2,4,2.0,35.61,8.79,0.8,7.1,10.18,19.53
100732,This study developed a remote,5,9,1.8,49.48,7.6,10.0,7.28,4.62,10.2
100734,In this regard,3,4,1.333,90.99,1.31,1.2,-2.47,-1.09,9.05
100735,Among them,2,3,1.5,77.91,2.89,0.8,-4.5,0.77,0.1
100736,Bradford D,2,3,1.5,77.91,2.89,0.8,-4.5,0.77,19.53
100739,Amyotroph Lateral Scler Frontotemporal Degener,5,13,2.6,-18.2,17.04,26.0,27.0,20.63,19.67
100740,As of early 2026,4,5,1.25,97.03,0.72,1.6,-4.35,-4.12,7.78
100742,AI-Powered Screening and Early Diagnosis,5,10,2.0,32.56,9.96,10.0,18.88,14.98,13.36
100743,Robotic companions are emerging as,5,11,2.2,15.64,12.32,26.0,13.08,9.33,13.36
100744,Families are seeing greater emphasis,5,11,2.2,15.64,12.32,18.0,15.4,11.21,13.36
100745,Increased recognition of sensory needs,5,11,2.2,15.64,12.32,18.0,17.72,13.1,16.52
100747,Although this condition will not,5,8,1.6,66.4,5.24,10.0,10.76,7.45,10.2
100748,While you can't change,4,4,1.0,118.18,-2.23,1.6,2.9,2.94,0.2
100749,Aging is the primary risk,5,8,1.6,66.4,5.24,10.0,2.64,0.85,13.36
100750,Over time,2,3,1.5,77.91,2.89,0.8,-7.4,-1.59,0.1
100751,If a parent or sibling,5,7,1.4,83.32,2.88,2.0,-0.84,-1.97,7.04
100752,Family History: You are at,5,9,1.8,49.48,7.6,2.0,2.64,1.79,0.25
100753,Individuals with blue or green,5,9,1.8,49.48,7.6,10.0,8.44,5.56,7.04
100754,Smoking,1,2,2.0,36.62,8.4,0.4,-4.8,12.04,19.48
100755,High blood pressure,3,4,1.333,90.99,1.31,1.2,7.2,6.76,9.05
100756,Obesity – studies suggest that e a,6,11,1.833,45.65,8.38,9.07,5.37,0.41,14.46
100757,UV and Blue Light Exposure,5,7,1.4,83.32,2.88,10.0,3.8,1.79,10.2
100758,Dry macular degeneration is one,5,11,2.2,15.64,12.32,18.0,9.6,6.5,10.2
100759,Wet AMD often develops suddenly,5,10,2.0,32.56,9.96,18.0,9.6,6.5,13.36
100760,People whose dry macular degeneration,5,12,2.4,-1.28,14.68,18.0,16.56,12.16,10.2
100761,Severe AMD may lead to,5,6,1.2,100.24,0.52,2.0,-0.84,-1.97,10.2
100762,The Amsler grid is a,5,6,1.2,100.24,0.52,2.0,-3.16,-3.86,10.2
100764,Over time,2,3,1.5,77.91,2.89,0.8,-7.4,-1.59,0.1
100765,Airway remodeling – Permanent thickening and,5,13,2.6,-18.2,17.04,26.0,22.36,11.68,16.52
100767,These changes may make it,5,6,1.2,100.24,0.52,2.0,2.64,0.85,7.04
100768,However,1,3,3.0,-47.98,20.2,0.4,-4.8,12.04,0.05
100769,If your preventer is a,5,6,1.2,100.24,0.52,2.0,-0.84,-1.97,7.04
100771,This can make breathing difficult,5,8,1.6,66.4,5.24,10.0,11.92,8.39,10.2
100772,Persistent coughing – Especially at night,5,10,2.0,32.56,9.96,18.0,18.88,9.33,13.36
100773,Consider the rule of twos,5,7,1.4,83.32,2.88,10.0,2.64,0.85,10.2
100774,Typically,1,3,3.0,-47.98,20.2,40.4,6.8,21.46,19.48
100775,Symptoms of the disease can,5,7,1.4,83.32,2.88,2.0,4.96,2.74,10.2
100776,Read about speech problems,4,6,1.5,75.88,3.67,1.6,10.15,7.65,7.78
100777,Vision problems,2,4,2.0,35.61,8.79,0.8,10.0,12.54,19.53
100778,MS can make walking and,5,6,1.2,100.24,0.52,2.0,0.32,-1.03,10.2
100779,Visible MS symptoms,3,6,2.0,34.59,9.18,14.53,7.2,6.76,19.58
100780,Symptoms of MS,3,4,1.333,90.99,1.31,1.2,-2.47,-1.09,14.31
100783,A lot of people with,5,6,1.2,100.24,0.52,2.0,-3.16,-3.86,0.25
100785,Bladder and Bowel Issues,4,7,1.75,54.73,6.62,1.6,7.25,5.3,15.68
100787,Women with MS may experience,5,9,1.8,49.48,7.6,10.0,6.12,3.68,10.2
100788,Vision loss in one eye,5,6,1.2,100.24,0.52,2.0,-0.84,-1.97,7.04
100789,Many people with MS experience,5,10,2.0,32.56,9.96,10.0,8.44,5.56,10.2
100790,When the nerves are damaged,5,6,1.2,100.24,0.52,2.0,4.96,2.74,10.2
100791,Originally Published 19 February 2026,5,13,2.6,-18.2,17.04,10.0,16.56,12.16,16.52
100792,A new clinical classification scheme,5,11,2.2,15.64,12.32,18.0,15.4,11.21,13.36
100793,A new clinical classification scheme,5,11,2.2,15.64,12.32,18.0,15.4,11.21,13.36
100794,Privacy Policy·Terms & Conditions,3,8,2.667,-21.81,17.05,27.87,28.47,15.4,19.58
100795,The message is clear: therapeutic,5,9,1.8,49.48,7.6,10.0,10.76,8.39,7.04
100798,PE response teams (PERTs) are,5,6,1.2,100.24,0.52,2.0,4.96,4.62,16.52
100799,Patients who have had acute,5,7,1.4,83.32,2.88,2.0,4.96,2.74,10.2
100801,— Mayo Clinic researchers have developed,5,11,2.2,15.64,12.32,18.0,17.72,8.54,16.52
100802,Current treatments can slow disease,5,8,1.6,66.4,5.24,2.0,14.24,10.27,13.36
100803,They found organoids with two,5,6,1.2,100.24,0.52,2.0,7.28,4.62,7.04
100804,Researchers at UC Santa Barbara,5,10,2.0,32.56,9.96,18.0,9.6,6.5,16.52
100805,They found that the administered,5,8,1.6,66.4,5.24,10.0,10.76,7.45,7.04
100806,The researchers first engineered the,5,9,1.8,49.48,7.6,18.0,15.4,11.21,10.2
100807,They found that the administered,5,8,1.6,66.4,5.24,10.0,10.76,7.45,7.04
100808,This study will test a,5,6,1.2,100.24,0.52,2.0,-0.84,-1.97,0.25
100809,We needed to create that,5,7,1.4,83.32,2.88,2.0,1.48,-0.09,10.2
100810,A new study from University,5,10,2.0,32.56,9.96,10.0,4.96,2.74,7.04
100811,New results show Kidney BEAM,5,7,1.4,83.32,2.88,2.0,6.12,3.68,10.2
100812,As chiropractors,2,5,2.5,-6.69,14.69,20.8,12.9,14.9,11.63
100813,The numbers paint a troubling,5,8,1.6,66.4,5.24,10.0,7.28,4.62,10.2
100814,Osteoarthritis incidence is climbing across,5,14,2.8,-35.12,19.4,18.0,23.52,17.81,13.36
100815,The attributable proportion of OA,5,11,2.2,15.64,12.32,18.0,11.92,8.39,13.36
100816,Sixty percent of OA patients,5,8,1.6,66.4,5.24,2.0,6.12,3.68,13.36
100817,Consequently,1,4,4.0,-132.58,32.0,40.4,24.2,35.59,19.48
100818,We identified a total of,5,9,1.8,49.48,7.6,10.0,1.48,-0.09,10.2
100819,Experimental and clinical studies suggest,5,13,2.6,-18.2,17.04,18.0,21.2,15.92,16.52
100820,Nanotechnology-enabled delivery can address,4,15,3.75,-114.47,30.22,21.6,33.35,27.67,11.73
100821,Moreover,1,3,3.0,-47.98,20.2,40.4,1.0,16.75,19.48
100822,To reduce the OA burden,5,7,1.4,83.32,2.88,2.0,0.32,-1.03,13.36
100823,Looking forward,2,4,2.0,35.61,8.79,0.8,10.0,12.54,11.63
100824,OA in older adults is,5,7,1.4,83.32,2.88,2.0,-2.0,-2.92,13.36
100825,Data from the 2021 Global,5,7,1.4,83.32,2.88,2.0,2.64,0.85,13.36
100826,Emerging therapeutic strategies are discussed,5,13,2.6,-18.2,17.04,26.0,25.84,19.69,16.52
100827,Digital bladder diary applications improve,5,14,2.8,-35.12,19.4,26.0,22.36,16.87,16.52
100828,Urodynamics is the science of,5,7,1.4,83.32,2.88,2.0,7.28,4.62,10.2
100829,New Abdominal Sensor Enables Wireless,5,12,2.4,-1.28,14.68,18.0,16.56,12.16,16.52
100830,Leveraging foundational technology generated from,5,16,3.2,-68.96,24.12,34.0,30.48,23.46,16.52
100831,In 2025,2,2,1.0,120.21,-3.01,0.8,-13.2,-6.3,11.63
100832,Learn more about Altaviva,4,5,1.25,97.03,0.72,1.6,8.7,6.48,7.78
100833,The tibial nerve travels up,5,7,1.4,83.32,2.88,2.0,4.96,2.74,10.2
100834,Altaviva differs from standard tibial,5,8,1.6,66.4,5.24,2.0,16.56,12.16,16.52
100835,The session reinforced that effective,5,10,2.0,32.56,9.96,18.0,16.56,12.16,13.36
100836,>65% of moderate-to,3,6,2.0,34.59,9.18,14.53,1.4,6.76,14.31
100837,Study methodologies differed considerably,4,14,3.5,-93.32,27.27,21.6,31.9,25.31,15.68
100838,If you have Crohn's,4,4,1.0,118.18,-2.23,1.6,-1.45,-0.59,7.78
100839,For example,2,4,2.0,35.61,8.79,20.8,-1.6,3.12,11.63
100841,While only a medical provider,5,10,2.0,32.56,9.96,18.0,7.28,4.62,10.2
100843,Without sufficient iodine,3,8,2.667,-21.81,17.05,27.87,18.8,16.18,14.31
100844,Get Enough Iodine,3,6,2.0,34.59,9.18,14.53,3.33,3.62,9.05
100845,Instead,1,2,2.0,36.62,8.4,0.4,-4.8,12.04,0.05
100847,Iodine is also essential to,5,10,2.0,32.56,9.96,18.0,4.96,2.74,10.2
100848,✔️ Do:,1,1,1.0,121.22,-3.4,0.4,-33.8,-9.15,0.05
100849,Incorporate iodine-rich foods like,4,8,2.0,33.58,9.57,11.6,20.3,17.07,15.68
100850,Too much iodine can cause,5,7,1.4,83.32,2.88,10.0,2.64,0.85,7.04
100851,Found in Brazil nuts,4,5,1.25,97.03,0.72,1.6,1.45,0.59,11.73
100852,You can find selenium in,5,8,1.6,66.4,5.24,10.0,1.48,-0.09,7.04
100854,Smoking: Smoking increases the risk,5,9,1.8,49.48,7.6,10.0,13.08,10.27,16.52
100855,Aim for a balanced exercise,5,8,1.6,66.4,5.24,10.0,4.96,2.74,10.2
100857,You don't need a long routine; short,7,8,1.143,103.04,0.63,2.8,3.17,2.26,6.24
100858,Stay active: Exercise helps your,5,8,1.6,66.4,5.24,10.0,9.6,7.45,13.36
100859,Environmental toxins,2,7,3.5,-91.29,26.49,20.8,24.5,24.31,19.53
100860,On the other hand,4,5,1.25,97.03,0.72,1.6,-2.9,-2.95,0.2
100861,Family History: A family history,5,13,2.6,-18.2,17.04,2.0,9.6,7.45,0.25
100862,These symptoms must last for,5,6,1.2,100.24,0.52,2.0,6.12,3.68,7.04
100863,Overview: treatment and management,4,9,2.25,12.43,12.52,21.6,20.3,17.07,15.68
100864,Post-exertion malaise,2,6,3.0,-48.99,20.59,20.8,24.5,26.67,19.53
100865,This is called postexertional malaise,5,10,2.0,32.56,9.96,10.0,16.56,12.16,13.36
100866,Some examples may include sitting,5,9,1.8,49.48,7.6,10.0,11.92,8.39,10.2
100867,It may help to keep,5,5,1.0,117.16,-1.84,2.0,-4.32,-4.8,0.25
100868,Avoiding prolonged upright posture by,5,10,2.0,32.56,9.96,10.0,16.56,12.16,16.52
100869,These include sticking to a,5,7,1.4,83.32,2.88,2.0,4.96,2.74,10.2
100870,Antidepressants can be useful for,5,10,2.0,32.56,9.96,10.0,11.92,8.39,7.04
100871,Good sleep habits are important,5,8,1.6,66.4,5.24,2.0,9.6,6.5,7.04
100872,If ME/CFS gives you,4,4,1.0,118.18,-2.23,1.6,-1.45,-0.59,11.73
100873,Addressing symptoms related to orthostatic,5,13,2.6,-18.2,17.04,26.0,22.36,16.87,16.52
100874,Psychotherapy and supportive counseling to,5,13,2.6,-18.2,17.04,26.0,22.36,16.87,13.36
100875,Vigorous aerobic exercise can benefit,5,13,2.6,-18.2,17.04,34.0,16.56,12.16,16.52
100876,Conclusion: In the first week,5,7,1.4,83.32,2.88,10.0,6.12,4.62,7.04
100877,Viral Sinusitis (Most Common),4,9,2.25,12.43,12.52,11.6,11.6,11.18,15.68
100879,No.,1,1,1.0,121.22,-3.4,0.4,-33.8,-6.8,0.05
100880,Chronic sinus infections are often,5,10,2.0,32.56,9.96,10.0,13.08,9.33,13.36
100881,Both patterns can shift concern,5,7,1.4,83.32,2.88,2.0,9.6,6.5,13.36
100882,Chronic sinusitis causes the spaces,5,11,2.2,15.64,12.32,10.0,14.24,10.27,16.52
100885,In a multiple sclerosis relapse,5,10,2.0,32.56,9.96,18.0,9.6,6.5,13.36
100886,A relapse is defined by,5,7,1.4,83.32,2.88,2.0,0.32,-1.03,10.2
100887,This damage disrupts the signals,5,8,1.6,66.4,5.24,2.0,10.76,7.45,10.2
100888,When a person has multiple,5,8,1.6,66.4,5.24,10.0,3.8,1.79,7.04
100889,With relapsing MS,3,5,1.667,62.79,5.25,14.53,3.33,3.62,14.31
100890,MS relapses are caused when,5,7,1.4,83.32,2.88,10.0,4.96,2.74,13.36
100891,What Causes Flare-Ups?,3,4,1.333,90.99,1.31,1.2,9.13,11.47,14.31
100892,Difficulty or urgency using the,5,11,2.2,15.64,12.32,18.0,9.6,6.5,13.36
100895,That can lead to more,5,5,1.0,117.16,-1.84,2.0,-2.0,-2.92,0.25
100896,Common fluctuation triggers include:,4,10,2.5,-8.72,15.47,11.6,23.2,19.43,19.62
100897,A bout of cold or,5,5,1.0,117.16,-1.84,2.0,-6.64,-6.68,7.04
100899,When the immune system breaks,5,7,1.4,83.32,2.88,2.0,7.28,4.62,13.36
100900,Severe relapses can cause symptoms,5,9,1.8,49.48,7.6,10.0,13.08,9.33,13.36
100901,When the myelin is damaged,5,8,1.6,66.4,5.24,10.0,3.8,1.79,10.2
100902,According to a CDC report,5,10,2.0,32.56,9.96,18.0,2.64,0.85,10.2
100903,Pollutants can irritate the lungs,5,9,1.8,49.48,7.6,18.0,11.92,8.39,13.36
100905,Our results confirm earlier data,5,11,2.2,15.64,12.32,10.0,10.76,7.45,16.52
100908,If your asthma is triggered,5,7,1.4,83.32,2.88,2.0,4.96,2.74,10.2
100909,Avoid fragrance sprays: Fragrance sprays,5,8,1.6,66.4,5.24,2.0,18.88,14.98,19.67
100910,Laughing or crying too hard,5,7,1.4,83.32,2.88,2.0,4.96,2.74,10.2
100911,Allergies:Asthma is usually a,4,9,2.25,12.43,12.52,21.6,13.05,11.18,11.73
100912,Respiratory Infections,2,8,4.0,-133.59,32.39,40.8,30.3,29.02,19.53
100913,Walking,1,2,2.0,36.62,8.4,0.4,-4.8,12.04,19.48
100914,You can get asthma from,5,6,1.2,100.24,0.52,2.0,0.32,-1.03,7.04
100915,By taking preventive medications exactly,5,13,2.6,-18.2,17.04,26.0,20.04,14.98,13.36
100916,What should I do during,5,6,1.2,100.24,0.52,2.0,0.32,-1.03,0.25
100917,Venous thromboembolism (VTE) refers to,5,10,2.0,32.56,9.96,10.0,15.4,13.1,16.52
100918,Introduction,1,4,4.0,-132.58,32.0,40.4,24.2,35.59,19.48
100919,Sharp chest pain that gets,5,5,1.0,117.16,-1.84,2.0,3.8,1.79,7.04
100921,What are the Long Term,5,5,1.0,117.16,-1.84,2.0,-0.84,-1.97,0.25
100922,PTS is a collection of,5,7,1.4,83.32,2.88,10.0,-0.84,-1.97,10.2
100923,The veins in your legs,5,5,1.0,117.16,-1.84,2.0,-0.84,-1.97,10.2
100924,What are the signs of,5,5,1.0,117.16,-1.84,2.0,-2.0,-2.92,7.04
100926,Finally,1,3,3.0,-47.98,20.2,0.4,-4.8,12.04,0.05
100927,Symptoms include leg pain,4,6,1.5,75.88,3.67,1.6,8.7,6.48,11.73
100929,Symptoms include leg swelling,4,7,1.75,54.73,6.62,1.6,14.5,11.18,15.68
100930,Elevation of the extremity above,5,12,2.4,-1.28,14.68,18.0,10.76,7.45,10.2
100931,Age.,1,1,1.0,121.22,-3.4,0.4,-28.0,-2.09,0.05
100932,New treatments for fibromyalgia in,5,8,1.6,66.4,5.24,10.0,13.08,9.33,10.2
100933,Activation of microglial cells in,5,10,2.0,32.56,9.96,18.0,11.92,8.39,13.36
100934,The Rise of Personalized CBD,5,8,1.6,66.4,5.24,10.0,6.12,3.68,10.2
100935,Nanotechnology,1,6,6.0,-301.78,55.6,40.4,35.8,45.01,19.48
100936,Managing glaucoma is often a,5,10,2.0,32.56,9.96,18.0,6.12,3.68,10.2
100937,Drinking water throughout the day and maintaining healthy blood circulation,10,19,1.9,35.95,10.73,12.0,19.52,14.66,10.45
100938,One of the most important,5,7,1.4,83.32,2.88,2.0,2.64,0.85,0.25
100939,One of the most important steps in managing glaucoma is,10,16,1.6,61.33,7.19,12.0,7.92,5.24,8.87
100940,Because we know that kidney,5,7,1.4,83.32,2.88,2.0,4.96,2.74,7.04
100941,But when there is too,5,5,1.0,117.16,-1.84,2.0,-2.0,-2.92,0.25
100943,Kidney stones often have no,5,7,1.4,83.32,2.88,2.0,4.96,2.74,10.2
100944,A kidney stone can form,5,6,1.2,100.24,0.52,2.0,0.32,-1.03,7.04
100946,Kidney stones are hard lumps,5,6,1.2,100.24,0.52,2.0,6.12,3.68,13.36
100947,Calcium phosphate stones: Calcium phosphate,5,11,2.2,15.64,12.32,18.0,22.36,17.81,19.67
100948,More common in women,4,6,1.5,75.88,3.67,1.6,1.45,0.59,7.78
100949,These stones form in people,5,6,1.2,100.24,0.52,2.0,4.96,2.74,7.04
100950,Sometimes,1,2,2.0,36.62,8.4,0.4,6.8,21.46,0.05
100952,sharp pains in your back,5,5,1.0,117.16,-1.84,2.0,1.48,-0.09,7.04
100953,Intense pain in the side,5,6,1.2,100.24,0.52,2.0,1.48,-0.09,7.04
100954,Pink,1,1,1.0,121.22,-3.4,0.4,-22.2,-2.09,0.05
100955,Eating too much salt or,5,6,1.2,100.24,0.52,2.0,0.32,-1.03,7.04
100956,Family history: A family history,5,13,2.6,-18.2,17.04,2.0,9.6,7.45,0.25
100957,Approximately 12 to 14 percent,5,10,2.0,32.56,9.96,10.0,8.44,5.56,16.52
100958,It is inexpensive (about $1,5,9,1.8,49.48,7.6,10.0,2.64,2.74,10.2
100959,Mean ambulatory ICT costs were,5,9,1.8,49.48,7.6,10.0,8.44,5.56,13.36
100960,Potential Complications of Untreated Lupus,5,13,2.6,-18.2,17.04,26.0,22.36,16.87,16.52
100961,Their five-year survival rate,4,6,1.5,75.88,3.67,11.6,13.05,11.18,11.73
100962,Survival rates have gone from,5,7,1.4,83.32,2.88,10.0,7.28,4.62,10.2
100964,Kidney damage: The most common,5,8,1.6,66.4,5.24,2.0,7.28,5.56,10.2
100965,The inflammation caused by the,5,8,1.6,66.4,5.24,10.0,8.44,5.56,10.2
100966,Delayed diagnosis and misdiagnosis of SLE can also contribute to,10,21,2.1,19.03,13.09,16.0,13.14,9.48,12.03
100967,Having lupus raises your risk,5,8,1.6,66.4,5.24,2.0,7.28,4.62,13.36
100968,Fingers and toes that turn,5,6,1.2,100.24,0.52,2.0,3.8,1.79,10.2
100969,Kidneys.,1,2,2.0,36.62,8.4,0.4,-4.8,16.75,19.48
100970,Many people with lupus have,5,8,1.6,66.4,5.24,2.0,4.96,2.74,7.04
100972,This can cause tiny breaks,5,6,1.2,100.24,0.52,2.0,3.8,1.79,7.04
100974,Systemic lupus erythematosus (SLE),4,9,2.25,12.43,12.52,21.6,18.85,17.07,19.62
100975,Scarring alopecia (hair loss),4,7,1.75,54.73,6.62,11.6,11.6,11.18,11.73
100976,Confusion,1,3,3.0,-47.98,20.2,40.4,6.8,21.46,19.48
100978,About 30% of them will,5,6,1.2,100.24,0.52,2.0,-2.0,-1.97,7.04
100979,As soon as any type,5,6,1.2,100.24,0.52,2.0,-4.32,-4.8,7.04
100980,People with nail involvement in,5,8,1.6,66.4,5.24,10.0,9.6,6.5,7.04
100981,However,1,3,3.0,-47.98,20.2,0.4,-4.8,12.04,0.05
100982,For those with overweight or,5,7,1.4,83.32,2.88,10.0,6.12,3.68,7.04
100983,Psoriatic arthritis and a healthy,5,10,2.0,32.56,9.96,18.0,11.92,8.39,10.2
100984,Instead of feeding the flames,5,7,1.4,83.32,2.88,2.0,7.28,4.62,10.2
100985,A 2020 study found that,5,6,1.2,100.24,0.52,2.0,0.32,-1.03,7.04
100986,We work with you to,5,5,1.0,117.16,-1.84,2.0,-4.32,-4.8,0.25
100987,If you have dermatitis or,5,6,1.2,100.24,0.52,2.0,2.64,0.85,7.04
100988,It's also a good idea,5,8,1.6,66.4,5.24,2.0,-3.16,-2.92,0.25
100989,The greatest risk of developing,5,9,1.8,49.48,7.6,10.0,9.6,6.5,13.36
100990,Psoriatic arthritis can start at,5,9,1.8,49.48,7.6,18.0,10.76,7.45,10.2
100991,Back pain with PsA may,5,5,1.0,117.16,-1.84,2.0,-0.84,-1.97,7.04
100992,Fatigue,1,2,2.0,36.62,8.4,0.4,-4.8,12.04,19.48
100993,Foot pain caused by swelling,5,6,1.2,100.24,0.52,2.0,6.12,3.68,10.2
100994,“This moment holds extraordinary promise,5,11,2.2,15.64,12.32,10.0,18.88,14.98,10.2
100995,CHICAGO,1,3,3.0,-47.98,20.2,40.4,-4.8,12.04,19.48
100996,Now,1,1,1.0,121.22,-3.4,0.4,-28.0,-6.8,0.05
100997,Studies are also examining ways,5,10,2.0,32.56,9.96,10.0,9.6,6.5,13.36
100998,However,1,3,3.0,-47.98,20.2,0.4,-4.8,12.04,0.05
100999,Total payments in 2026 for,5,7,1.4,83.32,2.88,2.0,3.8,1.79,13.36
101000,However,1,3,3.0,-47.98,20.2,0.4,-4.8,12.04,0.05
101001,The at-home option is,4,5,1.25,97.03,0.72,1.6,1.45,1.77,11.73
101002,New England Journal of Medicine: “Abelacimab for Prevention of Venous,10,18,1.8,44.41,9.55,8.0,14.88,11.83,12.03
101003,The article proposes that by,5,9,1.8,49.48,7.6,18.0,6.12,3.68,10.2
101004,Statins are commonly prescribed to,5,9,1.8,49.48,7.6,10.0,13.08,9.33,13.36
101005,These results suggest that machine,5,8,1.6,66.4,5.24,2.0,13.08,9.33,10.2
101006,The next-generation devices are,4,11,2.75,-29.87,18.42,21.6,15.95,13.54,11.73
101007,Nanomedicine approaches are being explored,5,10,2.0,32.56,9.96,10.0,22.36,16.87,13.36
101008,Researchers also hope to come,5,8,1.6,66.4,5.24,10.0,7.28,4.62,7.04
101009,The anterior cruciate ligament (ACL,5,12,2.4,-1.28,14.68,26.0,13.08,10.27,16.52
101010,It is for this reason,5,6,1.2,100.24,0.52,2.0,-2.0,-2.92,0.25
101011,In 1875,2,2,1.0,120.21,-3.01,0.8,-13.2,-6.3,11.63
101012,Fifty years after the conservative,5,10,2.0,32.56,9.96,10.0,13.08,9.33,10.2
101013,In 1917 Ernest William Hey,5,7,1.4,83.32,2.88,2.0,3.8,1.79,13.36
101014,With the advent of arthroscopy,5,8,1.6,66.4,5.24,10.0,8.44,5.56,10.2
101015,Campbell (1936) described the triad,5,8,1.6,66.4,5.24,2.0,11.92,10.27,16.52
101016,These reparative and reconstructive techniques,5,12,2.4,-1.28,14.68,18.0,27.0,20.63,13.36
101017,Epidemiology,1,7,7.0,-386.38,67.4,40.4,24.2,35.59,19.48
101018,“In the past,3,3,1.0,119.19,-2.62,1.2,-8.27,-4.23,0.15
101019,By implementing these preventive measures,5,11,2.2,15.64,12.32,18.0,21.2,15.92,13.36
101020,Diverticulitis occurs when the pouches,5,11,2.2,15.64,12.32,10.0,17.72,13.1,13.36
101021,A high-fiber diet keeps,4,6,1.5,75.88,3.67,1.6,4.35,4.12,15.68
101022,Whole grains,2,2,1.0,120.21,-3.01,0.8,1.3,5.48,11.63
101023,Have about 1 to 2,5,6,1.2,100.24,0.52,2.0,-6.64,-6.68,10.2
101024,Eat more fiber by adding,5,7,1.4,83.32,2.88,2.0,1.48,-0.09,10.2
101025,During this transition to a,5,8,1.6,66.4,5.24,10.0,4.96,2.74,7.04
101026,“The number of ounces I,5,7,1.4,83.32,2.88,2.0,-0.84,-1.03,7.04
101027,For example,2,4,2.0,35.61,8.79,20.8,-1.6,3.12,11.63
101028,Studies have found individuals whose,5,10,2.0,32.56,9.96,10.0,15.4,11.21,10.2
101029,Add nuts and seeds to,5,5,1.0,117.16,-1.84,2.0,-2.0,-2.92,10.2
101030,In the past,3,3,1.0,119.19,-2.62,1.2,-8.27,-5.8,0.15
101031,Stay away from nuts and,5,6,1.2,100.24,0.52,2.0,0.32,-1.03,7.04
101032,Osteoarthritis and rheumatoid arthritis,4,13,3.25,-72.17,24.32,31.6,29.0,22.96,15.68
101033,If you are overweight or,5,7,1.4,83.32,2.88,10.0,1.48,-0.09,7.04
101034,The management of body weight,5,8,1.6,66.4,5.24,10.0,7.28,4.62,10.2
101035,Exercise for joint pain relief,5,8,1.6,66.4,5.24,10.0,8.44,5.56,13.36
101036,EVIDENCE: Proven to be helpful,5,9,1.8,49.48,7.6,10.0,7.28,5.56,10.2
101037,Braces,1,2,2.0,36.62,8.4,0.4,-10.6,7.33,19.48
101039,If osteoarthritis has damaged one,5,11,2.2,15.64,12.32,10.0,11.92,8.39,10.2
101040,Joint replacement,2,4,2.0,35.61,8.79,20.8,15.8,17.25,19.53
101041,While it's natural to worry,5,8,1.6,66.4,5.24,10.0,3.8,2.74,7.04
101042,Getting an official diagnosis is,5,11,2.2,15.64,12.32,18.0,10.76,7.45,10.2
101043,Age at intervention can impact,5,9,1.8,49.48,7.6,10.0,8.44,5.56,10.2
101044,Educational accommodations are also crucial,5,15,3.0,-52.04,21.76,18.0,23.52,17.81,13.36
101045,NaughtyLittleDogs,1,3,3.0,-47.98,20.2,40.4,53.2,59.14,19.48
101046,In line with the idea,5,7,1.4,83.32,2.88,2.0,-2.0,-2.92,0.25
101047,Despite these hurdles,3,5,1.667,62.79,5.25,1.2,11.07,9.9,14.31
101048,An autism diagnosis can act,5,10,2.0,32.56,9.96,18.0,4.96,2.74,10.2
101049,Within this network,3,5,1.667,62.79,5.25,1.2,7.2,6.76,14.31
101050,I've heard from early,4,5,1.25,97.03,0.72,1.6,1.45,1.77,0.2
101051,However,1,3,3.0,-47.98,20.2,0.4,-4.8,12.04,0.05
101052,Whether you decide to go,5,7,1.4,83.32,2.88,2.0,1.48,-0.09,7.04
101053,It offers a window into,5,8,1.6,66.4,5.24,2.0,0.32,-1.03,7.04
101054,The risk for renal colic,5,7,1.4,83.32,2.88,2.0,1.48,-0.09,13.36
101055,We propose that kidney stone,5,7,1.4,83.32,2.88,2.0,6.12,3.68,10.2
101056,Whilst regional variations exist,4,10,2.5,-8.72,15.47,21.6,18.85,14.72,19.62
101057,Central and Tropical Latin America,5,12,2.4,-1.28,14.68,10.0,13.08,9.33,13.36
101058,Kidney stones are a common,5,7,1.4,83.32,2.88,2.0,3.8,1.79,13.36
101059,Uric acid kidney stones are,5,8,1.6,66.4,5.24,2.0,4.96,2.74,16.52
101060,— Two-year health economics analysis,4,10,2.5,-8.72,15.47,21.6,20.3,10.71,15.68
101061,The peak age for kidney,5,6,1.2,100.24,0.52,2.0,0.32,-1.03,7.04
101062,Break Wave Kidney Stone Treatment,5,7,1.4,83.32,2.88,2.0,11.92,8.39,10.2
101063,Break Wave is a non,5,5,1.0,117.16,-1.84,2.0,-4.32,-4.8,7.04
101064,His lab is developing drugs,5,8,1.6,66.4,5.24,10.0,4.96,2.74,13.36
101065,It affects all ages,4,6,1.5,75.88,3.67,1.6,0.0,-0.59,11.73
101066,Researchers say this may help,5,7,1.4,83.32,2.88,10.0,7.28,4.62,7.04
101067,These might sound promising—after,4,5,1.25,97.03,0.72,1.6,18.85,15.9,7.78
101068,Surgery is the only way,5,8,1.6,66.4,5.24,10.0,0.32,-1.03,7.04
101070,A lack of antioxidants in,5,9,1.8,49.48,7.6,10.0,2.64,0.85,10.2
101071,Vitamin C is essential for,5,9,1.8,49.48,7.6,18.0,3.8,1.79,13.36
101074,Steering clear of smoking and,5,7,1.4,83.32,2.88,2.0,7.28,4.62,10.2
101076,To protect your eyes,4,5,1.25,97.03,0.72,1.6,1.45,0.59,7.78
101077,Keep an eye on your,5,5,1.0,117.16,-1.84,2.0,-4.32,-4.8,0.25
101078,Monterey residents can also consult,5,11,2.2,15.64,12.32,18.0,14.24,10.27,13.36
101079,However,1,3,3.0,-47.98,20.2,0.4,-4.8,12.04,0.05
101082,These alternative remedies might cause,5,10,2.0,32.56,9.96,18.0,17.72,13.1,10.2
101083,We can't 'unclump',3,5,1.667,62.79,5.25,14.53,-0.53,5.19,9.05
101085,During an episode of Afib,5,8,1.6,66.4,5.24,10.0,2.64,0.85,10.2
101086,Left untreated,2,4,2.0,35.61,8.79,20.8,7.1,10.18,11.63
101087,The risk of stroke is,5,5,1.0,117.16,-1.84,2.0,-2.0,-2.92,10.2
101088,Unfortunately,1,5,5.0,-217.18,43.8,40.4,30.0,40.3,19.48
101089,The atria don't fill,4,6,1.5,75.88,3.67,11.6,0.0,0.59,7.78
101090,Atrial fibrillation causes the heart,5,11,2.2,15.64,12.32,18.0,15.4,11.21,13.36
101091,Dementia,1,4,4.0,-132.58,32.0,40.4,1.0,16.75,19.48
101092,Research shows that the irregular,5,9,1.8,49.48,7.6,10.0,11.92,8.39,13.36
101093,Age.,1,1,1.0,121.22,-3.4,0.4,-28.0,-2.09,0.05
101095,Narrowed or blocked arteries (coronary,5,11,2.2,15.64,12.32,18.0,16.56,13.1,16.52
101096,Family history: If someone in,5,10,2.0,32.56,9.96,2.0,6.12,4.62,0.25
101097,Statins are considered first-choice,4,7,1.75,54.73,6.62,11.6,21.75,18.25,15.68
101098,4 min read,3,3,1.0,119.19,-2.62,1.2,-10.2,-7.37,14.31
101099,Plant sterols and soluble fiber,5,9,1.8,49.48,7.6,10.0,9.6,6.5,13.36
101100,Soluble fiber helps block some,5,8,1.6,66.4,5.24,10.0,8.44,5.56,13.36
101101,Plant sterols are generally recognized,5,11,2.2,15.64,12.32,18.0,17.72,13.1,13.36
101102,Red yeast rice is fermented,5,7,1.4,83.32,2.88,10.0,4.96,2.74,10.2
101103,Omega-3 fatty acids,3,6,2.0,34.59,9.18,1.2,5.27,6.76,19.58
101104,Varicose vein care has changed,5,5,1.0,117.16,-1.84,2.0,8.44,5.56,13.36
101106,AI-Enhanced Diagnostics,2,6,3.0,-48.99,20.59,20.8,30.3,31.38,19.53
101107,Emerging Trends: Nearly 52% of,5,8,1.6,66.4,5.24,10.0,6.12,5.56,13.36
101108,More than 61% of vascular,5,7,1.4,83.32,2.88,10.0,1.48,0.85,10.2
101109,Portable ultrasound devices gained 29,5,11,2.2,15.64,12.32,26.0,16.56,12.16,19.67
101110,Varicose veins develop when valves,5,7,1.4,83.32,2.88,10.0,13.08,9.33,16.52
101111,Chest X-ray is a,4,4,1.0,118.18,-2.23,1.6,-5.8,-4.12,7.78
101112,Heart Attack (Myocardial Infarction),4,11,2.75,-29.87,18.42,21.6,21.75,19.43,11.73
101114,Heart failure can also cause,5,7,1.4,83.32,2.88,2.0,6.12,3.68,7.04
101116,Anaphylaxis,1,5,5.0,-217.18,43.8,40.4,18.4,30.88,19.48
101117,A collapsed lung,3,4,1.333,90.99,1.31,1.2,1.4,2.05,14.31
101119,Gastritis (inflamed stomach lining).,4,9,2.25,12.43,12.52,11.6,20.3,19.43,19.62
101121,Electrocardiogram is a simple test,5,12,2.4,-1.28,14.68,10.0,13.08,9.33,7.04
101122,D-dimer test: This is,4,5,1.25,97.03,0.72,1.6,0.0,1.77,7.78
101123,Full,1,1,1.0,121.22,-3.4,0.4,-22.2,-2.09,0.05
101124,Trouble using your hands,4,6,1.5,75.88,3.67,1.6,7.25,5.3,11.73
101125,The goal of rehabilitation is,5,10,2.0,32.56,9.96,10.0,7.28,4.62,7.04
101126,Preventing another stroke,3,7,2.333,6.39,13.11,14.53,18.8,16.18,14.31
101127,The 7 stages of stroke,5,6,1.2,100.24,0.52,2.0,-0.84,-1.97,13.36
101128,The first stage in Brunnstrom's,5,5,1.0,117.16,-1.84,2.0,8.44,6.5,7.04
101129,Stage 2 — Spasticity.,3,5,1.667,62.79,5.25,14.53,5.27,1.27,14.31
101130,It means that some connection,5,7,1.4,83.32,2.88,10.0,7.28,4.62,7.04
101131,Therapy and specialised technologies to,5,12,2.4,-1.28,14.68,26.0,18.88,14.04,13.36
101132,Now,1,1,1.0,121.22,-3.4,0.4,-28.0,-6.8,0.05
101133,Gross motor skills continue to,5,8,1.6,66.4,5.24,10.0,8.44,5.56,13.36
101135,cognitive behavioural therapy (CBT) to,5,13,2.6,-18.2,17.04,26.0,15.4,13.1,16.52
101136,Therapy: Individual counseling for depression,5,15,3.0,-52.04,21.76,34.0,24.68,19.69,16.52
101137,Occupational therapy – In addition to,5,13,2.6,-18.2,17.04,26.0,14.24,6.19,13.36
101138,During the first three months,5,6,1.2,100.24,0.52,2.0,7.28,4.62,7.04
101140,Ulcerative colitis qualifies as a,5,11,2.2,15.64,12.32,18.0,11.92,8.39,13.36
101141,Age-related macular degeneration is,4,11,2.75,-29.87,18.42,21.6,21.75,18.25,15.68
101142,For more than a decade,5,6,1.2,100.24,0.52,2.0,-0.84,-1.97,7.04
101143,For people with intermediate disease,5,11,2.2,15.64,12.32,10.0,15.4,11.21,10.2
101144,Delivery method: A gel capsule,5,10,2.0,32.56,9.96,10.0,7.28,5.56,16.52
101146,This simple,2,3,1.5,77.91,2.89,0.8,-1.6,3.12,0.1
101147,Laser photocoagulation to treat wet,5,11,2.2,15.64,12.32,10.0,14.24,10.27,10.2
101148,Then,1,1,1.0,121.22,-3.4,0.4,-22.2,-2.09,0.05
101150,Kale is one of the,5,5,1.0,117.16,-1.84,2.0,-5.48,-5.74,7.04
101151,Wear sunglasses and a hat,5,7,1.4,83.32,2.88,10.0,2.64,0.85,7.04
101152,Consult with your doctor about,5,8,1.6,66.4,5.24,2.0,8.44,5.56,7.04
101153,You also may use a,5,6,1.2,100.24,0.52,2.0,-5.48,-5.74,0.25
101154,If new glasses don't,4,5,1.25,97.03,0.72,1.6,0.0,0.59,0.2
101155,"""Across the TRIUMpH program",4,7,1.75,54.73,6.62,1.6,10.15,8.83,11.73
101156,These presentations highlight tegoprazan's superiority,5,15,3.0,-52.04,21.76,18.0,35.12,28.17,16.52
101157,The submission seeks simultaneous approval,5,13,2.6,-18.2,17.04,26.0,22.36,16.87,16.52
101158,Less acidic fruit like bananas,5,9,1.8,49.48,7.6,18.0,8.44,5.56,10.2
101159,Sleep apnea is far more,5,7,1.4,83.32,2.88,10.0,0.32,-1.03,7.04
101160,Cardiovascular strain,2,7,3.5,-91.29,26.49,20.8,27.4,26.67,19.53
101161,Every time your airway closes,5,9,1.8,49.48,7.6,2.0,7.28,4.62,10.2
101162,High blood pressure is a,5,6,1.2,100.24,0.52,2.0,1.48,-0.09,7.04
101163,Recent studies have shown a,5,7,1.4,83.32,2.88,2.0,4.96,2.74,13.36
101164,Cardiovascular Problems: Sleep apnea strains,5,13,2.6,-18.2,17.04,18.0,23.52,18.75,16.52
101165,The irregular breathing patterns can,5,10,2.0,32.56,9.96,10.0,15.4,11.21,13.36
101166,Diabetes: Sleep apnea is linked,5,10,2.0,32.56,9.96,18.0,8.44,6.5,13.36
101167,Obesity: Poor sleep can disrupt,5,9,1.8,49.48,7.6,10.0,8.44,6.5,10.2
101168,Before surgery,2,5,2.5,-6.69,14.69,20.8,7.1,10.18,11.63
101169,Neurocognitive Decline,2,6,3.0,-48.99,20.59,20.8,30.3,29.02,19.53
101170,Mental Health Issues: The constant,5,8,1.6,66.4,5.24,2.0,11.92,9.33,13.36
101171,Some awaken with a headache,5,8,1.6,66.4,5.24,2.0,4.96,2.74,0.25
101173,Complications with medicines and surgery,5,12,2.4,-1.28,14.68,26.0,20.04,14.98,13.36
101174,Workplace Accidents: Reduced alertness and,5,11,2.2,15.64,12.32,18.0,21.2,16.87,16.52
101175,Pauses in breathing during sleep,5,8,1.6,66.4,5.24,2.0,10.76,7.45,10.2
101176,Most patients do not experience,5,9,1.8,49.48,7.6,10.0,9.6,6.5,10.2
101177,Two large studies,3,4,1.333,90.99,1.31,1.2,3.33,3.62,9.05
101179,Make sure to seek treatment,5,6,1.2,100.24,0.52,2.0,4.96,2.74,7.04
101180,How to treat an asthma,5,6,1.2,100.24,0.52,2.0,-0.84,-1.97,7.04
101182,If you need to use,5,5,1.0,117.16,-1.84,2.0,-5.48,-5.74,0.25
101184,Menopause is a challenge not,5,8,1.6,66.4,5.24,10.0,6.12,3.68,10.2
101185,NIH Research Highlight,3,5,1.667,62.79,5.25,1.2,13.0,11.47,19.58
101186,The most striking finding was,5,7,1.4,83.32,2.88,2.0,7.28,4.62,10.2
101187,Some nonhormonal therapies,3,8,2.667,-21.81,17.05,27.87,20.73,17.75,14.31
101188,Myalgic encephalomyelitis/chronic fatigue syndrome (ME/CFS) is,6,17,2.833,-38.95,20.18,15.73,30.5,26.31,17.09
101189,Symptoms &,1,2,2.0,36.62,8.4,0.4,1.0,0.27,19.48
101190,Post-exertional malaise (PEM):,3,8,2.667,-21.81,17.05,14.53,20.73,24.03,19.58
101191,Other symptoms include problems with,5,9,1.8,49.48,7.6,2.0,15.4,11.21,13.36
101192,orthostatic intolerance,2,8,4.0,-133.59,32.39,40.8,33.2,31.38,19.53
101194,CFS/ME is less common,4,6,1.5,75.88,3.67,1.6,1.45,1.77,11.73
101195,How is myalgic encephalomyelitis/chronic,4,13,3.25,-72.17,24.32,21.6,29.0,24.14,11.73
101196,INTRODUCTION,1,4,4.0,-132.58,32.0,40.4,24.2,35.59,19.48
101197,According to a recent review,5,9,1.8,49.48,7.6,10.0,6.12,3.68,10.2
101198,By using BTK inhibitors that,5,9,1.8,49.48,7.6,10.0,6.12,3.68,13.36
101199,Tolebrutinib is able to penetrate,5,10,2.0,32.56,9.96,18.0,11.92,8.39,10.2
101200,Sanofi said that the Breakthrough,5,8,1.6,66.4,5.24,10.0,11.92,8.39,10.2
101201,Ublituximab-xiiy is given in,4,7,1.75,54.73,6.62,11.6,11.6,10.01,7.78
101202,CNM-Au8,1,2,2.0,36.62,8.4,0.4,-10.6,12.04,19.48
101203,Mass General Brigham researchers are,5,10,2.0,32.56,9.96,10.0,15.4,11.21,13.36
101204,Essentially,1,4,4.0,-132.58,32.0,40.4,18.4,30.88,19.48
101205,On January 22,3,6,2.0,34.59,9.18,1.2,-4.4,-2.66,9.05
101207,Skeletal problems,2,5,2.5,-6.69,14.69,20.8,15.8,17.25,19.53
101211,A long,2,2,1.0,120.21,-3.01,0.8,-16.1,-8.65,0.1
101212,What are the symptoms of,5,6,1.2,100.24,0.52,2.0,1.48,-0.09,7.04
101213,The most common symptom of Marfan syndrome is myopia (nearsightedness,10,20,2.0,27.49,11.91,12.0,15.46,11.83,13.61
101214,Although it has an autosomal,5,7,1.4,83.32,2.88,2.0,6.12,3.68,10.2
101215,Psoriasis Beyond the Skin: Obesity,5,12,2.4,-1.28,14.68,18.0,11.92,9.33,13.36
101216,How Immune Cells Travel From,5,7,1.4,83.32,2.88,2.0,6.12,3.68,13.36
101217,Psoriasis severity predicts cardiovascular risk,5,17,3.4,-85.88,26.48,26.0,28.16,21.58,19.67
101218,This insight could help doctors,5,7,1.4,83.32,2.88,2.0,9.6,6.5,10.2
101219,The researchers identified a nine,5,10,2.0,32.56,9.96,18.0,11.92,8.39,10.2
101220,“By analysing data from more,5,8,1.6,66.4,5.24,10.0,4.96,3.68,10.2
101221,Lewitt highlighted the importance of,5,9,1.8,49.48,7.6,18.0,15.4,11.21,13.36
101225,Don't Focus Only on,4,6,1.5,75.88,3.67,1.6,-1.45,-0.59,7.78
101226,AMD,1,1,1.0,121.22,-3.4,0.4,-28.0,-6.8,19.48
101227,Being less able to see,5,7,1.4,83.32,2.88,2.0,-0.84,-1.97,0.25
101228,Many people do not notice,5,8,1.6,66.4,5.24,2.0,2.64,0.85,0.25
101230,With wet AMD,3,3,1.0,119.19,-2.62,1.2,-6.33,-4.23,9.05
101231,Amsler grid test: An Amsler,5,7,1.4,83.32,2.88,2.0,3.8,2.74,13.36
101232,Difficulty recognizing faces,3,10,3.333,-78.21,24.91,27.87,24.6,20.89,19.58
101233,Early Signs and Symptoms of Age-Related Macular Degeneration: What,9,18,2.0,28.5,11.52,12.49,17.0,13.42,12.86
101234,Because of fluid buildup,4,7,1.75,54.73,6.62,1.6,7.25,5.3,11.73
101235,Contents,1,2,2.0,36.62,8.4,0.4,1.0,16.75,19.48
101237,Since your central vision is,5,7,1.4,83.32,2.88,2.0,6.12,3.68,10.2
101238,As macular degeneration progresses,4,12,3.0,-51.02,21.37,31.6,21.75,17.07,15.68
101239,A new blank or blind,5,5,1.0,117.16,-1.84,2.0,-3.16,-3.86,0.25
101241,Colors may gradually look less,5,9,1.8,49.48,7.6,10.0,8.44,5.56,10.2
101242,Other signs are straight lines,5,6,1.2,100.24,0.52,2.0,8.44,5.56,10.2
101243,Wet AMD requires more urgent,5,8,1.6,66.4,5.24,10.0,6.12,3.68,13.36
101244,Sudden Vision Loss: In contrast,5,8,1.6,66.4,5.24,2.0,8.44,6.5,10.2
101245,(We can't stress enough,4,5,1.25,97.03,0.72,1.6,2.9,4.12,7.78
101246,Migraine is a health condition,5,8,1.6,66.4,5.24,10.0,8.44,5.56,10.2
101247,“With more low pressure systems,5,7,1.4,83.32,2.88,2.0,8.44,6.5,10.2
101248,Stewart Tepper,2,4,2.0,35.61,8.79,0.8,7.1,10.18,19.53
101249,The study looked at blood,5,6,1.2,100.24,0.52,2.0,2.64,0.85,7.04
101250,Why does the nervous system,5,7,1.4,83.32,2.88,2.0,4.96,2.74,10.2
101251,The most common injury is,5,8,1.6,66.4,5.24,10.0,2.64,0.85,10.2
101252,Shoulder tendinitis is a common,5,9,1.8,49.48,7.6,10.0,9.6,6.5,10.2
101253,A partial rotator cuff tear,5,8,1.6,66.4,5.24,10.0,4.96,2.74,10.2
101254,Symptoms tend to get worse,5,6,1.2,100.24,0.52,2.0,3.8,1.79,10.2
101255,Partial tear.,2,3,1.5,77.91,2.89,0.8,1.3,7.83,11.63
101256,Description,1,3,3.0,-47.98,20.2,40.4,18.4,30.88,19.48
101257,A tear may go part,5,5,1.0,117.16,-1.84,2.0,-5.48,-5.74,0.25
101258,Athletes are especially vulnerable to,5,11,2.2,15.64,12.32,18.0,16.56,12.16,13.36
101259,By age 80,3,3,1.0,119.19,-2.62,1.2,-12.13,-8.94,9.05
101260,This injury often causes shoulder,5,10,2.0,32.56,9.96,10.0,11.92,8.39,10.2
101261,After any coronavirus disease 2019,5,9,1.8,49.48,7.6,2.0,13.08,9.33,13.36
101262,Long COVID not only profoundly,5,9,1.8,49.48,7.6,10.0,8.44,5.56,10.2
101263,Neurological symptoms,2,7,3.5,-91.29,26.49,20.8,27.4,26.67,19.53
101264,Long COVID is characterised by,5,9,1.8,49.48,7.6,10.0,8.44,5.56,10.2
101265,Symptom severity ranges from mild,5,10,2.0,32.56,9.96,10.0,11.92,8.39,16.52
101267,Some estimates suggest that more,5,8,1.6,66.4,5.24,10.0,10.76,7.45,10.2
101268,Research shows adults are more,5,7,1.4,83.32,2.88,2.0,8.44,5.56,13.36
101269,Risk factors for the condition,5,8,1.6,66.4,5.24,10.0,8.44,5.56,13.36
101270,Sports and recreational activities,4,11,2.75,-29.87,18.42,21.6,21.75,17.07,15.68
101271,Significant progress has been made,5,9,1.8,49.48,7.6,10.0,13.08,9.33,10.2
101272,There are multiple reasons for,5,8,1.6,66.4,5.24,10.0,8.44,5.56,10.2
101273,These findings support the use,5,7,1.4,83.32,2.88,2.0,8.44,5.56,10.2
101274,“These results extend and support,5,8,1.6,66.4,5.24,2.0,10.76,8.39,13.36
101275,The Big Picture,3,4,1.333,90.99,1.31,1.2,-0.53,0.48,0.15
101276,Other factors,2,4,2.0,35.61,8.79,0.8,4.2,7.83,11.63
101277,Psoriasis can appear in areas,5,11,2.2,15.64,12.32,18.0,7.28,4.62,10.2
101278,Avoid your known triggers: If,5,7,1.4,83.32,2.88,2.0,6.12,4.62,10.2
101280,Avoid tattoos and other types,5,8,1.6,66.4,5.24,2.0,7.28,4.62,13.36
101281,The ultraviolet rays in sunlight,5,10,2.0,32.56,9.96,10.0,10.76,7.45,10.2
101282,2 min read,3,3,1.0,119.19,-2.62,1.2,-10.2,-7.37,14.31
101283,In particular,2,5,2.5,-6.69,14.69,20.8,4.2,7.83,11.63
101284,If you can,3,3,1.0,119.19,-2.62,1.2,-10.2,-7.37,0.15
101285,Omega-3 fatty acids found,4,7,1.75,54.73,6.62,1.6,7.25,6.48,15.68
101287,Flare-ups often occur when,4,6,1.5,75.88,3.67,1.6,8.7,7.65,11.73
101288,“Eating well,2,3,1.5,77.91,2.89,0.8,-1.6,5.48,11.63
101290,Medications: Some drugs,3,6,2.0,34.59,9.18,14.53,13.0,13.04,14.31
101291,Medications: Some drugs,3,6,2.0,34.59,9.18,14.53,13.0,13.04,14.31
101292,Flare-ups also can be,4,5,1.25,97.03,0.72,1.6,1.45,1.77,7.78
101294,During the 2025 International Scientific,5,13,2.6,-18.2,17.04,18.0,20.04,14.98,13.36
101295,What Is The Road to 2026?,6,6,1.0,116.15,-1.45,2.4,-2.37,-2.73,6.57
101296,So the news that the,5,5,1.0,117.16,-1.84,2.0,-3.16,-3.86,0.25
101299,Ehlers-Danlos syndromes (EDS),3,5,1.667,62.79,5.25,1.2,20.73,22.46,19.58
101301,Evolving management approaches informed by,5,12,2.4,-1.28,14.68,26.0,22.36,16.87,16.52
101302,Recent studies have accelerated drug,5,11,2.2,15.64,12.32,10.0,15.4,11.21,16.52
101303,If I have long COVID,5,6,1.2,100.24,0.52,2.0,-3.16,-3.86,7.04
101304,Long COVID describes symptoms or,5,8,1.6,66.4,5.24,2.0,10.76,7.45,13.36
101305,Also,1,2,2.0,36.62,8.4,0.4,-22.2,-2.09,0.05
101306,Post-viral infection associated chronic conditions (IACCs) are lingering,8,20,2.5,-12.78,17.03,23.2,25.45,20.84,17.85
101307,However,1,3,3.0,-47.98,20.2,0.4,-4.8,12.04,0.05
101308,As of July 2021,4,5,1.25,97.03,0.72,1.6,-5.8,-5.3,7.78
101309,Some people report that Long COVID symptoms prevent them from,10,15,1.5,69.79,6.01,4.0,11.4,8.06,8.87
101310,Diseases caused or made worse,5,7,1.4,83.32,2.88,10.0,7.28,4.62,10.2
101311,If you experience any new,5,9,1.8,49.48,7.6,10.0,2.64,0.85,7.04
101312,Postural orthostatic tachycardia syndrome (POTS,5,14,2.8,-35.12,19.4,26.0,27.0,21.58,19.67
101313,If you start to feel,5,5,1.0,117.16,-1.84,2.0,-3.16,-3.86,0.25
101314,The takeaway,2,2,1.0,120.21,-3.01,0.8,1.3,5.48,11.63
101315,The pain may feel dull,5,5,1.0,117.16,-1.84,2.0,-0.84,-1.97,0.25
101316,The symptoms of a kidney infection usually develop quite quickly,10,20,2.0,27.49,11.91,16.0,13.14,9.48,12.03
101317,Peeing more often than usual,5,9,1.8,49.48,7.6,10.0,6.12,3.68,10.2
101318,Within a few hours of,5,7,1.4,83.32,2.88,2.0,-2.0,-2.92,10.2
101322,Chills and high fever,4,5,1.25,97.03,0.72,1.6,2.9,1.77,7.78
101323,People with diabetes or a,5,9,1.8,49.48,7.6,10.0,2.64,0.85,7.04
101324,When to See a Doctor,5,6,1.2,100.24,0.52,2.0,-3.16,-3.86,0.25
101325,fever and chills,3,4,1.333,90.99,1.31,1.2,1.4,2.05,9.05
101327,Most kidney infections need prompt,5,8,1.6,66.4,5.24,10.0,13.08,9.33,13.36
101328,Left untreated,2,4,2.0,35.61,8.79,20.8,7.1,10.18,11.63
101329,Bloating (feeling fullness or swelling,5,9,1.8,49.48,7.6,2.0,16.56,13.1,16.52
101330,Skin disorders that produce small,5,8,1.6,66.4,5.24,10.0,11.92,8.39,10.2
101331,In classical celiac disease,4,8,2.0,33.58,9.57,11.6,11.6,8.83,15.68
101334,Iron Deficiency Anemia,3,10,3.333,-78.21,24.91,27.87,13.0,11.47,14.31
101335,Closely related to chronic feelings,5,10,2.0,32.56,9.96,10.0,14.24,10.27,16.52
101336,Abdominal pain,2,5,2.5,-6.69,14.69,20.8,7.1,10.18,11.63
101337,However,1,3,3.0,-47.98,20.2,0.4,-4.8,12.04,0.05
101338,Because celiac disease causes malabsorption,5,11,2.2,15.64,12.32,10.0,23.52,17.81,16.52
101339,failure to thrive,3,4,1.333,90.99,1.31,1.2,3.33,3.62,14.31
101341,Failure to thrive for infants,5,7,1.4,83.32,2.88,2.0,7.28,4.62,13.36
101342,Weight loss,2,2,1.0,120.21,-3.01,0.8,-1.6,3.12,11.63
101343,Silent celiac disease is also,5,9,1.8,49.48,7.6,2.0,7.28,4.62,10.2
101344,Repetitive motions from activities like,5,12,2.4,-1.28,14.68,18.0,18.88,14.04,13.36
101348,While the pain is centered,5,6,1.2,100.24,0.52,2.0,3.8,1.79,7.04
101349,The pain usually feels:,4,7,1.75,54.73,6.62,11.6,4.35,4.12,11.73
101350,Certain movements can significantly worsen,5,12,2.4,-1.28,14.68,10.0,22.36,16.87,13.36
101352,During the initial examination,4,11,2.75,-29.87,18.42,21.6,15.95,12.36,11.73
101353,Waking up with a stiff,5,6,1.2,100.24,0.52,2.0,-0.84,-1.97,7.04
101354,The pain may start slowly,5,6,1.2,100.24,0.52,2.0,2.64,0.85,0.25
101355,The primary difference between the,5,10,2.0,32.56,9.96,10.0,13.08,9.33,7.04
101356,It's hard to move your,5,5,1.0,117.16,-1.84,2.0,-2.0,-1.97,0.25
101357,If you are worried that,5,6,1.2,100.24,0.52,2.0,0.32,-1.03,7.04
101359,Not every symptom falls into,5,9,1.8,49.48,7.6,2.0,6.12,3.68,10.2
101361,Long Covid muscle pain,4,6,1.5,75.88,3.67,1.6,4.35,2.94,11.73
101362,brain fog,2,2,1.0,120.21,-3.01,0.8,-7.4,-1.59,0.1
101363,long-term chest tightness or,4,6,1.5,75.88,3.67,1.6,11.6,10.01,11.73
101364,10–20% of those who,4,4,1.0,118.18,-2.23,1.6,-2.9,-0.59,7.78
101365,The virus that causes COVID-19 upsets immune system communication,9,19,2.111,19.1,12.83,8.04,17.0,12.9,16.36
101366,This Shingles Action Week 2026,5,7,1.4,83.32,2.88,2.0,8.44,5.56,13.36
101367,“People living with certain underlying,5,11,2.2,15.64,12.32,10.0,16.56,13.1,7.04
101368,Shingles can lead to significant,5,9,1.8,49.48,7.6,10.0,10.76,7.45,10.2
101369,Most undergo rigorous UL 2218,5,9,1.8,49.48,7.6,18.0,7.28,4.62,16.52
101371,Green-inspired hues: One of,4,6,1.5,75.88,3.67,11.6,8.7,8.83,11.73
101372,Roof costs in 2026 will,5,5,1.0,117.16,-1.84,2.0,0.32,-1.03,10.2
101373,Targeted treatments developed since 2024,5,10,2.0,32.56,9.96,18.0,20.04,14.98,16.52
101374,The highest prevalence was during,5,9,1.8,49.48,7.6,10.0,11.92,8.39,10.2
101375,The pooled prevalence of long,5,7,1.4,83.32,2.88,10.0,7.28,4.62,10.2
101376,While the exact number of,5,7,1.4,83.32,2.88,2.0,2.64,0.85,0.25
101377,Anyone infected with SARS-CoV,4,9,2.25,12.43,12.52,11.6,13.05,11.18,11.73
101378,NIH RECOVER Initiative Status Report,5,12,2.4,-1.28,14.68,18.0,15.4,11.21,16.52
101379,Taken together,2,5,2.5,-6.69,14.69,0.8,7.1,10.18,0.1
101380,Multiple health care experts and,5,8,1.6,66.4,5.24,10.0,10.76,7.45,10.2
101381,It isn't “laziness”,3,6,2.0,34.59,9.18,14.53,1.4,6.76,9.05
101382,Targeted treatments developed since 2024,5,10,2.0,32.56,9.96,18.0,20.04,14.98,16.52
101385,This is likely attributed to,5,9,1.8,49.48,7.6,10.0,6.12,3.68,7.04
101391,Increased intake of magnesium,4,9,2.25,12.43,12.52,11.6,14.5,11.18,15.68
101392,New treatments for fibromyalgia in,5,8,1.6,66.4,5.24,10.0,13.08,9.33,10.2
101393,Treatments like LDN and TMS,5,6,1.2,100.24,0.52,2.0,4.96,2.74,13.36
101394,A double-blind,2,2,1.0,120.21,-3.01,0.8,4.2,10.18,11.63
101395,After 60 days,3,4,1.333,90.99,1.31,1.2,-4.4,-2.66,14.31
101397,It helps to reset brain,5,6,1.2,100.24,0.52,2.0,0.32,-1.03,10.2
101398,Factors that have contributed to,5,9,1.8,49.48,7.6,10.0,10.76,7.45,10.2
101400,Others include forgetting important dates,5,11,2.2,15.64,12.32,10.0,21.2,15.92,16.52
101402,Are you,2,2,1.0,120.21,-3.01,0.8,-13.2,-6.3,0.1
101403,Busy people can be so,5,7,1.4,83.32,2.88,2.0,-2.0,-2.92,0.25
101404,Sometimes they may have trouble,5,7,1.4,83.32,2.88,2.0,9.6,6.5,0.25
101405,However,1,3,3.0,-47.98,20.2,0.4,-4.8,12.04,0.05
101406,Some people living with Alzheimer's,5,9,1.8,49.48,7.6,10.0,13.08,10.27,7.04
101407,Problems with Language,3,5,1.667,62.79,5.25,1.2,13.0,11.47,9.05
101408,Vision changes related to cataracts,5,11,2.2,15.64,12.32,18.0,14.24,10.27,16.52
101409,A person living with Alzheimer's,5,9,1.8,49.48,7.6,10.0,9.6,7.45,7.04
101410,Misplacing things from time to,5,7,1.4,83.32,2.88,10.0,8.44,5.56,10.2
101411,Poor or Decreased Judgement,4,6,1.5,75.88,3.67,1.6,11.6,8.83,11.73
101412,A person living with Alzheimer's or other dementia may experience,10,21,2.1,19.03,13.09,16.0,13.14,9.95,8.87
101413,Loss of Initiative,3,6,2.0,34.59,9.18,14.53,5.27,5.19,9.05
101414,Sometimes feeling uninterested in family,5,12,2.4,-1.28,14.68,10.0,20.04,14.98,10.2
101415,Sometimes feeling uninterested in family,5,12,2.4,-1.28,14.68,10.0,20.04,14.98,10.2
101416,While psoriasis can be a,5,8,1.6,66.4,5.24,10.0,1.48,-0.09,7.04
101417,For assessing disease severity,4,10,2.5,-8.72,15.47,21.6,15.95,12.36,15.68
101418,Using BSA,2,3,1.5,77.91,2.89,0.8,-7.4,-1.59,19.53
101419,These include corticosteroids,3,8,2.667,-21.81,17.05,14.53,26.53,22.46,14.31
101420,Systemic medications for moderate to,5,12,2.4,-1.28,14.68,26.0,15.4,11.21,13.36
101421,We usually use a liquid,5,9,1.8,49.48,7.6,10.0,0.32,-1.03,10.2
101422,Indeed,1,2,2.0,36.62,8.4,0.4,-10.6,7.33,0.05
101423,If the severity of your,5,8,1.6,66.4,5.24,10.0,0.32,-1.03,7.04
101424,UVB narrowband.,2,4,2.0,35.61,8.79,20.8,7.1,12.54,19.53
101425,Retinoids.,1,3,3.0,-47.98,20.2,40.4,6.8,26.17,19.48
101426,The basic problem that HSTS,5,7,1.4,83.32,2.88,2.0,4.96,2.74,13.36
101428,It allows web servers to,5,7,1.4,83.32,2.88,2.0,1.48,-0.09,10.2
101429,HSTS Preloading,2,4,2.0,35.61,8.79,20.8,10.0,12.54,19.53
101430,Preloading Strict Transport Security,4,10,2.5,-8.72,15.47,21.6,24.65,19.43,19.62
101431,This header includes a max,5,7,1.4,83.32,2.88,2.0,3.8,1.79,13.36
101432,To solve this problem,4,5,1.25,97.03,0.72,1.6,2.9,1.77,11.73
101433,When an HTTPS response includes,5,8,1.6,66.4,5.24,2.0,9.6,6.5,13.36
101434,If your Database Management System,5,10,2.0,32.56,9.96,18.0,13.08,9.33,13.36
101436,Neo4j is known for its,5,5,1.0,117.16,-1.84,2.0,-0.84,-1.97,7.04
101438,This option extends Community Edition,5,12,2.4,-1.28,14.68,18.0,16.56,12.16,16.52
101439,This free,2,2,1.0,120.21,-3.01,0.8,-7.4,-1.59,0.1
101440,Neo4j structure,2,3,1.5,77.91,2.89,0.8,10.0,12.54,19.53
101441,Index-free adjacency shortens read,4,9,2.25,12.43,12.52,21.6,20.3,17.07,15.68
101442,Neo4j ensures data integrity and,5,10,2.0,32.56,9.96,10.0,10.76,7.45,16.52
101444,Bun is the latest runtime,5,6,1.2,100.24,0.52,2.0,2.64,0.85,10.2
101445,Bun's whole pitch is the,5,5,1.0,117.16,-1.84,2.0,0.32,-0.09,7.04
101446,Speed.,1,1,1.0,121.22,-3.4,0.4,-16.4,7.33,0.05
101448,Use it to: ship tiny,5,6,1.2,100.24,0.52,2.0,-4.32,-3.86,0.25
101450,Kubernetes stays the foundation,4,7,1.75,54.73,6.62,11.6,17.4,13.54,15.68
101451,Choose the best model for,5,6,1.2,100.24,0.52,2.0,2.64,0.85,7.04
101452,The principles for model selection,5,10,2.0,32.56,9.96,18.0,13.08,9.33,13.36
101455,A client sends a request,5,7,1.4,83.32,2.88,2.0,1.48,-0.09,13.36
101456,kubectl apply -f samples/bookinfo,4,7,1.75,54.73,6.62,11.6,17.4,15.9,19.62
101457,In distributed environments,3,9,3.0,-50.01,20.98,27.87,22.67,19.32,14.31
101459,Good log aggregation software supports,5,10,2.0,32.56,9.96,10.0,17.72,13.1,13.36
101460,Log management platforms store log,5,8,1.6,66.4,5.24,10.0,13.08,9.33,10.2
101462,In this course,3,3,1.0,119.19,-2.62,1.2,-2.47,-1.09,0.15
101463,WebSocket leaves a single and,5,8,1.6,66.4,5.24,10.0,7.28,4.62,10.2
101464,Understanding emerging trends in the,5,10,2.0,32.56,9.96,18.0,15.4,11.21,13.36
101465,The sections below cover what,5,8,1.6,66.4,5.24,2.0,7.28,4.62,7.04
101466,OAuth 2.0 documented security best,5,12,2.4,-1.28,14.68,18.0,11.92,9.33,16.52
101467,Implement PKCE using cryptographically secure,5,13,2.6,-18.2,17.04,18.0,25.84,19.69,19.67
101468,Modern cloud-native architectures solve,4,10,2.5,-8.72,15.47,21.6,27.55,22.96,19.62
101470,What it is,3,3,1.0,119.19,-2.62,1.2,-10.2,-7.37,0.15
101471,While the core software is,5,6,1.2,100.24,0.52,2.0,3.8,1.79,10.2
101472,Grafana,1,1,1.0,121.22,-3.4,0.4,-4.8,12.04,19.48
101473,Agnostic data integration: Unlike competitors,5,15,3.0,-52.04,21.76,26.0,24.68,19.69,19.67
101476,I refactored the data model,5,9,1.8,49.48,7.6,10.0,4.96,2.74,13.36
101477,1) Optimizing the size of,5,8,1.6,66.4,5.24,10.0,1.48,0.85,10.2
101478,1) Use EXT4 and XFS,5,6,1.2,100.24,0.52,2.0,-5.48,-4.8,13.36
101479,https://github.com/leslieo2,1,5,5.0,-217.18,43.8,40.4,82.2,106.24,19.48
101480,The simple way to think,5,6,1.2,100.24,0.52,2.0,0.32,-1.03,0.25
101481,RavenDB,1,2,2.0,36.62,8.4,0.4,-4.8,12.04,19.48
101482,Leading organisations join OIDF independent,5,13,2.6,-18.2,17.04,18.0,23.52,17.81,16.52
101483,The OpenID Foundation membership has approved the following OpenID Connect,10,20,2.0,27.49,11.91,12.0,18.94,14.18,12.03
101484,On 13 February 2026,4,7,1.75,54.73,6.62,1.6,0.0,-0.59,11.73
101485,Adapting FAPI to evolving TLS,5,9,1.8,49.48,7.6,18.0,7.28,4.62,16.52
101486,OIDF welcomes NIST SP 1800,5,6,1.2,100.24,0.52,2.0,3.8,1.79,19.67
101487,Vector databases enable your AI,5,11,2.2,15.64,12.32,18.0,9.6,6.5,16.52
101489,If you already have a,5,7,1.4,83.32,2.88,2.0,-2.0,-2.92,0.25
101493,The mesh can distinguish between,5,8,1.6,66.4,5.24,10.0,10.76,7.45,10.2
101494,The industry is moving toward,5,9,1.8,49.48,7.6,10.0,7.28,4.62,7.04
101495,Whether you're a DevOps,4,6,1.5,75.88,3.67,1.6,4.35,4.12,11.73
101496,The Topic Alias feature greatly,5,10,2.0,32.56,9.96,10.0,9.6,6.5,16.52
101498,To optimize performance,3,7,2.333,6.39,13.11,27.87,14.93,13.04,14.31
101499,Using parametrized queries instead of,5,10,2.0,32.56,9.96,10.0,16.56,12.16,13.36
101500,You can also profile a,5,7,1.4,83.32,2.88,2.0,-0.84,-1.97,7.04
101501,In subsequent executions of the,5,10,2.0,32.56,9.96,18.0,9.6,6.5,10.2
101502,1) Optimizing the size of,5,8,1.6,66.4,5.24,10.0,1.48,0.85,10.2
101504,They never think about downtime,5,8,1.6,66.4,5.24,2.0,9.6,6.5,7.04
101505,One moment defined the week,5,7,1.4,83.32,2.88,2.0,4.96,2.74,7.04
101506,These enhancements expand Lambda beyond,5,10,2.0,32.56,9.96,10.0,18.88,14.04,16.52
101507,The most significant addition is,5,10,2.0,32.56,9.96,18.0,10.76,7.45,10.2
101508,Unlike Lambda's traditional model where,5,10,2.0,32.56,9.96,10.0,17.72,14.04,16.52
101509,Developers may describe functionality in,5,13,2.6,-18.2,17.04,18.0,20.04,14.98,10.2
101510,Server-side rendering vulnerabilities could,4,12,3.0,-51.02,21.37,21.6,33.35,27.67,15.68
101511,Vitest is tightly coupled to,5,7,1.4,83.32,2.88,2.0,6.12,3.68,13.36
101512,0 (Current) Released — A,4,6,1.5,75.88,3.67,1.6,1.45,-0.59,15.68
101513,But when those conditions line,5,7,1.4,83.32,2.88,10.0,8.44,5.56,7.04
101514,One of the more serious,5,7,1.4,83.32,2.88,10.0,0.32,-1.03,7.04
101515,Trustworthy JavaScript for the Open,5,10,2.0,32.56,9.96,18.0,14.24,10.27,10.2
101517,ONNX Runtime Web—running your,4,6,1.5,75.88,3.67,1.6,13.05,11.18,15.68
101519,BDD VA claims are available,5,8,1.6,66.4,5.24,10.0,4.96,2.74,16.52
101521,The fastest way to file,5,6,1.2,100.24,0.52,2.0,0.32,-1.03,7.04
101523,One relatively certain thing is,5,9,1.8,49.48,7.6,10.0,9.6,6.5,7.04
101525,Examples include systems like Active,5,10,2.0,32.56,9.96,10.0,15.4,11.21,16.52
101526,Now that the IdP has,5,5,1.0,117.16,-1.84,2.0,-3.16,-3.86,7.04
101527,The SAML Response also passes,5,8,1.6,66.4,5.24,2.0,7.28,4.62,13.36
101528,Step 1 — User tries to,5,6,1.2,100.24,0.52,2.0,-3.16,-5.58,13.36
101529,The IdP then sends this,5,5,1.0,117.16,-1.84,2.0,0.32,-1.03,10.2
101530,The first significant difference between,5,11,2.2,15.64,12.32,10.0,20.04,14.98,7.04
101531,As you can see in,5,5,1.0,117.16,-1.84,2.0,-6.64,-6.68,0.25
101532,The performance improvement in TLS,5,9,1.8,49.48,7.6,18.0,13.08,9.33,13.36
101533,TLS 1.2 uses a complex,5,7,1.4,83.32,2.88,2.0,-2.0,-1.97,16.52
101534,To address these issues,4,6,1.5,75.88,3.67,1.6,5.8,4.12,7.78
101535,One of the key reasons,5,6,1.2,100.24,0.52,2.0,-0.84,-1.97,7.04
101536,The models that you can,5,6,1.2,100.24,0.52,2.0,0.32,-1.03,7.04
101538,Using OpenAI's API is similar,5,8,1.6,66.4,5.24,10.0,6.12,4.62,16.52
101539,OpenAI API allows us to,5,6,1.2,100.24,0.52,2.0,0.32,-1.03,13.36
101540,You can basically automate much,5,9,1.8,49.48,7.6,18.0,9.6,6.5,10.2
101541,Service discovery is Prometheus's solution,5,13,2.6,-18.2,17.04,26.0,21.2,16.87,13.36
101545,Resource usage metrics track system,5,9,1.8,49.48,7.6,2.0,14.24,10.27,16.52
101547,That's why they bite mammals,5,6,1.2,100.24,0.52,2.0,4.96,3.68,7.04
101548,What Are the Symptoms of Gnat Bites?,7,8,1.143,103.04,0.63,2.8,4.0,2.26,10.75
101549,In rare cases,3,4,1.333,90.99,1.31,1.2,-4.4,-2.66,14.31
101550,Allergic Reaction Symptoms to Gnat,5,10,2.0,32.56,9.96,18.0,13.08,9.33,16.52
101551,Tell your doctor right away,5,7,1.4,83.32,2.88,2.0,4.96,2.74,0.25
101552,When scopes are defined too,5,6,1.2,100.24,0.52,2.0,4.96,2.74,10.2
101553,However,1,3,3.0,-47.98,20.2,0.4,-4.8,12.04,0.05
101554,OAuth's token system (request tokens,5,10,2.0,32.56,9.96,2.0,13.08,11.21,19.67
101555,Here are the main issues,5,6,1.2,100.24,0.52,2.0,1.48,-0.09,10.2
101556,OAuth authentication vulnerabilities arise partly,5,17,3.4,-85.88,26.48,18.0,30.48,23.46,13.36
101557,Therefore,1,2,2.0,36.62,8.4,0.4,6.8,21.46,19.48
101558,These examples are courtesy of,5,9,1.8,49.48,7.6,18.0,8.44,5.56,10.2
101559,OAuth 2.0 is highly interesting,5,9,1.8,49.48,7.6,2.0,8.44,6.5,13.36
101560,Attacks through the Browser History,5,9,1.8,49.48,7.6,2.0,14.24,10.27,10.2
101561,Redirect URIs should be treated,5,9,1.8,49.48,7.6,10.0,9.6,6.5,13.36
101563,This can lead to inconsistent,5,8,1.6,66.4,5.24,10.0,7.28,4.62,7.04
101564,For the purposes of security,5,10,2.0,32.56,9.96,18.0,6.12,3.68,10.2
101565,A passkey is a cryptographic,5,9,1.8,49.48,7.6,10.0,6.12,3.68,10.2
101566,Passkey technology relies on public,5,11,2.2,15.64,12.32,10.0,14.24,10.27,13.36
101567,A passkey is a cryptographic,5,9,1.8,49.48,7.6,10.0,6.12,3.68,10.2
101568,assurance enterprise or government use,5,11,2.2,15.64,12.32,18.0,17.72,13.1,10.2
101569,Passkeys are designed to replace traditional passwords over time,9,17,1.889,37.9,10.21,8.04,17.0,12.38,12.86
101570,DynamoDB Table Cost,3,5,1.667,62.79,5.25,1.2,7.2,6.76,9.05
101571,Component,1,3,3.0,-47.98,20.2,40.4,6.8,21.46,19.48
101573,Workload: 1.2 TB storage,4,7,1.75,54.73,6.62,1.6,4.35,5.3,19.62
101574,Pricing Dimension,2,5,2.5,-6.69,14.69,20.8,15.8,17.25,19.53
101575,If you have tables storing,5,7,1.4,83.32,2.88,2.0,3.8,1.79,10.2
101577,On-Demand Backup,2,4,2.0,35.61,8.79,0.8,10.0,14.9,19.53
101578,Pricing Dimension,2,5,2.5,-6.69,14.69,20.8,15.8,17.25,19.53
101579,DynamoDB on-demand costs $1.25,4,6,1.5,75.88,3.67,1.6,11.6,12.36,19.62
101580,Serialize DTOs with from_attributes=True,4,9,2.25,12.43,12.52,21.6,29.0,24.14,15.68
101581,Let's walk through the top,5,5,1.0,117.16,-1.84,2.0,2.64,1.79,0.25
101582,The caveat is that if,5,7,1.4,83.32,2.88,10.0,-2.0,-2.92,7.04
101583,Predictable resource setup/teardown,3,8,2.667,-21.81,17.05,14.53,36.2,31.88,19.58
101584,Kubernetes Overview,2,5,2.5,-6.69,14.69,20.8,21.6,21.96,19.53
101587,Teams will design their clusters,5,7,1.4,83.32,2.88,2.0,10.76,7.45,13.36
101589,Kubernetes adjusts cluster capacity to match workload demand in real,10,18,1.8,44.41,9.55,8.0,15.46,11.36,13.61
101591,Kubernetes was originally designed to,5,11,2.2,15.64,12.32,10.0,16.56,12.16,13.36
101592,Kubernetes offers scheduling primitives,4,10,2.5,-8.72,15.47,21.6,29.0,22.96,19.62
101593,But it also makes operations,5,9,1.8,49.48,7.6,10.0,6.12,3.68,10.2
101594,Kubernetes stores configs and secrets,5,8,1.6,66.4,5.24,2.0,16.56,12.16,16.52
101595,Many users report that initial,5,10,2.0,32.56,9.96,10.0,8.44,5.56,10.2
101596,But running multiple Kubernetes clusters,5,10,2.0,32.56,9.96,10.0,20.04,14.98,13.36
101597,Progressive Web Apps (PWAs),4,6,1.5,75.88,3.67,11.6,8.7,8.83,15.68
101598,It takes the form of,5,5,1.0,117.16,-1.84,2.0,-3.16,-3.86,7.04
101599,Service workers enable offline support,5,11,2.2,15.64,12.32,10.0,17.72,13.1,16.52
101600,By caching key resources like,5,8,1.6,66.4,5.24,10.0,7.28,4.62,10.2
101602,Performance enhancements,2,6,3.0,-48.99,20.59,40.8,36.1,33.73,19.53
101603,Offline Capabilities: Cache assets and,5,11,2.2,15.64,12.32,10.0,16.56,13.1,16.52
101604,Push Notifications,2,6,3.0,-48.99,20.59,20.8,18.7,19.6,11.63
101605,For example,2,4,2.0,35.61,8.79,20.8,-1.6,3.12,11.63
101606,Service workers act as a,5,7,1.4,83.32,2.88,2.0,1.48,-0.09,7.04
101607,This gives the benefit of,5,7,1.4,83.32,2.88,10.0,2.64,0.85,10.2
101609,When your product relies on,5,7,1.4,83.32,2.88,2.0,4.96,2.74,10.2
101612,This enables cost tracking per,5,8,1.6,66.4,5.24,10.0,8.44,5.56,13.36
101613,Assign the minimum required permissions,5,12,2.4,-1.28,14.68,26.0,18.88,14.04,16.52
101614,When OpenAI detects an API,5,6,1.2,100.24,0.52,2.0,3.8,1.79,13.36
101616,Your server will do the,5,6,1.2,100.24,0.52,2.0,0.32,-1.03,7.04
101617,Users can now scope API,5,6,1.2,100.24,0.52,2.0,0.32,-1.03,13.36
101618,When enabled,2,4,2.0,35.61,8.79,20.8,1.3,5.48,11.63
101619,Monitor API usage with OpenAI's,5,8,1.6,66.4,5.24,10.0,8.44,6.5,16.52
101623,Deep learning models can only,5,8,1.6,66.4,5.24,2.0,7.28,4.62,10.2
101624,Insufficient domain expertise can hinder,5,12,2.4,-1.28,14.68,18.0,20.04,14.98,16.52
101625,Adversarial Attacks[blog post] are,4,11,2.75,-29.87,18.42,21.6,18.85,17.07,11.73
101626,Retrieval-augmented generation is the,4,11,2.75,-29.87,18.42,21.6,24.65,20.6,11.73
101627,Improves accuracy: RAG reduces the,5,11,2.2,15.64,12.32,18.0,11.92,9.33,13.36
101629,Retrieve: Search your docs (policies,5,8,1.6,66.4,5.24,10.0,13.08,11.21,13.36
101630,Your architecture choice typically depends,5,11,2.2,15.64,12.32,18.0,22.36,16.87,13.36
101632,Reduced hallucinations: By grounding responses,5,13,2.6,-18.2,17.04,18.0,25.84,20.63,16.52
101633,The modern consensus is not,5,8,1.6,66.4,5.24,10.0,4.96,2.74,10.2
101635,CQRS introduces asynchronous updates between,5,13,2.6,-18.2,17.04,18.0,24.68,18.75,16.52
101636,The learning curve typically requires,5,10,2.0,32.56,9.96,18.0,16.56,12.16,13.36
101637,NATS supports pub/sub,3,5,1.667,62.79,5.25,1.2,9.13,9.9,19.58
101638,NATS delivers exceptional runtime performance,5,12,2.4,-1.28,14.68,26.0,25.84,19.69,19.67
101639,NATS is a single binary,5,8,1.6,66.4,5.24,10.0,0.32,-1.03,10.2
101640,These principles shape how NATS,5,7,1.4,83.32,2.88,10.0,9.6,6.5,10.2
101641,NATS delivers the lowest latency,5,10,2.0,32.56,9.96,18.0,10.76,7.45,16.52
101642,VS Code remains the center,5,8,1.6,66.4,5.24,2.0,3.8,1.79,13.36
101643,VS Code is the most,5,6,1.2,100.24,0.52,2.0,-4.32,-4.8,10.2
101644,FastAPI is my default for,5,6,1.2,100.24,0.52,2.0,2.64,0.85,10.2
101647,In Git 2.48,3,3,1.0,119.19,-2.62,1.2,-10.2,-5.8,14.31
101648,Then,1,1,1.0,121.22,-3.4,0.4,-22.2,-2.09,0.05
101649,In this case,3,3,1.0,119.19,-2.62,1.2,-6.33,-4.23,0.15
101650,After all,2,3,1.5,77.91,2.89,0.8,-7.4,-1.59,0.1
101651,People on socials reporting the,5,9,1.8,49.48,7.6,10.0,9.6,6.5,10.2
101652,Soon after,2,3,1.5,77.91,2.89,0.8,-4.5,0.77,0.1
101653,If it's been more than,5,5,1.0,117.16,-1.84,2.0,-2.0,-1.97,0.25
101654,A system prompt change to,5,6,1.2,100.24,0.52,2.0,2.64,0.85,10.2
101657,On March 26,3,3,1.0,119.19,-2.62,1.2,-8.27,-5.8,9.05
101658,Elasticsearch's ability to handle full,5,11,2.2,15.64,12.32,18.0,16.56,13.1,10.2
101660,Choosing the right search and,5,6,1.2,100.24,0.52,2.0,7.28,4.62,7.04
101662,Meilisearch is a Rust-based,4,6,1.5,75.88,3.67,1.6,10.15,8.83,11.73
101664,Unlike Typesense,2,4,2.0,35.61,8.79,0.8,12.9,14.9,19.53
101665,MongoDB's $text operator and Atlas,5,11,2.2,15.64,12.32,18.0,10.76,9.33,16.52
101666,Pinecone is the leading fully,5,7,1.4,83.32,2.88,2.0,7.28,4.62,10.2
101668,Conclusion,1,3,3.0,-47.98,20.2,40.4,12.6,26.17,19.48
101669,Relying on Default Configurations,4,11,2.75,-29.87,18.42,21.6,20.3,15.9,15.68
101670,While JMX is typically used,5,7,1.4,83.32,2.88,10.0,4.96,2.74,10.2
101671,This CVE affects the Kafka,5,7,1.4,83.32,2.88,2.0,3.8,1.79,13.36
101672,Relying on Default Configurations,4,11,2.75,-29.87,18.42,21.6,20.3,15.9,15.68
101674,The structure of the data,5,7,1.4,83.32,2.88,2.0,2.64,0.85,10.2
101675,When an Apache Kafka version,5,9,1.8,49.48,7.6,10.0,6.12,3.68,13.36
101676,While convenient,2,4,2.0,35.61,8.79,20.8,12.9,14.9,11.63
101677,Spring Boot 4 is built,5,5,1.0,117.16,-1.84,2.0,-0.84,-1.97,7.04
101678,It scales anyway.,3,5,1.667,62.79,5.25,1.2,1.4,3.62,0.15
101679,Previously,1,4,4.0,-132.58,32.0,40.4,12.6,26.17,19.48
101682,Jackson 2 remains available in,5,10,2.0,32.56,9.96,10.0,8.44,5.56,16.52
101683,Spring Boot 4 continues its,5,7,1.4,83.32,2.88,10.0,4.96,2.74,10.2
101684,Get Coding Journey's stories in,5,8,1.6,66.4,5.24,2.0,8.44,6.5,10.2
101686,Observability Is Built In,4,8,2.0,33.58,9.57,11.6,8.7,6.48,7.78
101687,Spring Boot 4 upgrades to,5,6,1.2,100.24,0.52,2.0,2.64,0.85,10.2
101688,The whole portfolio moves to,5,8,1.6,66.4,5.24,10.0,6.12,3.68,10.2
101690,OpenRewrite is helping developers automate,5,13,2.6,-18.2,17.04,26.0,22.36,16.87,16.52
101691,If you've hit this,4,4,1.0,118.18,-2.23,1.6,-2.9,-1.77,0.2
101692,But often you can think,5,6,1.2,100.24,0.52,2.0,0.32,-1.03,0.25
101693,Configure the cache for specific,5,9,1.8,49.48,7.6,18.0,10.76,7.45,13.36
101694,(Easy-breezy) Use Google,3,4,1.333,90.99,1.31,1.2,11.07,14.61,14.31
101697,Instead,1,2,2.0,36.62,8.4,0.4,-4.8,12.04,0.05
101698,Using OAuth 2.0,3,5,1.667,62.79,5.25,1.2,-2.47,0.48,19.58
101699,Think of grant types as,5,5,1.0,117.16,-1.84,2.0,0.32,-1.03,10.2
101700,All clients (apps) must register,5,8,1.6,66.4,5.24,10.0,8.44,7.45,13.36
101701,Client ID and Secret,4,6,1.5,75.88,3.67,1.6,1.45,0.59,11.73
101702,scope: This defines what information,5,9,1.8,49.48,7.6,10.0,14.24,11.21,13.36
101703,If agreed,2,3,1.5,77.91,2.89,0.8,-7.4,-1.59,11.63
101704,The basic steps for accessing,5,8,1.6,66.4,5.24,10.0,7.28,4.62,13.36
101705,Descriptive statistical analysis across 30,5,14,2.8,-35.12,19.4,26.0,22.36,16.87,16.52
101706,Terraform is a highly sought,5,8,1.6,66.4,5.24,10.0,6.12,3.68,13.36
101707,An identical multi-tier architecture,4,14,3.5,-93.32,27.27,31.6,23.2,19.43,15.68
101708,About DynamoDB,2,4,2.0,35.61,8.79,0.8,7.1,10.18,11.63
101709,Web console,2,3,1.5,77.91,2.89,0.8,-1.6,3.12,11.63
101710,When a Primary Key is,5,7,1.4,83.32,2.88,10.0,-2.0,-2.92,7.04
101712,When a Primary Key is made up of two attributes,10,14,1.4,78.25,4.83,12.0,3.28,1.47,7.29
101713,DynamoDB offers the option to,5,8,1.6,66.4,5.24,2.0,7.28,4.62,13.36
101714,Partitioning,1,4,4.0,-132.58,32.0,40.4,24.2,35.59,19.48
101715,DynamoDB uses hashing and B,5,8,1.6,66.4,5.24,2.0,4.96,2.74,16.52
101716,Developers can use DynamoDB to,5,9,1.8,49.48,7.6,10.0,8.44,5.56,10.2
101717,DynamoDB global tables provides active,5,10,2.0,32.56,9.96,2.0,17.72,13.1,19.67
101719,Instead,1,2,2.0,36.62,8.4,0.4,-4.8,12.04,0.05
101720,These patterns address various data,5,10,2.0,32.56,9.96,10.0,14.24,10.27,13.36
101721,The second is more about,5,7,1.4,83.32,2.88,2.0,1.48,-0.09,0.25
101723,CSP is a browser feature,5,7,1.4,83.32,2.88,2.0,1.48,-0.09,13.36
101724,Then,1,1,1.0,121.22,-3.4,0.4,-22.2,-2.09,0.05
101725,Use Flask-Migrate for Database,4,6,1.5,75.88,3.67,11.6,14.5,12.36,11.73
101726,Asynchronous and Event-Driven: Node,4,9,2.25,12.43,12.52,21.6,20.3,18.25,15.68
101727,js is an option when,5,6,1.2,100.24,0.52,2.0,-3.16,-3.86,10.2
101729,Recently,1,3,3.0,-47.98,20.2,40.4,1.0,16.75,19.48
101730,Single Language Across the Stack,5,8,1.6,66.4,5.24,2.0,10.76,7.45,0.25
101732,js helps you make informed,5,6,1.2,100.24,0.52,2.0,3.8,1.79,13.36
101733,Mostly the even versions are,5,8,1.6,66.4,5.24,2.0,6.12,3.68,7.04
101734,These versions are suitable for,5,8,1.6,66.4,5.24,10.0,9.6,6.5,10.2
101736,Besides choosing whether to install,5,9,1.8,49.48,7.6,2.0,14.24,10.27,13.36
101737,Add prompt caching for a,5,6,1.2,100.24,0.52,2.0,1.48,-0.09,10.2
101738,A few things stand out,5,5,1.0,117.16,-1.84,2.0,-0.84,-1.97,7.04
101741,The premium-tier reset is large: Opus 4.5 and Opus,9,14,1.556,70.67,4.52,6.24,2.76,2.8,12.63
101742,$10 per 1,3,3,1.0,119.19,-2.62,1.2,-14.07,-8.94,19.58
101745,The highest-impact single action,4,8,2.0,33.58,9.57,11.6,17.4,14.72,11.73
101746,An Empirical Evaluation of Generative AI as a Collaborative Teammate,10,25,2.5,-14.81,17.81,20.0,15.46,11.36,13.61
101747,Source: ACM Inroads,3,4,1.333,90.99,1.31,1.2,5.27,6.76,19.58
101748,The Fix: Use HttpOnly cookies,5,7,1.4,83.32,2.88,2.0,6.12,4.62,7.04
101749,For this reason,3,4,1.333,90.99,1.31,1.2,-0.53,0.48,0.15
101750,JWT payloads should never include,5,8,1.6,66.4,5.24,2.0,11.92,8.39,13.36
101751,Anyone with access to the,5,8,1.6,66.4,5.24,2.0,2.64,0.85,7.04
101752,Revoking JWTs introduces complexity because,5,14,2.8,-35.12,19.4,26.0,23.52,17.81,16.52
101753,A good strategy is to,5,7,1.4,83.32,2.88,10.0,-2.0,-2.92,7.04
101754,A good strategy is to,5,7,1.4,83.32,2.88,10.0,-2.0,-2.92,7.04
101755,Serverless database vendors provide developers,5,13,2.6,-18.2,17.04,18.0,27.0,20.63,19.67
101756,Keep Edge Config sizes small,5,7,1.4,83.32,2.88,2.0,6.12,3.68,10.2
101757,Increasing build time: As dependencies,5,10,2.0,32.56,9.96,18.0,16.56,13.1,10.2
101759,WebTransport seeks to provide,4,6,1.5,75.88,3.67,1.6,14.5,11.18,15.68
101760,Refonte Learning's instructors often emphasize,5,12,2.4,-1.28,14.68,18.0,25.84,20.63,16.52
101761,Enter the below into the,5,8,1.6,66.4,5.24,2.0,1.48,-0.09,0.25
101762,If you have ever worked,5,6,1.2,100.24,0.52,2.0,0.32,-1.03,7.04
101764,Starting Prometheus,2,5,2.5,-6.69,14.69,20.8,21.6,21.96,19.53
101765,For example,2,4,2.0,35.61,8.79,20.8,-1.6,3.12,11.63
101767,"If your problem is ""the",5,6,1.2,100.24,0.52,2.0,-0.84,-1.03,7.04
101768,The operational impact is a,5,10,2.0,32.56,9.96,10.0,4.96,2.74,10.2
101770,In 2026,2,2,1.0,120.21,-3.01,0.8,-13.2,-6.3,11.63
101771,TLS (Transport Layer Security) The,5,10,2.0,32.56,9.96,10.0,10.76,9.33,16.52
101772,Published by the IETF in,5,6,1.2,100.24,0.52,2.0,1.48,-0.09,10.2
101775,All of this momentum led,5,7,1.4,83.32,2.88,10.0,1.48,-0.09,7.04
101776,The handshake messages after ServerHello,5,10,2.0,32.56,9.96,10.0,20.04,14.98,13.36
101778,What remains is a streamlined,5,7,1.4,83.32,2.88,2.0,7.28,4.62,10.2
101779,Forward Secrecy (PFS) Even if,5,9,1.8,49.48,7.6,10.0,4.96,4.62,10.2
101781,Encrypted Handshake and Privacy Improvements with TLS 1.3,8,15,1.875,40.09,9.66,18.2,16.02,12.01,15.88
101782,It removes outdated cryptographic algorithms,5,14,2.8,-35.12,19.4,26.0,24.68,18.75,16.52
101783,ECH is not yet universally,5,9,1.8,49.48,7.6,10.0,3.8,1.79,10.2
101784,Major 2026 Shift: Shrinking Certificate,5,10,2.0,32.56,9.96,10.0,17.72,14.04,16.52
101785,We describe and demo MotherDuck,5,9,1.8,49.48,7.6,10.0,9.6,6.5,10.2
101786,The DuckDB-based solution processed,4,10,2.5,-8.72,15.47,21.6,21.75,18.25,15.68
101787,Gemini Enterprise is now the,5,9,1.8,49.48,7.6,18.0,6.12,3.68,10.2
101788,The most jaw-dropping update,4,7,1.75,54.73,6.62,11.6,11.6,10.01,11.73
101789,This architecture is why Gemini,5,10,2.0,32.56,9.96,18.0,9.6,6.5,10.2
101790,Gemini 2.5 Flash-Lite — For,4,7,1.75,54.73,6.62,11.6,5.8,2.24,15.68
101791,Google's Gemini API just got,5,7,1.4,83.32,2.88,10.0,4.96,3.68,13.36
101792,Native multimodality from the ground,5,9,1.8,49.48,7.6,10.0,15.4,11.21,10.2
101793,Gemini Enterprise Agent Platform is,5,11,2.2,15.64,12.32,18.0,14.24,10.27,13.36
101794,Google Ecosystem : If you live,5,8,1.6,66.4,5.24,10.0,6.12,0.7,10.2
101795,What Makes Service Meshes Critical in 2026,7,11,1.571,66.79,5.68,8.51,9.8,6.29,13.01
101796,By bringing sidecarless mesh into,5,9,1.8,49.48,7.6,10.0,11.92,8.39,13.36
101797,Ambient Mode provides a way,5,8,1.6,66.4,5.24,10.0,4.96,2.74,13.36
101798,The emerging answer is Ambient,5,10,2.0,32.56,9.96,18.0,8.44,5.56,10.2
101799,Ambient multi-cluster support has,4,8,2.0,33.58,9.57,11.6,18.85,15.9,15.68
101800,You can make the service,5,6,1.2,100.24,0.52,2.0,1.48,-0.09,0.25
101801,You must enforce mTLS,4,5,1.25,97.03,0.72,1.6,2.9,1.77,11.73
101802,Layer 7 Control Without the,5,8,1.6,66.4,5.24,2.0,4.96,2.74,13.36
101803,Cilium Service Mesh represents the,5,9,1.8,49.48,7.6,10.0,13.08,9.33,13.36
101804,HSTS is dictated by the,5,7,1.4,83.32,2.88,10.0,0.32,-1.03,10.2
101805,Prevents protocol downgrade attacks.,4,9,2.25,12.43,12.52,11.6,23.2,19.43,19.62
101806,If a TLS warning or,5,6,1.2,100.24,0.52,2.0,-4.32,-4.8,10.2
101807,Flask stays relevant because of,5,8,1.6,66.4,5.24,10.0,9.6,6.5,13.36
101808,If something happens in a,5,7,1.4,83.32,2.88,2.0,2.64,0.85,7.04
101810,From scraping metrics to visualizing,5,10,2.0,32.56,9.96,10.0,15.4,11.21,13.36
101811,Alerting rules help spot issues,5,8,1.6,66.4,5.24,10.0,9.6,6.5,13.36
101812,An example rules file with,5,7,1.4,83.32,2.88,10.0,3.8,1.79,10.2
101813,A Prometheus alert rule has,5,8,1.6,66.4,5.24,10.0,4.96,2.74,10.2
101815,If a duration of 10m,5,7,1.4,83.32,2.88,10.0,-3.16,-3.86,10.2
101816,Within contemporary culture,3,9,3.0,-50.01,20.98,14.53,22.67,19.32,19.58
101817,Greek mythology tells of two,5,8,1.6,66.4,5.24,10.0,6.12,3.68,13.36
101818,His intellectual side was emphasized,5,11,2.2,15.64,12.32,18.0,15.4,11.21,10.2
101819,As the price of fire,5,6,1.2,100.24,0.52,2.0,-3.16,-3.86,0.25
101820,The story of Prometheus and,5,8,1.6,66.4,5.24,10.0,4.96,2.74,7.04
101821,There are disturbing images of,5,9,1.8,49.48,7.6,18.0,8.44,5.56,10.2
101822,Unsloth has revolutionized accessible fine,5,13,2.6,-18.2,17.04,18.0,22.36,16.87,13.36
101823,LLaMA-Factory is the Swiss,4,6,1.5,75.88,3.67,11.6,8.7,7.65,11.73
101824,Most developers know Supervised Fine,5,10,2.0,32.56,9.96,18.0,15.4,11.21,10.2
101825,If you're new to,4,4,1.0,118.18,-2.23,1.6,-5.8,-4.12,0.2
101827,Introduction,1,4,4.0,-132.58,32.0,40.4,24.2,35.59,19.48
101829,Spring Autowiring,2,3,1.5,77.91,2.89,0.8,15.8,17.25,11.63
101832,Learn Java basics – OOP,4,6,1.5,75.88,3.67,1.6,2.9,-1.53,15.68
101833,Let's build and run the,5,5,1.0,117.16,-1.84,2.0,-0.84,-1.03,0.25
101834,Spring Boot with Database and,5,7,1.4,83.32,2.88,10.0,7.28,4.62,7.04
101839,By converting text into embeddings,5,10,2.0,32.56,9.96,18.0,13.08,9.33,13.36
101840,Avoid exposing the API keys,5,8,1.6,66.4,5.24,10.0,4.96,2.74,16.52
101842,Batching and Compression,3,6,2.0,34.59,9.18,14.53,16.87,14.61,14.31
101843,The default is 16KB,4,5,1.25,97.03,0.72,1.6,0.0,-0.59,11.73
101844,Kafka performance tuning of brokers,5,10,2.0,32.56,9.96,10.0,14.24,10.27,16.52
101847,Broker Configuration Tuning,3,9,3.0,-50.01,20.98,14.53,22.67,19.32,19.58
101848,Parallelism is critical for consumer,5,13,2.6,-18.2,17.04,26.0,15.4,11.21,13.36
101849,Disk I/O configuration matters,4,10,2.5,-8.72,15.47,11.6,14.5,12.36,19.62
101851,Once you can see a,5,5,1.0,117.16,-1.84,2.0,-5.48,-5.74,0.25
101852,“You put the camera in,5,7,1.4,83.32,2.88,10.0,-2.0,-1.97,7.04
101853,As you can see in,5,5,1.0,117.16,-1.84,2.0,-6.64,-6.68,0.25
101854,Astrophotography Settings Cheat Sheet,4,10,2.5,-8.72,15.47,11.6,26.1,20.6,11.73
101855,Shoot in RAW: Like in,5,5,1.0,117.16,-1.84,2.0,-3.16,-2.92,0.25
101856,That's where a red torch,5,5,1.0,117.16,-1.84,2.0,0.32,-0.09,7.04
101858,Dynamic catalogs,2,6,3.0,-48.99,20.59,40.8,12.9,14.9,19.53
101859,Astro ships static HTML by,5,7,1.4,83.32,2.88,2.0,3.8,1.79,16.52
101860,Server Islands extend the islands,5,9,1.8,49.48,7.6,2.0,11.92,8.39,16.52
101861,Server Islands: Defer rendering of,5,10,2.0,32.56,9.96,10.0,11.92,9.33,16.52
101862,Modern search is vectorized.,4,7,1.75,54.73,6.62,11.6,11.6,10.01,11.73
101863,ArgoCD has cluster-admin level,4,7,1.75,54.73,6.62,1.6,14.5,12.36,11.73
101864,apiVersion: v1 kind: ConfigMap metadata,5,7,1.4,83.32,2.88,2.0,16.56,14.04,16.52
101865,Security hardening ArgoCD requires defense,5,14,2.8,-35.12,19.4,26.0,22.36,16.87,16.52
101866,Applications are defined as Kubernetes,5,10,2.0,32.56,9.96,10.0,17.72,13.1,13.36
101867,Use network policies for inter,5,9,1.8,49.48,7.6,10.0,8.44,5.56,13.36
101868,Enforce TLS,2,3,1.5,77.91,2.89,0.8,-1.6,3.12,19.53
101869,Administrators have the option to,5,10,2.0,32.56,9.96,10.0,11.92,8.39,10.2
101870,Disable admin account after SSO,5,10,2.0,32.56,9.96,10.0,9.6,6.5,13.36
101872,Disable the default admin account,5,10,2.0,32.56,9.96,10.0,11.92,8.39,13.36
101873,Apply restricted Pod Security Standards,5,12,2.4,-1.28,14.68,18.0,18.88,14.04,19.67
101874,Configure resource limits to prevent DoS,6,11,1.833,45.65,8.38,9.07,13.1,9.04,17.09
101875,This study investigates the integration of Quantum Natural Language Processing,10,23,2.3,2.11,15.45,20.0,21.26,16.07,12.03
101876,This paper utilizes the Neo4j,5,9,1.8,49.48,7.6,10.0,7.28,4.62,10.2
101877,Rosario Napoli,2,7,3.5,-91.29,26.49,40.8,7.1,10.18,19.53
101878,This paper proposes an innovative,5,11,2.2,15.64,12.32,18.0,11.92,8.39,10.2
101879,For this purpose,3,4,1.333,90.99,1.31,1.2,1.4,2.05,9.05
101880,In the experiments,3,6,2.0,34.59,9.18,14.53,5.27,5.19,9.05
101881,Abstract,1,2,2.0,36.62,8.4,0.4,1.0,16.75,19.48
101882,This language solves a problem,5,7,1.4,83.32,2.88,2.0,8.44,5.56,10.2
101883,The need for validation has,5,8,1.6,66.4,5.24,10.0,4.96,2.74,7.04
101884,This study investigates the integration of Quantum Natural Language Processing,10,23,2.3,2.11,15.45,20.0,21.26,16.07,12.03
101885,With Lambda,2,3,1.5,77.91,2.89,0.8,-1.6,3.12,11.63
101886,This is useful in a,5,6,1.2,100.24,0.52,2.0,-4.32,-4.8,0.25
101887,Resize images,2,5,2.5,-6.69,14.69,20.8,4.2,7.83,19.53
101889,Conversely,1,3,3.0,-47.98,20.2,40.4,12.6,26.17,19.48
101890,Another advantage of AWS Lambda,5,10,2.0,32.56,9.96,10.0,9.6,6.5,13.36
101891,From simple automations to high,5,8,1.6,66.4,5.24,10.0,9.6,6.5,7.04
101892,One of the key benefits,5,7,1.4,83.32,2.88,10.0,0.32,-1.03,7.04
101895,Additionally,1,5,5.0,-217.18,43.8,40.4,24.2,35.59,19.48
101896,Focus on the key metrics,5,7,1.4,83.32,2.88,2.0,1.48,-0.09,10.2
101897,An event is a single,5,7,1.4,83.32,2.88,2.0,-3.16,-3.86,7.04
101898,The three largest differences are,5,9,1.8,49.48,7.6,10.0,11.92,8.39,10.2
101899,Copy as Markdown,3,5,1.667,62.79,5.25,1.2,1.4,2.05,9.05
101901,Gemini 2.5 Pro competes with,5,8,1.6,66.4,5.24,10.0,4.96,3.68,16.52
101902,Google Gemini (DeepMind): Google,4,7,1.75,54.73,6.62,11.6,14.5,14.72,19.62
101903,As of April 2026,4,5,1.25,97.03,0.72,1.6,-4.35,-4.12,7.78
101904,Now in 2026,3,3,1.0,119.19,-2.62,1.2,-8.27,-5.8,9.05
101905,The quick recommendation table,4,9,2.25,12.43,12.52,11.6,15.95,12.36,7.78
101906,Models that follow system prompts,5,8,1.6,66.4,5.24,2.0,11.92,8.39,13.36
101907,Context caching: Up to 90,5,7,1.4,83.32,2.88,2.0,1.48,0.85,13.36
101909,Conversation state management: In Chat,5,10,2.0,32.56,9.96,18.0,16.56,13.1,13.36
101910,Responses API: A new API,5,7,1.4,83.32,2.88,10.0,0.32,-0.09,13.36
101912,Released GPT-5.5,2,3,1.5,77.91,2.89,0.8,7.1,14.9,19.53
101913,Introducing GPT-5.5,2,5,2.5,-6.69,14.69,20.8,15.8,21.96,19.53
101914,Released GPT-5.4 mini and,4,6,1.5,75.88,3.67,1.6,5.8,6.48,15.68
101915,Expanded the Sora API with,5,7,1.4,83.32,2.88,10.0,3.8,1.79,13.36
101916,Agents SDK: An open-source,4,6,1.5,75.88,3.67,1.6,7.25,7.65,15.68
101918,OpenAI Privacy Filter is an,5,8,1.6,66.4,5.24,10.0,4.96,2.74,13.36
101919,Since JWTs are stateless,4,5,1.25,97.03,0.72,1.6,7.25,5.3,11.73
101920,Unlike traditional sessions that can,5,10,2.0,32.56,9.96,10.0,15.4,11.21,13.36
101921,If your JWTs are stored,5,5,1.0,117.16,-1.84,2.0,0.32,-1.03,10.2
101922,The Fix: Use HttpOnly cookies,5,7,1.4,83.32,2.88,2.0,6.12,4.62,7.04
101923,If that token is ever,5,7,1.4,83.32,2.88,2.0,-2.0,-2.92,7.04
101924,A good strategy is to,5,7,1.4,83.32,2.88,10.0,-2.0,-2.92,7.04
101925,In a naive implementation (without,5,11,2.2,15.64,12.32,10.0,11.92,9.33,10.2
101926,To avoid this,3,4,1.333,90.99,1.31,1.2,-4.4,-2.66,9.05
101927,If you're sending sensitive,4,7,1.75,54.73,6.62,11.6,10.15,8.83,11.73
101928,The thief is left with,5,5,1.0,117.16,-1.84,2.0,-0.84,-1.97,0.25
101929,Symptom,1,2,2.0,36.62,8.4,0.4,-4.8,12.04,19.48
101931,Step 1: Access Google AI,5,6,1.2,100.24,0.52,2.0,0.32,-0.09,16.52
101932,In the left sidebar,4,5,1.25,97.03,0.72,1.6,0.0,-0.59,7.78
101933,If you are in a,5,5,1.0,117.16,-1.84,2.0,-8.96,-8.57,0.25
101935,Unlike OpenAI and Anthropic,4,7,1.75,54.73,6.62,11.6,11.6,8.83,15.68
101936,What to Do With Your Key Next,7,7,1.0,115.13,-1.06,2.8,-0.97,-2.45,0.35
101937,Google also provides SDKs for,5,7,1.4,83.32,2.88,2.0,7.28,4.62,13.36
101940,Go to aistudio.google.com,3,7,2.333,6.39,13.11,14.53,14.93,16.18,9.05
101942,Istio is a service mesh,5,7,1.4,83.32,2.88,2.0,0.32,-1.03,10.2
101943,Secure by default,3,5,1.667,62.79,5.25,1.2,3.33,3.62,14.31
101944,Step 2: Enable mTLS for,5,7,1.4,83.32,2.88,10.0,-0.84,-1.03,13.36
101945,A service mesh is an,5,6,1.2,100.24,0.52,2.0,-3.16,-3.86,7.04
101948,Istio solves these by providing,5,8,1.6,66.4,5.24,10.0,9.6,6.5,13.36
101949,Istio offers two data plane,5,8,1.6,66.4,5.24,2.0,4.96,2.74,13.36
101950,Checking Proxy Overhead,3,7,2.333,6.39,13.11,1.2,14.93,13.04,14.31
101952,x.y in earlier versions) is,5,8,1.6,66.4,5.24,10.0,2.64,2.74,13.36
101953,In this task,3,3,1.0,119.19,-2.62,1.2,-6.33,-4.23,0.15
101957,The amount you'll receive,4,6,1.5,75.88,3.67,1.6,7.25,6.48,0.2
101958,Your marital status,3,6,2.0,34.59,9.18,14.53,7.2,6.76,14.31
101959,Retirement benefits,2,7,3.5,-91.29,26.49,40.8,21.6,21.96,19.53
101960,(If you're a survivor,4,6,1.5,75.88,3.67,11.6,0.0,1.77,7.78
101963,Typically,1,3,3.0,-47.98,20.2,40.4,6.8,21.46,19.48
101964,A robo advisor is an,5,8,1.6,66.4,5.24,10.0,-3.16,-3.86,10.2
101965,In most cases,3,4,1.333,90.99,1.31,1.2,-4.4,-2.66,9.05
101966,Most robo-advisors offer a,4,7,1.75,54.73,6.62,11.6,8.7,7.65,7.78
101967,A robo advisor uses that,5,9,1.8,49.48,7.6,10.0,1.48,-0.09,13.36
101968,And depending on the offering,5,9,1.8,49.48,7.6,18.0,7.28,4.62,10.2
101969,You Might Deduct advisory fees,5,9,1.8,49.48,7.6,10.0,8.44,5.56,13.36
101970,The repeal on deducting advisory,5,11,2.2,15.64,12.32,18.0,10.76,7.45,13.36
101972,Charitable giving: Establish a donor,5,12,2.4,-1.28,14.68,18.0,14.24,11.21,13.36
101973,For example,2,4,2.0,35.61,8.79,20.8,-1.6,3.12,11.63
101974,These transactions—selling assets,3,6,2.0,34.59,9.18,14.53,32.33,28.74,14.31
101975,Refinancing requires paying closing costs,5,12,2.4,-1.28,14.68,18.0,21.2,15.92,19.67
101977,If you have a conventional,5,8,1.6,66.4,5.24,10.0,3.8,1.79,7.04
101979,When those limits are exhausted,5,8,1.6,66.4,5.24,10.0,9.6,6.5,10.2
101981,The umbrella insurance market remains,5,11,2.2,15.64,12.32,10.0,16.56,12.16,10.2
101982,False arrest or invasion of,5,8,1.6,66.4,5.24,10.0,4.96,2.74,10.2
101983,Higher Medical Costs: The cost,5,8,1.6,66.4,5.24,10.0,7.28,5.56,13.36
101984,An umbrella policy doesn't,4,9,2.25,12.43,12.52,11.6,8.7,7.65,7.78
101986,Umbrella insurance may help with,5,9,1.8,49.48,7.6,10.0,10.76,7.45,7.04
101987,Teen drivers alone represent one,5,9,1.8,49.48,7.6,10.0,10.76,7.45,13.36
101989,Despite the massive protection it,5,9,1.8,49.48,7.6,10.0,11.92,8.39,13.36
101990,Nuclear verdicts and social inflation,5,11,2.2,15.64,12.32,18.0,16.56,12.16,16.52
101991,Comprehensive Financial Planning Focus,4,11,2.75,-29.87,18.42,21.6,27.55,21.78,19.62
101992,Fee-Only Structure: The advisor,4,7,1.75,54.73,6.62,11.6,14.5,13.54,15.68
101993,Common Pricing Options for a,5,8,1.6,66.4,5.24,2.0,6.12,3.68,13.36
101994,Flat fee or hourly advisors,5,8,1.6,66.4,5.24,10.0,4.96,2.74,13.36
101995,Fee Structure,2,3,1.5,77.91,2.89,0.8,4.2,7.83,19.53
101996,If you can pay fees,5,5,1.0,117.16,-1.84,2.0,-4.32,-4.8,7.04
101997,Comprehensive fee-only advisors should,4,9,2.25,12.43,12.52,21.6,26.1,21.78,15.68
101998,This includes a review of,5,7,1.4,83.32,2.88,2.0,2.64,0.85,7.04
101999,Term life is a good,5,5,1.0,117.16,-1.84,2.0,-4.32,-4.8,0.25
102001,Many term policies also offer,5,10,2.0,32.56,9.96,10.0,7.28,4.62,7.04
102002,Many term policies include a,5,9,1.8,49.48,7.6,10.0,6.12,3.68,10.2
102004,Warning about refinancing offers,4,10,2.5,-8.72,15.47,11.6,18.85,14.72,15.68
102005,Types of VA Home Loans,5,5,1.0,117.16,-1.84,2.0,-0.84,-1.97,13.36
102006,Purchase Loan,2,3,1.5,77.91,2.89,0.8,4.2,7.83,11.63
102007,Buy a single-family home,4,6,1.5,75.88,3.67,11.6,5.8,5.3,7.78
102009,Native American Direct Loan (NADL,5,10,2.0,32.56,9.96,2.0,10.76,8.39,10.2
102011,A VA IRRRL,3,3,1.0,119.19,-2.62,1.2,-10.2,-7.37,14.31
102012,Also known as a VA,5,6,1.2,100.24,0.52,2.0,-5.48,-5.74,7.04
102014,Find out if you're eligible for a NADL to,9,12,1.333,84.9,3.65,8.04,1.53,0.34,7.59
102015,If you replace your $300,5,6,1.2,100.24,0.52,2.0,0.32,-0.09,10.2
102016,Borrowers can access only 80,5,9,1.8,49.48,7.6,10.0,6.12,3.68,13.36
102018,A VA renovation loan is,5,8,1.6,66.4,5.24,10.0,0.32,-1.03,10.2
102019,High Yield Bond Index).,4,5,1.25,97.03,0.72,1.6,2.9,4.12,15.68
102020,In very short order,4,6,1.5,75.88,3.67,1.6,0.0,-0.59,0.2
102021,In very short order,4,6,1.5,75.88,3.67,1.6,0.0,-0.59,0.2
102022,Should this manifest,3,5,1.667,62.79,5.25,14.53,9.13,8.33,9.05
102023,By definition these issuers will,5,10,2.0,32.56,9.96,18.0,10.76,7.45,10.2
102024,The Federal Reserve lowered interest,5,10,2.0,32.56,9.96,10.0,15.4,11.21,16.52
102025,These market shifts operate in,5,8,1.6,66.4,5.24,10.0,8.44,5.56,10.2
102026,U.S.: We expect the Fed,5,6,1.2,100.24,0.52,2.0,-3.16,-1.03,0.25
102028,The CFP® exam is all about applying knowledge to,9,14,1.556,66.1,6.28,8.04,6.04,4.0,11.1
102029,Risk management and insurance planning,5,10,2.0,32.56,9.96,18.0,17.72,13.1,16.52
102031,Recognize this as test anxiety,5,10,2.0,32.56,9.96,18.0,8.44,5.56,10.2
102033,But you're not out,4,4,1.0,118.18,-2.23,1.6,-2.9,-1.77,0.2
102034,What does a fiduciary advisor,5,11,2.2,15.64,12.32,18.0,7.28,4.62,10.2
102035,Duty of care means that,5,6,1.2,100.24,0.52,2.0,0.32,-1.03,0.25
102036,Loyalty: Always placing the client's,5,10,2.0,32.56,9.96,10.0,13.08,11.21,13.36
102037,While some may claim to,5,5,1.0,117.16,-1.84,2.0,0.32,-1.03,7.04
102038,A fiduciary financial advisor is a wealth professional who manages,10,23,2.3,2.11,15.45,24.0,14.3,10.42,12.03
102039,An advisor adhering to their,5,9,1.8,49.48,7.6,18.0,6.12,3.68,10.2
102040,They are also expected to,5,8,1.6,66.4,5.24,10.0,2.64,0.85,7.04
102041,This distinction also means that,5,8,1.6,66.4,5.24,10.0,10.76,7.45,7.04
102042,Help the client make the,5,6,1.2,100.24,0.52,2.0,1.48,-0.09,7.04
102043,Hourly fiduciary financial advisor: Charges,5,15,3.0,-52.04,21.76,26.0,22.36,17.81,19.67
102044,In addition to providing accurate,5,11,2.2,15.64,12.32,26.0,11.92,8.39,13.36
102045,CERTIFIED FINANCIAL PLANNERTM professionals,4,12,3.0,-51.02,21.37,31.6,34.8,27.67,19.62
102046,The bottom line,3,4,1.333,90.99,1.31,1.2,-0.53,0.48,0.15
102047,New Hampshire renters can get,5,7,1.4,83.32,2.88,2.0,7.28,4.62,10.2
102048,Our team of 1,4,5,1.25,97.03,0.72,1.6,-8.7,-7.65,7.78
102049,Gone are the days of,5,5,1.0,117.16,-1.84,2.0,-3.16,-3.86,7.04
102050,Nearly 40 percent of claims,5,7,1.4,83.32,2.88,2.0,4.96,2.74,13.36
102051,Coverage is available starting at,5,11,2.2,15.64,12.32,18.0,11.92,8.39,13.36
102052,But if you want to,5,5,1.0,117.16,-1.84,2.0,-5.48,-5.74,0.25
102054,Smart devices,2,4,2.0,35.61,8.79,20.8,4.2,7.83,11.63
102055,Smart devices,2,4,2.0,35.61,8.79,20.8,4.2,7.83,11.63
102056,For instance,2,3,1.5,77.91,2.89,0.8,1.3,5.48,11.63
102057,Focus on Underinsured Markets,4,9,2.25,12.43,12.52,11.6,14.5,11.18,15.68
102058,Average Monthly Cost for Renters Insurance,6,12,2.0,31.55,10.35,15.73,15.03,10.62,14.46
102059,Policies start from $5 per,5,7,1.4,83.32,2.88,10.0,2.64,1.79,13.36
102060,Company and ticker symbol,4,8,2.0,33.58,9.57,1.6,8.7,6.48,11.73
102063,The long game comes from,5,5,1.0,117.16,-1.84,2.0,1.48,-0.09,7.04
102064,A trauma bond is any,5,7,1.4,83.32,2.88,2.0,-3.16,-3.86,10.2
102065,Janice Twesten,2,4,2.0,35.61,8.79,0.8,7.1,10.18,19.53
102066,In a trauma-bonded relationship,4,11,2.75,-29.87,18.42,21.6,15.95,13.54,11.73
102067,Losing external support reinforces dependency,5,15,3.0,-52.04,21.76,26.0,25.84,19.69,19.67
102069,All three major credit bureaus,5,8,1.6,66.4,5.24,2.0,8.44,5.56,10.2
102070,How long it lasts: A,5,5,1.0,117.16,-1.84,2.0,-4.32,-3.86,7.04
102071,Freezing your credit is free: Federal law requires that credit,10,17,1.7,52.87,8.37,12.0,11.4,8.53,12.03
102073,Credit locks can cost money,5,7,1.4,83.32,2.88,2.0,4.96,2.74,10.2
102074,What To Know About Credit Freezes,6,9,1.5,73.85,4.45,2.4,6.33,3.55,9.2
102075,Credit freezes don't affect,4,7,1.75,54.73,6.62,1.6,10.15,8.83,15.68
102076,If you need to do,5,5,1.0,117.16,-1.84,2.0,-6.64,-6.68,0.25
102077,A credit freeze,3,4,1.333,90.99,1.31,1.2,-0.53,0.48,9.05
102078,A fiduciary advisor operates under,5,14,2.8,-35.12,19.4,26.0,13.08,9.33,13.36
102079,Non-fiduciary advisors follow what's,4,10,2.5,-8.72,15.47,21.6,21.75,19.43,11.73
102080,A fiduciary advisor is legally,5,13,2.6,-18.2,17.04,26.0,8.44,5.56,13.36
102081,They don't receive any,4,6,1.5,75.88,3.67,1.6,2.9,2.94,0.2
102082,If you have strong financial,5,7,1.4,83.32,2.88,10.0,6.12,3.68,7.04
102083,In collaboration with your accountant,5,11,2.2,15.64,12.32,18.0,16.56,12.16,10.2
102085,When used for qualified education,5,10,2.0,32.56,9.96,18.0,11.92,8.39,10.2
102086,Similar to how a retirement,5,10,2.0,32.56,9.96,18.0,4.96,2.74,10.2
102087,It enables you to save,5,7,1.4,83.32,2.88,10.0,-0.84,-1.97,7.04
102088,Prepaid Tuition Plans.,3,6,2.0,34.59,9.18,14.53,11.07,11.47,19.58
102089,Gift and estate planning – Individuals,5,11,2.2,15.64,12.32,10.0,15.4,6.98,13.36
102090,A unique provision of 529,5,8,1.6,66.4,5.24,10.0,2.64,0.85,13.36
102091,Alleviate the impact on financial aid,6,12,2.0,31.55,10.35,15.73,10.2,6.69,11.83
102092,This means that only up,5,6,1.2,100.24,0.52,2.0,0.32,-1.03,0.25
102093,Treasury bonds are considered safer,5,10,2.0,32.56,9.96,18.0,14.24,10.27,16.52
102094,Treasuries usually offer lower yields,5,12,2.4,-1.28,14.68,18.0,16.56,12.16,16.52
102095,Safety and security: Treasury bonds,5,11,2.2,15.64,12.32,18.0,13.08,10.27,13.36
102096,Thanks to inflation,3,5,1.667,62.79,5.25,14.53,7.2,6.76,9.05
102097,There is risk in long,5,5,1.0,117.16,-1.84,2.0,-2.0,-2.92,7.04
102099,In an economic environment where,5,11,2.2,15.64,12.32,18.0,10.76,7.45,10.2
102100,Treasuries in particular are about,5,11,2.2,15.64,12.32,18.0,13.08,9.33,10.2
102101,Introduction and summary,3,8,2.667,-21.81,17.05,27.87,16.87,14.61,14.31
102102,The findings suggest that Black,5,7,1.4,83.32,2.88,2.0,9.6,6.5,10.2
102103,CVLI can now be used,5,5,1.0,117.16,-1.84,2.0,-3.16,-3.86,7.04
102104,If you've built significant,4,7,1.75,54.73,6.62,11.6,10.15,8.83,7.78
102105,Contributing to a health savings,5,9,1.8,49.48,7.6,10.0,10.76,7.45,7.04
102106,For people hesitant to pay,5,8,1.6,66.4,5.24,10.0,3.8,1.79,7.04
102107,Consider hybrid policies: If you,5,10,2.0,32.56,9.96,18.0,9.6,7.45,13.36
102108,If you had a long,5,5,1.0,117.16,-1.84,2.0,-6.64,-6.68,0.25
102109,For many Americans,3,7,2.333,6.39,13.11,14.53,5.27,5.19,9.05
102110,Medicaide will pay for skilled,5,6,1.2,100.24,0.52,2.0,8.44,5.56,10.2
102111,For many people,3,5,1.667,62.79,5.25,1.2,-0.53,0.48,0.15
102112,As Weiss explains:,3,4,1.333,90.99,1.31,1.2,3.33,5.19,14.31
102113,Even downsizing to a smaller,5,9,1.8,49.48,7.6,10.0,6.12,3.68,10.2
102114,Fortunately,1,4,4.0,-132.58,32.0,40.4,18.4,30.88,19.48
102115,Under current U.S. federal tax,5,9,1.8,49.48,7.6,10.0,6.12,5.56,10.2
102116,Short-term losses offset short,4,7,1.75,54.73,6.62,1.6,14.5,12.36,15.68
102117,Any excess losses can be,5,8,1.6,66.4,5.24,2.0,1.48,-0.09,10.2
102119,When reinvesting the funds,4,7,1.75,54.73,6.62,11.6,10.15,7.65,11.73
102120,The IRS wash-sale rule applies not only to purchases,9,14,1.556,66.1,6.28,8.04,8.62,6.1,11.1
102121,In this case,3,3,1.0,119.19,-2.62,1.2,-6.33,-4.23,0.15
102123,Be aware of market timing,5,8,1.6,66.4,5.24,2.0,2.64,0.85,10.2
102124,How long it lasts: A,5,5,1.0,117.16,-1.84,2.0,-4.32,-3.86,7.04
102125,However,1,3,3.0,-47.98,20.2,0.4,-4.8,12.04,0.05
102128,You'll need to create,4,5,1.25,97.03,0.72,1.6,1.45,1.77,7.78
102129,How do I lift a,5,5,1.0,117.16,-1.84,2.0,-8.96,-8.57,0.25
102130,Scheduling a temporary thaw could,5,10,2.0,32.56,9.96,18.0,11.92,8.39,13.36
102131,It's free,2,2,1.0,120.21,-3.01,0.8,-10.3,-1.59,0.1
102132,Credit Freeze,2,3,1.5,77.91,2.89,0.8,4.2,7.83,11.63
102134,Read more about our view on emerging markets,8,13,1.625,61.24,6.71,8.2,7.33,4.35,7.98
102135,Another problem with the theory,5,9,1.8,49.48,7.6,2.0,9.6,6.5,10.2
102136,Incentive stock options (ISOs) qualify,5,10,2.0,32.56,9.96,18.0,15.4,13.1,16.52
102137,You may owe taxes when,5,6,1.2,100.24,0.52,2.0,-0.84,-1.97,7.04
102138,It might not be your,5,5,1.0,117.16,-1.84,2.0,-3.16,-3.86,0.25
102139,If experiencing the full extent,5,10,2.0,32.56,9.96,10.0,9.6,6.5,10.2
102140,Issuing stock options tends to,5,8,1.6,66.4,5.24,10.0,8.44,5.56,13.36
102141,– Expiration date: Employee stock options,5,11,2.2,15.64,12.32,18.0,17.72,9.33,13.36
102142,Whenever the stock's market value,5,9,1.8,49.48,7.6,2.0,10.76,8.39,7.04
102143,With an ownership-focused mindset,4,9,2.25,12.43,12.52,11.6,18.85,15.9,11.73
102144,Mortgage rates have slowly,4,6,1.5,75.88,3.67,1.6,10.15,7.65,11.73
102145,We've finally seen rates,4,6,1.5,75.88,3.67,1.6,5.8,5.3,7.78
102147,Key Statistics About Refinancing That,5,11,2.2,15.64,12.32,18.0,16.56,12.16,10.2
102148,"""Traditionally",1,5,5.0,-217.18,43.8,40.4,30.0,45.01,19.48
102149,With a range of strategies,5,7,1.4,83.32,2.88,10.0,3.8,1.79,10.2
102150,A covered call is when,5,6,1.2,100.24,0.52,2.0,-0.84,-1.97,7.04
102151,For example,2,4,2.0,35.61,8.79,20.8,-1.6,3.12,11.63
102152,Collar (Protective Collar),3,7,2.333,6.39,13.11,14.53,16.87,17.75,9.05
102154,Think of it as a,5,5,1.0,117.16,-1.84,2.0,-7.8,-7.63,0.25
102155,A married put (also known,5,7,1.4,83.32,2.88,2.0,1.48,0.85,0.25
102156,Protective puts,2,4,2.0,35.61,8.79,20.8,10.0,12.54,19.53
102157,Buying puts for protection,4,7,1.75,54.73,6.62,11.6,10.15,7.65,15.68
102159,Free download and use of,5,6,1.2,100.24,0.52,2.0,1.48,-0.09,7.04
102162,When it comes to developing,5,8,1.6,66.4,5.24,10.0,4.96,2.74,10.2
102163,Its broker-dealer subsidiaries,3,9,3.0,-50.01,20.98,27.87,26.53,24.03,14.31
102164,Our commitment to driving down,5,9,1.8,49.48,7.6,10.0,8.44,5.56,10.2
102165,Schwab's other card is an,5,6,1.2,100.24,0.52,2.0,1.48,0.85,7.04
102167,No fees or minimums: Unlimited,5,10,2.0,32.56,9.96,18.0,7.28,5.56,13.36
102168,Learn your way with curated,5,6,1.2,100.24,0.52,2.0,4.96,2.74,7.04
102169,Manage your own investments with,5,8,1.6,66.4,5.24,10.0,10.76,7.45,10.2
102170,Checking account - as fee free,5,7,1.4,83.32,2.88,2.0,6.12,0.7,10.2
102171,Manage your investments,3,6,2.0,34.59,9.18,14.53,14.93,13.04,14.31
102172,Effective today,2,5,2.5,-6.69,14.69,20.8,10.0,12.54,11.63
102173,Eligibility for Annual Schwab Appreciation,5,16,3.2,-68.96,24.12,26.0,22.36,16.87,16.52
102174,Pricing benefits across Schwab's bank,5,9,1.8,49.48,7.6,10.0,15.4,12.16,13.36
102175,That's why we provide a,5,6,1.2,100.24,0.52,2.0,-0.84,-1.03,7.04
102176,If for any reason you,5,7,1.4,83.32,2.88,2.0,-2.0,-2.92,0.25
102177,They offer a checking account,5,8,1.6,66.4,5.24,2.0,7.28,4.62,7.04
102178,To maintain Medicaid coverage,4,9,2.25,12.43,12.52,21.6,14.5,11.18,15.68
102179,Under the One Big Beautiful Bill Act of 2025,9,12,1.333,84.9,3.65,3.6,4.11,1.91,5.84
102180,Key takeaways:,2,2,1.0,120.21,-3.01,0.8,4.2,10.18,11.63
102182,Beginning December 31,3,7,2.333,6.39,13.11,1.2,11.07,9.9,9.05
102183,The 2025 reconciliation law made historic cuts to federal Medicaid,10,21,2.1,19.03,13.09,20.0,14.3,10.42,13.61
102184,States that have implemented provider,5,10,2.0,32.56,9.96,18.0,16.56,12.16,10.2
102186,October 2026: Restricts the definition,5,11,2.2,15.64,12.32,10.0,16.56,13.1,13.36
102187,This means that some immigrants,5,7,1.4,83.32,2.88,10.0,9.6,6.5,7.04
102189,The bottom line,3,4,1.333,90.99,1.31,1.2,-0.53,0.48,0.15
102190,The markets for 529 college,5,7,1.4,83.32,2.88,2.0,4.96,2.74,10.2
102191,The annual withdrawal cap has,5,9,1.8,49.48,7.6,18.0,7.28,4.62,10.2
102193,The last category could have,5,8,1.6,66.4,5.24,10.0,6.12,3.68,7.04
102194,As of July 5,4,5,1.25,97.03,0.72,1.6,-10.15,-8.83,7.78
102195,Yes,1,1,1.0,121.22,-3.4,0.4,-28.0,-6.8,0.05
102196,In Q1,2,2,1.0,120.21,-3.01,0.8,-19.0,-11.01,11.63
102197,Estimated 529 college savings plan,5,10,2.0,32.56,9.96,10.0,13.08,9.33,10.2
102198,Notably,1,3,3.0,-47.98,20.2,40.4,-4.8,12.04,19.48
102199,On top of its well,5,5,1.0,117.16,-1.84,2.0,-5.48,-5.74,0.25
102200,The new 529 rules are,5,5,1.0,117.16,-1.84,2.0,-2.0,-2.92,10.2
102201,Asset Requirements: Invest at least,5,9,1.8,49.48,7.6,10.0,13.08,10.27,13.36
102202,REITs have historically produced strong,5,10,2.0,32.56,9.96,10.0,18.88,14.04,13.36
102203,The dividend payout ratio: While,5,10,2.0,32.56,9.96,18.0,9.6,7.45,13.36
102204,Ideally,1,3,3.0,-47.98,20.2,40.4,-4.8,12.04,19.48
102205,In the case of REITs,5,5,1.0,117.16,-1.84,2.0,-3.16,-3.86,7.04
102206,REITs,1,1,1.0,121.22,-3.4,0.4,-16.4,2.62,19.48
102207,Sensitivity to interest rates – Market,5,11,2.2,15.64,12.32,10.0,15.4,6.98,13.36
102208,In light of the current,5,6,1.2,100.24,0.52,2.0,0.32,-1.03,7.04
102209,What happens when that advice,5,7,1.4,83.32,2.88,2.0,7.28,4.62,10.2
102210,In many ways Charles Schwab,5,6,1.2,100.24,0.52,2.0,4.96,2.74,13.36
102211,Low Costs,2,2,1.0,120.21,-3.01,0.8,-7.4,-1.59,11.63
102212,In a recent investor letter,5,9,1.8,49.48,7.6,10.0,4.96,2.74,10.2
102213,Schwab Order Execution Advantage comes,5,11,2.2,15.64,12.32,18.0,17.72,13.1,16.52
102214,Get a jumpstart with automated,5,9,1.8,49.48,7.6,10.0,8.44,5.56,10.2
102215,It's part of our commitment,5,8,1.6,66.4,5.24,10.0,3.8,2.74,7.04
102216,AI and Magnificent 7 Stocks,5,8,1.6,66.4,5.24,10.0,4.96,2.74,16.52
102217,Now you can find out,5,5,1.0,117.16,-1.84,2.0,-3.16,-3.86,0.25
102219,To calculate how much umbrella,5,9,1.8,49.48,7.6,10.0,8.44,5.56,7.04
102220,Just like a rain umbrella,5,7,1.4,83.32,2.88,2.0,2.64,0.85,0.25
102221,Tip: One way to reduce,5,6,1.2,100.24,0.52,2.0,-2.0,-1.97,7.04
102222,Umbrella insurance can help protect,5,10,2.0,32.56,9.96,10.0,14.24,10.27,7.04
102223,Defamation,1,4,4.0,-132.58,32.0,40.4,12.6,26.17,19.48
102224,With a single insurer,4,7,1.75,54.73,6.62,11.6,2.9,1.77,7.78
102225,The risks you shouldn't,4,5,1.25,97.03,0.72,1.6,4.35,4.12,7.78
102226,Certain robo-advisors for investment,4,9,2.25,12.43,12.52,21.6,23.2,19.43,11.73
102228,USDA home loans,3,3,1.0,119.19,-2.62,1.2,-0.53,0.48,14.31
102229,Providing affordable homeownership opportunities promotes,5,18,3.6,-102.8,28.84,34.0,39.76,31.0,19.67
102230,The program provides a 90,5,7,1.4,83.32,2.88,2.0,2.64,0.85,13.36
102231,To learn more about income,5,7,1.4,83.32,2.88,2.0,3.8,1.79,0.25
102233,The property to exist in,5,8,1.6,66.4,5.24,10.0,1.48,-0.09,10.2
102235,The Section 502 Guaranteed Loan,5,8,1.6,66.4,5.24,10.0,9.6,6.5,13.36
102236,The USDA loan is guaranteed,5,7,1.4,83.32,2.88,10.0,4.96,2.74,10.2
102237,Since 1996,2,2,1.0,120.21,-3.01,0.8,-4.5,0.77,11.63
102238,What Are the Benefits of,5,7,1.4,83.32,2.88,10.0,1.48,-0.09,7.04
102239,Let's look at the history,5,7,1.4,83.32,2.88,2.0,1.48,0.85,0.25
102240,What Are the 5 Key,5,5,1.0,117.16,-1.84,2.0,-5.48,-5.74,7.04
102241,NerdWallet notes that people with,5,8,1.6,66.4,5.24,10.0,11.92,8.39,10.2
102242,You can also register for,5,8,1.6,66.4,5.24,10.0,2.64,0.85,7.04
102243,The first change involves FICO,5,7,1.4,83.32,2.88,2.0,8.44,5.56,10.2
102244,Credit impact: If you're,4,6,1.5,75.88,3.67,1.6,4.35,5.3,11.73
102246,This matters more in futures,5,7,1.4,83.32,2.88,2.0,6.12,3.68,10.2
102247,With a bracket order,4,6,1.5,75.88,3.67,1.6,1.45,0.59,7.78
102248,Another popular strategy for technical,5,13,2.6,-18.2,17.04,26.0,17.72,13.1,13.36
102250,NinjaTrader's high-performance backtesting engine,4,11,2.75,-29.87,18.42,21.6,40.6,34.73,15.68
102251,Taxpayers then choose the higher,5,8,1.6,66.4,5.24,10.0,10.76,7.45,10.2
102252,What is the standard deduction,5,8,1.6,66.4,5.24,10.0,8.44,5.56,10.2
102253,One of its biggest advantages,5,9,1.8,49.48,7.6,10.0,7.28,4.62,10.2
102254,Taking the standard deduction means,5,9,1.8,49.48,7.6,10.0,14.24,10.27,10.2
102258,Blind taxpayers and those age,5,7,1.4,83.32,2.88,10.0,7.28,4.62,7.04
102259,People with large medical,4,7,1.75,54.73,6.62,11.6,8.7,6.48,7.78
102260,Seniors over age 65 may,5,7,1.4,83.32,2.88,2.0,0.32,-1.03,10.2
102262,Deductions you can take on,5,7,1.4,83.32,2.88,10.0,3.8,1.79,7.04
102263,Taking the standard deduction doesn,5,9,1.8,49.48,7.6,10.0,14.24,10.27,13.36
102267,Beginning in tax year 2026,5,7,1.4,83.32,2.88,2.0,3.8,1.79,7.04
102269,The One Big Beautiful Bill,5,7,1.4,83.32,2.88,2.0,3.8,1.79,0.25
102271,For the 2026 tax year,5,5,1.0,117.16,-1.84,2.0,-2.0,-2.92,7.04
102272,Here is a quick look,5,5,1.0,117.16,-1.84,2.0,-3.16,-3.86,0.25
102273,To ensure this change stays,5,6,1.2,100.24,0.52,2.0,4.96,2.74,10.2
102274,The OBBBA also reinstates the,5,8,1.6,66.4,5.24,10.0,7.28,4.62,10.2
102275,In addition to traditional service,5,11,2.2,15.64,12.32,18.0,13.08,9.33,10.2
102276,Both drafts introduce new fields,5,7,1.4,83.32,2.88,10.0,10.76,7.45,13.36
102277,Form 1099-S and digital,4,6,1.5,75.88,3.67,11.6,4.35,4.12,11.73
102278,Despite the reduction in paperwork,5,10,2.0,32.56,9.96,18.0,13.08,9.33,13.36
102279,You want to be able,5,6,1.2,100.24,0.52,2.0,-4.32,-4.8,0.25
102280,Veterans and people with low,5,8,1.6,66.4,5.24,10.0,6.12,3.68,7.04
102281,These traditional LTC policies work,5,10,2.0,32.56,9.96,18.0,14.24,10.27,13.36
102282,A long-term care rider,4,6,1.5,75.88,3.67,1.6,2.9,2.94,7.78
102283,You pay more for higher,5,6,1.2,100.24,0.52,2.0,0.32,-1.03,7.04
102284,One more hurdle to clear,5,6,1.2,100.24,0.52,2.0,1.48,-0.09,7.04
102285,A tax-qualified plan must,4,6,1.5,75.88,3.67,11.6,7.25,6.48,7.78
102286,The home insurance market shifted,5,9,1.8,49.48,7.6,10.0,11.92,8.39,10.2
102287,Home Insurance Price Forecast – What,5,8,1.6,66.4,5.24,10.0,13.08,5.41,10.2
102288,However,1,3,3.0,-47.98,20.2,0.4,-4.8,12.04,0.05
102289,In addition,2,4,2.0,35.61,8.79,20.8,-1.6,3.12,11.63
102290,Carriers are expanding their use,5,9,1.8,49.48,7.6,18.0,10.76,7.45,10.2
102291,Insurers also sharpened their focus,5,10,2.0,32.56,9.96,10.0,14.24,10.27,13.36
102292,Matic's year-end data shows,4,7,1.75,54.73,6.62,1.6,8.7,8.83,19.62
102293,Insurance companies are now using,5,10,2.0,32.56,9.96,18.0,11.92,8.39,13.36
102294,Increased use of technology: Insurers,5,11,2.2,15.64,12.32,18.0,15.4,12.16,13.36
102295,Parametric insurance: This innovative model,5,14,2.8,-35.12,19.4,26.0,22.36,17.81,16.52
102296,Going forward,2,4,2.0,35.61,8.79,0.8,4.2,7.83,0.1
102297,Alongside rising premiums,3,8,2.667,-21.81,17.05,27.87,18.8,16.18,14.31
102298,You can use a home,5,5,1.0,117.16,-1.84,2.0,-5.48,-5.74,0.25
102299,Endorsements: These are changes to,5,8,1.6,66.4,5.24,10.0,11.92,9.33,10.2
102301,Agents with Capitol Agency®,4,9,2.25,12.43,12.52,21.6,10.15,8.83,15.68
102302,Fidelity Investments,2,7,3.5,-91.29,26.49,40.8,24.5,24.31,19.53
102305,Fidelity Investments: Top Brokerage Firm,5,12,2.4,-1.28,14.68,26.0,18.88,14.98,16.52
102307,IBKR offers two plans: IBKR,5,8,1.6,66.4,5.24,2.0,3.8,2.74,16.52
102309,A robo advisor should make,5,8,1.6,66.4,5.24,10.0,3.8,1.79,10.2
102310,Assess the investment strategy,4,9,2.25,12.43,12.52,21.6,15.95,12.36,15.68
102311,Minimum investments can be kept,5,9,1.8,49.48,7.6,18.0,9.6,6.5,10.2
102312,Review minimum investment requirements,4,11,2.75,-29.87,18.42,31.6,27.55,21.78,15.68
102315,Robo-advisors typically invest in,4,9,2.25,12.43,12.52,21.6,18.85,15.9,15.68
102316,T-Bills are a solid,4,5,1.25,97.03,0.72,1.6,-1.45,-0.59,11.73
102318,This spreads out your cash,5,5,1.0,117.16,-1.84,2.0,3.8,1.79,7.04
102319,This allows them to plan,5,6,1.2,100.24,0.52,2.0,1.48,-0.09,7.04
102320,Treasury securities are usually sold,5,13,2.6,-18.2,17.04,26.0,15.4,11.21,13.36
102321,In this environment,3,6,2.0,34.59,9.18,14.53,7.2,6.76,9.05
102322,TIPS' yields are based on,5,5,1.0,117.16,-1.84,2.0,1.48,0.85,13.36
102323,Treasury inflation-protected securities (TIPS,4,14,3.5,-93.32,27.27,31.6,34.8,30.02,19.62
102324,This means that the investor's,5,7,1.4,83.32,2.88,10.0,7.28,5.56,7.04
102325,Interest earned on Treasury bonds,5,8,1.6,66.4,5.24,10.0,11.92,8.39,16.52
102326,If you purchase an ETF,5,6,1.2,100.24,0.52,2.0,-0.84,-1.97,10.2
102328,Buy Treasury bonds through a,5,7,1.4,83.32,2.88,10.0,6.12,3.68,10.2
102329,The price of Treasury securities,5,10,2.0,32.56,9.96,18.0,10.76,7.45,10.2
102330,While jumbo mortgage borrowers may,5,9,1.8,49.48,7.6,10.0,13.08,9.33,13.36
102331,In 2026,2,2,1.0,120.21,-3.01,0.8,-13.2,-6.3,11.63
102332,Can jumbo loan mortgage interest,5,8,1.6,66.4,5.24,2.0,10.76,7.45,13.36
102334,Key Deduction Limits: For mortgages,5,10,2.0,32.56,9.96,18.0,13.08,10.27,13.36
102335,For example,2,4,2.0,35.61,8.79,20.8,-1.6,3.12,11.63
102336,SALT Deduction Limit: $10,4,7,1.75,54.73,6.62,11.6,5.8,6.48,15.68
102337,The issuer may have the,5,7,1.4,83.32,2.88,10.0,0.32,-1.03,7.04
102338,What is the default risk,5,6,1.2,100.24,0.52,2.0,1.48,-0.09,10.2
102339,Here are five reasons investors,5,8,1.6,66.4,5.24,10.0,9.6,6.5,10.2
102340,States,1,1,1.0,121.22,-3.4,0.4,-10.6,7.33,0.05
102341,Muni bonds are domestically focused,5,10,2.0,32.56,9.96,10.0,14.24,10.27,16.52
102342,Important Risks: Investing involves risk,5,10,2.0,32.56,9.96,10.0,18.88,14.98,16.52
102344,Most municipal bonds fall into,5,9,1.8,49.48,7.6,10.0,8.44,5.56,10.2
102345,Advantages of Municipal Bond Income,5,12,2.4,-1.28,14.68,18.0,14.24,10.27,13.36
102346,Individuals who require long-term,4,11,2.75,-29.87,18.42,21.6,18.85,15.9,15.68
102347,Your loved one typically qualifies,5,9,1.8,49.48,7.6,18.0,13.08,9.33,13.36
102348,Families often recognize the need,5,10,2.0,32.56,9.96,18.0,11.92,8.39,10.2
102349,→ Trouble getting dressed — Wearing,4,7,1.75,54.73,6.62,1.6,17.4,4.12,11.73
102350,If you're approved for,4,5,1.25,97.03,0.72,1.6,2.9,2.94,7.78
102351,Bathing — Getting in and out,5,7,1.4,83.32,2.88,2.0,3.8,-0.88,0.25
102352,Families aren't sure if,4,7,1.75,54.73,6.62,11.6,4.35,4.12,7.78
102353,→ Confusion about familiar routines,4,10,2.5,-8.72,15.47,21.6,20.3,9.77,15.68
102354,Even if your loved one,5,6,1.2,100.24,0.52,2.0,-0.84,-1.97,7.04
102355,→ Poor judgment — Falling for,4,6,1.5,75.88,3.67,1.6,8.7,-0.59,11.73
102356,▶ Key point: A healthcare,4,5,1.25,97.03,0.72,1.6,4.35,0.35,7.78
102357,Denying a claim based upon,5,8,1.6,66.4,5.24,10.0,3.8,1.79,13.36
102358,Jumbo loans offer increased purchasing,5,10,2.0,32.56,9.96,10.0,17.72,13.1,16.52
102359,Investment properties in premium markets,5,12,2.4,-1.28,14.68,26.0,20.04,14.98,16.52
102360,Jumbo loans earn their title,5,7,1.4,83.32,2.88,2.0,6.12,3.68,10.2
102361,Each year,2,2,1.0,120.21,-3.01,0.8,-7.4,-1.59,0.1
102362,Being able to sell a,5,7,1.4,83.32,2.88,2.0,-3.16,-3.86,0.25
102363,Here's what to know if,5,5,1.0,117.16,-1.84,2.0,-2.0,-1.97,0.25
102365,2026 Base Limit: $832,4,5,1.25,97.03,0.72,1.6,0.0,1.77,15.68
102366,Be prepared to show that,5,6,1.2,100.24,0.52,2.0,1.48,-0.09,7.04
102367,Close on your loan.,4,4,1.0,118.18,-2.23,1.6,-1.45,-0.59,0.2
102368,Instead,1,2,2.0,36.62,8.4,0.4,-4.8,12.04,0.05
102369,Marginal rate ≠ effective rate,4,8,2.0,33.58,9.57,21.6,13.05,5.06,11.73
102371,That said,2,2,1.0,120.21,-3.01,0.8,-7.4,-1.59,0.1
102372,The results of each are,5,6,1.2,100.24,0.52,2.0,0.32,-1.03,7.04
102373,Check out What is a,5,5,1.0,117.16,-1.84,2.0,-4.32,-4.8,0.25
102374,A desirable school district nearby,5,10,2.0,32.56,9.96,10.0,13.08,9.33,10.2
102375,AVMs are typically more accurate,5,9,1.8,49.48,7.6,18.0,10.76,7.45,13.36
102377,Even so,2,3,1.5,77.91,2.89,0.8,-13.2,-6.3,0.1
102378,Definition and purpose,3,7,2.333,6.39,13.11,14.53,13.0,11.47,14.31
102379,Results in a comparative market,5,10,2.0,32.56,9.96,10.0,9.6,6.5,10.2
102380,BPOs can be exterior (drive,5,8,1.6,66.4,5.24,10.0,3.8,2.74,10.2
102381,Faster turnaround,2,5,2.5,-6.69,14.69,20.8,15.8,17.25,19.53
102382,BPOs are typically used in,5,7,1.4,83.32,2.88,10.0,3.8,1.79,10.2
102383,Desktop appraisals cost between $150,5,9,1.8,49.48,7.6,10.0,14.24,11.21,13.36
102384,Licensed appraisers can figure out,5,9,1.8,49.48,7.6,10.0,13.08,9.33,10.2
102385,A hybrid appraisal (sometimes called,5,9,1.8,49.48,7.6,10.0,14.24,11.21,13.36
102387,The CFPB also published new,5,7,1.4,83.32,2.88,2.0,4.96,2.74,10.2
102388,The covered call strategy is,5,8,1.6,66.4,5.24,10.0,6.12,3.68,10.2
102389,In order to lock up,5,6,1.2,100.24,0.52,2.0,-4.32,-4.8,0.25
102390,When selling a call option,5,7,1.4,83.32,2.88,2.0,3.8,1.79,10.2
102391,When the trader sells the,5,6,1.2,100.24,0.52,2.0,2.64,0.85,10.2
102392,What is a Covered Call?,5,6,1.2,100.24,0.52,2.0,-0.84,-1.03,7.04
102393,If the stock price is,5,5,1.0,117.16,-1.84,2.0,-2.0,-2.92,0.25
102394,Monitor the option,3,6,2.0,34.59,9.18,14.53,5.27,5.19,14.31
102395,A covered call is a,5,6,1.2,100.24,0.52,2.0,-4.32,-4.8,7.04
102396,Financial advisor AUM fees trend,5,9,1.8,49.48,7.6,18.0,10.76,7.45,19.67
102397,The survey results reflect the,5,8,1.6,66.4,5.24,2.0,8.44,5.56,13.36
102398,60-10-30 portfolio:,2,5,2.5,-6.69,14.69,20.8,12.9,21.96,19.53
102399,Term life is the most,5,5,1.0,117.16,-1.84,2.0,-2.0,-2.92,0.25
102400,Family needs: Do you want,5,7,1.4,83.32,2.88,2.0,1.48,0.85,7.04
102401,A more reliable approach to,5,9,1.8,49.48,7.6,10.0,4.96,2.74,10.2
102404,The umbrella insurance claims process begins with filing a claim,10,17,1.7,52.87,8.37,8.0,13.14,9.48,13.61
102405,The term “robo-adviser”,3,5,1.667,62.79,5.25,14.53,9.13,13.04,9.05
102406,The Child Tax Credit is a federal tax benefit designed,10,16,1.6,61.33,7.19,12.0,7.34,4.77,10.45
102407,The Child Tax Credit (CTC,5,6,1.2,100.24,0.52,2.0,1.48,0.85,10.2
102408,The maximum Child Tax Credit,5,8,1.6,66.4,5.24,10.0,6.12,3.68,10.2
102409,You can use the credit,5,6,1.2,100.24,0.52,2.0,-0.84,-1.97,7.04
102410,The child tax credit provides,5,7,1.4,83.32,2.88,2.0,7.28,4.62,10.2
102411,If the credit exceeds income,5,8,1.6,66.4,5.24,2.0,6.12,3.68,10.2
102412,Qualifying for the Child Tax,5,8,1.6,66.4,5.24,10.0,6.12,3.68,7.04
102414,Be your son,3,3,1.0,119.19,-2.62,1.2,-8.27,-5.8,0.15
102415,However,1,3,3.0,-47.98,20.2,0.4,-4.8,12.04,0.05
102416,To be a “qualifying child,5,8,1.6,66.4,5.24,10.0,1.48,0.85,7.04
102417,A child must be a,5,5,1.0,117.16,-1.84,2.0,-6.64,-6.68,0.25
102418,The proportion of families with,5,9,1.8,49.48,7.6,18.0,9.6,6.5,10.2
102419,Filing status,2,4,2.0,35.61,8.79,0.8,4.2,7.83,19.53
102420,Taxpayers can claim a child,5,7,1.4,83.32,2.88,10.0,4.96,2.74,10.2
102421,A nonrefundable $500 credit is,5,10,2.0,32.56,9.96,10.0,7.28,5.56,13.36
102422,To evaluate dividends properly,4,11,2.75,-29.87,18.42,31.6,15.95,12.36,15.68
102423,But you'll want to,4,4,1.0,118.18,-2.23,1.6,-2.9,-1.77,0.2
102424,The dividend payout ratio measures,5,11,2.2,15.64,12.32,18.0,13.08,9.33,16.52
102426,Cash Dividends: This is the,5,7,1.4,83.32,2.88,10.0,3.8,2.74,7.04
102428,Instead of taking cash payments,5,8,1.6,66.4,5.24,2.0,9.6,6.5,7.04
102429,Sometimes that high yield really,5,7,1.4,83.32,2.88,2.0,10.76,7.45,7.04
102430,Reverse mortgages can be helpful,5,9,1.8,49.48,7.6,10.0,10.76,7.45,10.2
102431,A reverse mortgage also lowers,5,9,1.8,49.48,7.6,2.0,8.44,5.56,13.36
102433,(However,1,3,3.0,-47.98,20.2,0.4,-4.8,16.75,0.05
102434,But no matter how the,5,6,1.2,100.24,0.52,2.0,-2.0,-2.92,0.25
102437,A reverse mortgage doesn't,4,7,1.75,54.73,6.62,1.6,8.7,7.65,11.73
102438,You'll also need to,4,5,1.25,97.03,0.72,1.6,-1.45,-0.59,0.2
102439,Alternative data scores incorporate cash,5,12,2.4,-1.28,14.68,18.0,20.04,14.98,16.52
102440,Alternative credit data helps lenders,5,11,2.2,15.64,12.32,10.0,16.56,12.16,19.67
102441,Traditional credit reports detail why,5,11,2.2,15.64,12.32,10.0,16.56,12.16,16.52
102442,On-time payments still matter,4,7,1.75,54.73,6.62,1.6,13.05,11.18,11.73
102443,Overall,1,3,3.0,-47.98,20.2,40.4,-4.8,12.04,19.48
102444,In 2022,2,2,1.0,120.21,-3.01,0.8,-13.2,-6.3,11.63
102445,Actually,1,4,4.0,-132.58,32.0,40.4,1.0,16.75,19.48
102446,New car prices increase,4,6,1.5,75.88,3.67,1.6,5.8,4.12,11.73
102447,Under the changes,3,5,1.667,62.79,5.25,1.2,3.33,3.62,9.05
102449,Pre-CGT status will effectively,4,8,2.0,33.58,9.57,11.6,15.95,13.54,15.68
102450,all pre-CGT assets will,4,5,1.25,97.03,0.72,1.6,4.35,4.12,11.73
102451,For individuals and trusts (other,5,10,2.0,32.56,9.96,10.0,10.76,8.39,10.2
102452,CGT rates remain unchanged,4,6,1.5,75.88,3.67,1.6,10.15,7.65,15.68
102453,Investment grade bonds have ratings,5,8,1.6,66.4,5.24,10.0,14.24,10.27,13.36
102454,Their coupon rates are usually,5,9,1.8,49.48,7.6,10.0,8.44,5.56,13.36
102455,What we are seeing is,5,6,1.2,100.24,0.52,2.0,-2.0,-2.92,0.25
102456,The iShares iBoxx $ High Yield,5,6,1.2,100.24,0.52,2.0,6.12,0.7,13.36
102457,With its more compelling yields,5,7,1.4,83.32,2.88,10.0,9.6,6.5,10.2
102460,FAQs,1,1,1.0,121.22,-3.4,0.4,-22.2,-2.09,19.48
102461,Four Steps: How to Become,5,6,1.2,100.24,0.52,2.0,1.48,0.85,7.04
102462,Education—complete coursework through a,4,9,2.25,12.43,12.52,11.6,27.55,22.96,11.73
102463,You can do this once,5,5,1.0,117.16,-1.84,2.0,-3.16,-3.86,0.25
102464,In addition,2,4,2.0,35.61,8.79,20.8,-1.6,3.12,11.63
102465,Review the CFP Board's ethics,5,7,1.4,83.32,2.88,2.0,6.12,4.62,13.36
102466,With Pages,2,3,1.5,77.91,2.89,0.8,-4.5,0.77,11.63
102467,Enable Standard logging and choose,5,9,1.8,49.48,7.6,10.0,13.08,9.33,13.36
102468,Don't forget tax credits,4,6,1.5,75.88,3.67,1.6,5.8,5.3,7.78
102469,EV Vehicle Tax Credit (Clean,5,8,1.6,66.4,5.24,10.0,4.96,3.68,13.36
102470,Unlike some family benefits,4,9,2.25,12.43,12.52,11.6,11.6,8.83,11.73
102471,Eligible individuals can claim from,5,12,2.4,-1.28,14.68,18.0,14.24,10.27,13.36
102472,For 2025,2,2,1.0,120.21,-3.01,0.8,-10.3,-3.95,11.63
102473,If you've adopted a,4,6,1.5,75.88,3.67,11.6,-1.45,-0.59,7.78
102474,You may also qualify for,5,8,1.6,66.4,5.24,10.0,1.48,-0.09,7.04
102475,If the credit reduces the,5,8,1.6,66.4,5.24,10.0,2.64,0.85,10.2
102476,Education Credits: Two popular education,5,14,2.8,-35.12,19.4,26.0,18.88,14.98,16.52
102477,If you installed an energy,5,8,1.6,66.4,5.24,10.0,3.8,1.79,10.2
102478,Did you make the leap,5,5,1.0,117.16,-1.84,2.0,-2.0,-2.92,0.25
102479,Mark your calendars for this,5,7,1.4,83.32,2.88,10.0,6.12,3.68,7.04
102480,For instance,2,3,1.5,77.91,2.89,0.8,1.3,5.48,11.63
102481,Head of Household vs.,4,6,1.5,75.88,3.67,1.6,1.45,1.77,11.73
102482,Created in 1965,3,5,1.667,62.79,5.25,14.53,-0.53,0.48,14.31
102483,Medicaid may be able to,5,8,1.6,66.4,5.24,10.0,0.32,-1.03,7.04
102484,Nationwide,1,3,3.0,-47.98,20.2,40.4,12.6,26.17,19.48
102485,Medicaid and the Children's Health,5,8,1.6,66.4,5.24,10.0,11.92,9.33,10.2
102486,Medicaid provides health care coverage,5,10,2.0,32.56,9.96,18.0,17.72,13.1,13.36
102487,In most states,3,3,1.0,119.19,-2.62,1.2,-2.47,-1.09,0.15
102488,Created in 1965,3,5,1.667,62.79,5.25,14.53,-0.53,0.48,14.31
102489,Mandatory benefits include services including,5,15,3.0,-52.04,21.76,34.0,25.84,19.69,19.67
102490,“Mandatory” services.,2,7,3.5,-91.29,26.49,40.8,18.7,26.67,19.53
102491,All states cover prescription drugs,5,8,1.6,66.4,5.24,10.0,14.24,10.27,10.2
102492,Beginning in the 1980s,4,6,1.5,75.88,3.67,1.6,4.35,2.94,7.78
102493,Medicaid is an “entitlement” program,5,11,2.2,15.64,12.32,18.0,13.08,11.21,13.36
102494,Medicaid offers elder care benefits,5,11,2.2,15.64,12.32,18.0,14.24,10.27,13.36
102495,The biggest plus is that,5,6,1.2,100.24,0.52,2.0,1.48,-0.09,10.2
102496,Unlike traditional stock options,4,9,2.25,12.43,12.52,11.6,18.85,14.72,15.68
102497,Knowing when RSUs vest and,5,6,1.2,100.24,0.52,2.0,3.8,1.79,13.36
102498,RSUs do not confer voting,5,7,1.4,83.32,2.88,2.0,2.64,0.85,13.36
102499,Which is better,3,4,1.333,90.99,1.31,1.2,-0.53,0.48,0.15
102500,The ability to generate relatively,5,13,2.6,-18.2,17.04,26.0,13.08,9.33,13.36
102501,Futures trading and exchanges are,5,9,1.8,49.48,7.6,10.0,11.92,8.39,13.36
102502,MetroTrade is a low margin,5,7,1.4,83.32,2.88,2.0,3.8,1.79,10.2
102503,Futures exchanges,2,5,2.5,-6.69,14.69,20.8,15.8,17.25,19.53
102505,Futures trading allows investors to,5,10,2.0,32.56,9.96,10.0,14.24,10.27,16.52
102506,Many trading platforms offer real,5,9,1.8,49.48,7.6,2.0,11.92,8.39,10.2
102507,In the event that trading,5,7,1.4,83.32,2.88,2.0,2.64,0.85,10.2
102508,Hedging.,1,2,2.0,36.62,8.4,0.4,-4.8,16.75,19.48
102509,In the 17th century,4,6,1.5,75.88,3.67,11.6,0.0,-0.59,11.73
102510,Futures traders rely on a,5,8,1.6,66.4,5.24,2.0,2.64,0.85,13.36
102511,However,1,3,3.0,-47.98,20.2,0.4,-4.8,12.04,0.05
102512,Passive investors focused on long,5,9,1.8,49.48,7.6,10.0,11.92,8.39,13.36
102513,Your Disability Prevents Work for,5,10,2.0,32.56,9.96,10.0,11.92,8.39,10.2
102514,The Blue Book is divided,5,7,1.4,83.32,2.88,10.0,1.48,-0.09,7.04
102515,Functional Limitations: Your condition must,5,12,2.4,-1.28,14.68,26.0,22.36,17.81,13.36
102516,Respiratory illnesses,2,8,4.0,-133.59,32.39,40.8,27.4,26.67,19.53
102517,Congenital disorders such as Down,5,10,2.0,32.56,9.96,18.0,11.92,8.39,10.2
102519,This is because individuals with,5,10,2.0,32.56,9.96,10.0,10.76,7.45,7.04
102521,You have physical limitations that,5,10,2.0,32.56,9.96,18.0,13.08,9.33,10.2
102522,Evaluating the severity of your,5,12,2.4,-1.28,14.68,18.0,9.6,6.5,10.2
102523,What Are the Benefits of,5,7,1.4,83.32,2.88,10.0,1.48,-0.09,7.04
102524,No private mortgage insurance (PMI,5,9,1.8,49.48,7.6,10.0,11.92,9.33,16.52
102525,Key Takeaways,2,2,1.0,120.21,-3.01,0.8,4.2,7.83,11.63
102526,Now,1,1,1.0,121.22,-3.4,0.4,-28.0,-6.8,0.05
102528,USDA mortgages pay 1% PMI,5,7,1.4,83.32,2.88,10.0,1.48,0.85,16.52
102529,If you're looking at,4,5,1.25,97.03,0.72,1.6,0.0,0.59,7.78
102530,Unlike many of us here,5,7,1.4,83.32,2.88,2.0,-0.84,-1.97,7.04
102531,Once they're in,3,3,1.0,119.19,-2.62,1.2,-2.47,0.48,0.15
102532,But credit card companies also,5,9,1.8,49.48,7.6,10.0,8.44,5.56,10.2
102533,As most of the comments,5,6,1.2,100.24,0.52,2.0,0.32,-1.03,7.04
102534,If the card offers a,5,6,1.2,100.24,0.52,2.0,-3.16,-3.86,7.04
102535,That interest-free introductory period,4,12,3.0,-51.02,21.37,31.6,26.1,21.78,15.68
102537,Credit cards with a 0,5,6,1.2,100.24,0.52,2.0,-2.0,-2.92,13.36
102538,You'll need good to,4,4,1.0,118.18,-2.23,1.6,-1.45,-0.59,0.2
102540,You might also be subject,5,7,1.4,83.32,2.88,2.0,2.64,0.85,0.25
102541,Credit card issuers also consider,5,11,2.2,15.64,12.32,18.0,11.92,8.39,13.36
102542,For loans: Some 0% APR,5,5,1.0,117.16,-1.84,2.0,-3.16,-1.97,13.36
102543,If any debt remains after,5,8,1.6,66.4,5.24,2.0,2.64,0.85,10.2
102545,We identify two major reasons,5,10,2.0,32.56,9.96,10.0,7.28,4.62,10.2
102547,Overall,1,3,3.0,-47.98,20.2,40.4,-4.8,12.04,19.48
102549,Value in Recessions and Recoveries,5,11,2.2,15.64,12.32,18.0,13.08,9.33,10.2
102550,When assigned via csp or,5,7,1.4,83.32,2.88,2.0,1.48,-0.09,13.36
102551,Strategy Highlights,2,5,2.5,-6.69,14.69,20.8,21.6,21.96,19.53
102552,If you are comfortable holding,5,9,1.8,49.48,7.6,10.0,8.44,5.56,10.2
102553,Chase Sapphire Preferred,3,6,2.0,34.59,9.18,14.53,16.87,14.61,14.31
102554,The American Express Gold Card,5,9,1.8,49.48,7.6,2.0,8.44,5.56,7.04
102555,AAA Travel Advantage,3,8,2.667,-21.81,17.05,27.87,9.13,8.33,19.58
102556,Marriott Bonvoy Brilliant® American,4,11,2.75,-29.87,18.42,11.6,21.75,18.25,15.68
102557,Earn 5 ThankYou® Points,4,5,1.25,97.03,0.72,1.6,4.35,4.12,15.68
102558,Abstract,1,2,2.0,36.62,8.4,0.4,1.0,16.75,19.48
102559,By contrast,2,3,1.5,77.91,2.89,0.8,-1.6,3.12,11.63
102560,We find that,3,3,1.0,119.19,-2.62,1.2,-6.33,-4.23,0.15
102561,A full factorial simulation assessed,5,10,2.0,32.56,9.96,10.0,15.4,11.21,13.36
102563,Individuals engaged in stuffing would,5,11,2.2,15.64,12.32,10.0,16.56,12.16,13.36
102565,Quick Answer,2,3,1.5,77.91,2.89,0.8,1.3,5.48,0.1
102566,This new approach to measuring,5,8,1.6,66.4,5.24,10.0,8.44,5.56,10.2
102567,The FICO Score 10T will,5,6,1.2,100.24,0.52,2.0,0.32,-1.03,10.2
102568,These models may also include,5,8,1.6,66.4,5.24,2.0,7.28,4.62,10.2
102569,This can help build credit,5,6,1.2,100.24,0.52,2.0,3.8,1.79,7.04
102570,Average credit score: FICO Score,5,9,1.8,49.48,7.6,10.0,9.6,7.45,13.36
102571,That means you're more,4,4,1.0,118.18,-2.23,1.6,2.9,2.94,0.2
102572,In January,2,5,2.5,-6.69,14.69,0.8,-4.5,0.77,0.1
102573,Market-wide options ADV was,4,7,1.75,54.73,6.62,11.6,10.15,8.83,15.68
102574,Stock options only pay off,5,7,1.4,83.32,2.88,2.0,3.8,1.79,7.04
102576,In contrast,2,3,1.5,77.91,2.89,0.8,-1.6,3.12,11.63
102577,In a tougher economic climate,5,10,2.0,32.56,9.96,10.0,7.28,4.62,13.36
102578,RSUs are common in later,5,7,1.4,83.32,2.88,2.0,1.48,-0.09,13.36
102580,SARs are similar to other,5,8,1.6,66.4,5.24,10.0,2.64,0.85,10.2
102581,Following is a brief primer,5,8,1.6,66.4,5.24,2.0,4.96,2.74,10.2
102582,Phantom stock plans do not,5,6,1.2,100.24,0.52,2.0,3.8,1.79,10.2
102583,The money that you allocate,5,8,1.6,66.4,5.24,10.0,4.96,2.74,7.04
102584,Both types of ESPPs typically,5,7,1.4,83.32,2.88,10.0,7.28,4.62,13.36
102585,Profits interest units are the,5,8,1.6,66.4,5.24,2.0,8.44,5.56,13.36
102586,An ISO enables an employee,5,9,1.8,49.48,7.6,18.0,3.8,1.79,13.36
102587,We expect solid returns in,5,8,1.6,66.4,5.24,2.0,3.8,1.79,10.2
102588,Whereas if growth stays strong,5,6,1.2,100.24,0.52,2.0,8.44,5.56,13.36
102589,Slower growth would likely result,5,8,1.6,66.4,5.24,2.0,11.92,8.39,13.36
102590,The opportunity to access attractive,5,12,2.4,-1.28,14.68,18.0,15.4,11.21,13.36
102592,Large and persistent deficits increase,5,10,2.0,32.56,9.96,18.0,17.72,13.1,13.36
102593,If you have Original Medicare,5,10,2.0,32.56,9.96,18.0,7.28,4.62,10.2
102594,If you don't claim,4,4,1.0,118.18,-2.23,1.6,-2.9,-1.77,7.78
102596,Itemizing vs.,2,6,3.0,-48.99,20.59,20.8,1.3,7.83,19.53
102597,As with other medical expenses,5,10,2.0,32.56,9.96,18.0,8.44,5.56,10.2
102598,To deduct Medigap premiums on,5,10,2.0,32.56,9.96,18.0,7.28,4.62,13.36
102599,To figure out your deductible,5,9,1.8,49.48,7.6,10.0,7.28,4.62,7.04
102602,Note: Self-employed people and,4,6,1.5,75.88,3.67,1.6,13.05,12.36,7.78
102603,You can't take the,4,4,1.0,118.18,-2.23,1.6,-2.9,-1.77,0.2
102605,If you have a health,5,5,1.0,117.16,-1.84,2.0,-3.16,-3.86,0.25
102606,Most people who have worked,5,6,1.2,100.24,0.52,2.0,4.96,2.74,7.04
102607,In addition to Medicare-related,4,7,1.75,54.73,6.62,11.6,15.95,13.54,11.73
102608,Be sure to include Medigap,5,8,1.6,66.4,5.24,10.0,3.8,1.79,10.2
102609,A gratuity (often called a,5,9,1.8,49.48,7.6,10.0,2.64,1.79,10.2
102610,Barth says the practice has,5,6,1.2,100.24,0.52,2.0,4.96,2.74,13.36
102611,Proper tipping behavior varies significantly,5,14,2.8,-35.12,19.4,18.0,24.68,18.75,16.52
102612,In the United States of America,6,11,1.833,45.65,8.38,2.4,4.4,1.98,0.3
102614,Whether displayed at the table,5,8,1.6,66.4,5.24,2.0,8.44,5.56,10.2
102615,Tip sharing involves the redistribution,5,11,2.2,15.64,12.32,10.0,18.88,14.04,13.36
102616,A tip is an optional,5,7,1.4,83.32,2.88,10.0,-3.16,-3.86,7.04
102617,However,1,3,3.0,-47.98,20.2,0.4,-4.8,12.04,0.05
102618,Gratuity vs tip: what is,5,9,1.8,49.48,7.6,10.0,0.32,-0.09,10.2
102619,For tipped employees,3,5,1.667,62.79,5.25,14.53,9.13,8.33,14.31
102620,Countries Where a Tip Is,5,6,1.2,100.24,0.52,2.0,1.48,-0.09,7.04
102621,Robo-advisors usually charge an,4,9,2.25,12.43,12.52,21.6,15.95,13.54,11.73
102622,Most robo-advisors charge an,4,6,1.5,75.88,3.67,11.6,11.6,10.01,7.78
102624,For example,2,4,2.0,35.61,8.79,20.8,-1.6,3.12,11.63
102626,The wash sale rule is,5,5,1.0,117.16,-1.84,2.0,-2.0,-2.92,0.25
102627,The wash sale rule kicks,5,5,1.0,117.16,-1.84,2.0,1.48,-0.09,7.04
102628,When you have a disallowed,5,7,1.4,83.32,2.88,10.0,3.8,1.79,7.04
102629,The wash sale rule only,5,6,1.2,100.24,0.52,2.0,0.32,-1.03,0.25
102630,Make sure to also watch,5,6,1.2,100.24,0.52,2.0,0.32,-1.03,0.25
102631,In addition,2,4,2.0,35.61,8.79,20.8,-1.6,3.12,11.63
102633,To avoid a wash sale,5,6,1.2,100.24,0.52,2.0,-3.16,-3.86,7.04
102635,In fact,2,2,1.0,120.21,-3.01,0.8,-13.2,-6.3,0.1
102636,Does the wash sale rule apply to cryptocurrency?,8,11,1.375,82.39,3.76,8.2,9.5,6.71,7.98
102637,For example,2,4,2.0,35.61,8.79,20.8,-1.6,3.12,11.63
102638,Lenders are also adopting FICO,5,10,2.0,32.56,9.96,10.0,8.44,5.56,13.36
102639,Amounts owed,2,3,1.5,77.91,2.89,0.8,1.3,5.48,19.53
102640,Credit utilization measures how much,5,11,2.2,15.64,12.32,10.0,15.4,11.21,13.36
102642,Request an increase to your,5,7,1.4,83.32,2.88,2.0,4.96,2.74,10.2
102643,If you don't have,4,4,1.0,118.18,-2.23,1.6,-4.35,-2.95,0.2
102644,The good news is that,5,5,1.0,117.16,-1.84,2.0,-2.0,-2.92,0.25
102645,If you have trouble remembering,5,9,1.8,49.48,7.6,10.0,9.6,6.5,7.04
102646,The length of your credit,5,6,1.2,100.24,0.52,2.0,2.64,0.85,7.04
102647,The length of your credit,5,6,1.2,100.24,0.52,2.0,2.64,0.85,7.04
102648,Length of credit history still,5,8,1.6,66.4,5.24,2.0,8.44,5.56,7.04
102649,You can also register for,5,8,1.6,66.4,5.24,10.0,2.64,0.85,7.04
102652,Mistakes on your credit report,5,8,1.6,66.4,5.24,2.0,8.44,5.56,10.2
102653,Credit bureaus often treat multiple,5,10,2.0,32.56,9.96,10.0,14.24,10.27,13.36
102654,Account Management & Credit Mix,4,8,2.0,33.58,9.57,11.6,14.5,6.0,11.73
102655,If you're living on,4,5,1.25,97.03,0.72,1.6,-1.45,-0.59,0.2
102656,What is a Roth conversion,5,7,1.4,83.32,2.88,10.0,2.64,0.85,10.2
102657,When you do this,4,4,1.0,118.18,-2.23,1.6,-4.35,-4.12,0.2
102658,Two common strategies are a,5,8,1.6,66.4,5.24,10.0,4.96,2.74,10.2
102659,However,1,3,3.0,-47.98,20.2,0.4,-4.8,12.04,0.05
102660,What Is a Backdoor Roth,5,6,1.2,100.24,0.52,2.0,0.32,-1.03,10.2
102661,Of course you're going,4,5,1.25,97.03,0.72,1.6,2.9,2.94,0.2
102663,529 to Roth IRA conversion,5,8,1.6,66.4,5.24,10.0,3.8,1.79,16.52
102664,However,1,3,3.0,-47.98,20.2,0.4,-4.8,12.04,0.05
102666,You can pursue recharacterizations for,5,12,2.4,-1.28,14.68,10.0,17.72,13.1,10.2
102667,Backdoor Roth Recharacterization,3,10,3.333,-78.21,24.91,14.53,32.33,27.17,19.58
102668,At worst,2,2,1.0,120.21,-3.01,0.8,-10.3,-3.95,0.1
102669,Peeling or chipping paint,4,6,1.5,75.88,3.67,1.6,8.7,6.48,11.73
102670,When this happens,3,4,1.333,90.99,1.31,1.2,3.33,3.62,9.05
102671,In the meantime,3,4,1.333,90.99,1.31,1.2,-0.53,0.48,9.05
102672,The 203(k) loan merges,4,5,1.25,97.03,0.72,1.6,1.45,2.94,11.73
102673,After going through a foreclosure,5,9,1.8,49.48,7.6,10.0,11.92,8.39,7.04
102674,The loan itself comes from,5,6,1.2,100.24,0.52,2.0,3.8,1.79,7.04
102675,Mortgage servicers are required to,5,10,2.0,32.56,9.96,18.0,13.08,9.33,13.36
102676,Payment Supplement: A Payment Supplement,5,11,2.2,15.64,12.32,18.0,18.88,14.98,10.2
102677,Forbearances: Provides a temporary pause,5,11,2.2,15.64,12.32,18.0,18.88,14.98,16.52
102678,What an FHA Appraiser Looks,5,7,1.4,83.32,2.88,10.0,4.96,2.74,13.36
102679,Personal property should be moved,5,9,1.8,49.48,7.6,18.0,11.92,8.39,13.36
102680,The wash-sale rule states,4,5,1.25,97.03,0.72,1.6,7.25,6.48,7.78
102681,Just remember you need to,5,7,1.4,83.32,2.88,2.0,2.64,0.85,0.25
102682,The IRS wash-sale rule applies not only to purchases,9,14,1.556,66.1,6.28,8.04,8.62,6.1,11.1
102683,On the other hand,4,5,1.25,97.03,0.72,1.6,-2.9,-2.95,0.2
102684,Could defer taxes rather than,5,8,1.6,66.4,5.24,2.0,7.28,4.62,10.2
102685,Tax-loss harvesting also isn,4,7,1.75,54.73,6.62,11.6,11.6,10.01,15.68
102686,You can even implement tax,5,8,1.6,66.4,5.24,10.0,3.8,1.79,7.04
102687,Gather your information.,3,7,2.333,6.39,13.11,14.53,14.93,14.61,9.05
102689,Once the account and bank,5,6,1.2,100.24,0.52,2.0,2.64,0.85,0.25
102690,The robo-adviser monitors and,4,8,2.0,33.58,9.57,21.6,13.05,11.18,11.73
102691,With the FHFA allowing the,5,7,1.4,83.32,2.88,10.0,3.8,1.79,10.2
102692,“By reducing the price of,5,7,1.4,83.32,2.88,10.0,1.48,0.85,7.04
102693,With the FHFA allowing the,5,7,1.4,83.32,2.88,10.0,3.8,1.79,10.2
102694,“VantageScore 4.0,2,3,1.5,77.91,2.89,0.8,10.0,17.25,19.53
102695,Mortgage lenders can now use,5,7,1.4,83.32,2.88,2.0,6.12,3.68,10.2
102696,The bottom line,3,4,1.333,90.99,1.31,1.2,-0.53,0.48,0.15
102697,The One Big Beautiful Bill,5,7,1.4,83.32,2.88,2.0,3.8,1.79,0.25
102698,As mentioned,2,3,1.5,77.91,2.89,0.8,1.3,5.48,11.63
102700,Dual enrollment fees for postsecondary,5,11,2.2,15.64,12.32,18.0,17.72,13.1,16.52
102701,The ability to roll over,5,9,1.8,49.48,7.6,10.0,1.48,-0.09,7.04
102702,Starting in 2024 (now fully,5,7,1.4,83.32,2.88,2.0,3.8,2.74,10.2
102703,"Thanks to the latest ""superfunding",5,9,1.8,49.48,7.6,10.0,11.92,9.33,10.2
102704,In 2026,2,2,1.0,120.21,-3.01,0.8,-13.2,-6.3,11.63
102705,Accelerated gifting lets you contribute,5,12,2.4,-1.28,14.68,18.0,18.88,14.04,16.52
102706,Legislative updates have introduced the,5,11,2.2,15.64,12.32,18.0,18.88,14.04,13.36
102707,In turn,2,2,1.0,120.21,-3.01,0.8,-13.2,-6.3,0.1
102708,For children who pursue professional,5,10,2.0,32.56,9.96,10.0,15.4,11.21,10.2
102709,Beyond traditional four-year college,4,9,2.25,12.43,12.52,11.6,23.2,19.43,15.68
102710,529 funds can now cover,5,6,1.2,100.24,0.52,2.0,0.32,-1.03,10.2
102711,Quick answer: Typical FHA approval,5,10,2.0,32.56,9.96,18.0,11.92,9.33,13.36
102712,Once your offer on a,5,6,1.2,100.24,0.52,2.0,-3.16,-3.86,0.25
102713,The BIGGEST issue with FHA,5,7,1.4,83.32,2.88,2.0,3.8,1.79,13.36
102714,The top 37% bracket starts,5,6,1.2,100.24,0.52,2.0,2.64,1.79,13.36
102715,Here Are the Tax Credits and Tax Deductions That Changed,10,13,1.3,86.71,3.65,8.0,8.5,5.71,8.87
102717,Solar panels,2,4,2.0,35.61,8.79,0.8,1.3,5.48,19.53
102718,While tax rates remain unchanged,5,7,1.4,83.32,2.88,2.0,10.76,7.45,10.2
102719,OBBB permanently extended the TCJA,5,10,2.0,32.56,9.96,18.0,13.08,9.33,16.52
102720,Earned income tax credit (EITC,5,7,1.4,83.32,2.88,2.0,7.28,5.56,13.36
102721,Eligible people can deduct up,5,10,2.0,32.56,9.96,10.0,7.28,4.62,10.2
102722,With the car loan interest,5,6,1.2,100.24,0.52,2.0,3.8,1.79,7.04
102723,Expanded Senior Deduction,3,8,2.667,-21.81,17.05,27.87,18.8,16.18,19.58
102724,The maximum amount you could,5,8,1.6,66.4,5.24,10.0,6.12,3.68,7.04
102725,This requirement is known as,5,7,1.4,83.32,2.88,10.0,6.12,3.68,7.04
102726,You can claim 50% of,5,5,1.0,117.16,-1.84,2.0,-4.32,-3.86,10.2
102727,Do self-employed people pay,4,6,1.5,75.88,3.67,1.6,10.15,8.83,7.78
102728,When figuring self-employment tax,4,8,2.0,33.58,9.57,21.6,18.85,15.9,11.73
102730,When you pay your SE,5,6,1.2,100.24,0.52,2.0,-3.16,-3.86,7.04
102731,In reality,2,5,2.5,-6.69,14.69,20.8,-4.5,0.77,11.63
102732,before you figure out how,5,7,1.4,83.32,2.88,2.0,2.64,0.85,0.25
102733,This accounts for the fact,5,6,1.2,100.24,0.52,2.0,3.8,1.79,7.04
102734,12.4% for Social Security.,4,8,2.0,33.58,9.57,11.6,5.8,7.65,15.68
102735,If you earn more than,5,5,1.0,117.16,-1.84,2.0,-2.0,-2.92,0.25
102736,As a self-employed small,4,5,1.25,97.03,0.72,1.6,5.8,5.3,7.78
102737,There is no company size,5,7,1.4,83.32,2.88,2.0,1.48,-0.09,0.25
102738,Make sure to subtract any,5,7,1.4,83.32,2.88,2.0,2.64,0.85,7.04
102739,Fee-only firms are unique,4,5,1.25,97.03,0.72,1.6,7.25,6.48,15.68
102740,With a narrow search,4,5,1.25,97.03,0.72,1.6,1.45,0.59,0.2
102742,If the stock moves higher,5,6,1.2,100.24,0.52,2.0,2.64,0.85,10.2
102743,overview,1,3,3.0,-47.98,20.2,40.4,1.0,16.75,19.48
102744,The two most important columns,5,8,1.6,66.4,5.24,2.0,8.44,5.56,7.04
102745,If the covered call expires,5,8,1.6,66.4,5.24,10.0,4.96,2.74,10.2
102746,Tip: Whenever a covered call,5,8,1.6,66.4,5.24,2.0,4.96,3.68,7.04
102747,When assigned via csp or,5,7,1.4,83.32,2.88,2.0,1.48,-0.09,13.36
102749,Cars quickly lose value once,5,7,1.4,83.32,2.88,2.0,6.12,3.68,7.04
102750,Thankfully,1,3,3.0,-47.98,20.2,40.4,12.6,26.17,19.48
102751,This research identifies how different,5,11,2.2,15.64,12.32,10.0,17.72,13.1,10.2
102752,Before the OBBBA passed in,5,6,1.2,100.24,0.52,2.0,3.8,1.79,10.2
102753,Although analysts largely agree that,5,10,2.0,32.56,9.96,10.0,15.4,11.21,13.36
102754,One potential reason for the,5,8,1.6,66.4,5.24,10.0,6.12,3.68,7.04
102755,Together,1,3,3.0,-47.98,20.2,0.4,1.0,16.75,0.05
102756,These calculations assume AGI equals,5,10,2.0,32.56,9.96,10.0,15.4,11.21,16.52
102757,On the income side,4,5,1.25,97.03,0.72,1.6,-1.45,-1.77,0.2
102758,The persistence of improper payments,5,10,2.0,32.56,9.96,18.0,15.4,11.21,13.36
102759,We leveraged policy-induced variation in the payment schedule of,9,19,2.111,19.1,12.83,16.93,16.36,12.38,11.1
102760,Last year's tax law,4,4,1.0,118.18,-2.23,1.6,-1.45,-0.59,7.78
102761,The OBBB makes permanent one,5,7,1.4,83.32,2.88,10.0,6.12,3.68,13.36
102762,This policy is an unfortunate,5,10,2.0,32.56,9.96,18.0,7.28,4.62,10.2
102763,Trade enough covered calls,4,6,1.5,75.88,3.67,1.6,10.15,7.65,11.73
102764,Gain ownership of the security,5,10,2.0,32.56,9.96,18.0,8.44,5.56,10.2
102765,optionalpha.com/strategies/covered,1,6,6.0,-301.78,55.6,40.4,134.4,139.21,19.48
102766,When you sell a covered,5,6,1.2,100.24,0.52,2.0,0.32,-1.03,7.04
102767,When you sell a call,5,5,1.0,117.16,-1.84,2.0,-3.16,-3.86,0.25
102768,How does a covered call,5,6,1.2,100.24,0.52,2.0,0.32,-1.03,7.04
102769,Remember that an option buyer,5,9,1.8,49.48,7.6,2.0,7.28,4.62,10.2
102770,If the stock stays below,5,6,1.2,100.24,0.52,2.0,1.48,-0.09,7.04
102771,While they could sell the,5,5,1.0,117.16,-1.84,2.0,2.64,0.85,0.25
102772,The maximum profit you can,5,8,1.6,66.4,5.24,10.0,3.8,1.79,10.2
102773,Essentially,1,4,4.0,-132.58,32.0,40.4,18.4,30.88,19.48
102775,But they miss out on,5,5,1.0,117.16,-1.84,2.0,-3.16,-3.86,0.25
102776,You can see any health,5,6,1.2,100.24,0.52,2.0,-0.84,-1.97,0.25
102777,Get started with Medicare,4,7,1.75,54.73,6.62,11.6,8.7,6.48,11.73
102778,This amount may vary each,5,7,1.4,83.32,2.88,2.0,2.64,0.85,7.04
102779,Each year,2,2,1.0,120.21,-3.01,0.8,-7.4,-1.59,0.1
102780,Part D,2,2,1.0,120.21,-3.01,0.8,-16.1,-8.65,11.63
102781,Part C: Medicare Advantage – This,5,9,1.8,49.48,7.6,18.0,8.44,3.05,13.36
102782,Medicare Advantage (also known as,5,10,2.0,32.56,9.96,18.0,10.76,8.39,10.2
102783,In addition to extra benefits,5,10,2.0,32.56,9.96,18.0,7.28,4.62,10.2
102784,These plans have a higher,5,6,1.2,100.24,0.52,2.0,2.64,0.85,10.2
102785,Each plan has a formulary,5,8,1.6,66.4,5.24,10.0,2.64,0.85,7.04
102786,If you don't enroll,4,5,1.25,97.03,0.72,1.6,-1.45,-0.59,7.78
102787,How Do I Sign Up,5,5,1.0,117.16,-1.84,2.0,-7.8,-7.63,0.25
102788,Because of the Part B,5,6,1.2,100.24,0.52,2.0,-2.0,-2.92,7.04
102789,In addition,2,4,2.0,35.61,8.79,20.8,-1.6,3.12,11.63
102790,Concentrate rebalancing efforts in your,5,11,2.2,15.64,12.32,18.0,18.88,14.04,13.36
102793,Arrived is a real estate,5,7,1.4,83.32,2.88,2.0,1.48,-0.09,7.04
102795,Their highly selective sponsor vetting,5,10,2.0,32.56,9.96,10.0,17.72,13.1,16.52
102796,CrowdStreet offers all types of,5,7,1.4,83.32,2.88,2.0,9.6,6.5,13.36
102798,FranShares: Invest in business franchises,5,10,2.0,32.56,9.96,10.0,20.04,15.92,13.36
102799,From innovative options overlays to,5,11,2.2,15.64,12.32,18.0,14.24,10.27,13.36
102800,Investors now appreciate the liquidity,5,13,2.6,-18.2,17.04,26.0,17.72,13.1,13.36
102801,Unfortunately,1,5,5.0,-217.18,43.8,40.4,30.0,40.3,19.48
102802,Then you convert that contribution,5,9,1.8,49.48,7.6,10.0,13.08,9.33,10.2
102803,There's a lot for high,5,5,1.0,117.16,-1.84,2.0,-2.0,-1.97,7.04
102804,Since the initial contribution is,5,10,2.0,32.56,9.96,18.0,11.92,8.39,10.2
102805,Identify the excess contribution: Review,5,13,2.6,-18.2,17.04,18.0,18.88,14.98,13.36
102806,If you don't wait,4,4,1.0,118.18,-2.23,1.6,-4.35,-2.95,0.2
102807,Snider estimates that AI-related,4,9,2.25,12.43,12.52,21.6,17.4,14.72,15.68
102808,The index is trading at,5,7,1.4,83.32,2.88,2.0,0.32,-1.03,10.2
102809,She believes an active approach,5,8,1.6,66.4,5.24,2.0,9.6,6.5,13.36
102810,Tax credits by comparison are,5,9,1.8,49.48,7.6,10.0,7.28,4.62,10.2
102811,Not to be confused with,5,6,1.2,100.24,0.52,2.0,0.32,-1.03,7.04
102812,Child and Dependent Care Credit,5,8,1.6,66.4,5.24,10.0,9.6,6.5,10.2
102813,‍Child Tax Credit (CTC,4,5,1.25,97.03,0.72,1.6,1.45,2.94,11.73
102814,Credit Grows With Earnings,4,6,1.5,75.88,3.67,1.6,10.15,7.65,15.68
102815,The Savers Tax Credit,4,6,1.5,75.88,3.67,1.6,2.9,1.77,11.73
102816,For years,2,2,1.0,120.21,-3.01,0.8,-7.4,-1.59,11.63
102817,The American Opportunity Tax Credit,5,13,2.6,-18.2,17.04,10.0,14.24,10.27,10.2
102818,The Lifetime Learning Credit provides,5,9,1.8,49.48,7.6,2.0,16.56,12.16,16.52
102820,R&D tax credit,3,4,1.333,90.99,1.31,1.2,-4.4,-1.09,14.31
102821,By hiring from groups that,5,6,1.2,100.24,0.52,2.0,3.8,1.79,10.2
102822,Tax deductions lower your taxable,5,10,2.0,32.56,9.96,18.0,11.92,8.39,13.36
102823,The portfolios that robo-advisors,4,9,2.25,12.43,12.52,21.6,18.85,15.9,11.73
102824,Then,1,1,1.0,121.22,-3.4,0.4,-22.2,-2.09,0.05
102825,A robo advisor can help,5,8,1.6,66.4,5.24,10.0,0.32,-1.03,10.2
102826,Based on this recommendation,4,8,2.0,33.58,9.57,11.6,13.05,10.01,11.73
102827,In most cases,3,4,1.333,90.99,1.31,1.2,-4.4,-2.66,9.05
102828,A robo advisor uses that,5,9,1.8,49.48,7.6,10.0,1.48,-0.09,13.36
102829,Robo-advisors can be a,4,6,1.5,75.88,3.67,11.6,2.9,2.94,7.78
102830,Roby advisory (“robos”),3,7,2.333,6.39,13.11,14.53,7.2,13.04,19.58
102832,Following platforms like Jobbers.io,4,9,2.25,12.43,12.52,11.6,21.75,18.25,11.73
102833,Consistent with Supreme Court and,5,8,1.6,66.4,5.24,10.0,11.92,8.39,10.2
102834,Creates a bright line test,5,6,1.2,100.24,0.52,2.0,3.8,1.79,7.04
102835,Writing,1,2,2.0,36.62,8.4,0.4,-4.8,12.04,0.05
102837,Remote work means employees work,5,8,1.6,66.4,5.24,10.0,10.76,7.45,10.2
102838,Some of the key differences between telecommuting and remote work,10,19,1.9,35.95,10.73,12.0,13.72,9.95,8.87
102839,Remote work and telework both,5,7,1.4,83.32,2.88,2.0,7.28,4.62,10.2
102840,Remote work means an employee,5,8,1.6,66.4,5.24,10.0,7.28,4.62,10.2
102841,Remote workers have the autonomy,5,10,2.0,32.56,9.96,10.0,10.76,7.45,13.36
102842,Distance,1,2,2.0,36.62,8.4,0.4,1.0,16.75,19.48
102843,Telework is often used interchangeably,5,11,2.2,15.64,12.32,10.0,17.72,13.1,10.2
102844,Flexplace,1,2,2.0,36.62,8.4,0.4,6.8,21.46,19.48
102845,It's easy to standardize.,4,7,1.75,54.73,6.62,11.6,5.8,6.48,7.78
102847,Promotes well-being and prevents,4,8,2.0,33.58,9.57,11.6,17.4,14.72,15.68
102848,Succession planning stress test: Research,5,9,1.8,49.48,7.6,10.0,20.04,15.92,16.52
102849,52% of remote-capable workers,4,8,2.0,33.58,9.57,11.6,11.6,11.18,15.68
102850,The vast majority of companies,5,10,2.0,32.56,9.96,18.0,8.44,5.56,13.36
102851,As digital-first marketing becomes,4,9,2.25,12.43,12.52,21.6,20.3,17.07,15.68
102853,Sales and business development: +40% growth in fully remote,9,15,1.667,56.7,7.59,8.04,11.84,9.76,12.86
102855,In this era,3,4,1.333,90.99,1.31,1.2,-8.27,-5.8,9.05
102857,Re-entering the workforce has,4,8,2.0,33.58,9.57,11.6,13.05,11.18,11.73
102858,Demographic Balancing: A recent subpoena,5,13,2.6,-18.2,17.04,26.0,18.88,14.98,16.52
102859,To me,2,2,1.0,120.21,-3.01,0.8,-19.0,-11.01,0.1
102860,Some may disagree,3,5,1.667,62.79,5.25,14.53,3.33,3.62,9.05
102861,Top-Cauliflower-1808,1,4,4.0,-132.58,32.0,40.4,59.0,73.27,19.48
102862,and they see why an,5,5,1.0,117.16,-1.84,2.0,-4.32,-4.8,0.25
102865,The key distinction is replacing,5,9,1.8,49.48,7.6,18.0,10.76,7.45,10.2
102867,AI-powered interview platforms analyze,4,9,2.25,12.43,12.52,21.6,26.1,21.78,19.62
102868,Presenting vague or unmeasurable results,5,11,2.2,15.64,12.32,18.0,20.04,14.98,16.52
102869,Sharing negative examples without redemption,5,13,2.6,-18.2,17.04,26.0,24.68,18.75,16.52
102870,Rambling or exceeding the 3,5,8,1.6,66.4,5.24,10.0,4.96,2.74,13.36
102871,An API (common shorthand for,5,7,1.4,83.32,2.88,2.0,4.96,3.68,13.36
102872,Healthcare organizations – Technical writers document,5,15,3.0,-52.04,21.76,26.0,32.8,18.75,19.67
102873,Engineering or manufacturing firms – They,5,12,2.4,-1.28,14.68,18.0,18.88,9.33,13.36
102875,Software and tech companies – Technical,5,10,2.0,32.56,9.96,18.0,16.56,7.76,16.52
102876,Technical Writers provide a key,5,9,1.8,49.48,7.6,10.0,9.6,6.5,13.36
102878,Gsustv,1,1,1.0,121.22,-3.4,0.4,-10.6,7.33,19.48
102879,When an interviewer asks you,5,8,1.6,66.4,5.24,10.0,6.12,3.68,10.2
102880,One of the main factors,5,6,1.2,100.24,0.52,2.0,0.32,-1.03,10.2
102881,According to a survey by FlexJobs,6,10,1.667,59.75,6.42,9.07,6.33,3.55,11.83
102882,According to the U.S. Bureau,5,8,1.6,66.4,5.24,10.0,3.8,3.68,10.2
102883,In 2026,2,2,1.0,120.21,-3.01,0.8,-13.2,-6.3,11.63
102884,Nathan Lippi,2,4,2.0,35.61,8.79,0.8,1.3,5.48,19.53
102886,Lara Acosta went from being,5,9,1.8,49.48,7.6,10.0,4.96,2.74,10.2
102887,Here are the Top 10,5,5,1.0,117.16,-1.84,2.0,-4.32,-4.8,7.04
102889,These tools don't replace,4,5,1.25,97.03,0.72,1.6,7.25,6.48,11.73
102890,Today's AI design tools generate,5,9,1.8,49.48,7.6,10.0,9.6,7.45,19.67
102891,Designers will act as curators,5,9,1.8,49.48,7.6,18.0,8.44,5.56,10.2
102892,UX research will still be,5,6,1.2,100.24,0.52,2.0,2.64,0.85,10.2
102893,This all being said,4,5,1.25,97.03,0.72,1.6,0.0,-0.59,0.2
102894,The Future of UX/UI: What to Expect in 2025,9,11,1.222,94.3,2.34,3.6,2.18,1.39,9.35
102895,An oversaturated market flooded with,5,10,2.0,32.56,9.96,10.0,15.4,11.21,10.2
102896,The idea that education ends,5,10,2.0,32.56,9.96,10.0,6.12,3.68,10.2
102897,Short-term certificates,2,6,3.0,-48.99,20.59,20.8,30.3,31.38,19.53
102898,Returning allows you to finish,5,9,1.8,49.48,7.6,10.0,8.44,5.56,10.2
102899,School is not just about,5,6,1.2,100.24,0.52,2.0,1.48,-0.09,0.25
102900,Above all,2,3,1.5,77.91,2.89,0.8,-7.4,-1.59,0.1
102901,Accrued PTO,2,3,1.5,77.91,2.89,0.8,-1.6,3.12,19.53
102902,PTO banks,2,2,1.0,120.21,-3.01,0.8,-7.4,-1.59,19.53
102903,Ensuring Smooth Day-to-Day,3,5,1.667,62.79,5.25,14.53,16.87,17.75,14.31
102904,The shadow: This chief of,5,6,1.2,100.24,0.52,2.0,1.48,0.85,0.25
102905,Nearly two-thirds of chiefs,4,6,1.5,75.88,3.67,1.6,10.15,8.83,11.73
102906,The most common training grounds,5,7,1.4,83.32,2.88,2.0,10.76,7.45,13.36
102907,On average,2,4,2.0,35.61,8.79,20.8,-4.5,0.77,11.63
102908,The average COS has just,5,7,1.4,83.32,2.88,10.0,1.48,-0.09,10.2
102909,By 2026,2,2,1.0,120.21,-3.01,0.8,-13.2,-6.3,11.63
102910,By 2027,2,2,1.0,120.21,-3.01,0.8,-13.2,-6.3,11.63
102916,If you imagine being the,5,8,1.6,66.4,5.24,10.0,1.48,-0.09,7.04
102917,Although the ascent to it,5,7,1.4,83.32,2.88,2.0,2.64,0.85,10.2
102918,Role ambiguity: You'll frequently,4,10,2.5,-8.72,15.47,21.6,17.4,15.9,15.68
102919,A Chief of Staff for,5,5,1.0,117.16,-1.84,2.0,-3.16,-3.86,7.04
102920,Additionally,1,5,5.0,-217.18,43.8,40.4,24.2,35.59,19.48
102922,As a CEO's COS,4,4,1.0,118.18,-2.23,1.6,-8.7,-6.48,11.73
102923,As I've seen before,4,5,1.25,97.03,0.72,1.6,-1.45,-0.59,0.2
102924,As one noted,3,4,1.333,90.99,1.31,1.2,-6.33,-4.23,9.05
102927,The 2026 edition finds that,5,7,1.4,83.32,2.88,10.0,4.96,2.74,13.36
102928,The impact goes beyond the,5,7,1.4,83.32,2.88,2.0,3.8,1.79,10.2
102929,Teams that applied these skills,5,6,1.2,100.24,0.52,2.0,9.6,6.5,13.36
102932,In 2026,2,2,1.0,120.21,-3.01,0.8,-13.2,-6.3,11.63
102934,Keep it handy as a,5,6,1.2,100.24,0.52,2.0,-5.48,-5.74,7.04
102936,2️⃣ Stack Micro-Credentials Instead,4,9,2.25,12.43,12.52,11.6,18.85,18.25,11.73
102939,Translate your value: Match your,5,7,1.4,83.32,2.88,2.0,9.6,7.45,7.04
102940,If you are changing industries,5,8,1.6,66.4,5.24,10.0,8.44,5.56,10.2
102941,Customize each application to highlight,5,11,2.2,15.64,12.32,18.0,18.88,14.04,13.36
102942,Lead with accomplishments,3,6,2.0,34.59,9.18,14.53,18.8,16.18,9.05
102943,Conduct informational interviews.,3,10,3.333,-78.21,24.91,27.87,32.33,28.74,19.58
102945,Thinking about a career change,5,8,1.6,66.4,5.24,2.0,8.44,5.56,10.2
102946,By 2026,2,2,1.0,120.21,-3.01,0.8,-13.2,-6.3,11.63
102947,Employees who stayed loyal through,5,8,1.6,66.4,5.24,10.0,13.08,9.33,13.36
102949,If your growth has stalled,5,5,1.0,117.16,-1.84,2.0,3.8,1.79,10.2
102950,Adaptability across tools and workflows,5,12,2.4,-1.28,14.68,10.0,18.88,14.04,13.36
102951,Routine,1,2,2.0,36.62,8.4,0.4,-4.8,12.04,19.48
102952,The good news: a career,5,6,1.2,100.24,0.52,2.0,-0.84,-1.03,7.04
102953,Executive coaching – Higher costs apply,5,11,2.2,15.64,12.32,10.0,16.56,7.76,19.67
102954,How Much Does Career Coaching Cost in 2026?,8,10,1.25,92.97,2.28,3.2,5.88,3.77,9.95
102955,Service Type,2,3,1.5,77.91,2.89,0.8,1.3,5.48,11.63
102956,Career change,2,3,1.5,77.91,2.89,0.8,4.2,7.83,11.63
102957,Confident communication practice,3,10,3.333,-78.21,24.91,27.87,32.33,27.17,19.58
102958,Coach credentials play a central,5,8,1.6,66.4,5.24,10.0,10.76,7.45,10.2
102959,Coaches in major urban centers,5,9,1.8,49.48,7.6,2.0,8.44,5.56,13.36
102960,Flum and Blustein [37] argue,5,6,1.2,100.24,0.52,2.0,3.8,3.68,16.52
102961,Individuals with higher levels of,5,11,2.2,15.64,12.32,10.0,11.92,8.39,13.36
102962,Strengthening core self-evaluation,3,7,2.333,6.39,13.11,27.87,34.27,30.31,19.58
102963,Laws in the United States,5,7,1.4,83.32,2.88,2.0,2.64,0.85,7.04
102964,The FMLA requires many — though,5,8,1.6,66.4,5.24,10.0,7.28,1.48,10.2
102965,While not a formal maternity,5,9,1.8,49.48,7.6,10.0,6.12,3.68,10.2
102966,FMLA grants eligible employees 12,5,10,2.0,32.56,9.96,18.0,11.92,8.39,19.67
102967,New moms take an average,5,7,1.4,83.32,2.88,10.0,1.48,-0.09,10.2
102968,Government employers,2,6,3.0,-48.99,20.59,20.8,24.5,24.31,11.63
102969,In some states,3,3,1.0,119.19,-2.62,1.2,-2.47,-1.09,0.15
102970,Length of job-protected paid,4,7,1.75,54.73,6.62,11.6,11.6,10.01,7.78
102971,8 weeks,2,2,1.0,120.21,-3.01,0.8,-13.2,-6.3,19.53
102972,Is a severance package mandatory,5,11,2.2,15.64,12.32,18.0,10.76,7.45,10.2
102973,Clear Documentation: Maintain written policies,5,13,2.6,-18.2,17.04,18.0,25.84,20.63,13.36
102974,When developing severance policies,4,11,2.75,-29.87,18.42,31.6,21.75,17.07,15.68
102975,A severance or exit package,5,9,1.8,49.48,7.6,10.0,4.96,2.74,7.04
102976,Beyond monetary compensation,3,10,3.333,-78.21,24.91,27.87,24.6,20.89,19.58
102977,Compassionate Communication: Train managers on,5,14,2.8,-35.12,19.4,26.0,25.84,20.63,13.36
102978,What is a severance agreement?,5,9,1.8,49.48,7.6,18.0,7.28,5.56,10.2
102980,In many cases,3,5,1.667,62.79,5.25,1.2,-4.4,-2.66,9.05
102981,Confidentiality Requirements: Obligations to maintain,5,17,3.4,-85.88,26.48,26.0,33.96,27.23,16.52
102982,Return of company property: Employee must return all tangible company,10,22,2.2,10.56,14.27,16.0,15.46,11.83,8.87
102985,However,1,3,3.0,-47.98,20.2,0.4,-4.8,12.04,0.05
102988,per post than Likely AI,5,6,1.2,100.24,0.52,2.0,0.32,-1.03,10.2
102989,Clicks Are the New “Ghost” Engagement Metric,7,10,1.429,78.87,4.0,8.51,9.8,7.64,13.01
102990,Meanwhile,1,2,2.0,36.62,8.4,0.4,6.8,21.46,19.48
102991,While both types of accounts,5,6,1.2,100.24,0.52,2.0,6.12,3.68,10.2
102992,WEF focuses on AI replacing,5,9,1.8,49.48,7.6,18.0,4.96,2.74,16.52
102993,And indeed,2,3,1.5,77.91,2.89,0.8,-4.5,0.77,0.1
102994,Amid growing pressure to uncover,5,10,2.0,32.56,9.96,10.0,10.76,7.45,16.52
102995,Home / LinkedIn Trends: 6 Strategy,5,8,1.6,66.4,5.24,10.0,9.6,3.83,16.52
102997,At a minimum,3,5,1.667,62.79,5.25,14.53,-6.33,-4.23,9.05
102999,Python is quite versatile and,5,8,1.6,66.4,5.24,10.0,7.28,4.62,10.2
103000,Learning statistics,2,5,2.5,-6.69,14.69,20.8,21.6,21.96,19.53
103002,Knowing the theory is nice,5,7,1.4,83.32,2.88,2.0,3.8,1.79,10.2
103003,Tableau or PowerBI: Visualize large,5,8,1.6,66.4,5.24,10.0,13.08,10.27,13.36
103004,This created a two-tier,4,7,1.75,54.73,6.62,11.6,4.35,4.12,11.73
103005,You need a resume fast,5,6,1.2,100.24,0.52,2.0,-0.84,-1.97,7.04
103007,Vesting occurs when an employee,5,9,1.8,49.48,7.6,10.0,9.6,6.5,13.36
103008,Your company may offer you,5,8,1.6,66.4,5.24,2.0,3.8,1.79,0.25
103009,When we review your claim,5,6,1.2,100.24,0.52,2.0,2.64,0.85,7.04
103010,Information You Need to Apply,5,9,1.8,49.48,7.6,10.0,7.28,4.62,10.2
103013,When to Apply for Benefits,5,8,1.6,66.4,5.24,10.0,3.8,1.79,10.2
103014,To certify for benefits,4,8,2.0,33.58,9.57,21.6,5.8,4.12,11.73
103015,As an important measure to,5,8,1.6,66.4,5.24,2.0,3.8,1.79,0.25
103016,To receive unemployment benefits,4,10,2.5,-8.72,15.47,21.6,18.85,14.72,11.73
103017,We also will tell you,5,6,1.2,100.24,0.52,2.0,-2.0,-2.92,0.25
103018,Before applying,2,5,2.5,-6.69,14.69,20.8,10.0,12.54,11.63
103019,BusinessAdaptabilityCareer DevelopmentStrategy,2,14,7.0,-387.39,67.79,40.8,99.9,85.54,19.53
103020,That ladder only worked because,5,8,1.6,66.4,5.24,2.0,9.6,6.5,7.04
103021,Enter the career lattice,4,7,1.75,54.73,6.62,1.6,7.25,5.3,11.73
103022,Each step marks a clear,5,5,1.0,117.16,-1.84,2.0,0.32,-1.03,7.04
103025,A big driver is simple,5,7,1.4,83.32,2.88,2.0,-0.84,-1.97,0.25
103026,Entry-level tech jobs have,4,5,1.25,97.03,0.72,1.6,8.7,7.65,15.68
103027,It replaces the bottom layer,5,9,1.8,49.48,7.6,10.0,6.12,3.68,10.2
103028,Instead of building intuition over,5,11,2.2,15.64,12.32,10.0,13.08,9.33,7.04
103029,Amazon kicked this off in,5,7,1.4,83.32,2.88,10.0,2.64,0.85,10.2
103030,Success,1,2,2.0,36.62,8.4,0.4,-4.8,12.04,19.48
103031,Instead of a series of,5,7,1.4,83.32,2.88,2.0,-0.84,-1.97,7.04
103032,An emerging trend especially in,5,9,1.8,49.48,7.6,18.0,9.6,6.5,13.36
103033,When RSUs are granted at,5,6,1.2,100.24,0.52,2.0,1.48,-0.09,10.2
103034,Vesting is typically time-based,4,7,1.75,54.73,6.62,11.6,15.95,13.54,15.68
103035,But additional tax planning may,5,9,1.8,49.48,7.6,10.0,9.6,6.5,10.2
103036,The challenge is straightforward but,5,8,1.6,66.4,5.24,10.0,15.4,11.21,10.2
103037,According to the IRS Tax,5,7,1.4,83.32,2.88,10.0,1.48,-0.09,10.2
103038,Between economic whiplash,3,8,2.667,-21.81,17.05,14.53,18.8,16.18,14.31
103039,Observers said that China's approach,5,9,1.8,49.48,7.6,10.0,14.24,11.21,13.36
103040,I've built plans for,4,4,1.0,118.18,-2.23,1.6,0.0,0.59,7.78
103041,When China's national lawmakers and,5,10,2.0,32.56,9.96,18.0,13.08,10.27,13.36
103042,In many countries,3,5,1.667,62.79,5.25,1.2,3.33,3.62,9.05
103043,A five-year time-horizon,3,6,2.0,34.59,9.18,14.53,13.0,14.61,14.31
103044,Recently,1,3,3.0,-47.98,20.2,40.4,1.0,16.75,19.48
103045,Here are some essential tips,5,7,1.4,83.32,2.88,10.0,6.12,3.68,10.2
103047,Focus on Core Concepts:,4,6,1.5,75.88,3.67,1.6,4.35,4.12,15.68
103048,You won't just get,4,4,1.0,118.18,-2.23,1.6,-2.9,-1.77,0.2
103049,Stay up to date with,5,5,1.0,117.16,-1.84,2.0,-3.16,-3.86,0.25
103051,When dealing with different types,5,8,1.6,66.4,5.24,2.0,11.92,8.39,10.2
103052,ISC2 Certified in Cyber Security,5,11,2.2,15.64,12.32,18.0,10.76,7.45,16.52
103053,Ready,1,2,2.0,36.62,8.4,0.4,-16.4,2.62,0.05
103054,This could involve proposing security,5,11,2.2,15.64,12.32,18.0,16.56,12.16,13.36
103055,We see this reality reflected,5,10,2.0,32.56,9.96,18.0,7.28,4.62,10.2
103057,We found that WFH employees,5,7,1.4,83.32,2.88,10.0,4.96,2.74,10.2
103058,Antonio Nieto-Rodriguez is one,4,10,2.5,-8.72,15.47,21.6,14.5,12.36,11.73
103059,Elizabeth Harrin is an award,5,10,2.0,32.56,9.96,10.0,6.12,3.68,13.36
103060,50 project management influencers to follow in 2026,8,15,1.875,40.09,9.66,13.2,12.4,8.48,13.9
103061,John Cutler is one of,5,6,1.2,100.24,0.52,2.0,-2.0,-2.92,10.2
103062,The Best Project Management Software,5,9,1.8,49.48,7.6,10.0,15.4,11.21,13.36
103063,Best for All Methodologies and,5,9,1.8,49.48,7.6,10.0,8.44,5.56,7.04
103066,Showing you value your colleagues,5,8,1.6,66.4,5.24,2.0,11.92,8.39,10.2
103068,Employees who receive strengths-based,4,8,2.0,33.58,9.57,11.6,24.65,20.6,11.73
103069,We know feedback can positively,5,9,1.8,49.48,7.6,10.0,9.6,6.5,10.2
103070,But AI only works with,5,6,1.2,100.24,0.52,2.0,-0.84,-1.97,10.2
103071,Action-oriented,1,3,3.0,-47.98,20.2,40.4,35.8,49.72,19.48
103072,Becoming the first QA or,5,7,1.4,83.32,2.88,2.0,1.48,-0.09,7.04
103073,Automated testing: Understand how to,5,11,2.2,15.64,12.32,10.0,14.24,11.21,10.2
103075,Without vesting schedules,3,6,2.0,34.59,9.18,1.2,18.8,16.18,14.31
103076,In this case,3,3,1.0,119.19,-2.62,1.2,-6.33,-4.23,0.15
103078,Types of vesting schedules,4,6,1.5,75.88,3.67,1.6,10.15,7.65,15.68
103079,Incentive stock options (ISO),4,7,1.75,54.73,6.62,11.6,11.6,11.18,15.68
103080,QA Job Title,3,4,1.333,90.99,1.31,1.2,-6.33,-4.23,9.05
103081,Quality assurance jobs fall under,5,10,2.0,32.56,9.96,18.0,11.92,8.39,13.36
103082,QA Intern / Entry-Level QA,4,6,1.5,75.88,3.67,1.6,5.8,1.29,19.62
103084,Senior QA Engineer / Automation QA,5,11,2.2,15.64,12.32,10.0,10.76,3.83,16.52
103085,AI and machine learning testing,5,8,1.6,66.4,5.24,2.0,9.6,6.5,13.36
103088,An individual's state of residence,5,11,2.2,15.64,12.32,18.0,11.92,9.33,10.2
103089,Luckily,1,3,3.0,-47.98,20.2,40.4,-4.8,12.04,19.48
103090,He argues that the convenience,5,8,1.6,66.4,5.24,10.0,8.44,5.56,10.2
103091,Although Massachusetts did not have,5,9,1.8,49.48,7.6,10.0,14.24,10.27,10.2
103092,Work From Home Deductions: What's,5,7,1.4,83.32,2.88,10.0,9.6,8.39,7.04
103094,You can ask them to,5,5,1.0,117.16,-1.84,2.0,-4.32,-4.8,0.25
103096,Taxes When Selling RSUs,4,6,1.5,75.88,3.67,1.6,5.8,4.12,15.68
103097,But additional tax planning may,5,9,1.8,49.48,7.6,10.0,9.6,6.5,10.2
103098,When RSUs are granted at,5,6,1.2,100.24,0.52,2.0,1.48,-0.09,10.2
103099,If you sell shares immediately,5,9,1.8,49.48,7.6,10.0,8.44,5.56,10.2
103100,Consider Quarterly Payments: If RSUs,5,10,2.0,32.56,9.96,18.0,14.24,11.21,16.52
103101,Organizations now recognize that reliability,5,16,3.2,-68.96,24.12,26.0,24.68,18.75,13.36
103102,By embracing predictive alerts and,5,10,2.0,32.56,9.96,18.0,13.08,9.33,13.36
103103,Trend 2: The Rise of Automated Fixes (Auto-Remediation,8,14,1.75,50.67,8.18,13.2,12.4,10.24,13.9
103104,These automated workflows are already,5,11,2.2,15.64,12.32,10.0,16.56,12.16,10.2
103106,Reliability is no longer proven,5,12,2.4,-1.28,14.68,10.0,9.6,6.5,13.36
103107,Only 26% consistently measure whether,5,11,2.2,15.64,12.32,10.0,15.4,12.16,13.36
103108,While this represents more than,5,7,1.4,83.32,2.88,10.0,9.6,6.5,7.04
103109,Installation and setup,3,7,2.333,6.39,13.11,14.53,13.0,11.47,14.31
103110,Some vendors charge a one,5,6,1.2,100.24,0.52,2.0,2.64,0.85,7.04
103112,The effective time cost isn,5,7,1.4,83.32,2.88,10.0,4.96,2.74,10.2
103113,Employees say evaluations are most,5,11,2.2,15.64,12.32,18.0,13.08,9.33,10.2
103114,Just ~20% of employees say,5,7,1.4,83.32,2.88,10.0,1.48,1.79,10.2
103116,If you can build golden,5,6,1.2,100.24,0.52,2.0,0.32,-1.03,0.25
103117,Second,1,2,2.0,36.62,8.4,0.4,-10.6,7.33,0.05
103118,AI tools that are actually,5,8,1.6,66.4,5.24,10.0,3.8,1.79,13.36
103119,The modern DevOps engineer in,5,9,1.8,49.48,7.6,2.0,7.28,4.62,10.2
103120,What I expected to find,5,7,1.4,83.32,2.88,10.0,0.32,-1.03,7.04
103123,A balanced market—where we,4,7,1.75,54.73,6.62,11.6,8.7,7.65,11.73
103124,The 2026 housing market presents,5,8,1.6,66.4,5.24,2.0,10.76,7.45,13.36
103125,In most severance packages,4,8,2.0,33.58,9.57,21.6,10.15,7.65,11.73
103126,A voluntary separation program is,5,12,2.4,-1.28,14.68,18.0,11.92,8.39,13.36
103127,My wife works in HR,5,5,1.0,117.16,-1.84,2.0,-4.32,-4.8,10.2
103128,Voluntary separation offers on the,5,12,2.4,-1.28,14.68,18.0,13.08,9.33,13.36
103130,Unlike a layoff,3,5,1.667,62.79,5.25,1.2,-0.53,0.48,14.31
103132,Platform engineers are paid the,5,8,1.6,66.4,5.24,10.0,9.6,6.5,7.04
103133,Compare this to traditional DevOps,5,10,2.0,32.56,9.96,10.0,13.08,9.33,10.2
103134,The pay spread is wide,5,5,1.0,117.16,-1.84,2.0,-0.84,-1.97,0.25
103135,Developer adoption: Getting developers to,5,14,2.8,-35.12,19.4,26.0,20.04,15.92,13.36
103136,From a career perspective I,5,8,1.6,66.4,5.24,10.0,4.96,2.74,10.2
103137,❓What's new for LinkedIn,4,5,1.25,97.03,0.72,1.6,4.35,5.3,7.78
103138,Your background photo banner is,5,8,1.6,66.4,5.24,2.0,9.6,6.5,10.2
103142,Kill the buzzwords.,3,4,1.333,90.99,1.31,1.2,5.27,6.76,9.05
103146,While AI dominates the conversation,5,10,2.0,32.56,9.96,18.0,14.24,10.27,13.36
103148,I can see tech writers,5,6,1.2,100.24,0.52,2.0,-0.84,-1.97,10.2
103149,Writers will not only create,5,8,1.6,66.4,5.24,2.0,6.12,3.68,10.2
103150,Technical writers are responsible for,5,11,2.2,15.64,12.32,18.0,16.56,12.16,13.36
103151,Human judgment and ethical oversight,5,11,2.2,15.64,12.32,18.0,15.4,11.21,16.52
103152,In 2026,2,2,1.0,120.21,-3.01,0.8,-13.2,-6.3,11.63
103154,Decline of documentation portals as,5,11,2.2,15.64,12.32,10.0,14.24,10.27,13.36
103155,The biggest technical writing trends in 2026 include AI-assisted,9,15,1.667,56.7,7.59,8.04,16.36,12.38,14.61
103156,Additionally,1,5,5.0,-217.18,43.8,40.4,24.2,35.59,19.48
103157,The takeaway for technical writers,5,8,1.6,66.4,5.24,10.0,13.08,9.33,13.36
103158,These are highly specialized and,5,8,1.6,66.4,5.24,10.0,10.76,7.45,10.2
103159,Depending on the test team,5,7,1.4,83.32,2.88,10.0,3.8,1.79,7.04
103160,When we are prepping for,5,6,1.2,100.24,0.52,2.0,1.48,-0.09,7.04
103161,There are ways to speed,5,5,1.0,117.16,-1.84,2.0,0.32,-1.03,7.04
103162,But here's what job postings,5,6,1.2,100.24,0.52,2.0,4.96,3.68,7.04
103165,Pros,1,1,1.0,121.22,-3.4,0.4,-22.2,-2.09,19.48
103166,Work,1,1,1.0,121.22,-3.4,0.4,-22.2,-2.09,0.05
103168,Your physical therapist can analyze,5,11,2.2,15.64,12.32,26.0,14.24,10.27,13.36
103169,The half marathon is the,5,7,1.4,83.32,2.88,10.0,1.48,-0.09,7.04
103170,Look,1,1,1.0,121.22,-3.4,0.4,-22.2,-2.09,0.05
103171,So after all this—is,4,6,1.5,75.88,3.67,1.6,0.0,0.59,7.78
103172,The half?,2,2,1.0,120.21,-3.01,0.8,-10.3,-1.59,0.1
103173,For recreational runners,3,8,2.667,-21.81,17.05,14.53,16.87,14.61,14.31
103174,That means if you cross,5,5,1.0,117.16,-1.84,2.0,0.32,-1.03,0.25
103175,I've really enjoyed that,4,6,1.5,75.88,3.67,1.6,5.8,5.3,7.78
103176,One of the most common,5,6,1.2,100.24,0.52,2.0,-0.84,-1.97,7.04
103177,It increases lean muscle mass,5,8,1.6,66.4,5.24,10.0,7.28,4.62,13.36
103178,Here,1,1,1.0,121.22,-3.4,0.4,-22.2,-2.09,0.05
103180,Common exercises in metcons include,5,11,2.2,15.64,12.32,10.0,14.24,10.27,16.52
103181,For example,2,4,2.0,35.61,8.79,20.8,-1.6,3.12,11.63
103183,Research supports this: Implementation intentions,5,13,2.6,-18.2,17.04,18.0,29.32,23.46,16.52
103184,Research shows that 70% of,5,6,1.2,100.24,0.52,2.0,2.64,1.79,13.36
103185,The transition is the tricky,5,8,1.6,66.4,5.24,10.0,6.12,3.68,10.2
103186,Tip: “Ensure that you',4,5,1.25,97.03,0.72,1.6,0.0,2.94,7.78
103187,When you have a solid,5,6,1.2,100.24,0.52,2.0,-2.0,-2.92,7.04
103188,At the lactate threshold,4,6,1.5,75.88,3.67,1.6,7.25,5.3,11.73
103189,The “comfortably hard” or “,4,7,1.75,54.73,6.62,11.6,5.8,2.24,7.78
103190,Even if there are no,5,6,1.2,100.24,0.52,2.0,-3.16,-3.86,0.25
103191,For our case study,4,6,1.5,75.88,3.67,1.6,-1.45,-1.77,0.2
103192,Avoid scheduling the interval training,5,11,2.2,15.64,12.32,18.0,17.72,13.1,16.52
103193,you know what to do?,5,5,1.0,117.16,-1.84,2.0,-4.32,-3.86,0.25
103194,The program is centered around,5,8,1.6,66.4,5.24,2.0,8.44,5.56,10.2
103195,The instructors circle the room,5,8,1.6,66.4,5.24,10.0,9.6,6.5,7.04
103196,TheRynosaurus,1,4,4.0,-132.58,32.0,40.4,30.0,40.3,19.48
103197,Until then,2,3,1.5,77.91,2.89,0.8,-4.5,0.77,0.1
103199,Despite the potential additive benefits,5,12,2.4,-1.28,14.68,26.0,18.88,14.04,16.52
103200,The mode of exercise may,5,7,1.4,83.32,2.88,10.0,1.48,-0.09,10.2
103201,The key factors are temporal,5,8,1.6,66.4,5.24,10.0,6.12,3.68,10.2
103202,>8 hours apart: Minimal interference,5,12,2.4,-1.28,14.68,18.0,13.08,11.21,16.52
103203,Generally speaking,2,6,3.0,-48.99,20.59,20.8,18.7,19.6,19.53
103204,If you train both in,5,5,1.0,117.16,-1.84,2.0,-3.16,-3.86,0.25
103205,Results: Analysis of the 42,5,9,1.8,49.48,7.6,10.0,3.8,2.74,13.36
103206,A study by Seiler (2010,5,7,1.4,83.32,2.88,2.0,-0.84,-1.03,10.2
103207,Interference occurs when strength and,5,9,1.8,49.48,7.6,10.0,16.56,12.16,13.36
103208,$300.00,1,1,1.0,121.22,-3.4,0.4,-16.4,12.04,19.48
103209,$250-500 depending on who,4,6,1.5,75.88,3.67,11.6,5.8,6.48,11.73
103210,Individual - Monthly (All Ages),4,10,2.5,-8.72,15.47,11.6,11.6,6.0,15.68
103211,USAW Level 1 – $549 for,5,6,1.2,100.24,0.52,2.0,-3.16,-4.8,13.36
103213,Strength training in 2026 treats,5,6,1.2,100.24,0.52,2.0,10.76,7.45,16.52
103214,2️⃣ Fatigue — temporary performance suppression,5,13,2.6,-18.2,17.04,26.0,23.52,14.04,19.67
103215,We might be able to,5,6,1.2,100.24,0.52,2.0,-4.32,-4.8,0.25
103216,When training,2,3,1.5,77.91,2.89,0.8,4.2,7.83,11.63
103217,Tuck Planche: Where It Begins,5,6,1.2,100.24,0.52,2.0,6.12,4.62,13.36
103218,Elbow joint development,3,7,2.333,6.39,13.11,14.53,14.93,13.04,14.31
103220,You can improve this by,5,6,1.2,100.24,0.52,2.0,0.32,-1.03,0.25
103221,keep your wrists at bar,5,5,1.0,117.16,-1.84,2.0,0.32,-1.03,7.04
103222,Arching the lower back: Maintain,5,8,1.6,66.4,5.24,2.0,9.6,7.45,13.36
103223,Now you pull that handle,5,6,1.2,100.24,0.52,2.0,1.48,-0.09,0.25
103224,This is a very basic,5,7,1.4,83.32,2.88,2.0,-3.16,-3.86,7.04
103225,The 'AI' Advantage (New,4,6,1.5,75.88,3.67,11.6,1.45,4.12,11.73
103227,If there's one trend that,5,5,1.0,117.16,-1.84,2.0,1.48,0.85,10.2
103229,In PureGym's annual fitness report,5,10,2.0,32.56,9.96,10.0,11.92,9.33,13.36
103230,According to PureGym's annual report,5,11,2.2,15.64,12.32,18.0,14.24,11.21,13.36
103231,They don't need to,4,4,1.0,118.18,-2.23,1.6,-2.9,-1.77,0.2
103232,Although you can obtain BCAAs,5,7,1.4,83.32,2.88,2.0,7.28,4.62,13.36
103233,The BCAA leucine has been,5,6,1.2,100.24,0.52,2.0,2.64,0.85,10.2
103234,As the body cannot produce,5,8,1.6,66.4,5.24,2.0,3.8,1.79,7.04
103235,You'll want to avoid,4,5,1.25,97.03,0.72,1.6,0.0,0.59,7.78
103236,BCAA Priority List,3,6,2.0,34.59,9.18,14.53,5.27,5.19,14.31
103237,Amounts and Dosage,3,5,1.667,62.79,5.25,1.2,5.27,5.19,14.31
103238,That means you can take,5,5,1.0,117.16,-1.84,2.0,0.32,-1.03,0.25
103239,At the end of the,5,5,1.0,117.16,-1.84,2.0,-6.64,-6.68,0.25
103240,Both total distance and relative,5,9,1.8,49.48,7.6,10.0,10.76,7.45,13.36
103241,If you're new to,4,4,1.0,118.18,-2.23,1.6,-5.8,-4.12,0.2
103243,Since cycling is the longest,5,8,1.6,66.4,5.24,10.0,6.12,3.68,10.2
103245,Two short 20-30 minute,4,5,1.25,97.03,0.72,1.6,2.9,2.94,7.78
103246,Also include a brick session,5,8,1.6,66.4,5.24,2.0,6.12,3.68,10.2
103247,Most triathlon training also involves,5,10,2.0,32.56,9.96,10.0,16.56,12.16,13.36
103248,It's perfect for the beginner triathlete to pursue with a,10,15,1.5,69.79,6.01,8.0,8.5,6.18,10.45
103249,Gradually build and increase your,5,9,1.8,49.48,7.6,10.0,11.92,8.39,10.2
103250,Taper refers to a progressive,5,9,1.8,49.48,7.6,10.0,7.28,4.62,13.36
103251,Taper also improves performance indices,5,12,2.4,-1.28,14.68,18.0,18.88,14.04,16.52
103252,Like the Shepley study,4,6,1.5,75.88,3.67,1.6,4.35,2.94,7.78
103253,For most endurance-oriented activities,4,11,2.75,-29.87,18.42,21.6,26.1,21.78,11.73
103254,As long as the training,5,6,1.2,100.24,0.52,2.0,0.32,-1.03,7.04
103255,Lastly,1,2,2.0,36.62,8.4,0.4,-10.6,7.33,19.48
103256,A reduction in training load,5,8,1.6,66.4,5.24,10.0,6.12,3.68,10.2
103257,An improperly conducted taper where,5,11,2.2,15.64,12.32,18.0,14.24,10.27,13.36
103258,Authors: Kate L.,3,4,1.333,90.99,1.31,1.2,-2.47,2.05,19.58
103260,Pull with your top arm,5,5,1.0,117.16,-1.84,2.0,-0.84,-1.97,0.25
103261,The upper arm can be,5,6,1.2,100.24,0.52,2.0,-3.16,-3.86,0.25
103262,Start by assisting the flag,5,7,1.4,83.32,2.88,10.0,4.96,2.74,7.04
103263,Then you have to do,5,5,1.0,117.16,-1.84,2.0,-4.32,-4.8,0.25
103264,In my opinion,3,5,1.667,62.79,5.25,14.53,-4.4,-2.66,9.05
103265,Prior to jumping into the,5,8,1.6,66.4,5.24,2.0,2.64,0.85,10.2
103266,In conclusion,2,4,2.0,35.61,8.79,20.8,4.2,7.83,11.63
103267,“Creatine helps regenerate adenosine triphosphate,5,15,3.0,-52.04,21.76,34.0,29.32,23.46,19.67
103268,One 6-week training study,4,6,1.5,75.88,3.67,1.6,7.25,6.48,11.73
103269,‍Physical performance: Research shows creatine,5,12,2.4,-1.28,14.68,26.0,24.68,20.63,19.67
103271,Creatine helps increase muscle mass,5,9,1.8,49.48,7.6,10.0,14.24,10.27,19.67
103272,Then within the last decade,5,7,1.4,83.32,2.88,2.0,4.96,2.74,10.2
103273,Naturally produced in the body,5,10,2.0,32.56,9.96,10.0,8.44,5.56,10.2
103274,What are the benefits and,5,7,1.4,83.32,2.88,10.0,2.64,0.85,7.04
103275,Older adults may benefit from,5,9,1.8,49.48,7.6,10.0,7.28,4.62,13.36
103276,Is Creatine Safe?,3,5,1.667,62.79,5.25,14.53,1.4,3.62,9.05
103277,“People who take creatine may,5,8,1.6,66.4,5.24,10.0,6.12,4.62,7.04
103279,Each block is designed to,5,6,1.2,100.24,0.52,2.0,2.64,0.85,7.04
103280,Athletica manages the delicate interaction,5,14,2.8,-35.12,19.4,34.0,22.36,16.87,16.52
103281,Duathlon gives you the chance,5,6,1.2,100.24,0.52,2.0,7.28,4.62,10.2
103283,As you develop better skills,5,8,1.6,66.4,5.24,10.0,6.12,3.68,10.2
103284,The purpose of a calorie,5,8,1.6,66.4,5.24,10.0,1.48,-0.09,10.2
103285,But it does mean that,5,5,1.0,117.16,-1.84,2.0,-2.0,-2.92,0.25
103286,What is the Push,4,4,1.0,118.18,-2.23,1.6,-4.35,-4.12,0.2
103288,So for instance if you,5,6,1.2,100.24,0.52,2.0,-0.84,-1.97,7.04
103289,Advanced lifters should perform the,5,8,1.6,66.4,5.24,2.0,14.24,10.27,13.36
103290,Push pull legs 6 day,5,5,1.0,117.16,-1.84,2.0,-3.16,-3.86,10.2
103292,PPLUL is the 5-day,4,4,1.0,118.18,-2.23,1.6,-2.9,-1.77,11.73
103293,In this way,3,3,1.0,119.19,-2.62,1.2,-8.27,-5.8,0.15
103294,PPL splits are relatively simple,5,9,1.8,49.48,7.6,10.0,10.76,7.45,13.36
103295,Push — chest,2,2,1.0,120.21,-3.01,0.8,-4.5,-4.73,0.1
103296,Strides: Strides are fast runs,5,5,1.0,117.16,-1.84,2.0,7.28,5.56,13.36
103297,Part of it is because,5,6,1.2,100.24,0.52,2.0,-2.0,-2.92,0.25
103298,Not a trainer but an,5,6,1.2,100.24,0.52,2.0,-3.16,-3.86,7.04
103299,I started my muscle-up,4,5,1.25,97.03,0.72,1.6,2.9,2.94,11.73
103300,The goal isn't just,4,5,1.25,97.03,0.72,1.6,-1.45,-0.59,0.2
103301,The momentum should carry you,5,8,1.6,66.4,5.24,10.0,7.28,4.62,7.04
103302,One good option is to,5,6,1.2,100.24,0.52,2.0,-2.0,-2.92,7.04
103304,Get used to jumping into,5,7,1.4,83.32,2.88,2.0,1.48,-0.09,7.04
103305,Explosive Knee Drive: As you,5,7,1.4,83.32,2.88,10.0,4.96,3.68,7.04
103306,Instead,1,2,2.0,36.62,8.4,0.4,-4.8,12.04,0.05
103307,Transition and 3.,3,5,1.667,62.79,5.25,14.53,1.4,3.62,14.31
103308,“Pilates will dominate the fitness,5,10,2.0,32.56,9.96,18.0,11.92,9.33,13.36
103309,The era of break down,5,6,1.2,100.24,0.52,2.0,-2.0,-2.92,7.04
103310,Trend 1: Intelligent And Functional,5,10,2.0,32.56,9.96,18.0,13.08,10.27,16.52
103312,Preventative care,2,5,2.5,-6.69,14.69,20.8,15.8,17.25,11.63
103313,Smart Reformers and Digital Feedback Systems,6,12,2.0,31.55,10.35,15.73,16.97,12.18,14.46
103314,This information is then used,5,8,1.6,66.4,5.24,10.0,7.28,4.62,7.04
103315,For studios that also want,5,8,1.6,66.4,5.24,10.0,3.8,1.79,7.04
103317,Women especially seek a retreat,5,9,1.8,49.48,7.6,10.0,9.6,6.5,10.2
103318,Safety and accessibility are now,5,11,2.2,15.64,12.32,10.0,10.76,7.45,7.04
103319,Trend 2: Hybrid Teaching Across,5,8,1.6,66.4,5.24,2.0,8.44,6.5,16.52
103320,These sandwich cookies,3,5,1.667,62.79,5.25,1.2,13.0,11.47,0.15
103321,Expanded Proteins: The offerings now,5,10,2.0,32.56,9.96,18.0,14.24,11.21,13.36
103322,Soak wooden skewers in a,5,7,1.4,83.32,2.88,2.0,1.48,-0.09,7.04
103323,“Confit” refers to a French,5,7,1.4,83.32,2.88,2.0,2.64,2.74,10.2
103324,As delicious as garlic confit,5,9,1.8,49.48,7.6,10.0,7.28,4.62,13.36
103325,Because high-fat foods contain,4,7,1.75,54.73,6.62,1.6,14.5,12.36,15.68
103326,Too much fat in the digestive tract can also cause,10,13,1.3,86.71,3.65,8.0,5.02,2.88,7.29
103327,The energy required to break,5,9,1.8,49.48,7.6,18.0,6.12,3.68,10.2
103328,botulinum spores,2,3,1.5,77.91,2.89,0.8,12.9,14.9,19.53
103329,Even at this level,4,6,1.5,75.88,3.67,1.6,-1.45,-1.77,0.2
103330,To be safe,3,3,1.0,119.19,-2.62,1.2,-10.2,-7.37,0.15
103331,This explains that cooking polysulfide,5,9,1.8,49.48,7.6,10.0,17.72,13.1,10.2
103332,However,1,3,3.0,-47.98,20.2,0.4,-4.8,12.04,0.05
103333,Get this recipe link sent,5,7,1.4,83.32,2.88,10.0,2.64,0.85,10.2
103335,It runs down the middle,5,6,1.2,100.24,0.52,2.0,0.32,-1.03,7.04
103337,Spatchcocking a bird is in,5,7,1.4,83.32,2.88,10.0,3.8,1.79,7.04
103338,Rub or spritz the skin,5,5,1.0,117.16,-1.84,2.0,-0.84,-1.97,7.04
103339,The turkey is ready to,5,7,1.4,83.32,2.88,2.0,-0.84,-1.97,0.25
103340,There are few real downsides,5,6,1.2,100.24,0.52,2.0,6.12,3.68,7.04
103341,by Natasha Kravchuk | Feb 20,5,11,2.2,15.64,12.32,18.0,3.8,-0.88,16.52
103342,What size air fryer do,5,6,1.2,100.24,0.52,2.0,-0.84,-1.97,7.04
103343,There was minimal prep for,5,7,1.4,83.32,2.88,10.0,3.8,1.79,10.2
103344,Instructions,1,3,3.0,-47.98,20.2,40.4,24.2,35.59,19.48
103346,When you're ready to,4,5,1.25,97.03,0.72,1.6,0.0,0.59,0.2
103347,To make a delicious whole,5,7,1.4,83.32,2.88,10.0,2.64,0.85,7.04
103348,Rubbing the chicken with softened,5,8,1.6,66.4,5.24,2.0,11.92,8.39,10.2
103350,Ingredients,1,4,4.0,-132.58,32.0,40.4,18.4,30.88,19.48
103351,For the Pumpkin Pie:,4,5,1.25,97.03,0.72,1.6,0.0,0.59,0.2
103352,For the best results,4,5,1.25,97.03,0.72,1.6,1.45,0.59,7.78
103354,Retailers like La Tienda's paella,5,7,1.4,83.32,2.88,10.0,10.76,8.39,16.52
103356,2 medium peppers,3,6,2.0,34.59,9.18,14.53,1.4,2.05,19.58
103357,RecipesMain DishesGrains Salads,3,7,2.333,6.39,13.11,14.53,30.4,25.6,19.58
103358,Fold in the fresh basil,5,6,1.2,100.24,0.52,2.0,0.32,-1.03,7.04
103359,Sweet bagel lovers,3,5,1.667,62.79,5.25,1.2,5.27,5.19,14.31
103360,Yep,1,1,1.0,121.22,-3.4,0.4,-28.0,-6.8,19.48
103361,French Onion Gnocchi Soup,4,6,1.5,75.88,3.67,1.6,8.7,6.48,7.78
103362,The gnocchi market is driven,5,8,1.6,66.4,5.24,2.0,6.12,3.68,7.04
103363,Posted by Melissa Stadler,4,8,2.0,33.58,9.57,11.6,8.7,6.48,15.68
103364,Elevated Convenience Becomes the Baseline,5,12,2.4,-1.28,14.68,18.0,21.2,15.92,16.52
103365,The GLP-1 user base,4,5,1.25,97.03,0.72,1.6,-1.45,-0.59,11.73
103366,The proliferation of GLP-1,4,8,2.0,33.58,9.57,11.6,8.7,7.65,11.73
103367,Counter,1,2,2.0,36.62,8.4,0.4,-4.8,12.04,0.05
103368,Protein reigned as a top,5,6,1.2,100.24,0.52,2.0,1.48,-0.09,10.2
103369,With frozen meals averaging high,5,8,1.6,66.4,5.24,10.0,10.76,7.45,13.36
103370,Chicken Ramen Mings,3,5,1.667,62.79,5.25,1.2,7.2,6.76,14.31
103372,Furthermore,1,3,3.0,-47.98,20.2,40.4,18.4,30.88,19.48
103373,Counter is also broadening its,5,9,1.8,49.48,7.6,10.0,8.44,5.56,7.04
103375,Taste and season as needed,5,7,1.4,83.32,2.88,2.0,3.8,1.79,7.04
103376,'Sourdough is the hottest accessory of 2026' says Vogue —,9,14,1.556,66.1,6.28,8.04,9.91,5.68,14.61
103377,Tartine Bakery (United States of,5,9,1.8,49.48,7.6,2.0,9.6,7.45,7.04
103378,Sourdough Bread,2,3,1.5,77.91,2.89,0.8,10.0,12.54,11.63
103379,Named after a town settled,5,7,1.4,83.32,2.88,2.0,3.8,1.79,10.2
103380,Don't worry — I',3,4,1.333,90.99,1.31,1.2,-6.33,-4.62,0.15
103381,Earlier this week,3,5,1.667,62.79,5.25,14.53,3.33,3.62,9.05
103382,The TIRAMISU code,3,6,2.0,34.59,9.18,14.53,3.33,3.62,14.31
103383,The ultra-hot Jupiter KELT,4,7,1.75,54.73,6.62,11.6,8.7,7.65,15.68
103384,Using recent calculations of the,5,10,2.0,32.56,9.96,10.0,10.76,7.45,13.36
103385,Remarkably,1,4,4.0,-132.58,32.0,40.4,12.6,26.17,19.48
103386,Here,1,1,1.0,121.22,-3.4,0.4,-22.2,-2.09,0.05
103388,ABSTRACT,1,2,2.0,36.62,8.4,0.4,1.0,16.75,19.48
103389,Cui,1,1,1.0,121.22,-3.4,0.4,-28.0,-6.8,19.48
103390,Development of the TIRAMISU Advanced,5,12,2.4,-1.28,14.68,18.0,15.4,11.21,13.36
103391,Full Meal Prepping,3,4,1.333,90.99,1.31,1.2,5.27,5.19,9.05
103392,A study by Oregon State,5,8,1.6,66.4,5.24,10.0,0.32,-1.03,7.04
103393,According to the study,4,7,1.75,54.73,6.62,11.6,4.35,2.94,7.78
103394,A study by Oregon State,5,8,1.6,66.4,5.24,10.0,0.32,-1.03,7.04
103395,Biga after 24 hour room,5,8,1.6,66.4,5.24,2.0,0.32,-1.03,10.2
103396,Sourdough crusts,2,3,1.5,77.91,2.89,0.8,12.9,14.9,19.53
103397,1 verified review{{ s,4,7,1.75,54.73,6.62,11.6,0.0,1.77,15.68
103398,Tikka masala is a proudly,5,7,1.4,83.32,2.88,2.0,2.64,0.85,13.36
103399,The word “Tikka” literally means,5,8,1.6,66.4,5.24,10.0,8.44,7.45,10.2
103400,The marinade typically includes a,5,10,2.0,32.56,9.96,18.0,11.92,8.39,13.36
103401,In this case,3,3,1.0,119.19,-2.62,1.2,-6.33,-4.23,0.15
103402,A popular vegetarian alternative is,5,14,2.8,-35.12,19.4,26.0,14.24,10.27,13.36
103403,Paneer Tikka is a common,5,7,1.4,83.32,2.88,2.0,1.48,-0.09,13.36
103404,These stepwise methods include an,5,8,1.6,66.4,5.24,2.0,11.92,8.39,13.36
103405,The tenderness can be potentially,5,10,2.0,32.56,9.96,18.0,11.92,8.39,10.2
103406,In the double-step sous-vide treatments the first step,8,10,1.25,92.97,2.28,3.2,13.12,10.24,9.95
103407,In line with our hypothesis,5,9,1.8,49.48,7.6,10.0,4.96,2.74,7.04
103408,A key functional compromise is,5,9,1.8,49.48,7.6,18.0,8.44,5.56,10.2
103409,This study focused on evaluating,5,11,2.2,15.64,12.32,10.0,10.76,7.45,10.2
103410,By integrating natural inhibitors and,5,13,2.6,-18.2,17.04,26.0,16.56,12.16,13.36
103411,Attempts to strike a balance,5,7,1.4,83.32,2.88,2.0,6.12,3.68,13.36
103413,The slow,2,2,1.0,120.21,-3.01,0.8,-10.3,-3.95,0.1
103417,Cooking time.,2,3,1.5,77.91,2.89,0.8,1.3,7.83,0.1
103419,Why Souvlaki is the Ultimate,5,7,1.4,83.32,2.88,10.0,6.12,3.68,10.2
103420,It is clean protein: You,5,6,1.2,100.24,0.52,2.0,0.32,-0.09,7.04
103421,It is a meal that everyone can afford,8,11,1.375,82.39,3.76,3.2,2.25,0.23,6.01
103423,On one side stand the,5,5,1.0,117.16,-1.84,2.0,-2.0,-2.92,0.25
103424,Plant-Based Options: Catering to,4,8,2.0,33.58,9.57,11.6,15.95,14.72,15.68
103425,Therans and Mycenaean cultures were,5,10,2.0,32.56,9.96,10.0,14.24,10.27,13.36
103426,Archaeological findings suggest the early,5,13,2.6,-18.2,17.04,10.0,21.2,15.92,13.36
103427,The authentic way to enjoy,5,8,1.6,66.4,5.24,10.0,3.8,1.79,7.04
103430,Cheesy broccoli in any form,5,9,1.8,49.48,7.6,10.0,4.96,2.74,10.2
103431,This recipe features cauliflower rice,5,11,2.2,15.64,12.32,18.0,16.56,12.16,13.36
103432,This delicious vegetarian breakfast contains,5,13,2.6,-18.2,17.04,18.0,24.68,18.75,13.36
103433,Jicama is a versatile,4,6,1.5,75.88,3.67,11.6,2.9,1.77,11.73
103434,#9 InterStellar BBQ,3,8,2.667,-21.81,17.05,27.87,5.27,6.76,19.58
103436,San Antonio's gold standard of,5,9,1.8,49.48,7.6,10.0,7.28,5.56,13.36
103437,Get Recipe,2,4,2.0,35.61,8.79,20.8,-4.5,0.77,11.63
103438,This means that a perfectly,5,7,1.4,83.32,2.88,10.0,4.96,2.74,7.04
103439,The food,2,2,1.0,120.21,-3.01,0.8,-10.3,-3.95,0.1
103440,How do tempura chefs maintain,5,7,1.4,83.32,2.88,2.0,7.28,4.62,13.36
103441,From Portugal to Japan,4,7,1.75,54.73,6.62,11.6,4.35,2.94,11.73
103442,On January 7th,3,6,2.0,34.59,9.18,1.2,-2.47,-1.09,9.05
103443,Hyper-Local Sourcing: To reduce,4,9,2.25,12.43,12.52,11.6,14.5,13.54,15.68
103444,Plant-Based Tuna and Salmon,4,7,1.75,54.73,6.62,1.6,10.15,8.83,15.68
103445,Increase flavour intensity,3,8,2.667,-21.81,17.05,14.53,20.73,17.75,19.58
103447,In 2026,2,2,1.0,120.21,-3.01,0.8,-13.2,-6.3,11.63
103448,Functional Toppings: Sushi bowls and,5,9,1.8,49.48,7.6,10.0,14.24,11.21,16.52
103450,Adaptogens and Sea Greens,4,7,1.75,54.73,6.62,11.6,8.7,6.48,11.73
103451,Conclusion,1,3,3.0,-47.98,20.2,40.4,12.6,26.17,19.48
103452,The specific phyllo thinness,4,7,1.75,54.73,6.62,11.6,13.05,10.01,15.68
103453,Each layer must be carefully,5,8,1.6,66.4,5.24,10.0,6.12,3.68,10.2
103454,But here's the catch: while,5,5,1.0,117.16,-1.84,2.0,2.64,2.74,0.25
103455,The cheese pull moment this,5,6,1.2,100.24,0.52,2.0,4.96,2.74,0.25
103456,TasteAtlas — the world's most comprehensive,5,10,2.0,32.56,9.96,18.0,20.04,10.9,13.36
103457,America's Test Kitchen found that,5,9,1.8,49.48,7.6,10.0,10.76,8.39,7.04
103458,I do half beef stock,5,5,1.0,117.16,-1.84,2.0,-3.16,-3.86,0.25
103459,nutrition_nomad_,1,4,4.0,-132.58,32.0,40.4,47.4,54.43,19.48
103460,Properly caramelizing onions takes easily,5,14,2.8,-35.12,19.4,26.0,21.2,15.92,19.67
103461,I have,2,2,1.0,120.21,-3.01,0.8,-16.1,-8.65,0.1
103462,The last time I made,5,5,1.0,117.16,-1.84,2.0,-3.16,-3.86,0.25
103463,an abundance of plant foods,5,7,1.4,83.32,2.88,10.0,4.96,2.74,10.2
103464,emphasizes vegetables,2,7,3.5,-91.29,26.49,40.8,27.4,26.67,19.53
103466,Eat in moderation,3,6,2.0,34.59,9.18,14.53,3.33,3.62,9.05
103468,Eat more fish,3,3,1.0,119.19,-2.62,1.2,-4.4,-2.66,0.15
103469,A classic North African dish,5,8,1.6,66.4,5.24,10.0,6.12,3.68,10.2
103473,Replace meats with lentils,4,6,1.5,75.88,3.67,1.6,10.15,7.65,15.68
103474,Red meat (beef,3,3,1.0,119.19,-2.62,1.2,-4.4,-1.09,0.15
103475,These trends highlight how food,5,6,1.2,100.24,0.52,2.0,9.6,6.5,10.2
103476,Consequently,1,4,4.0,-132.58,32.0,40.4,24.2,35.59,19.48
103477,Chefs worldwide are creatively adapting,5,11,2.2,15.64,12.32,18.0,18.88,14.04,16.52
103478,Key Insights,2,3,1.5,77.91,2.89,0.8,1.3,5.48,11.63
103480,Thai red curry paste is,5,6,1.2,100.24,0.52,2.0,0.32,-1.03,10.2
103481,Rich in healthy fats from,5,6,1.2,100.24,0.52,2.0,2.64,0.85,7.04
103483,For the ragù,3,3,1.0,119.19,-2.62,1.2,-6.33,-4.23,9.05
103484,The milk does two things,5,5,1.0,117.16,-1.84,2.0,1.48,-0.09,7.04
103485,The Equipment That Makes a,5,7,1.4,83.32,2.88,10.0,3.8,1.79,10.2
103486,Curious as it would seem,5,7,1.4,83.32,2.88,10.0,1.48,-0.09,7.04
103487,Moussaka is more than just,5,6,1.2,100.24,0.52,2.0,3.8,1.79,7.04
103488,How the Moussaka got its,5,6,1.2,100.24,0.52,2.0,1.48,-0.09,7.04
103489,Wherever moussaka comes from,4,7,1.75,54.73,6.62,11.6,13.05,10.01,15.68
103490,Spread and Adaptation Through Ottoman,5,10,2.0,32.56,9.96,18.0,16.56,12.16,10.2
103491,Serbia / Bulgaria: Includes potatoes,4,12,3.0,-51.02,21.37,21.6,20.3,10.71,15.68
103492,History of Moussaka: Moussaka has,5,9,1.8,49.48,7.6,2.0,10.76,8.39,10.2
103493,Bechmenal was added after 1920,5,8,1.6,66.4,5.24,2.0,8.44,5.56,13.36
103494,Tselementes's reinvention of the recipe,5,11,2.2,15.64,12.32,18.0,17.72,14.04,13.36
103495,His recipe has three layers,5,8,1.6,66.4,5.24,10.0,4.96,2.74,10.2
103496,A book of recipes and,5,7,1.4,83.32,2.88,10.0,-2.0,-2.92,7.04
103497,Healthier Spring Cabbage Bibimbap Replaces,5,12,2.4,-1.28,14.68,26.0,22.36,16.87,13.36
103498,As of today,3,4,1.333,90.99,1.31,1.2,-8.27,-5.8,0.15
103499,Recent reports show bomdong prices,5,9,1.8,49.48,7.6,2.0,13.08,9.33,16.52
103500,What's interesting is that this,5,7,1.4,83.32,2.88,2.0,8.44,6.5,0.25
103501,A fresh spring cabbage salad,5,7,1.4,83.32,2.88,2.0,6.12,3.68,0.25
103504,Technology adoption,2,7,3.5,-91.29,26.49,40.8,21.6,21.96,19.53
103505,For Korean BBQ,3,7,2.333,6.39,13.11,27.87,-2.47,-1.09,14.31
103506,Korean BBQ Restaurant Market Outlook,5,13,2.6,-18.2,17.04,26.0,15.4,11.21,16.52
103507,Norway's deployment of the Candela,5,10,2.0,32.56,9.96,18.0,11.92,9.33,13.36
103508,The spectacular Kistefos Museum and,5,10,2.0,32.56,9.96,18.0,14.24,10.27,13.36
103509,Chef Heidi Bjerkan's renowned restaurant,5,9,1.8,49.48,7.6,10.0,18.88,14.98,19.67
103510,See world class art at,5,5,1.0,117.16,-1.84,2.0,-0.84,-1.97,0.25
103511,Set sail on an electric,5,7,1.4,83.32,2.88,2.0,0.32,-1.03,0.25
103513,Exciting new experiences in 2026,5,11,2.2,15.64,12.32,10.0,10.76,7.45,10.2
103514,Otolith tells the story of,5,7,1.4,83.32,2.88,2.0,3.8,1.79,10.2
103515,A key goal is to,5,5,1.0,117.16,-1.84,2.0,-7.8,-7.63,0.25
103516,The Whale's stone-covered rooftop,4,6,1.5,75.88,3.67,1.6,17.4,15.9,15.68
103517,Bergenfest - live music festival,4,9,2.25,12.43,12.52,21.6,15.95,6.95,11.73
103518,1 Kusuma Bangsa Park (Taman,5,5,1.0,117.16,-1.84,2.0,3.8,2.74,16.52
103519,The ASEAN Tourism Sectoral Plan,5,11,2.2,15.64,12.32,26.0,9.6,6.5,13.36
103520,Future success will require shifting,5,10,2.0,32.56,9.96,10.0,15.4,11.21,16.52
103521,With strong government support,4,7,1.75,54.73,6.62,1.6,15.95,12.36,7.78
103522,These game drives are the,5,5,1.0,117.16,-1.84,2.0,2.64,0.85,7.04
103523,The early afternoon brings some,5,8,1.6,66.4,5.24,2.0,9.6,6.5,7.04
103524,From there,2,2,1.0,120.21,-3.01,0.8,-4.5,0.77,0.1
103525,Safari Vehicle,2,6,3.0,-48.99,20.59,40.8,7.1,10.18,19.53
103526,Kenya Safari Planning Considerations – How,5,13,2.6,-18.2,17.04,18.0,20.04,10.12,16.52
103527,All meals and local beverages,5,8,1.6,66.4,5.24,10.0,7.28,4.62,13.36
103528,July to October (Dry Season,5,9,1.8,49.48,7.6,2.0,3.8,2.74,0.25
103529,April to May & November: Known,5,8,1.6,66.4,5.24,2.0,4.96,0.7,0.25
103530,These days there are over,5,6,1.2,100.24,0.52,2.0,2.64,0.85,7.04
103531,Frequently asked questions about the,5,9,1.8,49.48,7.6,10.0,15.4,11.21,13.36
103532,The Golden Age masterplan (1613,5,8,1.6,66.4,5.24,10.0,8.44,6.5,10.2
103533,During the 17th Century,4,7,1.75,54.73,6.62,11.6,5.8,4.12,11.73
103534,The Herengracht,2,4,2.0,35.61,8.79,20.8,10.0,12.54,11.63
103535,Notable buildings in the Golden,5,9,1.8,49.48,7.6,10.0,9.6,6.5,10.2
103536,The canal houses along Herengracht,5,10,2.0,32.56,9.96,10.0,13.08,9.33,10.2
103538,The Prinsengracht flows past the,5,6,1.2,100.24,0.52,2.0,10.76,7.45,10.2
103539,Singel encircled the medieval city,5,11,2.2,15.64,12.32,18.0,13.08,9.33,13.36
103540,The Amsterdam canals reached a,5,8,1.6,66.4,5.24,10.0,8.44,5.56,13.36
103541,It represents a masterpiece of,5,9,1.8,49.48,7.6,18.0,8.44,5.56,10.2
103542,Venice often gets all the,5,7,1.4,83.32,2.88,2.0,2.64,0.85,10.2
103543,The canals were actually dug,5,9,1.8,49.48,7.6,10.0,6.12,3.68,10.2
103544,Living on the water is,5,7,1.4,83.32,2.88,2.0,-0.84,-1.97,0.25
103545,Amsterdam and bicycles go hand,5,9,1.8,49.48,7.6,18.0,8.44,5.56,10.2
103546,As you cruise past the,5,5,1.0,117.16,-1.84,2.0,-0.84,-1.97,7.04
103547,However,1,3,3.0,-47.98,20.2,0.4,-4.8,12.04,0.05
103548,Apart from the spectacular view,5,9,1.8,49.48,7.6,10.0,9.6,6.5,7.04
103549,Complementary with the blanket,4,8,2.0,33.58,9.57,11.6,15.95,12.36,7.78
103550,Try get a hot milk,5,5,1.0,117.16,-1.84,2.0,-5.48,-5.74,0.25
103551,Instead of your favorite playlist,5,9,1.8,49.48,7.6,2.0,11.92,8.39,7.04
103552,Former-Mirror-356,1,3,3.0,-47.98,20.2,40.4,41.6,59.14,19.48
103553,Sharing_Violation,1,6,6.0,-301.78,55.6,40.4,53.2,59.14,19.48
103555,Start by dressing in comfortable,5,9,1.8,49.48,7.6,10.0,10.76,7.45,10.2
103556,**LISBON HOTEL RECOMMENDATIONS**,3,9,3.0,-50.01,20.98,14.53,24.6,27.17,14.31
103559,The Effort Gap: A 15,5,6,1.2,100.24,0.52,2.0,-4.32,-3.86,13.36
103560,How Seoul is Organized,4,6,1.5,75.88,3.67,11.6,4.35,2.94,11.73
103561,Seoul orients itself around the,5,8,1.6,66.4,5.24,2.0,9.6,6.5,10.2
103562,This sprawling city functions like,5,8,1.6,66.4,5.24,2.0,13.08,9.33,10.2
103563,Jongno-gu,1,1,1.0,121.22,-3.4,0.4,1.0,21.46,19.48
103564,Overview: A must-visit for,4,7,1.75,54.73,6.62,11.6,7.25,7.65,11.73
103565,Below is a breakdown of,5,7,1.4,83.32,2.88,2.0,0.32,-1.03,7.04
103566,Hongdae (홍대): Known for,4,5,1.25,97.03,0.72,1.6,1.45,4.12,11.73
103568,If you love food and,5,5,1.0,117.16,-1.84,2.0,-3.16,-3.86,0.25
103570,Organization,1,5,5.0,-217.18,43.8,40.4,24.2,35.59,19.48
103571,Although… Gangnam is not a,5,7,1.4,83.32,2.88,2.0,2.64,1.79,10.2
103572,Across the river to the,5,7,1.4,83.32,2.88,2.0,0.32,-1.03,0.25
103573,Gangnam-gu,1,2,2.0,36.62,8.4,0.4,6.8,26.17,19.48
103574,The districts of Seoul are,5,6,1.2,100.24,0.52,2.0,3.8,1.79,10.2
103575,Those three cities are great,5,6,1.2,100.24,0.52,2.0,6.12,3.68,7.04
103576,Day 1: Rome,3,3,1.0,119.19,-2.62,1.2,-10.2,-5.8,14.31
103578,Scalina Spagna: The beautiful staircase,5,9,1.8,49.48,7.6,2.0,17.72,14.04,13.36
103580,10 days in Italy itinerary,5,11,2.2,15.64,12.32,18.0,3.8,1.79,16.52
103582,The Best Month to Visit,5,6,1.2,100.24,0.52,2.0,0.32,-1.03,0.25
103583,The famed Highway 1,4,5,1.25,97.03,0.72,1.6,0.0,-0.59,11.73
103584,The stretch most ring road,5,5,1.0,117.16,-1.84,2.0,3.8,1.79,0.25
103585,Another cause of overtourism is,5,9,1.8,49.48,7.6,10.0,9.6,6.5,7.04
103587,You have an especially good,5,7,1.4,83.32,2.88,10.0,4.96,2.74,7.04
103588,Award travel often provides the,5,9,1.8,49.48,7.6,2.0,9.6,6.5,13.36
103589,There are however certain cases,5,9,1.8,49.48,7.6,2.0,9.6,6.5,7.04
103591,Begin your 2-week trip,4,5,1.25,97.03,0.72,1.6,2.9,2.94,7.78
103592,Next we visit the original,5,9,1.8,49.48,7.6,10.0,3.8,1.79,7.04
103593,The driest desert in the world.,6,8,1.333,87.95,2.48,2.4,3.43,1.98,6.57
103594,View itinerary Compare 14 days itineraries,6,15,2.5,-10.75,16.25,15.73,15.03,10.62,14.46
103595,This 11-day journey in,4,5,1.25,97.03,0.72,1.6,2.9,2.94,7.78
103597,These Chile itineraries for ten,5,10,2.0,32.56,9.96,10.0,9.6,6.5,10.2
103599,Day 1: San Jose,4,5,1.25,97.03,0.72,1.6,-7.25,-5.3,15.68
103600,Ten days is the sweet,5,5,1.0,117.16,-1.84,2.0,-2.0,-2.92,7.04
103602,The Choice Is District-Level,4,6,1.5,75.88,3.67,11.6,11.6,10.01,7.78
103603,Ari sits on the BTS,5,6,1.2,100.24,0.52,2.0,-4.32,-4.8,13.36
103604,Ari and Saphan Khwai have,5,7,1.4,83.32,2.88,2.0,2.64,0.85,13.36
103605,Ari and Saphan Khwai offer,5,8,1.6,66.4,5.24,2.0,3.8,1.79,13.36
103606,Ari offers a strong sense,5,7,1.4,83.32,2.88,2.0,2.64,0.85,10.2
103607,Rent growth across Phra Khanong,5,7,1.4,83.32,2.88,2.0,9.6,6.5,13.36
103609,When they arrive on an,5,6,1.2,100.24,0.52,2.0,-0.84,-1.97,0.25
103611,MOST important: anything on your,5,9,1.8,49.48,7.6,2.0,9.6,7.45,0.25
103612,Best time to visit: Spring,5,6,1.2,100.24,0.52,2.0,2.64,1.79,0.25
103613,Like practically every country in,5,10,2.0,32.56,9.96,10.0,11.92,8.39,7.04
103614,Average Daily Food Cost In Seoul,6,9,1.5,73.85,4.45,9.07,5.37,2.77,9.2
103615,Welcome to oneworld,3,5,1.667,62.79,5.25,1.2,7.2,6.76,9.05
103616,Relax or catch up with,5,6,1.2,100.24,0.52,2.0,-0.84,-1.97,7.04
103617,Oneworld elite status is recognized,5,10,2.0,32.56,9.96,10.0,14.24,10.27,16.52
103618,Access to preferred or pre,5,7,1.4,83.32,2.88,2.0,3.8,1.79,13.36
103619,Smoother transfers for passengers travelling,5,11,2.2,15.64,12.32,18.0,24.68,18.75,16.52
103620,Plan a Round the World,5,5,1.0,117.16,-1.84,2.0,-0.84,-1.97,0.25
103621,Relax in more VIP lounges,5,7,1.4,83.32,2.88,2.0,2.64,0.85,13.36
103622,Oneworld stands out by offering,5,8,1.6,66.4,5.24,10.0,9.6,6.5,13.36
103623,CLINT HENDERSON/THE POINTS GUY,4,6,1.5,75.88,3.67,11.6,14.5,12.36,15.68
103624,Oneworld Ruby,2,4,2.0,35.61,8.79,0.8,4.2,7.83,19.53
103626,Most airline and travel cards,5,7,1.4,83.32,2.88,2.0,7.28,4.62,13.36
103627,If I know I have,5,5,1.0,117.16,-1.84,2.0,-7.8,-7.63,0.25
103628,If you want to live,5,5,1.0,117.16,-1.84,2.0,-4.32,-4.8,0.25
103629,Things to keep in mind,5,5,1.0,117.16,-1.84,2.0,-0.84,-1.97,7.04
103630,The wide,2,2,1.0,120.21,-3.01,0.8,-10.3,-3.95,0.1
103631,Chiado climbs the hill to,5,6,1.2,100.24,0.52,2.0,2.64,0.85,10.2
103632,By day,2,2,1.0,120.21,-3.01,0.8,-16.1,-8.65,0.1
103633,This is where the cool,5,5,1.0,117.16,-1.84,2.0,-0.84,-1.97,0.25
103634,Barrio-Alto: Barrio Alto consists,4,10,2.5,-8.72,15.47,21.6,17.4,15.9,19.62
103635,Cais do Sodré: Once a,5,5,1.0,117.16,-1.84,2.0,-3.16,-2.92,10.2
103637,Kampung Prai Ijing,3,4,1.333,90.99,1.31,1.2,5.27,5.19,19.58
103638,The village is renowned for,5,7,1.4,83.32,2.88,2.0,4.96,2.74,7.04
103639,For those seeking eco-conscious,4,7,1.75,54.73,6.62,11.6,15.95,13.54,11.73
103640,As we reworked this itinerary,5,10,2.0,32.56,9.96,10.0,7.28,4.62,10.2
103641,From the stone cities of,5,6,1.2,100.24,0.52,2.0,1.48,-0.09,7.04
103642,After a brutal siege in,5,7,1.4,83.32,2.88,2.0,0.32,-1.03,10.2
103644,This massive public square is,5,7,1.4,83.32,2.88,2.0,7.28,4.62,7.04
103645,The UNESCO site contains pyramids,5,10,2.0,32.56,9.96,18.0,11.92,8.39,16.52
103647,San Miguel boasts a historic,5,8,1.6,66.4,5.24,10.0,6.12,3.68,16.52
103648,September 16,2,4,2.0,35.61,8.79,0.8,1.3,5.48,11.63
103649,Hold your breath as we,5,5,1.0,117.16,-1.84,2.0,-0.84,-1.97,0.25
103650,Offering a seductive blend of,5,9,1.8,49.48,7.6,18.0,7.28,4.62,13.36
103651,Uxmal is one of the,5,5,1.0,117.16,-1.84,2.0,-4.32,-4.8,7.04
103652,InsureMyTrip,1,3,3.0,-47.98,20.2,40.4,24.2,35.59,19.48
103653,Why Compare Travel Insurance?,4,8,2.0,33.58,9.57,11.6,13.05,11.18,11.73
103654,Most plans cost 4% – 10,5,5,1.0,117.16,-1.84,2.0,-3.16,-4.8,13.36
103655,The following sections cover the,5,9,1.8,49.48,7.6,2.0,10.76,7.45,7.04
103657,When you compare travel insurance,5,9,1.8,49.48,7.6,10.0,11.92,8.39,10.2
103658,Understanding your options,3,7,2.333,6.39,13.11,14.53,20.73,17.75,14.31
103659,New rail links connect Sweden,5,7,1.4,83.32,2.88,2.0,7.28,4.62,10.2
103661,Spring arrives in April,4,6,1.5,75.88,3.67,1.6,5.8,4.12,7.78
103663,On the last day of,5,5,1.0,117.16,-1.84,2.0,-5.48,-5.74,0.25
103664,Midsummer is one of the,5,7,1.4,83.32,2.88,10.0,0.32,-1.03,7.04
103665,Stockholm Pride July 27 – August,5,8,1.6,66.4,5.24,2.0,8.44,2.27,13.36
103667,Swedish Nature For Modern Travelers,5,10,2.0,32.56,9.96,10.0,14.24,10.27,16.52
103668,Rome attraction,2,4,2.0,35.61,8.79,20.8,10.0,12.54,19.53
103669,When planning sightseeing in Rome,5,8,1.6,66.4,5.24,10.0,11.92,8.39,13.36
103670,The heart of Rome is,5,5,1.0,117.16,-1.84,2.0,-3.16,-3.86,7.04
103672,Before you book a vehicle,5,8,1.6,66.4,5.24,10.0,2.64,0.85,7.04
103673,Check with the embassy of,5,7,1.4,83.32,2.88,10.0,2.64,0.85,7.04
103674,Most car rental companies require,5,10,2.0,32.56,9.96,18.0,11.92,8.39,13.36
103675,Rental companies offer optional coverages,5,14,2.8,-35.12,19.4,26.0,21.2,15.92,16.52
103676,Choosing a Car,3,4,1.333,90.99,1.31,1.2,-2.47,-1.09,9.05
103677,These early civilizations laid the,5,10,2.0,32.56,9.96,10.0,13.08,9.33,7.04
103678,Start your two weeks in,5,5,1.0,117.16,-1.84,2.0,0.32,-1.03,7.04
103679,After some time to rest,5,6,1.2,100.24,0.52,2.0,0.32,-1.03,0.25
103680,This cultural hub is full,5,7,1.4,83.32,2.88,10.0,2.64,0.85,10.2
103681,Carved 600 feet below ground,5,6,1.2,100.24,0.52,2.0,6.12,3.68,10.2
103682,Founded in 1572 by Hernán,5,6,1.2,100.24,0.52,2.0,2.64,0.85,13.36
103683,Step back thousands of years,5,6,1.2,100.24,0.52,2.0,6.12,3.68,10.2
103684,Passing by government buildings,4,8,2.0,33.58,9.57,1.6,17.4,13.54,11.73
103685,During your stay,3,4,1.333,90.99,1.31,1.2,1.4,2.05,0.15
103686,The Walled City,3,4,1.333,90.99,1.31,1.2,-0.53,0.48,9.05
103688,In that same year Bolívar,5,5,1.0,117.16,-1.84,2.0,2.64,0.85,7.04
103689,Start with a four-day,4,4,1.0,118.18,-2.23,1.6,1.45,1.77,7.78
103690,For the adventurous traveler,4,9,2.25,12.43,12.52,21.6,13.05,10.01,11.73
103691,One thing I've noticed,4,5,1.25,97.03,0.72,1.6,2.9,2.94,7.78
103696,This is FULL of beautiful,5,7,1.4,83.32,2.88,2.0,2.64,0.85,0.25
103698,The new luxury: immersive,4,8,2.0,33.58,9.57,21.6,7.25,6.48,11.73
103700,Latest update,2,4,2.0,35.61,8.79,0.8,4.2,7.83,19.53
103701,The original trend talks about,5,9,1.8,49.48,7.6,10.0,8.44,5.56,13.36
103702,"""They're asking",2,3,1.5,77.91,2.89,0.8,4.2,12.54,11.63
103703,Learn more about sustainable African,5,11,2.2,15.64,12.32,18.0,15.4,11.21,10.2
103704,plan to leave or arrive,5,6,1.2,100.24,0.52,2.0,0.32,-1.03,0.25
103705,For example,2,4,2.0,35.61,8.79,20.8,-1.6,3.12,11.63
103706,Photo Credit: Prostock-studio /,3,7,2.333,6.39,13.11,14.53,22.67,13.04,19.58
103707,sure,1,1,1.0,121.22,-3.4,0.4,-22.2,-2.09,0.05
103708,Activities from some cobranded credit,5,10,2.0,32.56,9.96,10.0,16.56,12.16,13.36
103709,Advice,1,2,2.0,36.62,8.4,0.4,-10.6,7.33,19.48
103711,Status match opportunities may be,5,10,2.0,32.56,9.96,10.0,11.92,8.39,10.2
103712,Collaboration with competitors has proven,5,13,2.6,-18.2,17.04,18.0,21.2,15.92,13.36
103713,Brazil is such a vast,5,6,1.2,100.24,0.52,2.0,-2.0,-2.92,10.2
103714,Chapada Diamantina National Park: Adventure,5,10,2.0,32.56,9.96,10.0,22.36,17.81,13.36
103715,Nestled along Brazil's stunning Costa,5,10,2.0,32.56,9.96,2.0,15.4,12.16,16.52
103716,This hike takes you through,5,5,1.0,117.16,-1.84,2.0,4.96,2.74,10.2
103717,Among the most sought-after,4,5,1.25,97.03,0.72,1.6,10.15,8.83,7.78
103718,Rivers like Sucuri,3,5,1.667,62.79,5.25,1.2,5.27,5.19,14.31
103719,What is the travel advice,5,7,1.4,83.32,2.88,2.0,2.64,0.85,10.2
103721,Don't flash your belongings,4,6,1.5,75.88,3.67,11.6,10.15,8.83,7.78
103722,11 Tips for Travelers,4,6,1.5,75.88,3.67,11.6,2.9,1.77,15.68
103723,Latest update:There's been increased,4,8,2.0,33.58,9.57,11.6,21.75,19.43,15.68
103724,Criminals use incapacitating drugs to,5,12,2.4,-1.28,14.68,18.0,16.56,12.16,13.36
103726,We swam at many Puglia,5,8,1.6,66.4,5.24,10.0,-0.84,-1.97,7.04
103727,Pro Tip: For the ideal,5,6,1.2,100.24,0.52,2.0,-2.0,-1.97,7.04
103728,Season,1,2,2.0,36.62,8.4,0.4,-10.6,7.33,0.05
103730,In this case,3,3,1.0,119.19,-2.62,1.2,-6.33,-4.23,0.15
103731,Major cities are well-connected,4,8,2.0,33.58,9.57,11.6,15.95,13.54,11.73
103732,How to Get Around Italy,5,8,1.6,66.4,5.24,10.0,0.32,-1.03,7.04
103733,For 2026 travel,3,4,1.333,90.99,1.31,1.2,-0.53,0.48,14.31
103734,Traveling independently by train means,5,11,2.2,15.64,12.32,18.0,17.72,13.1,10.2
103735,Tipping is not expected.,4,7,1.75,54.73,6.62,11.6,5.8,5.3,11.73
103737,Booking a five star hotel,5,7,1.4,83.32,2.88,2.0,2.64,0.85,7.04
103741,Second Class Eurail Passholders will,5,7,1.4,83.32,2.88,2.0,15.4,11.21,10.2
103742,High-speed Frecciarossa,2,4,2.0,35.61,8.79,0.8,30.3,31.38,19.53
103743,Frecciarossa – long distance high-speed,4,7,1.75,54.73,6.62,1.6,24.65,13.54,15.68
103744,Express trains on the classic,5,7,1.4,83.32,2.88,2.0,7.28,4.62,13.36
103745,INTERNATIONAL TRAINS,2,6,3.0,-48.99,20.59,20.8,24.5,24.31,19.53
103746,Regional trains,2,4,2.0,35.61,8.79,20.8,10.0,12.54,19.53
103747,Despite the fact that all,5,6,1.2,100.24,0.52,2.0,2.64,0.85,7.04
103748,NTV began operation in April,5,10,2.0,32.56,9.96,10.0,6.12,3.68,10.2
103749,Long-distance trains and high-speed trains,5,8,1.6,66.4,5.24,10.0,20.04,16.87,16.52
103750,Major cities such as Rome,5,7,1.4,83.32,2.88,2.0,2.64,0.85,10.2
103751,Trenitalia's high-speed Frecce trains,4,6,1.5,75.88,3.67,1.6,23.2,20.6,19.62
103752,EVO trains provide 68 USB,5,6,1.2,100.24,0.52,2.0,2.64,0.85,19.67
103753,"""Le Frecce'' trains are",4,4,1.0,118.18,-2.23,1.6,1.45,4.12,15.68
103754,more >>>,1,1,1.0,121.22,-3.4,0.4,-22.2,-4.45,0.05
103755,Frecciarossa – long distance high-speed,4,7,1.75,54.73,6.62,1.6,24.65,13.54,15.68
103756,Regionale – Local and regional trains,5,9,1.8,49.48,7.6,10.0,14.24,6.19,16.52
103758,Costa Rica holds its position,5,9,1.8,49.48,7.6,10.0,7.28,4.62,16.52
103759,In and around La Fortuna,5,8,1.6,66.4,5.24,10.0,1.48,-0.09,10.2
103760,Photo ID/Passport – A valid,4,8,2.0,33.58,9.57,11.6,7.25,2.24,15.68
103762,A Walking or Athletic Shoe,5,8,1.6,66.4,5.24,10.0,3.8,1.79,10.2
103763,One way to get around,5,6,1.2,100.24,0.52,2.0,-2.0,-2.92,0.25
103765,Medications + printed prescriptions,3,9,3.0,-50.01,20.98,27.87,34.27,17.75,19.58
103766,No matter the length of,5,6,1.2,100.24,0.52,2.0,0.32,-1.03,0.25
103767,Perhaps the biggest sacrifice remote,5,10,2.0,32.56,9.96,10.0,15.4,11.21,13.36
103768,Most nomads don't quit,4,5,1.25,97.03,0.72,1.6,2.9,2.94,7.78
103769,Health and posture are often,5,7,1.4,83.32,2.88,2.0,6.12,3.68,7.04
103770,We've been to countries,4,5,1.25,97.03,0.72,1.6,4.35,4.12,7.78
103771,Modern nomads have access to,5,8,1.6,66.4,5.24,2.0,6.12,3.68,13.36
103772,Building the ultimate travel-friendly,4,8,2.0,33.58,9.57,11.6,24.65,20.6,11.73
103773,What is this?,3,3,1.0,119.19,-2.62,1.2,-6.33,-2.66,0.15
103775,Known for its iconic landmarks,5,7,1.4,83.32,2.88,2.0,8.44,5.56,10.2
103776,While famous for its Carnival,5,8,1.6,66.4,5.24,10.0,7.28,4.62,10.2
103777,For my suggested itinerary,4,10,2.5,-8.72,15.47,21.6,10.15,7.65,11.73
103778,The north and northeast have,5,6,1.2,100.24,0.52,2.0,6.12,3.68,7.04
103779,Salvador's historic Pelourinho district is,5,11,2.2,15.64,12.32,18.0,21.2,16.87,16.52
103780,You'll probably fly in,4,6,1.5,75.88,3.67,11.6,2.9,2.94,7.78
103781,Best Time to Visit the,5,6,1.2,100.24,0.52,2.0,-0.84,-1.97,0.25
103782,Home to some of the,5,5,1.0,117.16,-1.84,2.0,-4.32,-4.8,0.25
103783,The seasons in the southern,5,7,1.4,83.32,2.88,2.0,4.96,2.74,7.04
103784,Keep in mind that car,5,5,1.0,117.16,-1.84,2.0,-2.0,-2.92,0.25
103785,Smart travelers track prices.,4,7,1.75,54.73,6.62,11.6,13.05,11.18,11.73
103788,2-3 months in advance.,4,5,1.25,97.03,0.72,1.6,1.45,2.94,15.68
103789,If you're planning to,4,5,1.25,97.03,0.72,1.6,1.45,1.77,7.78
103790,Off Peak Rentals: Planning your,5,7,1.4,83.32,2.88,2.0,8.44,6.5,10.2
103791,If you're willing to,4,5,1.25,97.03,0.72,1.6,0.0,0.59,0.2
103792,Take day trips by train,5,5,1.0,117.16,-1.84,2.0,0.32,-1.03,7.04
103795,Instead,1,2,2.0,36.62,8.4,0.4,-4.8,12.04,0.05
103797,You need to connect a,5,6,1.2,100.24,0.52,2.0,-2.0,-2.92,0.25
103798,Have installed the Rail Planner,5,7,1.4,83.32,2.88,2.0,9.6,6.5,10.2
103799,How long before my trip,5,6,1.2,100.24,0.52,2.0,0.32,-1.03,0.25
103800,When should I activate my,5,7,1.4,83.32,2.88,10.0,2.64,0.85,7.04
103801,It's too late now if,5,5,1.0,117.16,-1.84,2.0,-4.32,-3.86,0.25
103802,Connect your mobile Eurail Pass,5,7,1.4,83.32,2.88,2.0,9.6,6.5,10.2
103803,Book your seats,3,3,1.0,119.19,-2.62,1.2,-0.53,0.48,9.05
103804,On many trains you can,5,6,1.2,100.24,0.52,2.0,-0.84,-1.97,7.04
103805,If you do want to,5,5,1.0,117.16,-1.84,2.0,-6.64,-6.68,0.25
103806,What counts as a travel,5,6,1.2,100.24,0.52,2.0,0.32,-1.03,10.2
103808,The changes became officially effective,5,12,2.4,-1.28,14.68,18.0,18.88,14.04,13.36
103809,A view of the site,5,5,1.0,117.16,-1.84,2.0,-5.48,-5.74,7.04
103813,Since the late 1990s,4,4,1.0,118.18,-2.23,1.6,1.45,0.59,7.78
103814,By combining speed,3,5,1.667,62.79,5.25,14.53,5.27,5.19,9.05
103816,Play Video,2,4,2.0,35.61,8.79,20.8,-4.5,0.77,11.63
103820,According to the Bulgarian authorities,5,13,2.6,-18.2,17.04,26.0,17.72,13.1,13.36
103821,The minimum bank balance required for a German visa is,10,17,1.7,52.87,8.37,12.0,7.34,4.77,12.03
103823,We are a couple in,5,6,1.2,100.24,0.52,2.0,-5.48,-5.74,7.04
103824,Why Visit Egypt in 2026?,5,7,1.4,83.32,2.88,2.0,0.32,-0.09,10.2
103825,Can I Visit the Grand Egyptian Museum Now,8,13,1.625,61.24,6.71,13.2,5.15,2.59,7.98
103826,Where is the Grand Egyptian Museum?,6,10,1.667,59.75,6.42,15.73,7.3,5.12,9.2
103829,Siwa Oasis,2,5,2.5,-6.69,14.69,20.8,-4.5,0.77,19.53
103830,Most balloon rides launch just,5,6,1.2,100.24,0.52,2.0,8.44,5.56,10.2
103831,Smaller Nile cruises (such as,5,7,1.4,83.32,2.88,2.0,6.12,4.62,13.36
103832,Expect warm hospitality everywhere you,5,12,2.4,-1.28,14.68,10.0,17.72,13.1,7.04
103833,There's also intense summer heat,5,8,1.6,66.4,5.24,2.0,9.6,7.45,10.2
103834,Hotels in Luxor and Aswan,5,8,1.6,66.4,5.24,2.0,2.64,0.85,13.36
103835,Tanzania is best for viewing,5,9,1.8,49.48,7.6,10.0,6.12,3.68,10.2
103836,Tanzania is often the strongest,5,10,2.0,32.56,9.96,10.0,9.6,6.5,10.2
103837,The funny thing is I,5,6,1.2,100.24,0.52,2.0,-3.16,-3.86,0.25
103838,I also have a Fidelity,5,9,1.8,49.48,7.6,10.0,-0.84,-1.97,7.04
103839,It's worth noting here that,5,6,1.2,100.24,0.52,2.0,3.8,2.74,7.04
103840,If you're sticking to,4,5,1.25,97.03,0.72,1.6,1.45,1.77,7.78
103841,Many peak-season fjords itineraries,4,10,2.5,-8.72,15.47,11.6,21.75,18.25,15.68
103842,I'll help you avoid,4,5,1.25,97.03,0.72,1.6,-1.45,-0.59,7.78
103843,While fjord cruising is nothing,5,7,1.4,83.32,2.88,2.0,9.6,6.5,10.2
103844,Back then,2,2,1.0,120.21,-3.01,0.8,-7.4,-1.59,0.1
103845,If summer is about endless,5,8,1.6,66.4,5.24,2.0,3.8,1.79,7.04
103846,While you can earn individual,5,9,1.8,49.48,7.6,10.0,7.28,4.62,7.04
103847,Your U.S. Oneworld options are,5,7,1.4,83.32,2.88,2.0,6.12,5.56,10.2
103848,Earning Sapphire or emerald status,5,10,2.0,32.56,9.96,10.0,13.08,9.33,16.52
103849,There are three priority tiers,5,8,1.6,66.4,5.24,10.0,8.44,5.56,10.2
103850,While loyalty points can be,5,7,1.4,83.32,2.88,10.0,4.96,2.74,10.2
103851,You can earn AA status,5,6,1.2,100.24,0.52,2.0,-0.84,-1.97,10.2
103852,You have plenty of ways,5,6,1.2,100.24,0.52,2.0,0.32,-1.03,7.04
103853,To reach the Platinum status,5,7,1.4,83.32,2.88,2.0,6.12,3.68,10.2
103854,Royal Jordanian,2,6,3.0,-48.99,20.59,20.8,10.0,12.54,11.63
103855,British Airways Executive Club also,5,11,2.2,15.64,12.32,10.0,14.24,10.27,13.36
103856,Remember,1,3,3.0,-47.98,20.2,0.4,1.0,16.75,0.05
103857,Submission: 20 Minutes Baggage Claim,5,9,1.8,49.48,7.6,10.0,14.24,11.21,19.67
103858,That's why we're backing,4,5,1.25,97.03,0.72,1.6,4.35,5.3,7.78
103859,Frequently asked questions about luggage,5,10,2.0,32.56,9.96,10.0,20.04,14.98,16.52
103860,A travel visa (from Latin,5,8,1.6,66.4,5.24,2.0,1.48,0.85,13.36
103861,The most common reason for,5,7,1.4,83.32,2.88,2.0,3.8,1.79,7.04
103862,In fact,2,2,1.0,120.21,-3.01,0.8,-13.2,-6.3,0.1
103863,Evidence that you have firm,5,7,1.4,83.32,2.88,10.0,4.96,2.74,10.2
103865,Historically,1,5,5.0,-217.18,43.8,40.4,24.2,35.59,19.48
103866,Misleading Documentation: Don't rely,4,11,2.75,-29.87,18.42,21.6,21.75,19.43,15.68
103867,Spain ranks among Europe's most,5,7,1.4,83.32,2.88,2.0,8.44,6.5,13.36
103868,However,1,3,3.0,-47.98,20.2,0.4,-4.8,12.04,0.05
103869,Regional price variations create strategic,5,13,2.6,-18.2,17.04,26.0,22.36,16.87,16.52
103870,The cost of a rental,5,6,1.2,100.24,0.52,2.0,-3.16,-3.86,7.04
103873,From the sun-drenched south,4,5,1.25,97.03,0.72,1.6,10.15,8.83,7.78
103874,The Sagrada Família continues to,5,7,1.4,83.32,2.88,10.0,10.76,7.45,13.36
103875,And if you must visit,5,6,1.2,100.24,0.52,2.0,-2.0,-2.92,0.25
103876,Now,1,1,1.0,121.22,-3.4,0.4,-28.0,-6.8,0.05
103877,Industry Growth Overview: The demand,5,10,2.0,32.56,9.96,18.0,14.24,11.21,16.52
103878,Healthcare providers are increasingly adopting,5,13,2.6,-18.2,17.04,26.0,27.0,20.63,16.52
103879,The use of AI in,5,5,1.0,117.16,-1.84,2.0,-7.8,-7.63,7.04
103880,Time constraints and convenience have,5,8,1.6,66.4,5.24,10.0,16.56,12.16,10.2
103882,This has led to a,5,5,1.0,117.16,-1.84,2.0,-6.64,-6.68,0.25
103883,Travelers should also be prepared,5,9,1.8,49.48,7.6,10.0,11.92,8.39,10.2
103884,Pay Cash When Flights Are,5,5,1.0,117.16,-1.84,2.0,2.64,0.85,7.04
103885,On the other hand,4,5,1.25,97.03,0.72,1.6,-2.9,-2.95,0.2
103886,Applicants must submit clear evidence,5,10,2.0,32.56,9.96,18.0,16.56,12.16,13.36
103887,At the same time,4,4,1.0,118.18,-2.23,1.6,-4.35,-4.12,0.2
103888,Every day,2,4,2.0,35.61,8.79,0.8,-7.4,-1.59,0.1
103889,These checks,2,2,1.0,120.21,-3.01,0.8,1.3,5.48,11.63
103891,Seoul is massive,3,4,1.333,90.99,1.31,1.2,1.4,2.05,14.31
103893,Seat Reservations & Reservation Fees,4,10,2.5,-8.72,15.47,21.6,21.75,10.71,15.68
103894,Slower or local trains (or,5,7,1.4,83.32,2.88,2.0,2.64,1.79,13.36
103895,Pass costs have gone up,5,5,1.0,117.16,-1.84,2.0,0.32,-1.03,7.04
103897,Once you get to South,5,5,1.0,117.16,-1.84,2.0,-2.0,-2.92,0.25
103898,Make All of Your Reservations,5,8,1.6,66.4,5.24,10.0,7.28,4.62,7.04
103899,This Korea itinerary starts in,5,11,2.2,15.64,12.32,18.0,8.44,5.56,13.36
103900,We did 6 nights in,5,5,1.0,117.16,-1.84,2.0,-5.48,-5.74,10.2
103901,To get around public transport,5,8,1.6,66.4,5.24,2.0,8.44,5.56,7.04
103902,You could dedicate two weeks,5,7,1.4,83.32,2.88,10.0,6.12,3.68,10.2
103904,Travel in New Zealand is,5,7,1.4,83.32,2.88,2.0,1.48,-0.09,10.2
103905,If you enjoy slow travel,5,7,1.4,83.32,2.88,2.0,1.48,-0.09,7.04
103906,Beware of itineraries packed with,5,10,2.0,32.56,9.96,10.0,11.92,8.39,13.36
103907,If you love dramatic landscapes,5,8,1.6,66.4,5.24,10.0,9.6,6.5,10.2
103910,Accommodation gets pricier,3,9,3.0,-50.01,20.98,27.87,20.73,17.75,19.58
103912,The Sagrada Família's highest tower,5,8,1.6,66.4,5.24,2.0,13.08,10.27,13.36
103913,Still,1,1,1.0,121.22,-3.4,0.4,-16.4,2.62,0.05
103914,The completion of the cross,5,7,1.4,83.32,2.88,10.0,4.96,2.74,7.04
103915,Spain pulled in a staggering,5,7,1.4,83.32,2.88,10.0,6.12,3.68,13.36
103916,In 2026 Spain will remain,5,6,1.2,100.24,0.52,2.0,2.64,0.85,10.2
103917,Transfer partners are key to,5,7,1.4,83.32,2.88,2.0,6.12,3.68,10.2
103918,It's important to note that,5,7,1.4,83.32,2.88,2.0,3.8,2.74,0.25
103919,Your points can't be,4,4,1.0,118.18,-2.23,1.6,0.0,0.59,7.78
103920,In other words,3,4,1.333,90.99,1.31,1.2,-2.47,-1.09,9.05
103921,When using the portal still makes more sense,8,10,1.25,92.97,2.28,3.2,7.33,4.35,9.95
103922,This one is exceptionally placed,5,9,1.8,49.48,7.6,10.0,10.76,7.45,10.2
103923,This appears to be a,5,6,1.2,100.24,0.52,2.0,-3.16,-3.86,7.04
103924,The pass is valid on,5,6,1.2,100.24,0.52,2.0,-3.16,-3.86,7.04
103926,However,1,3,3.0,-47.98,20.2,0.4,-4.8,12.04,0.05
103927,And lots of subways and,5,6,1.2,100.24,0.52,2.0,0.32,-1.03,10.2
103928,Important Information: On or about,5,11,2.2,15.64,12.32,10.0,11.92,9.33,7.04
103930,I've always been a,4,5,1.25,97.03,0.72,1.6,-2.9,-1.77,0.2
103931,Egypt stands as one of,5,6,1.2,100.24,0.52,2.0,-0.84,-1.97,10.2
103932,Nine pyramids,2,4,2.0,35.61,8.79,20.8,4.2,7.83,11.63
103934,ancient Egyptian civilization Cultural Landmark,5,15,3.0,-52.04,21.76,26.0,28.16,21.58,19.67
103935,Welcome to Saqqara,3,4,1.333,90.99,1.31,1.2,5.27,5.19,9.05
103936,Whether you want to stand,5,6,1.2,100.24,0.52,2.0,2.64,0.85,7.04
103937,Often described as the world's,5,7,1.4,83.32,2.88,2.0,7.28,5.56,10.2
103938,Valley of the Kings – Tombs,5,6,1.2,100.24,0.52,2.0,2.64,-1.66,10.2
103939,Floating above the West Bank,5,7,1.4,83.32,2.88,2.0,6.12,3.68,7.04
103942,Sail into Aswan and visit,5,8,1.6,66.4,5.24,2.0,2.64,0.85,7.04
103944,The best strategy to avoid,5,8,1.6,66.4,5.24,10.0,3.8,1.79,10.2
103946,“Let's say you typically sleep,5,7,1.4,83.32,2.88,10.0,6.12,5.56,7.04
103947,How to avoid jet lag when flying west?,8,10,1.25,92.97,2.28,3.2,2.25,0.82,11.93
103948,You would stay up later,5,6,1.2,100.24,0.52,2.0,0.32,-1.03,7.04
103949,My tip is as soon,5,5,1.0,117.16,-1.84,2.0,-6.64,-6.68,0.25
103950,Sleep when it's nighttime in,5,6,1.2,100.24,0.52,2.0,4.96,3.68,7.04
103952,Drink plenty of water before,5,8,1.6,66.4,5.24,2.0,6.12,3.68,0.25
103953,It blocks 100 % of light,5,5,1.0,117.16,-1.84,2.0,-0.84,-4.02,10.2
103954,It takes approximately one day,5,9,1.8,49.48,7.6,10.0,8.44,5.56,10.2
103955,About this Morocco itinerary,4,11,2.75,-29.87,18.42,21.6,13.05,10.01,11.73
103957,Day 1: Arrive in Marrakech,5,8,1.6,66.4,5.24,10.0,2.64,1.79,10.2
103958,Morocco 14-Day Itinerary,3,9,3.0,-50.01,20.98,27.87,14.93,14.61,19.58
103959,One of the oldest cities,5,7,1.4,83.32,2.88,2.0,1.48,-0.09,10.2
103961,Day 1: Arrive in Marrakech.,5,8,1.6,66.4,5.24,10.0,2.64,2.74,10.2
103963,In Rabat,2,3,1.5,77.91,2.89,0.8,-10.3,-3.95,11.63
103964,Layered,1,2,2.0,36.62,8.4,0.4,-4.8,12.04,19.48
103966,Relaxed and Atlantic-facing,3,7,2.333,6.39,13.11,14.53,20.73,19.32,14.31
103967,Best time to visit: A,5,6,1.2,100.24,0.52,2.0,-3.16,-2.92,0.25
103969,The Chilean Lake District offers,5,9,1.8,49.48,7.6,10.0,10.76,7.45,13.36
103970,Puerto Varas: Another adventure sport destination in the Lake District,10,19,1.9,35.95,10.73,8.0,16.04,12.3,10.45
103973,Puerto Montt – Villa O'Higgins,4,7,1.75,54.73,6.62,1.6,11.6,5.06,19.62
103974,Valparaíso: Incredible street art overlooking the coast,7,14,2.0,30.53,10.74,14.23,19.74,15.04,10.75
103975,Attraction in Santiago,3,8,2.667,-21.81,17.05,27.87,13.0,11.47,14.31
103976,If you prefer fewer crowds,5,7,1.4,83.32,2.88,2.0,3.8,1.79,13.36
103977,The Best Time to Visit Chilean Patagonia,7,14,2.0,30.53,10.74,14.23,8.14,4.95,8.5
103978,You can often get hotel,5,7,1.4,83.32,2.88,2.0,0.32,-1.03,0.25
103979,Why would they do this,5,5,1.0,117.16,-1.84,2.0,-0.84,-1.97,0.25
103980,Screenshot or copy of your,5,7,1.4,83.32,2.88,2.0,3.8,1.79,7.04
103981,It's worth noting that normally,5,8,1.6,66.4,5.24,10.0,8.44,6.5,10.2
103982,Hotel Rewards Status Match – Hilton,5,9,1.8,49.48,7.6,2.0,11.92,4.62,13.36
103984,It's also worth noting that,5,7,1.4,83.32,2.88,2.0,3.8,2.74,7.04
103985,For example,2,4,2.0,35.61,8.79,20.8,-1.6,3.12,11.63
103986,Your membership number in the,5,8,1.6,66.4,5.24,10.0,7.28,4.62,7.04
103987,Status matches and challenges are,5,9,1.8,49.48,7.6,10.0,11.92,8.39,13.36
103988,But,1,1,1.0,121.22,-3.4,0.4,-28.0,-6.8,0.05
103989,Snälltåget offers an alternative on,5,11,2.2,15.64,12.32,18.0,14.24,10.27,13.36
103990,We love Lapland in every,5,8,1.6,66.4,5.24,2.0,1.48,-0.09,7.04
103991,Visby,1,1,1.0,121.22,-3.4,0.4,-16.4,2.62,19.48
103992,Just remember to pack a,5,7,1.4,83.32,2.88,2.0,0.32,-1.03,0.25
103993,From the golden triangle cities,5,9,1.8,49.48,7.6,10.0,9.6,6.5,10.2
103994,But the air is still,5,5,1.0,117.16,-1.84,2.0,-3.16,-3.86,0.25
103995,Choosing optimal Japan travel timing,5,11,2.2,15.64,12.32,10.0,15.4,11.21,19.67
103996,Plus,1,1,1.0,121.22,-3.4,0.4,-22.2,-2.09,19.48
103997,Autumn transforms the landscape with,5,8,1.6,66.4,5.24,2.0,15.4,11.21,10.2
103998,January and February: Winter Wonderland,5,14,2.8,-35.12,19.4,10.0,17.72,14.04,7.04
103999,Avoid: Golden Week (Apr 29,5,7,1.4,83.32,2.88,2.0,1.48,1.79,13.36
104000,For popular attractions like Shibuya,5,9,1.8,49.48,7.6,18.0,15.4,11.21,13.36
104001,A compelling option for travelers,5,10,2.0,32.56,9.96,18.0,11.92,8.39,13.36
104002,Our new visa reforms,4,7,1.75,54.73,6.62,1.6,1.45,0.59,11.73
104003,Part of the Sabi Sabi,5,5,1.0,117.16,-1.84,2.0,-2.0,-2.92,10.2
104004,Wild Soul Expedition: South Africa,5,10,2.0,32.56,9.96,18.0,11.92,9.33,10.2
104005,This tells us something important,5,8,1.6,66.4,5.24,2.0,11.92,8.39,7.04
104007,It is one of several,5,6,1.2,100.24,0.52,2.0,-3.16,-3.86,0.25
104010,This includes round-trip train,4,6,1.5,75.88,3.67,1.6,14.5,12.36,11.73
104011,Cusco Boleto Turístico,3,3,1.0,119.19,-2.62,1.2,13.0,11.47,19.58
104013,Budget $180–260 per person,4,6,1.5,75.88,3.67,1.6,7.25,7.65,15.68
104014,Entrance ticket: 152 Soles ($,4,6,1.5,75.88,3.67,1.6,8.7,4.12,15.68
104015,New rail links connect Sweden,5,7,1.4,83.32,2.88,2.0,7.28,4.62,10.2
104016,Regions & Vibes: Our Direct Take,5,8,1.6,66.4,5.24,2.0,7.28,2.27,10.2
104017,When we talk about Sweden,5,7,1.4,83.32,2.88,2.0,2.64,0.85,7.04
104018,Because of the Solar Maximum,5,9,1.8,49.48,7.6,10.0,6.12,3.68,10.2
104019,You get your own en,5,5,1.0,117.16,-1.84,2.0,-4.32,-4.8,7.04
104020,It's quiet,2,3,1.5,77.91,2.89,0.8,-7.4,0.77,0.1
104022,For Sweden,2,3,1.5,77.91,2.89,0.8,-4.5,0.77,11.63
104023,Ruby Hotel Stockholm marks the,5,8,1.6,66.4,5.24,2.0,8.44,5.56,13.36
104024,On 24 January 2026,4,7,1.75,54.73,6.62,1.6,-1.45,-1.77,11.73
104025,Skåne (The South),3,3,1.0,119.19,-2.62,1.2,-0.53,3.62,9.05
104026,However if you don't,4,6,1.5,75.88,3.67,1.6,0.0,0.59,0.2
104027,Additionally,1,5,5.0,-217.18,43.8,40.4,24.2,35.59,19.48
104028,For a week in Sweden,5,6,1.2,100.24,0.52,2.0,-3.16,-3.86,7.04
104029,Quick Answer:,2,3,1.5,77.91,2.89,0.8,1.3,7.83,0.1
104030,Strategic seasonal planning saves 30,5,10,2.0,32.56,9.96,18.0,15.4,11.21,19.67
104031,Fixed 2026 Government Park Fees (VAT Inclusive),7,11,1.571,66.79,5.68,8.51,12.29,9.66,15.26
104033,Visa Fees:,2,3,1.5,77.91,2.89,0.8,-7.4,0.77,19.53
104034,💸 JR Pass Price in,4,5,1.25,97.03,0.72,1.6,-4.35,-6.24,7.78
104035,The 7-day pass now,4,4,1.0,118.18,-2.23,1.6,-2.9,-1.77,7.78
104036,Regional Pass Alternatives: JR East,5,11,2.2,15.64,12.32,18.0,13.08,10.27,13.36
104037,What is this?,3,3,1.0,119.19,-2.62,1.2,-6.33,-2.66,0.15
104038,Comments Section,2,4,2.0,35.61,8.79,0.8,12.9,14.9,19.53
104039,For international travelers,3,9,3.0,-50.01,20.98,27.87,22.67,19.32,14.31
104040,Matthew Baxter,2,4,2.0,35.61,8.79,0.8,7.1,10.18,19.53
104042,Price Reality 2026: The 7,5,8,1.6,66.4,5.24,10.0,1.48,0.85,13.36
104043,Malaria is preventable and curable,5,13,2.6,-18.2,17.04,26.0,13.08,9.33,13.36
104045,Prevention strategies include personal protective,5,14,2.8,-35.12,19.4,34.0,30.48,23.46,19.67
104048,Travelers begin the medication at,5,11,2.2,15.64,12.32,18.0,11.92,8.39,10.2
104049,Begin one to two days before travel and continue for,10,15,1.5,69.79,6.01,8.0,6.18,3.82,8.87
104050,For example,2,4,2.0,35.61,8.79,20.8,-1.6,3.12,11.63
104051,Any patterns (e.g.,3,5,1.667,62.79,5.25,1.2,-0.53,5.19,14.31
104053,Before opting in,3,5,1.667,62.79,5.25,1.2,1.4,2.05,9.05
104054,The Status Match — Best Western,5,7,1.4,83.32,2.88,2.0,7.28,1.48,7.04
104055,These unofficial matches typically require,5,13,2.6,-18.2,17.04,26.0,22.36,16.87,16.52
104056,Status matches and challenges are,5,9,1.8,49.48,7.6,10.0,11.92,8.39,13.36
104057,American's Instant Status Pass matches,5,11,2.2,15.64,12.32,10.0,16.56,13.1,13.36
104058,Submit proof of your earned,5,6,1.2,100.24,0.52,2.0,4.96,2.74,13.36
104059,Status matches and challenges are,5,9,1.8,49.48,7.6,10.0,11.92,8.39,13.36
104060,Some programs grant immediate elite,5,10,2.0,32.56,9.96,10.0,14.24,10.27,16.52
104062,Choice Privileges status matches are,5,9,1.8,49.48,7.6,10.0,15.4,11.21,13.36
104063,The Marriott Status Challenge,4,8,2.0,33.58,9.57,11.6,14.5,11.18,15.68
104064,From the glaciers and mountains,5,7,1.4,83.32,2.88,2.0,9.6,6.5,10.2
104065,As you venture south,4,5,1.25,97.03,0.72,1.6,1.45,0.59,7.78
104066,Paper visas have great disadvantages,5,11,2.2,15.64,12.32,10.0,15.4,11.21,10.2
104067,Visa officers evaluate every application,5,16,3.2,-68.96,24.12,26.0,20.04,14.98,16.52
104068,Many countries use visa restrictions,5,10,2.0,32.56,9.96,10.0,15.4,11.21,13.36
104069,Tourist visa refusals are recorded,5,11,2.2,15.64,12.32,18.0,13.08,9.33,16.52
104070,Africa is one of the,5,7,1.4,83.32,2.88,10.0,-3.16,-3.86,7.04
104071,Ability to attend events,4,9,2.25,12.43,12.52,11.6,7.25,5.3,11.73
104072,The Worst affected countries are,5,8,1.6,66.4,5.24,10.0,10.76,7.45,10.2
104073,Thanks to visa requirements,4,7,1.75,54.73,6.62,11.6,11.6,8.83,11.73
104074,Colombia's Climate Overview,3,9,3.0,-50.01,20.98,27.87,20.73,19.32,19.58
104075,December—March: The Best Time,4,6,1.5,75.88,3.67,11.6,11.6,11.18,7.78
104076,As you journey towards the,5,7,1.4,83.32,2.88,2.0,3.8,1.79,0.25
104078,The rainy season typically runs,5,9,1.8,49.48,7.6,10.0,9.6,6.5,10.2
104079,Fly back home,3,3,1.0,119.19,-2.62,1.2,-4.4,-2.66,0.15
104080,Day 5: Hike in the,5,5,1.0,117.16,-1.84,2.0,-6.64,-5.74,10.2
104081,Another day tour from Bogotá,5,7,1.4,83.32,2.88,2.0,6.12,3.68,10.2
104082,Days 2-3: Get to,4,4,1.0,118.18,-2.23,1.6,-7.25,-4.12,11.73
104083,Whether you travel with a,5,7,1.4,83.32,2.88,2.0,2.64,0.85,10.2
104084,Designed to strengthen border security,5,11,2.2,15.64,12.32,10.0,17.72,13.1,16.52
104085,Confirming compliance well ahead of,5,10,2.0,32.56,9.96,18.0,14.24,10.27,10.2
104086,The ETIAS (European Travel Information,5,12,2.4,-1.28,14.68,18.0,16.56,13.1,16.52
104087,Travelers from over 60 visa,5,9,1.8,49.48,7.6,10.0,4.96,2.74,13.36
104089,Personal data,2,5,2.5,-6.69,14.69,20.8,4.2,7.83,19.53
104091,The automated security check screens,5,11,2.2,15.64,12.32,18.0,15.4,11.21,13.36
104092,Unlike a traditional visa,4,9,2.25,12.43,12.52,11.6,8.7,6.48,15.68
104094,On 5 March,3,3,1.0,119.19,-2.62,1.2,-10.2,-7.37,9.05
104095,During the transitional period – the,5,11,2.2,15.64,12.32,18.0,13.08,5.41,10.2
104096,Initially,1,4,4.0,-132.58,32.0,40.4,6.8,21.46,19.48
104097,Having all this information handy,5,10,2.0,32.56,9.96,10.0,11.92,8.39,10.2
104098,Morocco is,2,4,2.0,35.61,8.79,20.8,-4.5,0.77,11.63
104100,This is where Morocco truly,5,8,1.6,66.4,5.24,10.0,4.96,2.74,7.04
104101,In short: Morocco is very,5,8,1.6,66.4,5.24,10.0,1.48,0.85,7.04
104102,Mid-range riads cost $50,4,6,1.5,75.88,3.67,1.6,4.35,5.3,15.68
104103,Many of these places include,5,8,1.6,66.4,5.24,2.0,6.12,3.68,10.2
104106,Credit cards see acceptance primarily,5,11,2.2,15.64,12.32,18.0,16.56,12.16,16.52
104107,Discovery Bay: Peak expatry here,5,9,1.8,49.48,7.6,10.0,9.6,7.45,10.2
104108,Lamma Island: The classic hippy,5,7,1.4,83.32,2.88,2.0,8.44,6.5,13.36
104109,Traveling requires you to stay,5,9,1.8,49.48,7.6,18.0,8.44,5.56,10.2
104110,You'll start in Bali,4,5,1.25,97.03,0.72,1.6,0.0,0.59,7.78
104111,On this highlights tour of,5,6,1.2,100.24,0.52,2.0,3.8,1.79,10.2
104112,Vrbo vs Airbnb for Hosts,5,7,1.4,83.32,2.88,2.0,1.48,-0.09,16.52
104113,Airbnb dominates with Millennials and,5,11,2.2,15.64,12.32,18.0,16.56,12.16,13.36
104115,Vrbo also offers a wide,5,7,1.4,83.32,2.88,2.0,0.32,-1.03,10.2
104117,Vrbo properties are generally concentrated,5,13,2.6,-18.2,17.04,26.0,22.36,16.87,16.52
104118,However,1,3,3.0,-47.98,20.2,0.4,-4.8,12.04,0.05
104119,Starting October 27,3,6,2.0,34.59,9.18,1.2,7.2,6.76,14.31
104121,Key takeaway: If you self,5,5,1.0,117.16,-1.84,2.0,1.48,0.85,7.04
104122,Your 2026 trip cost breakdown,5,6,1.2,100.24,0.52,2.0,7.28,4.62,10.2
104123,The Berlin Budget Calculator breaks,5,10,2.0,32.56,9.96,10.0,14.24,10.27,16.52
104124,Which Berlin neighbourhood is best for families?,7,12,1.714,54.7,7.37,14.23,13.94,10.33,10.75
104125,Off-center neighborhoods (Wedding,3,8,2.667,-21.81,17.05,27.87,30.4,28.74,14.31
104126,Ticket Fares,2,3,1.5,77.91,2.89,0.8,1.3,5.48,11.63
104127,Activity,1,4,4.0,-132.58,32.0,40.4,1.0,16.75,19.48
104128,Späti beer (to go):,4,4,1.0,118.18,-2.23,1.6,-4.35,-0.59,7.78
104130,Average Cost of Lunch in,5,7,1.4,83.32,2.88,10.0,1.48,-0.09,7.04
104131,The Cycladic island of Naxos,5,8,1.6,66.4,5.24,10.0,6.12,3.68,10.2
104132,At the very top of,5,6,1.2,100.24,0.52,2.0,-5.48,-5.74,0.25
104134,A standard driver's license from,5,8,1.6,66.4,5.24,2.0,9.6,7.45,13.36
104135,DON'T Drive Off the,4,4,1.0,118.18,-2.23,1.6,-1.45,-0.59,7.78
104136,You will also need to,5,6,1.2,100.24,0.52,2.0,-2.0,-2.92,0.25
104138,United: The July 1 Trick,5,8,1.6,66.4,5.24,2.0,0.32,-0.09,7.04
104139,A status challenge grants temporary,5,10,2.0,32.56,9.96,10.0,14.24,10.27,16.52
104140,The critical caveat: this is,5,9,1.8,49.48,7.6,18.0,4.96,3.68,10.2
104141,Chicago neighborhoods are constantly changing,5,12,2.4,-1.28,14.68,26.0,25.84,19.69,16.52
104142,We examined cross-sectional associations,4,12,3.0,-51.02,21.37,31.6,29.0,24.14,15.68
104143,Physical aspects of neighborhoods,4,9,2.25,12.43,12.52,21.6,20.3,15.9,15.68
104146,Instead,1,2,2.0,36.62,8.4,0.4,-4.8,12.04,0.05
104147,Start at the Koutoubia Minaret,5,7,1.4,83.32,2.88,10.0,8.44,5.56,10.2
104148,Riads are traditional Moroccan homes,5,11,2.2,15.64,12.32,18.0,15.4,11.21,16.52
104149,Planning tip: Below you can,5,7,1.4,83.32,2.88,2.0,3.8,2.74,7.04
104151,The journey to Western Australia,5,9,1.8,49.48,7.6,10.0,10.76,7.45,7.04
104152,Itinerary - Best of Australia's East Coast - Melbourne,7,14,2.0,30.53,10.74,14.23,15.6,6.14,10.75
104154,Days 1 - 4: Explore Sydney,5,7,1.4,83.32,2.88,2.0,0.32,-2.45,19.67
104155,Sydney is the dazzling gateway,5,9,1.8,49.48,7.6,10.0,8.44,5.56,13.36
104156,The classic three-destination structure,4,9,2.25,12.43,12.52,11.6,27.55,22.96,15.68
104158,Day 1: Arrive in Bangkok,5,7,1.4,83.32,2.88,2.0,0.32,-0.09,10.2
104159,Day 1: Bangkok River Cruise,5,7,1.4,83.32,2.88,2.0,3.8,2.74,13.36
104160,This morning,2,3,1.5,77.91,2.89,0.8,1.3,5.48,0.1
104161,But of course,3,3,1.0,119.19,-2.62,1.2,-4.4,-2.66,0.15
104162,Hang out with elephants,4,6,1.5,75.88,3.67,11.6,5.8,4.12,7.78
104164,Why: With its higher elevation,5,9,1.8,49.48,7.6,10.0,7.28,5.56,10.2
104167,Credit Cards and ATMs: In,5,6,1.2,100.24,0.52,2.0,1.48,0.85,13.36
104168,Regulation of entry and stays,5,9,1.8,49.48,7.6,10.0,7.28,4.62,13.36
104169,Visas are often required in,5,9,1.8,49.48,7.6,10.0,4.96,2.74,10.2
104170,Security concerns — By requiring a,5,12,2.4,-1.28,14.68,18.0,10.76,3.83,13.36
104171,The issuing authority may also,5,11,2.2,15.64,12.32,18.0,8.44,5.56,10.2
104172,Ensure that your passport has,5,7,1.4,83.32,2.88,2.0,7.28,4.62,10.2
104173,The main reasons states impose,5,7,1.4,83.32,2.88,2.0,8.44,5.56,13.36
104174,Proof of ties to the,5,5,1.0,117.16,-1.84,2.0,-3.16,-3.86,10.2
104175,It's important to show evidence,5,9,1.8,49.48,7.6,10.0,8.44,6.5,7.04
104176,Planning a trip in 2026,5,6,1.2,100.24,0.52,2.0,0.32,-1.03,10.2
104177,Trips can become problematic or,5,9,1.8,49.48,7.6,10.0,9.6,6.5,10.2
104178,While measles vaccines are especially,5,9,1.8,49.48,7.6,10.0,16.56,12.16,13.36
104179,Yellow Fever,2,4,2.0,35.61,8.79,0.8,1.3,5.48,0.1
104180,When to Book Your Travel,5,6,1.2,100.24,0.52,2.0,1.48,-0.09,7.04
104181,The neighborhoods in New York,5,7,1.4,83.32,2.88,10.0,7.28,4.62,10.2
104182,This section of neighborhoods is,5,8,1.6,66.4,5.24,10.0,10.76,7.45,10.2
104183,Baychester,1,1,1.0,121.22,-3.4,0.4,12.6,26.17,19.48
104184,Centered around Prospect Park (Brooklyn's,5,9,1.8,49.48,7.6,2.0,18.88,15.92,13.36
104186,Kew Gardens,2,3,1.5,77.91,2.89,0.8,-1.6,3.12,19.53
104187,Bronx CB 1,3,3,1.0,119.19,-2.62,1.2,-10.2,-7.37,19.58
104188,Fordham,1,2,2.0,36.62,8.4,0.4,-4.8,12.04,19.48
104190,Arlington,1,3,3.0,-47.98,20.2,40.4,6.8,21.46,19.48
104192,Peru is defined by ancient,5,8,1.6,66.4,5.24,2.0,3.8,1.79,13.36
104193,Curious how your trip went,5,7,1.4,83.32,2.88,10.0,3.8,1.79,7.04
104194,There is no clear winner,5,6,1.2,100.24,0.52,2.0,1.48,-0.09,0.25
104195,Extending for almost 2700 miles,5,8,1.6,66.4,5.24,10.0,9.6,6.5,13.36
104196,Insider tip: In Peru,4,7,1.75,54.73,6.62,11.6,0.0,0.59,11.73
104197,Chile costs more,3,4,1.333,90.99,1.31,1.2,1.4,2.05,14.31
104200,Heavy,1,2,2.0,36.62,8.4,0.4,-16.4,2.62,0.05
104201,What Is A Checked Bag,5,5,1.0,117.16,-1.84,2.0,-2.0,-2.92,7.04
104203,What to pack for a week-long trip checklist?,8,10,1.25,92.97,2.28,3.2,5.88,4.35,7.98
104204,Alcoholic beverages with more than,5,10,2.0,32.56,9.96,18.0,13.08,9.33,10.2
104205,Argentina runs nearly 2,4,8,2.0,33.58,9.57,11.6,5.8,4.12,15.68
104206,Sat will be a loooong,5,5,1.0,117.16,-1.84,2.0,-2.0,-2.92,7.04
104207,An easy way to circumvent,5,8,1.6,66.4,5.24,10.0,2.64,0.85,7.04
104209,Fes is the first stop,5,5,1.0,117.16,-1.84,2.0,-2.0,-2.92,7.04
104210,Explore the Sahara Desert,4,8,2.0,33.58,9.57,11.6,8.7,6.48,11.73
104211,Day 1 – Casablanca,3,6,2.0,34.59,9.18,14.53,1.4,-2.27,14.31
104213,When in Ouarzazate,3,6,2.0,34.59,9.18,14.53,5.27,5.19,9.05
104215,Fly into Tangier (do a,5,7,1.4,83.32,2.88,2.0,-2.0,-1.97,7.04
104216,Standing between the Rif mountains,5,8,1.6,66.4,5.24,2.0,13.08,9.33,13.36
104217,The simple hike up is,5,6,1.2,100.24,0.52,2.0,-2.0,-2.92,7.04
104220,Economists say this is because,5,9,1.8,49.48,7.6,10.0,8.44,5.56,7.04
104221,As of early 2026,4,5,1.25,97.03,0.72,1.6,-4.35,-4.12,7.78
104223,In downtown Buenos Aires,4,7,1.75,54.73,6.62,1.6,7.25,5.3,11.73
104224,A high-end,2,2,1.0,120.21,-3.01,0.8,-7.4,0.77,11.63
104225,Under the Industrial Plan for,5,9,1.8,49.48,7.6,10.0,7.28,4.62,7.04
104226,“With this investment,3,5,1.667,62.79,5.25,14.53,9.13,9.9,9.05
104227,Next-generation Frecciarossa trains are,4,10,2.5,-8.72,15.47,11.6,27.55,22.96,15.68
104228,Still,1,1,1.0,121.22,-3.4,0.4,-16.4,2.62,0.05
104229,Designed to operate in Italy,5,10,2.0,32.56,9.96,18.0,6.12,3.68,13.36
104230,According to plans,3,5,1.667,62.79,5.25,14.53,5.27,5.19,14.31
104231,Alongside the high-speed investment,4,9,2.25,12.43,12.52,21.6,21.75,18.25,15.68
104232,Other new Trenitalia trains from,5,6,1.2,100.24,0.52,2.0,10.76,7.45,10.2
104233,At the same time,4,4,1.0,118.18,-2.23,1.6,-4.35,-4.12,0.2
104234,There are also new developments,5,9,1.8,49.48,7.6,10.0,9.6,6.5,7.04
104235,A proprietary 5G network has,5,10,2.0,32.56,9.96,10.0,6.12,3.68,13.36
104236,In addition,2,4,2.0,35.61,8.79,20.8,-1.6,3.12,11.63
104237,Currently,1,3,3.0,-47.98,20.2,40.4,6.8,21.46,19.48
104238,In a liberalized market that,5,9,1.8,49.48,7.6,10.0,6.12,3.68,7.04
104239,The Italian operator has 46,5,10,2.0,32.56,9.96,18.0,4.96,2.74,13.36
104240,60K miles one-way,3,4,1.333,90.99,1.31,1.2,1.4,3.62,19.58
104241,The absolute bargain of the,5,8,1.6,66.4,5.24,10.0,4.96,2.74,10.2
104242,TLDR: I have a short,5,5,1.0,117.16,-1.84,2.0,-4.32,-3.86,7.04
104243,The cheapest transatlantic business class,5,10,2.0,32.56,9.96,10.0,21.2,15.92,10.2
104244,The lowest rates on these,5,6,1.2,100.24,0.52,2.0,2.64,0.85,10.2
104245,Add a stopover of up,5,7,1.4,83.32,2.88,10.0,-3.16,-3.86,7.04
104246,Yellow fever vaccine is recommended,5,11,2.2,15.64,12.32,10.0,14.24,10.27,10.2
104247,Vaccination is the most important,5,10,2.0,32.56,9.96,10.0,11.92,8.39,7.04
104248,Vaccination is the most effective,5,10,2.0,32.56,9.96,18.0,11.92,8.39,10.2
104249,A single dose of the,5,6,1.2,100.24,0.52,2.0,-3.16,-3.86,7.04
104250,The certificate of vaccination for,5,11,2.2,15.64,12.32,18.0,13.08,9.33,10.2
104251,Vaccination against yellow fever is,5,11,2.2,15.64,12.32,10.0,14.24,10.27,7.04
104253,The vaccine is also used,5,7,1.4,83.32,2.88,2.0,1.48,-0.09,7.04
104254,Who cannot have the yellow,5,7,1.4,83.32,2.88,2.0,3.8,1.79,0.25
104255,"Conditional recommendation targets (""Precaution""",4,14,3.5,-93.32,27.27,31.6,37.7,33.56,19.62
104256,Pregnant women,2,4,2.0,35.61,8.79,0.8,7.1,10.18,11.63
104260,Every year thousands of people,5,9,1.8,49.48,7.6,2.0,8.44,5.56,7.04
104261,Despite the relative safety of,5,9,1.8,49.48,7.6,10.0,8.44,5.56,10.2
104262,Nervous system reactions such as,5,9,1.8,49.48,7.6,10.0,10.76,7.45,13.36
104263,This vaccine is given only,5,8,1.6,66.4,5.24,2.0,3.8,1.79,7.04
104264,Days 1 - 4: Explore Sydney,5,7,1.4,83.32,2.88,2.0,0.32,-2.45,19.67
104265,Start your adventure by landing,5,8,1.6,66.4,5.24,2.0,9.6,6.5,7.04
104266,Join a day trip to,5,5,1.0,117.16,-1.84,2.0,-5.48,-5.74,0.25
104267,This is where you'll,4,4,1.0,118.18,-2.23,1.6,0.0,0.59,0.2
104268,East Coast Highlights – Explore Australia's,5,9,1.8,49.48,7.6,10.0,20.04,10.9,13.36
104269,Join a day tour along,5,6,1.2,100.24,0.52,2.0,-2.0,-2.92,7.04
104275,Participants may be compensated.,4,10,2.5,-8.72,15.47,21.6,17.4,14.72,11.73
104276,Eligible Chase Sapphire Reserve ®,4,10,2.5,-8.72,15.47,21.6,17.4,7.89,15.68
104281,In addition,2,4,2.0,35.61,8.79,20.8,-1.6,3.12,11.63
104282,Offer: Receive a statement credit for $359 when you use,10,14,1.4,78.25,4.83,4.0,6.76,5.24,8.87
104283,Chase also announces Dallas Fort,5,9,1.8,49.48,7.6,10.0,10.76,7.45,10.2
104285,What is EU visa policy?,5,8,1.6,66.4,5.24,10.0,-0.84,-1.03,13.36
104286,How long can you stay,5,5,1.0,117.16,-1.84,2.0,-2.0,-2.92,0.25
104288,The above Annex II nationals can enter the Schengen Area,10,18,1.8,44.41,9.55,12.0,8.5,5.71,12.03
104289,Schengen visa application should be,5,10,2.0,32.56,9.96,10.0,14.24,10.27,13.36
104291,You'll apply at the,4,5,1.25,97.03,0.72,1.6,-1.45,-0.59,7.78
104292,They can enter Schengen area,5,9,1.8,49.48,7.6,10.0,6.12,3.68,10.2
104295,It is not a visa,5,6,1.2,100.24,0.52,2.0,-7.8,-7.63,7.04
104296,Over the years,3,4,1.333,90.99,1.31,1.2,-2.47,-1.09,9.05
104297,The Schengen Area consists of,5,9,1.8,49.48,7.6,10.0,7.28,4.62,13.36
104298,The visa policy of the,5,8,1.6,66.4,5.24,10.0,-0.84,-1.97,10.2
104299,You should apply for your,5,6,1.2,100.24,0.52,2.0,2.64,0.85,7.04
104300,Spain is somewhere I have,5,6,1.2,100.24,0.52,2.0,2.64,0.85,7.04
104302,Consuegra windmills,2,4,2.0,35.61,8.79,0.8,21.6,21.96,19.53
104303,Stop 3: Granada — 2 nights,5,7,1.4,83.32,2.88,10.0,0.32,-2.45,16.52
104304,Stop 1: Barcelona — 3 nights,5,8,1.6,66.4,5.24,10.0,2.64,-0.88,16.52
104305,Bear in mind that it,5,5,1.0,117.16,-1.84,2.0,-3.16,-3.86,0.25
104306,Bangkok is subdivided into 50,5,10,2.0,32.56,9.96,10.0,7.28,4.62,13.36
104307,You can stay absolutely anywhere,5,10,2.0,32.56,9.96,10.0,10.76,7.45,7.04
104308,Especially because the different parts,5,10,2.0,32.56,9.96,10.0,17.72,13.1,10.2
104309,Rattanakosin is Bangkok's royal district,5,11,2.2,15.64,12.32,10.0,18.88,14.98,13.36
104310,Thon Buri,2,3,1.5,77.91,2.89,0.8,-7.4,-1.59,19.53
104313,Visitors to Batuan Village can,5,9,1.8,49.48,7.6,10.0,8.44,5.56,10.2
104314,A visit to Mas Village,5,7,1.4,83.32,2.88,2.0,-0.84,-1.97,7.04
104316,Experiencing Bali like a local,5,11,2.2,15.64,12.32,10.0,8.44,5.56,13.36
104317,It consistently delivers the best,5,10,2.0,32.56,9.96,18.0,11.92,8.39,10.2
104318,Kenya is one of the,5,6,1.2,100.24,0.52,2.0,-4.32,-4.8,7.04
104319,Wildlife viewing in Kenya is,5,8,1.6,66.4,5.24,2.0,6.12,3.68,13.36
104322,Samburu National Reserve stands out,5,9,1.8,49.48,7.6,10.0,14.24,10.27,16.52
104323,Description,1,3,3.0,-47.98,20.2,40.4,18.4,30.88,19.48
104324,The Vibe: Around the Louvre,5,7,1.4,83.32,2.88,2.0,3.8,2.74,10.2
104325,This Arrondissement has neighborhoods that,5,10,2.0,32.56,9.96,18.0,22.36,16.87,10.2
104326,The 7th arrondissement stretches along,5,10,2.0,32.56,9.96,10.0,17.72,13.1,13.36
104327,We are in fact in,5,5,1.0,117.16,-1.84,2.0,-6.64,-6.68,0.25
104328,Paris Arrondissement Map,3,7,2.333,6.39,13.11,14.53,16.87,14.61,14.31
104329,Iguazu Falls,2,2,1.0,120.21,-3.01,0.8,1.3,5.48,19.53
104330,The city blends dramatic mountains,5,9,1.8,49.48,7.6,10.0,13.08,9.33,13.36
104332,Escadaria Selarón: A colorful mosaic,5,10,2.0,32.56,9.96,18.0,14.24,11.21,16.52
104333,Iguassu Falls is located in,5,7,1.4,83.32,2.88,10.0,4.96,2.74,13.36
104335,Iguaçu Falls,2,2,1.0,120.21,-3.01,0.8,1.3,5.48,19.53
104337,Start in Bangkok,3,4,1.333,90.99,1.31,1.2,1.4,2.05,9.05
104338,Most people flying to Thailand,5,8,1.6,66.4,5.24,2.0,8.44,5.56,10.2
104339,After settling in,3,6,2.0,34.59,9.18,14.53,3.33,3.62,9.05
104340,Ayutthaya offers a fascinating glimpse,5,11,2.2,15.64,12.32,18.0,17.72,13.1,16.52
104341,Next,1,1,1.0,121.22,-3.4,0.4,-22.2,-2.09,0.05
104342,Day 4: Old City Charm,5,6,1.2,100.24,0.52,2.0,-3.16,-2.92,7.04
104343,Visit the Chiang Mai Night,5,6,1.2,100.24,0.52,2.0,3.8,1.79,10.2
104344,Day 5: Gentle Giants.,4,6,1.5,75.88,3.67,1.6,0.0,1.77,11.73
104345,Take a morning flight to,5,6,1.2,100.24,0.52,2.0,1.48,-0.09,0.25
104346,This day is flexible and,5,7,1.4,83.32,2.88,10.0,1.48,-0.09,7.04
104347,No trip to Chiang Mai,5,5,1.0,117.16,-1.84,2.0,-2.0,-2.92,10.2
104348,Arrive in Krabi or Phuket,5,7,1.4,83.32,2.88,2.0,2.64,0.85,10.2
104349,Popular Tours,2,4,2.0,35.61,8.79,20.8,4.2,7.83,19.53
104350,Spend your final full day,5,6,1.2,100.24,0.52,2.0,2.64,0.85,7.04
104351,From a modest sustainable farm,5,9,1.8,49.48,7.6,10.0,8.44,5.56,10.2
104352,Japan in a week: the,5,6,1.2,100.24,0.52,2.0,-4.32,-3.86,7.04
104353,Kyoto (2-3 days),3,4,1.333,90.99,1.31,1.2,-4.4,2.05,19.58
104356,Hiroshima and Miyajima (2-3,4,7,1.75,54.73,6.62,11.6,8.7,8.83,15.68
104357,If you're wondering what,4,6,1.5,75.88,3.67,11.6,5.8,5.3,7.78
104359,Chase will reimburse the first,5,7,1.4,83.32,2.88,10.0,8.44,5.56,7.04
104360,That's a benefit to be,5,7,1.4,83.32,2.88,10.0,-2.0,-1.97,7.04
104361,No foreign transaction fees,4,7,1.75,54.73,6.62,11.6,11.6,8.83,15.68
104362,Transfers are at a 1,5,6,1.2,100.24,0.52,2.0,-3.16,-3.86,10.2
104364,Earn 8x points on all purchases through Chase Travel℠,9,12,1.333,84.9,3.65,8.04,9.27,6.62,11.1
104365,Chase and Lyft have a,5,6,1.2,100.24,0.52,2.0,-2.0,-2.92,7.04
104366,The Sapphire Reserve offers 4x,5,9,1.8,49.48,7.6,10.0,8.44,5.56,16.52
104367,Chase Sapphire Reserve is one,5,8,1.6,66.4,5.24,10.0,7.28,4.62,10.2
104368,Trip Delay Reimbursement,3,7,2.333,6.39,13.11,14.53,16.87,14.61,14.31
104369,Get up to $150 in,5,5,1.0,117.16,-1.84,2.0,-7.8,-6.68,7.04
104370,$300 annual StubHub credit,4,8,2.0,33.58,9.57,11.6,8.7,7.65,19.62
104371,$300 annual StubHub credit on,5,9,1.8,49.48,7.6,10.0,6.12,4.62,16.52
104374,This is an important hotel,5,8,1.6,66.4,5.24,2.0,3.8,1.79,0.25
104375,Your personal information is just,5,10,2.0,32.56,9.96,18.0,11.92,8.39,10.2
104377,Fire extinguishers and emergency exits,5,13,2.6,-18.2,17.04,18.0,17.72,13.1,13.36
104379,If you notice something is,5,7,1.4,83.32,2.88,2.0,3.8,1.79,0.25
104380,Verify Staff Identity: If someone,5,11,2.2,15.64,12.32,18.0,10.76,8.39,13.36
104381,Especially when you are traveling,5,9,1.8,49.48,7.6,18.0,11.92,8.39,10.2
104382,If your room has a,5,5,1.0,117.16,-1.84,2.0,-5.48,-5.74,0.25
104383,Panchal agrees,2,4,2.0,35.61,8.79,0.8,7.1,10.18,19.53
104386,How long do Chase Ultimate,5,7,1.4,83.32,2.88,10.0,3.8,1.79,7.04
104388,Amex Hotel Partner,3,6,2.0,34.59,9.18,1.2,5.27,5.19,9.05
104391,To facilitate the transfer process,5,10,2.0,32.56,9.96,10.0,13.08,9.33,13.36
104393,Illinois law calls annulment A,5,9,1.8,49.48,7.6,18.0,8.44,5.56,13.36
104394,The most fundamental concept to,5,9,1.8,49.48,7.6,10.0,9.6,6.5,10.2
104396,One of the spouses must,5,6,1.2,100.24,0.52,2.0,0.32,-1.03,7.04
104397,Impotence: One spouse is physically,5,10,2.0,32.56,9.96,18.0,13.08,10.27,13.36
104398,Influence of drugs,3,5,1.667,62.79,5.25,14.53,5.27,5.19,14.31
104400,If mental incapacity,3,8,2.667,-21.81,17.05,14.53,9.13,8.33,14.31
104401,You must file your petition,5,7,1.4,83.32,2.88,10.0,4.96,2.74,7.04
104402,In addition to the custodial,5,10,2.0,32.56,9.96,18.0,6.12,3.68,10.2
104403,The petition should explain the,5,8,1.6,66.4,5.24,10.0,9.6,6.5,7.04
104404,Both you and your spouse,5,5,1.0,117.16,-1.84,2.0,1.48,-0.09,7.04
104405,The petition is then served,5,7,1.4,83.32,2.88,10.0,4.96,2.74,10.2
104406,Under certain circumstance a marriage,5,10,2.0,32.56,9.96,10.0,16.56,12.16,7.04
104407,Over the next decade,4,6,1.5,75.88,3.67,1.6,1.45,0.59,7.78
104408,When those properties eventually transfer,5,12,2.4,-1.28,14.68,18.0,21.2,15.92,13.36
104409,Amid a historic shift of,5,8,1.6,66.4,5.24,10.0,1.48,-0.09,13.36
104410,Probate litigators already note a,5,11,2.2,15.64,12.32,10.0,11.92,8.39,10.2
104411,Few concepts are more misunderstood,5,9,1.8,49.48,7.6,10.0,14.24,10.27,10.2
104412,AI-Powered Tools: AI can,4,4,1.0,118.18,-2.23,1.6,4.35,5.3,15.68
104413,Summary,1,3,3.0,-47.98,20.2,40.4,-4.8,12.04,19.48
104414,Financial and Asset Review: AI,5,9,1.8,49.48,7.6,10.0,7.28,5.56,13.36
104415,Client Intake and Communication: Some,5,11,2.2,15.64,12.32,10.0,15.4,12.16,13.36
104416,HITL posits that although AI,5,7,1.4,83.32,2.88,2.0,6.12,3.68,16.52
104417,If the reasoning behind AI,5,8,1.6,66.4,5.24,10.0,3.8,1.79,10.2
104418,Quick Facts — Business Contract Lawyers,5,8,1.6,66.4,5.24,2.0,16.56,7.76,13.36
104419,Location: Legal fees can vary,5,9,1.8,49.48,7.6,10.0,6.12,4.62,16.52
104420,On April 30,3,4,1.333,90.99,1.31,1.2,-8.27,-5.8,9.05
104421,Fixed-price contracts transfer performance,4,9,2.25,12.43,12.52,11.6,31.9,26.49,19.62
104422,Appeals and Recovery: If you,5,8,1.6,66.4,5.24,10.0,4.96,3.68,10.2
104423,This form of relief is,5,6,1.2,100.24,0.52,2.0,-0.84,-1.97,7.04
104424,Building Your Defense,3,5,1.667,62.79,5.25,1.2,11.07,9.9,0.15
104425,Asylum provides powerful protection against,5,13,2.6,-18.2,17.04,18.0,23.52,17.81,13.36
104427,Finding Immigration Legal Assistance,4,11,2.75,-29.87,18.42,21.6,24.65,19.43,19.62
104428,Passports,1,2,2.0,36.62,8.4,0.4,6.8,21.46,19.48
104429,Cancellation of Removal for Non-LPRs cases that are typically,9,18,2.0,28.5,11.52,16.93,14.42,10.81,12.86
104430,If financial constraints make hiring,5,9,1.8,49.48,7.6,10.0,15.4,11.21,13.36
104431,The process begins when Immigration,5,10,2.0,32.56,9.96,10.0,14.24,10.27,13.36
104432,If an employer with 20,5,7,1.4,83.32,2.88,10.0,-0.84,-1.97,10.2
104434,Bringing a lawsuit involves more,5,8,1.6,66.4,5.24,2.0,10.76,7.45,13.36
104435,If you are proceeding without,5,8,1.6,66.4,5.24,10.0,7.28,4.62,7.04
104436,The person filing a lawsuit,5,8,1.6,66.4,5.24,2.0,4.96,2.74,10.2
104437,To file a civil lawsuit,5,7,1.4,83.32,2.88,2.0,0.32,-1.03,10.2
104438,Part of civil procedure determines,5,10,2.0,32.56,9.96,18.0,13.08,9.33,13.36
104439,Small claims court is ideal,5,6,1.2,100.24,0.52,2.0,4.96,2.74,7.04
104440,Often,1,2,2.0,36.62,8.4,0.4,-16.4,2.62,0.05
104441,Courtroom5 offers guides and tools,5,6,1.2,100.24,0.52,2.0,13.08,9.33,16.52
104442,Your complaint must contain a,5,7,1.4,83.32,2.88,2.0,7.28,4.62,10.2
104443,Jurisdiction: Why this specific court,5,10,2.0,32.56,9.96,18.0,15.4,12.16,10.2
104444,Once drafted,2,3,1.5,77.91,2.89,0.8,1.3,5.48,11.63
104445,Pinellas County charges the same,5,9,1.8,49.48,7.6,10.0,10.76,7.45,10.2
104446,A federal civil case involves,5,9,1.8,49.48,7.6,10.0,7.28,4.62,13.36
104447,A summons notifies the defendant,5,10,2.0,32.56,9.96,18.0,10.76,7.45,13.36
104448,After filing your lawsuit,4,7,1.75,54.73,6.62,1.6,8.7,6.48,11.73
104449,Generally,1,4,4.0,-132.58,32.0,40.4,6.8,21.46,19.48
104451,Costs and Fees: The party,5,6,1.2,100.24,0.52,2.0,1.48,0.85,10.2
104452,The complaint will indicate:,4,7,1.75,54.73,6.62,11.6,11.6,10.01,11.73
104453,Deciding on the right business,5,8,1.6,66.4,5.24,10.0,8.44,5.56,7.04
104454,Choosing the state of formation,5,8,1.6,66.4,5.24,10.0,9.6,6.5,10.2
104456,For instance,2,3,1.5,77.91,2.89,0.8,1.3,5.48,11.63
104457,Proper business formation allows the,5,10,2.0,32.56,9.96,10.0,15.4,11.21,10.2
104458,"Often called ""liquidation bankruptcy",4,10,2.5,-8.72,15.47,21.6,23.2,19.43,15.68
104459,Chapter 7 bankruptcy: Can wipe,5,8,1.6,66.4,5.24,10.0,7.28,5.56,13.36
104460,Because of these exemptions,4,7,1.75,54.73,6.62,11.6,11.6,8.83,7.78
104461,Chapter 7 bankruptcy: Can wipe,5,8,1.6,66.4,5.24,10.0,7.28,5.56,13.36
104462,The Means Test determines if,5,7,1.4,83.32,2.88,10.0,6.12,3.68,7.04
104463,It's a formula the bankruptcy,5,9,1.8,49.48,7.6,18.0,6.12,4.62,10.2
104464,Can I file Chapter 7,5,6,1.2,100.24,0.52,2.0,-3.16,-3.86,10.2
104466,The automatic stay takes effect,5,9,1.8,49.48,7.6,10.0,9.6,6.5,13.36
104467,Guidance on income and expense,5,8,1.6,66.4,5.24,2.0,8.44,5.56,10.2
104468,The Automatic Stay: This is,5,8,1.6,66.4,5.24,10.0,3.8,2.74,7.04
104469,One of the biggest myths,5,6,1.2,100.24,0.52,2.0,1.48,-0.09,10.2
104470,At the beginning of the,5,7,1.4,83.32,2.88,2.0,0.32,-1.03,0.25
104471,Complete a required pre‑filing,4,9,2.25,12.43,12.52,21.6,14.5,12.36,15.68
104474,Complete the Second Credit Counseling,5,10,2.0,32.56,9.96,10.0,16.56,12.16,13.36
104475,Like the pre-filing course,4,6,1.5,75.88,3.67,11.6,8.7,7.65,7.78
104477,You'll also submit recent,4,7,1.75,54.73,6.62,1.6,7.25,6.48,11.73
104478,With Chapter 7 bankruptcy,4,7,1.75,54.73,6.62,11.6,8.7,6.48,15.68
104479,Impact on Your Credit,4,6,1.5,75.88,3.67,1.6,2.9,1.77,11.73
104480,Rooted in the Fourth Amendment,5,8,1.6,66.4,5.24,10.0,8.44,5.56,10.2
104481,A judge will issue a,5,6,1.2,100.24,0.52,2.0,-3.16,-3.86,7.04
104483,A police officer,3,6,2.0,34.59,9.18,1.2,1.4,2.05,0.15
104484,Search warrants must describe the,5,7,1.4,83.32,2.88,2.0,11.92,8.39,7.04
104485,Signed by a “neutral and,5,6,1.2,100.24,0.52,2.0,0.32,-0.09,10.2
104486,Once probable cause of a,5,7,1.4,83.32,2.88,10.0,1.48,-0.09,7.04
104488,Manner:,1,2,2.0,36.62,8.4,0.4,-10.6,12.04,19.48
104489,There must be a reasonable,5,8,1.6,66.4,5.24,10.0,3.8,1.79,7.04
104491,If you choose to handle,5,6,1.2,100.24,0.52,2.0,0.32,-1.03,0.25
104492,DMCA Force Free Piracy Scanner,5,8,1.6,66.4,5.24,10.0,8.44,5.56,16.52
104493,Notice Count,2,3,1.5,77.91,2.89,0.8,1.3,5.48,0.1
104495,​Professionally Managed takedowns provide,4,11,2.75,-29.87,18.42,11.6,30.45,25.31,19.62
104496,The takedown team will take,5,6,1.2,100.24,0.52,2.0,4.96,2.74,7.04
104497,Direct Filing Costs,3,5,1.667,62.79,5.25,1.2,7.2,6.76,14.31
104498,For drivers facing DUI charges,5,10,2.0,32.56,9.96,10.0,8.44,5.56,13.36
104499,Rather than lowering the general,5,10,2.0,32.56,9.96,10.0,10.76,7.45,7.04
104501,Extended Probation for DUI Manslaughter,5,13,2.6,-18.2,17.04,34.0,18.88,14.04,16.52
104502,For 2026,2,2,1.0,120.21,-3.01,0.8,-10.3,-3.95,11.63
104503,An ignition interlock device requires,5,12,2.4,-1.28,14.68,26.0,16.56,12.16,16.52
104506,Expanded Authority to Reduce Felonies,5,13,2.6,-18.2,17.04,26.0,16.56,12.16,16.52
104507,Additionally,1,5,5.0,-217.18,43.8,40.4,24.2,35.59,19.48
104509,11/14/2025,1,1,1.0,121.22,-3.4,0.4,1.0,26.17,19.48
104510,In an informal case,4,6,1.5,75.88,3.67,11.6,0.0,-0.59,7.78
104512,Formal vs.,2,4,2.0,35.61,8.79,0.8,-7.4,0.77,19.53
104513,Estate complexity: Larger estates with,5,11,2.2,15.64,12.32,10.0,16.56,13.1,16.52
104514,Several new decisions affect how,5,9,1.8,49.48,7.6,10.0,10.76,7.45,10.2
104515,EOIR has issued new BIA,5,6,1.2,100.24,0.52,2.0,0.32,-1.03,13.36
104516,Which Cases Are Affected?,4,7,1.75,54.73,6.62,11.6,7.25,6.48,11.73
104517,Ten Days as the New Baseline: Why the Filing Window,10,13,1.3,86.71,3.65,4.0,5.02,3.35,8.87
104518,As of March 9,4,4,1.0,118.18,-2.23,1.6,-8.7,-7.65,7.78
104519,For most cases,3,4,1.333,90.99,1.31,1.2,-2.47,-1.09,9.05
104520,Recent detention policies and precedent,5,12,2.4,-1.28,14.68,26.0,18.88,14.04,16.52
104521,This includes a growing need,5,7,1.4,83.32,2.88,2.0,6.12,3.68,10.2
104522,The Fifth Circuit is hearing,5,7,1.4,83.32,2.88,2.0,6.12,3.68,7.04
104523,District courts are no longer,5,7,1.4,83.32,2.88,2.0,7.28,4.62,13.36
104524,You must also be in,5,6,1.2,100.24,0.52,2.0,-4.32,-4.8,0.25
104525,At least 18 years of,5,5,1.0,117.16,-1.84,2.0,-3.16,-3.86,10.2
104526,What are the requirements for,5,7,1.4,83.32,2.88,10.0,7.28,4.62,7.04
104527,For example,2,4,2.0,35.61,8.79,20.8,-1.6,3.12,11.63
104528,What to do: If you need to take biometrics,9,11,1.222,94.3,2.34,8.04,2.18,0.86,5.84
104530,Whether an applicant meets this,5,8,1.6,66.4,5.24,10.0,9.6,6.5,13.36
104531,100 Civics Questions and Answers,5,8,1.6,66.4,5.24,2.0,10.76,7.45,16.52
104533,If you filed your N,5,5,1.0,117.16,-1.84,2.0,-4.32,-4.8,10.2
104534,Complete the questionnaire on Form,5,8,1.6,66.4,5.24,10.0,13.08,9.33,10.2
104535,Typically,1,3,3.0,-47.98,20.2,40.4,6.8,21.46,19.48
104536,Before seeking a warrant,4,7,1.75,54.73,6.62,1.6,7.25,5.3,11.73
104537,For example,2,4,2.0,35.61,8.79,20.8,-1.6,3.12,11.63
104538,Investigations involving financial records,4,13,3.25,-72.17,24.32,31.6,33.35,26.49,19.62
104539,Affidavit preparation – A well-prepared,4,12,3.0,-51.02,21.37,31.6,24.65,13.54,15.68
104540,The judge will review the,5,6,1.2,100.24,0.52,2.0,2.64,0.85,0.25
104541,If issued outside regular business,5,10,2.0,32.56,9.96,10.0,13.08,9.33,10.2
104542,Once a judge signs the,5,5,1.0,117.16,-1.84,2.0,-0.84,-1.97,7.04
104543,A search warrant in Maine must be executed within the,10,15,1.5,69.79,6.01,8.0,6.76,4.29,10.45
104544,Warrant Execution,2,6,3.0,-48.99,20.59,20.8,15.8,17.25,19.53
104545,Law enforcement submits a sworn,5,8,1.6,66.4,5.24,10.0,9.6,6.5,13.36
104546,Manner:,1,2,2.0,36.62,8.4,0.4,-10.6,12.04,19.48
104547,They will examine your full,5,7,1.4,83.32,2.88,10.0,4.96,2.74,7.04
104548,An individual risks deportation if,5,12,2.4,-1.28,14.68,18.0,13.08,9.33,13.36
104549,Quick Answer,2,3,1.5,77.91,2.89,0.8,1.3,5.48,0.1
104550,Incorrect information in earlier visa,5,13,2.6,-18.2,17.04,26.0,16.56,12.16,16.52
104552,Criminal conduct during the naturalization,5,14,2.8,-35.12,19.4,18.0,22.36,16.87,13.36
104553,Tax compliance issues,3,6,2.0,34.59,9.18,14.53,11.07,9.9,14.31
104554,Selective Service and Financial Obligations,5,13,2.6,-18.2,17.04,26.0,23.52,17.81,13.36
104555,Illegal gambling,2,6,3.0,-48.99,20.59,40.8,12.9,14.9,19.53
104556,| | Stable Employment: A consistent,4,9,2.25,12.43,12.52,21.6,15.95,4.12,11.73
104557,Understanding the most common reasons,5,10,2.0,32.56,9.96,10.0,16.56,12.16,13.36
104558,Third,1,1,1.0,121.22,-3.4,0.4,-16.4,2.62,0.05
104559,Short trips are fine for,5,5,1.0,117.16,-1.84,2.0,1.48,-0.09,7.04
104560,Trips over one year almost,5,7,1.4,83.32,2.88,2.0,3.8,1.79,7.04
104561,If you left the U.S.,5,5,1.0,117.16,-1.84,2.0,-5.48,-3.86,0.25
104562,Three cases,2,3,1.5,77.91,2.89,0.8,-1.6,3.12,11.63
104563,Applicants with any criminal record,5,11,2.2,15.64,12.32,18.0,14.24,10.27,10.2
104564,The PACT Act removes the,5,6,1.2,100.24,0.52,2.0,1.48,-0.09,10.2
104565,The VA also provides compensation,5,10,2.0,32.56,9.96,10.0,11.92,8.39,13.36
104566,We demonstrate the connection between,5,10,2.0,32.56,9.96,18.0,16.56,12.16,10.2
104567,A 1-h increase in,4,5,1.25,97.03,0.72,1.6,-4.35,-2.95,11.73
104568,Second,1,2,2.0,36.62,8.4,0.4,-10.6,7.33,0.05
104569,In this period,3,5,1.667,62.79,5.25,14.53,-2.47,-1.09,9.05
104570,We find that defaults are,5,6,1.2,100.24,0.52,2.0,2.64,0.85,7.04
104571,The general break-even: Net,4,8,2.0,33.58,9.57,11.6,8.7,8.83,7.78
104572,Tax Savings: One of the,5,6,1.2,100.24,0.52,2.0,-0.84,-1.03,0.25
104573,When you operate as a,5,7,1.4,83.32,2.88,10.0,-2.0,-2.92,7.04
104575,The break-even point depends,4,7,1.75,54.73,6.62,11.6,11.6,10.01,11.73
104576,When combined with an S,5,6,1.2,100.24,0.52,2.0,0.32,-1.03,10.2
104578,For a New Business,4,5,1.25,97.03,0.72,1.6,-1.45,-1.77,0.2
104579,In several states,3,4,1.333,90.99,1.31,1.2,3.33,3.62,0.15
104580,The DTSA and CUTSA both,5,5,1.0,117.16,-1.84,2.0,0.32,-1.03,10.2
104581,There is no single national,5,8,1.6,66.4,5.24,10.0,4.96,2.74,7.04
104582,Green (6+ years): Longer,4,5,1.25,97.03,0.72,1.6,1.45,5.3,15.68
104583,"A claim ""accrues"" when all",5,6,1.2,100.24,0.52,2.0,1.48,1.79,10.2
104584,A NDA needs precise language,5,7,1.4,83.32,2.88,2.0,6.12,3.68,13.36
104586,For example,2,4,2.0,35.61,8.79,20.8,-1.6,3.12,11.63
104587,Taken together,2,5,2.5,-6.69,14.69,0.8,7.1,10.18,0.1
104589,guidance,1,2,2.0,36.62,8.4,0.4,1.0,16.75,19.48
104590,Local AI memory,3,6,2.0,34.59,9.18,14.53,-0.53,0.48,19.58
104591,PUBLISHED ON: 30 Jul 2025,5,6,1.2,100.24,0.52,2.0,1.48,0.85,16.52
104592,"""Under the proposed amendment to",5,9,1.8,49.48,7.6,10.0,9.6,7.45,10.2
104593,In the end,3,3,1.0,119.19,-2.62,1.2,-10.2,-7.37,0.15
104594,2 6 %,2,2,1.0,120.21,-3.01,0.8,-24.8,-15.72,19.53
104595,If you have already published,5,8,1.6,66.4,5.24,2.0,7.28,4.62,7.04
104596,The timing of your registration,5,9,1.8,49.48,7.6,10.0,9.6,6.5,10.2
104597,Early Registration: If you register,5,11,2.2,15.64,12.32,18.0,13.08,10.27,10.2
104598,Wall-Street.Com,1,3,3.0,-47.98,20.2,40.4,30.0,49.72,19.48
104599,The Copyright Act has a,5,7,1.4,83.32,2.88,10.0,0.32,-1.03,7.04
104600,Under the “discovery rule,4,8,2.0,33.58,9.57,11.6,7.25,6.48,7.78
104601,On May 9,3,3,1.0,119.19,-2.62,1.2,-14.07,-10.51,9.05
104602,If your business has customers,5,8,1.6,66.4,5.24,10.0,8.44,5.56,7.04
104603,Each state law specifies which,5,7,1.4,83.32,2.88,10.0,8.44,5.56,7.04
104604,The HIPAA Breach Notification Rule,5,9,1.8,49.48,7.6,10.0,13.08,9.33,13.36
104605,For example,2,4,2.0,35.61,8.79,20.8,-1.6,3.12,11.63
104606,Time-Sensitive Notification: States have,4,12,3.0,-51.02,21.37,21.6,27.55,24.14,11.73
104607,As of January 1,4,7,1.75,54.73,6.62,1.6,-5.8,-5.3,7.78
104608,As of January 1,4,7,1.75,54.73,6.62,1.6,-5.8,-5.3,7.78
104609,Delaying the process can jeopardize,5,10,2.0,32.56,9.96,18.0,14.24,10.27,13.36
104610,What if I receive an RFE?,6,7,1.167,102.05,0.52,2.4,-2.37,-2.73,6.57
104612,Include objective evidence such as,5,10,2.0,32.56,9.96,18.0,13.08,9.33,13.36
104614,If you get a denial,5,7,1.4,83.32,2.88,10.0,-4.32,-4.8,7.04
104615,The appeal generally involves filing,5,11,2.2,15.64,12.32,10.0,15.4,11.21,16.52
104616,A single misstep in your,5,7,1.4,83.32,2.88,2.0,1.48,-0.09,7.04
104619,As per the USPTO,4,4,1.0,118.18,-2.23,1.6,-4.35,-4.12,11.73
104620,New AI assistance for marks,5,7,1.4,83.32,2.88,10.0,4.96,2.74,13.36
104622,Clarified Domicile Address Requirements,4,11,2.75,-29.87,18.42,31.6,29.0,22.96,15.68
104625,But do those pardons,4,5,1.25,97.03,0.72,1.6,1.45,0.59,7.78
104626,In December 2020,3,5,1.667,62.79,5.25,1.2,1.4,2.05,9.05
104629,We chose Northwest Registered Agent,5,9,1.8,49.48,7.6,10.0,14.24,10.27,13.36
104630,ZenBusiness offers reliable registered agent,5,14,2.8,-35.12,19.4,26.0,24.68,18.75,19.67
104631,The Business Identity bundle is,5,10,2.0,32.56,9.96,10.0,9.6,6.5,7.04
104632,Medical treatment plays a major,5,9,1.8,49.48,7.6,10.0,9.6,6.5,13.36
104636,More complex cases almost always,5,9,1.8,49.48,7.6,2.0,10.76,7.45,10.2
104637,Discovery alone can take several,5,10,2.0,32.56,9.96,10.0,10.76,7.45,7.04
104638,California law sets strict deadlines,5,9,1.8,49.48,7.6,10.0,15.4,11.21,16.52
104639,Shifting business dynamics are driving,5,10,2.0,32.56,9.96,10.0,17.72,13.1,13.36
104640,We anticipate seeing more commercial,5,11,2.2,15.64,12.32,18.0,15.4,11.21,10.2
104641,AI continues to be a,5,7,1.4,83.32,2.88,10.0,-3.16,-3.86,10.2
104642,Many aspects of AI tools,5,7,1.4,83.32,2.88,2.0,1.48,-0.09,13.36
104643,According to Laura,3,6,2.0,34.59,9.18,14.53,5.27,5.19,14.31
104644,Moreover,1,3,3.0,-47.98,20.2,40.4,1.0,16.75,19.48
104646,Avoiding Probate: Assets placed in,5,9,1.8,49.48,7.6,10.0,11.92,9.33,16.52
104648,In most cases,3,4,1.333,90.99,1.31,1.2,-4.4,-2.66,9.05
104649,You can make changes to,5,6,1.2,100.24,0.52,2.0,0.32,-1.03,7.04
104650,Most trusts can be irrevocable,5,9,1.8,49.48,7.6,10.0,8.44,5.56,10.2
104651,Flexible and amendable,3,8,2.667,-21.81,17.05,27.87,13.0,11.47,14.31
104652,The answer lies in something,5,7,1.4,83.32,2.88,2.0,6.12,3.68,7.04
104653,The statute of limitations on debt is the time debt,10,14,1.4,78.25,4.83,8.0,5.6,3.35,10.45
104654,Time-barred debt explained,3,4,1.333,90.99,1.31,1.2,18.8,17.75,19.58
104655,It's important to note that most states' statutes of limitations,10,16,1.6,61.33,7.19,8.0,11.98,9.48,7.29
104657,Depending on what type of,5,7,1.4,83.32,2.88,10.0,2.64,0.85,10.2
104658,12 Feb,2,5,2.5,-6.69,14.69,20.8,-16.1,-8.65,19.53
104659,Choosing not to pay a,5,6,1.2,100.24,0.52,2.0,-2.0,-2.92,7.04
104660,Can a debt still affect my credit even if it's,10,13,1.3,86.71,3.65,4.0,2.12,1.0,8.87
104661,Starting in 2026 and beyond,5,7,1.4,83.32,2.88,2.0,4.96,2.74,13.36
104662,Effective April 22,3,6,2.0,34.59,9.18,14.53,5.27,5.19,14.31
104664,The policy statement comes as,5,8,1.6,66.4,5.24,10.0,7.28,4.62,13.36
104665,Consent is no longer enough,5,8,1.6,66.4,5.24,2.0,4.96,2.74,10.2
104666,The final amendments also modify,5,11,2.2,15.64,12.32,18.0,10.76,7.45,13.36
104667,First,1,1,1.0,121.22,-3.4,0.4,-16.4,2.62,0.05
104668,The Rule prohibits operators from,5,10,2.0,32.56,9.96,18.0,11.92,8.39,10.2
104669,If there's any chance children,5,7,1.4,83.32,2.88,2.0,7.28,5.56,7.04
104670,The Federal Trade Commission has,5,9,1.8,49.48,7.6,18.0,10.76,7.45,10.2
104671,Data Retention: Not retain the,5,9,1.8,49.48,7.6,10.0,7.28,5.56,13.36
104672,A written information security program,5,13,2.6,-18.2,17.04,18.0,17.72,13.1,13.36
104673,Companies must put a written,5,8,1.6,66.4,5.24,10.0,6.12,3.68,7.04
104674,More limited data retention: The,5,10,2.0,32.56,9.96,18.0,9.6,7.45,13.36
104676,Know whether COPPA applies to,5,8,1.6,66.4,5.24,2.0,7.28,4.62,13.36
104677,Abstract,1,2,2.0,36.62,8.4,0.4,1.0,16.75,19.48
104678,At low to moderate levels,5,8,1.6,66.4,5.24,10.0,2.64,0.85,10.2
104679,In the case of competitive,5,8,1.6,66.4,5.24,10.0,3.8,1.79,7.04
104680,Without the threat of liability,5,10,2.0,32.56,9.96,10.0,9.6,6.5,10.2
104681,similar behavior in the future.,5,10,2.0,32.56,9.96,18.0,8.44,6.5,13.36
104682,A “living will” has absolutely,5,9,1.8,49.48,7.6,10.0,6.12,5.56,7.04
104683,Written by: Rebecca Rosefelt,4,8,2.0,33.58,9.57,11.6,11.6,10.01,11.73
104684,It details specific medical interventions,5,13,2.6,-18.2,17.04,26.0,21.2,15.92,16.52
104685,Creating advance directives,3,8,2.667,-21.81,17.05,27.87,22.67,19.32,19.58
104686,Advance directive is the general,5,10,2.0,32.56,9.96,10.0,10.76,7.45,10.2
104687,Your living will can contain,5,7,1.4,83.32,2.88,2.0,6.12,3.68,7.04
104688,Depending on state law,4,6,1.5,75.88,3.67,11.6,4.35,2.94,7.78
104689,A living will is an,5,6,1.2,100.24,0.52,2.0,-4.32,-4.8,0.25
104690,It's important to choose someone,5,8,1.6,66.4,5.24,2.0,9.6,7.45,0.25
104691,If forming your own living,5,7,1.4,83.32,2.88,2.0,3.8,1.79,7.04
104692,“After you have filled in,5,6,1.2,100.24,0.52,2.0,1.48,0.85,7.04
104693,"""Even though the Personal Directive",5,10,2.0,32.56,9.96,18.0,13.08,10.27,10.2
104694,The CPRA can be thought,5,5,1.0,117.16,-1.84,2.0,0.32,-1.03,7.04
104696,The CPRA increases the legal,5,8,1.6,66.4,5.24,10.0,6.12,3.68,13.36
104697,In this section,3,4,1.333,90.99,1.31,1.2,-0.53,0.48,9.05
104698,The laws of intestacy establish,5,9,1.8,49.48,7.6,18.0,9.6,6.5,13.36
104699,Here are the candidates who,5,7,1.4,83.32,2.88,10.0,4.96,2.74,7.04
104701,Children,1,2,2.0,36.62,8.4,0.4,1.0,16.75,0.05
104702,If you have a spouse but no children,8,9,1.125,103.54,0.8,3.2,1.53,-0.36,6.01
104703,Grandchildren: The children of a,5,8,1.6,66.4,5.24,2.0,9.6,7.45,0.25
104704,Surviving Relatives and Their Rights,5,9,1.8,49.48,7.6,18.0,15.4,11.21,13.36
104705,Let's keep going.,3,4,1.333,90.99,1.31,1.2,-0.53,3.62,0.15
104706,If the decedent has neither,5,8,1.6,66.4,5.24,10.0,4.96,2.74,7.04
104708,Extended Family: Grandchildren and Other,5,12,2.4,-1.28,14.68,10.0,18.88,14.98,7.04
104709,But grandparents rarely survive their,5,9,1.8,49.48,7.6,10.0,16.56,12.16,13.36
104710,In some states,3,3,1.0,119.19,-2.62,1.2,-2.47,-1.09,0.15
104713,This adjustment is the same,5,7,1.4,83.32,2.88,10.0,4.96,2.74,7.04
104714,When you receive approval for,5,8,1.6,66.4,5.24,10.0,7.28,4.62,7.04
104715,Despite the wait,3,4,1.333,90.99,1.31,1.2,1.4,2.05,9.05
104716,In 2026,2,2,1.0,120.21,-3.01,0.8,-13.2,-6.3,11.63
104717,Compared to other kinds of,5,7,1.4,83.32,2.88,2.0,3.8,1.79,10.2
104718,A significant drawback of relying,5,11,2.2,15.64,12.32,18.0,11.92,8.39,13.36
104719,Your long-term disability LTD,4,11,2.75,-29.87,18.42,21.6,13.05,11.18,15.68
104720,Miranda Rights are the constitutional,5,11,2.2,15.64,12.32,18.0,16.56,12.16,13.36
104721,In Miranda v. Arizona,4,9,2.25,12.43,12.52,21.6,1.45,1.77,15.68
104722,Arizona,1,4,4.0,-132.58,32.0,40.4,-4.8,12.04,19.48
104724,Anything you say can be,5,7,1.4,83.32,2.88,2.0,0.32,-1.03,0.25
104726,The Supreme Court also established,5,9,1.8,49.48,7.6,10.0,13.08,9.33,10.2
104727,The police may not read,5,6,1.2,100.24,0.52,2.0,0.32,-1.03,0.25
104728,To invoke your Miranda rights,5,8,1.6,66.4,5.24,10.0,7.28,4.62,13.36
104729,Clearly State That You Are,5,6,1.2,100.24,0.52,2.0,3.8,1.79,7.04
104730,Once you invoke your right,5,6,1.2,100.24,0.52,2.0,3.8,1.79,7.04
104731,When police question someone in,5,8,1.6,66.4,5.24,2.0,9.6,6.5,0.25
104732,A Miranda violation does not affect the admissibility of other,10,22,2.2,10.56,14.27,16.0,11.98,8.53,10.45
104733,This includes disabling unauthorized access,5,13,2.6,-18.2,17.04,18.0,23.52,17.81,16.52
104734,An organisation's data controller,4,10,2.5,-8.72,15.47,21.6,18.85,15.9,15.68
104735,Anticipate questions that people will,5,10,2.0,32.56,9.96,10.0,16.56,12.16,10.2
104736,After a data breach,4,6,1.5,75.88,3.67,1.6,0.0,-0.59,11.73
104737,Truth-out246810,1,1,1.0,121.22,-3.4,0.4,35.8,49.72,19.48
104738,DRESS CODE: Wear layers because,5,7,1.4,83.32,2.88,2.0,8.44,6.5,10.2
104739,After that the case will,5,6,1.2,100.24,0.52,2.0,1.48,-0.09,0.25
104740,Cell coverage in the courthouse,5,8,1.6,66.4,5.24,10.0,9.6,6.5,10.2
104741,After you're sworn in,4,5,1.25,97.03,0.72,1.6,1.45,1.77,7.78
104742,It is critical that you,5,7,1.4,83.32,2.88,10.0,0.32,-1.03,7.04
104743,If you do get picked,5,5,1.0,117.16,-1.84,2.0,-3.16,-3.86,7.04
104744,Mediation services,2,7,3.5,-91.29,26.49,40.8,18.7,19.6,19.53
104745,There are rental assistance programs,5,9,1.8,49.48,7.6,10.0,15.4,11.21,13.36
104746,Offer “Cash for Keys”,4,5,1.25,97.03,0.72,1.6,0.0,1.77,7.78
104747,If a tenant wants to,5,6,1.2,100.24,0.52,2.0,-3.16,-3.86,10.2
104748,You can also set it,5,6,1.2,100.24,0.52,2.0,-4.32,-4.8,0.25
104749,Once assets are transferred into,5,8,1.6,66.4,5.24,2.0,10.76,7.45,10.2
104750,When you move assets into,5,7,1.4,83.32,2.88,2.0,2.64,0.85,7.04
104751,Additionally,1,5,5.0,-217.18,43.8,40.4,24.2,35.59,19.48
104752,If you have a child,5,5,1.0,117.16,-1.84,2.0,-4.32,-4.8,0.25
104753,Spendthrift trusts limit a beneficiary's,5,12,2.4,-1.28,14.68,10.0,18.88,14.98,16.52
104754,Irrevocable life insurance trust (ILIT,5,11,2.2,15.64,12.32,18.0,16.56,13.1,13.36
104755,Trustees: Unlike a revocable trust,5,10,2.0,32.56,9.96,10.0,11.92,9.33,13.36
104756,It may sound like the,5,5,1.0,117.16,-1.84,2.0,-2.0,-2.92,0.25
104757,If divorce law reflects the,5,7,1.4,83.32,2.88,2.0,4.96,2.74,10.2
104758,Understanding what lies ahead in,5,9,1.8,49.48,7.6,10.0,10.76,7.45,10.2
104759,Intelligent software can now scan,5,9,1.8,49.48,7.6,10.0,11.92,8.39,13.36
104761,Courts and practitioners are increasingly,5,11,2.2,15.64,12.32,18.0,21.2,15.92,13.36
104762,Key features include:,3,5,1.667,62.79,5.25,1.2,9.13,9.9,14.31
104763,Judges are paying closer attention,5,10,2.0,32.56,9.96,2.0,13.08,9.33,13.36
104764,A related story is gray,5,8,1.6,66.4,5.24,10.0,0.32,-1.03,7.04
104767,Only eight states plus the,5,6,1.2,100.24,0.52,2.0,3.8,1.79,7.04
104769,New Hampshire recognizes domestic common,5,12,2.4,-1.28,14.68,18.0,20.04,14.98,16.52
104770,Many states have abolished common,5,9,1.8,49.48,7.6,10.0,11.92,8.39,10.2
104771,The final requirement for a,5,8,1.6,66.4,5.24,10.0,4.96,2.74,10.2
104772,For couples in states without,5,7,1.4,83.32,2.88,2.0,7.28,4.62,7.04
104773,Common law marriage creates more,5,8,1.6,66.4,5.24,2.0,10.76,7.45,10.2
104774,In many cases,3,5,1.667,62.79,5.25,1.2,-4.4,-2.66,9.05
104776,Another layer of evidence for,5,10,2.0,32.56,9.96,10.0,7.28,4.62,10.2
104777,Many people unknowingly harm their,5,10,2.0,32.56,9.96,10.0,13.08,9.33,7.04
104778,During that time,3,4,1.333,90.99,1.31,1.2,1.4,2.05,0.15
104779,Consistency: Records that consistently reflect,5,13,2.6,-18.2,17.04,18.0,25.84,20.63,16.52
104780,Reconsideration,1,6,6.0,-301.78,55.6,40.4,41.6,49.72,19.48
104781,One of the most important,5,7,1.4,83.32,2.88,2.0,2.64,0.85,0.25
104783,The Administrative Simplification provisions of,5,15,3.0,-52.04,21.76,26.0,28.16,21.58,13.36
104784,Use secure messaging,3,6,2.0,34.59,9.18,14.53,9.13,8.33,14.31
104786,Limit system access to authorized,5,10,2.0,32.56,9.96,10.0,11.92,8.39,16.52
104787,Ambiguous language risks either being,5,11,2.2,15.64,12.32,10.0,16.56,12.16,10.2
104788,Increasingly,1,4,4.0,-132.58,32.0,40.4,24.2,35.59,19.48
104790,Push back on familiar “try,5,7,1.4,83.32,2.88,10.0,2.64,1.79,7.04
104791,The central issue for the,5,7,1.4,83.32,2.88,2.0,2.64,0.85,10.2
104792,Gross negligence or willful misconduct,5,10,2.0,32.56,9.96,18.0,17.72,13.1,16.52
104793,It is unlawful to exclude,5,8,1.6,66.4,5.24,10.0,2.64,0.85,10.2
104794,Liability Cap (non-consumer transactions,4,12,3.0,-51.02,21.37,31.6,27.55,24.14,15.68
104795,This clause ensures certain obligations,5,10,2.0,32.56,9.96,10.0,18.88,14.04,13.36
104796,At the top of the,5,5,1.0,117.16,-1.84,2.0,-6.64,-6.68,0.25
104797,Prior to Patel,3,5,1.667,62.79,5.25,1.2,-2.47,-1.09,14.31
104798,Moreover,1,3,3.0,-47.98,20.2,40.4,1.0,16.75,19.48
104800,The uncertainty of the future,5,9,1.8,49.48,7.6,10.0,7.28,4.62,10.2
104801,If your partner contests aspects,5,8,1.6,66.4,5.24,2.0,10.76,7.45,10.2
104802,A study out of the,5,6,1.2,100.24,0.52,2.0,-5.48,-5.74,0.25
104803,Due to a weakened immune,5,7,1.4,83.32,2.88,2.0,1.48,-0.09,10.2
104804,Women tend to have a,5,6,1.2,100.24,0.52,2.0,-3.16,-3.86,7.04
104805,The American Academy of Child,5,11,2.2,15.64,12.32,10.0,7.28,4.62,7.04
104806,The data backs this up,5,6,1.2,100.24,0.52,2.0,-0.84,-1.97,10.2
104807,In a changing environment in,5,9,1.8,49.48,7.6,10.0,6.12,3.68,10.2
104808,The latest development is the,5,9,1.8,49.48,7.6,10.0,7.28,4.62,10.2
104809,Future stakes settlements,3,6,2.0,34.59,9.18,14.53,18.8,16.18,19.58
104810,The registered agent files the,5,8,1.6,66.4,5.24,10.0,8.44,5.56,13.36
104811,These must be completed before,5,8,1.6,66.4,5.24,10.0,8.44,5.56,7.04
104812,To create an S corp,5,6,1.2,100.24,0.52,2.0,-4.32,-4.8,13.36
104813,The state you choose for,5,5,1.0,117.16,-1.84,2.0,1.48,-0.09,0.25
104814,A corporation typically incorporates in,5,13,2.6,-18.2,17.04,26.0,18.88,14.04,13.36
104815,Choose a business name.,4,5,1.25,97.03,0.72,1.6,4.35,4.12,0.2
104816,These documents are generally filed,5,10,2.0,32.56,9.96,18.0,14.24,10.27,13.36
104817,In states where a registered,5,7,1.4,83.32,2.88,10.0,6.12,3.68,7.04
104818,The articles of incorporation — or,5,11,2.2,15.64,12.32,18.0,10.76,3.83,10.2
104819,What entities are required to,5,9,1.8,49.48,7.6,18.0,7.28,4.62,10.2
104821,This includes mail sent by,5,6,1.2,100.24,0.52,2.0,3.8,1.79,7.04
104822,It's where bylaws are adopted,5,8,1.6,66.4,5.24,10.0,6.12,4.62,10.2
104823,During this meeting,3,5,1.667,62.79,5.25,1.2,7.2,6.76,0.15
104824,Bylaws are the governing document,5,10,2.0,32.56,9.96,18.0,11.92,8.39,13.36
104825,The decision can have tax,5,7,1.4,83.32,2.88,10.0,2.64,0.85,7.04
104826,Only_Ear_5881,1,1,1.0,121.22,-3.4,0.4,30.0,40.3,19.48
104827,With a Green Card,4,4,1.0,118.18,-2.23,1.6,-2.9,-2.95,0.2
104828,The U.S. Citizenship and Immigration,5,11,2.2,15.64,12.32,18.0,13.08,11.21,10.2
104829,Highly sought-after green cards,4,5,1.25,97.03,0.72,1.6,15.95,13.54,15.68
104830,Lower Tuition Costs for Higher,5,9,1.8,49.48,7.6,10.0,8.44,5.56,16.52
104831,State borders are no limitation,5,9,1.8,49.48,7.6,10.0,9.6,6.5,10.2
104832,Green card holders can petition,5,8,1.6,66.4,5.24,10.0,9.6,6.5,10.2
104833,One of the biggest benefits,5,8,1.6,66.4,5.24,10.0,4.96,2.74,10.2
104834,Responsibilities of Having a Green,5,11,2.2,15.64,12.32,10.0,13.08,9.33,7.04
104835,For example,2,4,2.0,35.61,8.79,20.8,-1.6,3.12,11.63
104836,Risk of Losing Status: Extended,5,9,1.8,49.48,7.6,10.0,8.44,6.5,16.52
104837,Divorce Eligibility Under State Law,5,12,2.4,-1.28,14.68,10.0,14.24,10.27,10.2
104838,Most states have specific laws,5,7,1.4,83.32,2.88,10.0,8.44,5.56,10.2
104839,Comprehending how long a Tennessee,5,10,2.0,32.56,9.96,18.0,13.08,9.33,10.2
104840,Possession and access (contempt) –,4,8,2.0,33.58,9.57,11.6,15.95,8.83,15.68
104841,Tenants' rights in New York,5,6,1.2,100.24,0.52,2.0,3.8,2.74,13.36
104843,Landlords cannot legally enforce any,5,11,2.2,15.64,12.32,10.0,15.4,11.21,13.36
104844,Tenant organization meetings are required,5,13,2.6,-18.2,17.04,18.0,21.2,15.92,16.52
104845,In 2017 the City announced,5,7,1.4,83.32,2.88,2.0,3.8,1.79,10.2
104846,discriminatory listing are prohibited listings,5,15,3.0,-52.04,21.76,18.0,27.0,20.63,16.52
104847,Not only do you need,5,6,1.2,100.24,0.52,2.0,-3.16,-3.86,0.25
104849,Registration establishes prima facie evidence,5,15,3.0,-52.04,21.76,26.0,25.84,19.69,19.67
104850,Which if you don't,4,4,1.0,118.18,-2.23,1.6,-2.9,-1.77,0.2
104851,Furthermore,1,3,3.0,-47.98,20.2,40.4,18.4,30.88,19.48
104852,Conversely,1,3,3.0,-47.98,20.2,40.4,12.6,26.17,19.48
104853,The practice of sending a,5,7,1.4,83.32,2.88,2.0,2.64,0.85,10.2
104854,There can be no doubt,5,5,1.0,117.16,-1.84,2.0,-2.0,-2.92,7.04
104855,Copyright itself is automatic,4,10,2.5,-8.72,15.47,21.6,14.5,11.18,11.73
104856,A plaintiff must file an,5,6,1.2,100.24,0.52,2.0,1.48,-0.09,7.04
104857,While protections for FMLA retaliation,5,11,2.2,15.64,12.32,18.0,17.72,13.1,13.36
104859,An employee has 2 years,5,7,1.4,83.32,2.88,10.0,0.32,-1.03,13.36
104860,McLaughlin v.,2,4,2.0,35.61,8.79,20.8,1.3,7.83,19.53
104861,Moving early lets you secure,5,8,1.6,66.4,5.24,2.0,6.12,3.68,10.2
104862,Covered Employers,2,5,2.5,-6.69,14.69,20.8,15.8,17.25,19.53
104865,The application date for an,5,8,1.6,66.4,5.24,10.0,4.96,2.74,7.04
104866,You cannot sponsor siblings.,4,7,1.75,54.73,6.62,1.6,11.6,10.01,11.73
104867,Abandonment cases are increasingly scrutinized,5,14,2.8,-35.12,19.4,26.0,27.0,20.63,16.52
104869,Addressing future immigration questions.,4,11,2.75,-29.87,18.42,21.6,29.0,24.14,19.62
104870,Chapter 7 bankruptcy is one,5,8,1.6,66.4,5.24,10.0,4.96,2.74,13.36
104871,For instance,2,3,1.5,77.91,2.89,0.8,1.3,5.48,11.63
104872,Credit counseling: You must complete,5,9,1.8,49.48,7.6,10.0,14.24,11.21,13.36
104873,Additional Steps: Pre-Bankruptcy and,4,10,2.5,-8.72,15.47,21.6,21.75,19.43,15.68
104874,(3) In addition to the,5,7,1.4,83.32,2.88,10.0,-3.16,-1.97,10.2
104875,You must attend this meeting,5,7,1.4,83.32,2.88,2.0,6.12,3.68,0.25
104876,Credit counseling: You must complete two courses—a financial education,9,18,2.0,28.5,11.52,16.93,19.58,15.52,14.61
104877,A Chapter 7 case will remain open longer if the,10,14,1.4,78.25,4.83,4.0,3.28,1.47,8.87
104878,If you feel confident in,5,7,1.4,83.32,2.88,10.0,1.48,-0.09,7.04
104879,The historical development of medical,5,13,2.6,-18.2,17.04,26.0,16.56,12.16,13.36
104880,Writings on medical responsibility can,5,13,2.6,-18.2,17.04,18.0,17.72,13.1,13.36
104881,If a doctor has performed a serious operation with the,10,17,1.7,52.87,8.37,12.0,7.34,4.77,8.87
104882,Legal responsibility for medical malpractice,5,15,3.0,-52.04,21.76,26.0,24.68,18.75,16.52
104883,While primarily an ethical standard,5,11,2.2,15.64,12.32,18.0,14.24,10.27,13.36
104884,After the Norman conquest of,5,8,1.6,66.4,5.24,2.0,6.12,3.68,10.2
104885,Derived from English common law,5,8,1.6,66.4,5.24,2.0,9.6,6.5,10.2
104886,The modern word “malpractice” is,5,8,1.6,66.4,5.24,10.0,8.44,7.45,10.2
104887,In the United States,4,6,1.5,75.88,3.67,1.6,1.45,0.59,0.2
104889,Under Pennsylvania Law,3,7,2.333,6.39,13.11,14.53,13.0,11.47,9.05
104890,How to Request Repairs: Your,5,7,1.4,83.32,2.88,2.0,4.96,3.68,10.2
104891,Send a letter to your,5,6,1.2,100.24,0.52,2.0,-2.0,-2.92,0.25
104893,This may include photographs,4,7,1.75,54.73,6.62,11.6,13.05,10.01,11.73
104894,Many US housing authorities now,5,10,2.0,32.56,9.96,10.0,9.6,6.5,10.2
104895,After a tenant files a,5,7,1.4,83.32,2.88,2.0,-0.84,-1.97,10.2
104896,You can probably use small,5,7,1.4,83.32,2.88,10.0,3.8,1.79,7.04
104900,CPD's new search warrant policy,5,9,1.8,49.48,7.6,10.0,8.44,6.5,13.36
104901,In addition,2,4,2.0,35.61,8.79,20.8,-1.6,3.12,11.63
104902,“This is not anti-law,4,6,1.5,75.88,3.67,11.6,0.0,1.77,7.78
104903,Unless it is an emergency,5,9,1.8,49.48,7.6,10.0,2.64,0.85,7.04
104904,Here's the trick: while the,5,5,1.0,117.16,-1.84,2.0,2.64,2.74,0.25
104905,FISA Section 702 Backdoor Searches,5,8,1.6,66.4,5.24,2.0,13.08,9.33,19.67
104906,The Fourth Amendment requires the,5,9,1.8,49.48,7.6,18.0,11.92,8.39,10.2
104907,Under the traditional third-party,4,9,2.25,12.43,12.52,11.6,18.85,15.9,11.73
104908,A stronger warrant requirement would,5,9,1.8,49.48,7.6,10.0,15.4,11.21,13.36
104909,This includes keeping track of,5,7,1.4,83.32,2.88,2.0,8.44,5.56,10.2
104910,An executor must avoid conflicts,5,10,2.0,32.56,9.96,10.0,10.76,7.45,13.36
104911,Don't use estate funds,4,5,1.25,97.03,0.72,1.6,2.9,2.94,11.73
104912,Filing the initial petition,4,9,2.25,12.43,12.52,21.6,11.6,8.83,15.68
104913,Regular communication with the beneficiaries,5,16,3.2,-68.96,24.12,26.0,24.68,18.75,13.36
104914,Cost,1,1,1.0,121.22,-3.4,0.4,-22.2,-2.09,0.05
104915,Inventory and appraise the estate's,5,10,2.0,32.56,9.96,10.0,13.08,10.27,13.36
104916,These VA benefits have different,5,9,1.8,49.48,7.6,10.0,10.76,7.45,10.2
104917,Your level of disability (your,5,10,2.0,32.56,9.96,10.0,7.28,5.56,7.04
104918,To be eligible for Concurrent,5,10,2.0,32.56,9.96,18.0,7.28,4.62,10.2
104919,But how do VA disability,5,9,1.8,49.48,7.6,10.0,1.48,-0.09,10.2
104920,A veteran can qualify for,5,9,1.8,49.48,7.6,18.0,2.64,0.85,10.2
104922,S-Corp tax election results,4,7,1.75,54.73,6.62,11.6,10.15,8.83,15.68
104923,S-Corp election is generally,4,9,2.25,12.43,12.52,21.6,11.6,10.01,15.68
104925,The “Reasonable Salary” Rule,4,9,2.25,12.43,12.52,21.6,10.15,10.01,11.73
104926,Form 1120‑S can be,4,4,1.0,118.18,-2.23,1.6,-2.9,-1.77,7.78
104927,Inside an S‑corp everything,4,7,1.75,54.73,6.62,1.6,10.15,8.83,7.78
104929,To qualify for this election,5,9,1.8,49.48,7.6,18.0,6.12,3.68,10.2
104930,Non-allowable shareholders include partnerships,4,12,3.0,-51.02,21.37,31.6,39.15,32.38,19.62
104932,Learn more: Home Office Deduction,5,8,1.6,66.4,5.24,10.0,10.76,8.39,7.04
104933,A Step-by-Step Guide,3,3,1.0,119.19,-2.62,1.2,5.27,8.33,9.05
104934,There are no magic words,5,6,1.2,100.24,0.52,2.0,1.48,-0.09,7.04
104935,Remember to document everything as,5,11,2.2,15.64,12.32,10.0,13.08,9.33,7.04
104936,Once an accommodation is chosen,5,10,2.0,32.56,9.96,10.0,9.6,6.5,7.04
104937,Meanwhile,1,2,2.0,36.62,8.4,0.4,6.8,21.46,19.48
104938,The reasonable accommodation process should,5,13,2.6,-18.2,17.04,18.0,23.52,17.81,13.36
104939,Modifying the work environment: Providing,5,13,2.6,-18.2,17.04,26.0,20.04,15.92,13.36
104941,What to Do: Select an,5,6,1.2,100.24,0.52,2.0,-3.16,-2.92,0.25
104942,Document: This is your most,5,7,1.4,83.32,2.88,10.0,3.8,2.74,7.04
104943,A slip-and-fall case,3,4,1.333,90.99,1.31,1.2,5.27,8.33,9.05
104944,Step One: Was There an,5,5,1.0,117.16,-1.84,2.0,-2.0,-1.97,0.25
104948,Duty of care: The defendant,5,8,1.6,66.4,5.24,10.0,3.8,2.74,7.04
104950,Causation: You must establish a,5,9,1.8,49.48,7.6,18.0,8.44,6.5,10.2
104951,You must establish that the,5,7,1.4,83.32,2.88,10.0,4.96,2.74,7.04
104954,Most slip and fall cases,5,6,1.2,100.24,0.52,2.0,1.48,-0.09,7.04
104955,In most U.S. states,4,4,1.0,118.18,-2.23,1.6,-2.9,-0.59,0.2
104956,Be cautious about what you,5,7,1.4,83.32,2.88,2.0,3.8,1.79,7.04
104957,The rule goes into effect,5,7,1.4,83.32,2.88,2.0,2.64,0.85,7.04
104960,It is likely that this,5,6,1.2,100.24,0.52,2.0,-0.84,-1.97,0.25
104961,Well-drafted patents and claims,4,6,1.5,75.88,3.67,1.6,15.95,13.54,15.68
104962,You should use the Manual,5,7,1.4,83.32,2.88,10.0,2.64,0.85,7.04
104963,Wait for a Response,4,5,1.25,97.03,0.72,1.6,0.0,-0.59,7.78
104964,Touted as “America's competitive edge,5,12,2.4,-1.28,14.68,18.0,14.24,12.16,13.36
104965,Assets in trust: If money,5,7,1.4,83.32,2.88,2.0,1.48,0.85,7.04
104966,A certain type of property,5,8,1.6,66.4,5.24,10.0,3.8,1.79,10.2
104969,The laws of each state,5,5,1.0,117.16,-1.84,2.0,-0.84,-1.97,7.04
104970,Wrongful termination occurs when an,5,10,2.0,32.56,9.96,10.0,14.24,10.27,13.36
104971,What Is Wrongful Termination?,4,8,2.0,33.58,9.57,11.6,13.05,11.18,11.73
104972,Conversely,1,3,3.0,-47.98,20.2,40.4,12.6,26.17,19.48
104974,Discrimination – Firing an employee because,5,13,2.6,-18.2,17.04,18.0,21.2,10.9,10.2
104979,In some cases,3,4,1.333,90.99,1.31,1.2,-4.4,-2.66,9.05
104980,The available remedies in California,5,13,2.6,-18.2,17.04,26.0,15.4,11.21,13.36
104981,If you believe you were fired for reporting misconduct,9,15,1.667,56.7,7.59,12.49,10.56,7.14,9.35
104982,Submitting an application: When can,5,10,2.0,32.56,9.96,18.0,13.08,10.27,10.2
104984,H-1B visa steps,3,4,1.333,90.99,1.31,1.2,-2.47,0.48,19.58
104986,Employer creates a myUSCIS account,5,11,2.2,15.64,12.32,18.0,13.08,9.33,13.36
104987,Before entering the United States,5,10,2.0,32.56,9.96,10.0,11.92,8.39,7.04
104989,In addition to an application,5,10,2.0,32.56,9.96,18.0,7.28,4.62,10.2
104990,Applications open on 1 April,5,10,2.0,32.56,9.96,10.0,6.12,3.68,10.2
104991,Jobs with Non-profit institutions,4,9,2.25,12.43,12.52,21.6,18.85,15.9,15.68
104992,These initiatives collectively represent the,5,13,2.6,-18.2,17.04,26.0,24.68,18.75,13.36
104993,On September 24,3,5,1.667,62.79,5.25,1.2,-0.53,0.48,9.05
104994,For the FY 2027 cap,5,5,1.0,117.16,-1.84,2.0,-4.32,-4.8,10.2
104995,Instead,1,2,2.0,36.62,8.4,0.4,-4.8,12.04,0.05
104996,Wage Level I (entry level,5,8,1.6,66.4,5.24,2.0,1.48,0.85,10.2
104997,Wage Level I (entry level,5,8,1.6,66.4,5.24,2.0,1.48,0.85,10.2
104998,In September 2025,3,5,1.667,62.79,5.25,1.2,3.33,3.62,9.05
104999,On September 19,3,5,1.667,62.79,5.25,1.2,-0.53,0.48,9.05
105000,“Weighted lotteries and $100,4,7,1.75,54.73,6.62,11.6,10.15,10.01,15.68
105001,Job descriptions that do not,5,7,1.4,83.32,2.88,10.0,6.12,3.68,7.04
105002,Every insurance company will tell,5,11,2.2,15.64,12.32,10.0,11.92,8.39,7.04
105003,It's a contract that ends,5,6,1.2,100.24,0.52,2.0,1.48,0.85,10.2
105004,Once it's signed,3,3,1.0,119.19,-2.62,1.2,-0.53,2.05,9.05
105005,You fully understand and acknowledge,5,10,2.0,32.56,9.96,10.0,15.4,11.21,7.04
105006,If your doctor later restricts,5,8,1.6,66.4,5.24,2.0,8.44,5.56,10.2
105007,For example,2,4,2.0,35.61,8.79,20.8,-1.6,3.12,11.63
105008,Waivers of ADEA claims in,5,7,1.4,83.32,2.88,2.0,2.64,0.85,13.36
105009,Changes in wealth or income,5,7,1.4,83.32,2.88,2.0,4.96,2.74,7.04
105010,For entrepreneurs and business owners,5,10,2.0,32.56,9.96,10.0,16.56,12.16,10.2
105011,A postnuptial agreement helps establish,5,11,2.2,15.64,12.32,26.0,18.88,14.04,16.52
105012,Second marriages and blended families,5,11,2.2,15.64,12.32,18.0,16.56,12.16,13.36
105013,Because spouses owe each other,5,8,1.6,66.4,5.24,2.0,8.44,5.56,7.04
105015,While postnups can cover many,5,8,1.6,66.4,5.24,2.0,7.28,4.62,7.04
105017,Concurrent Filing,2,5,2.5,-6.69,14.69,20.8,15.8,17.25,19.53
105018,How to get a Green Card from outside the U.S.,10,11,1.1,103.62,1.29,4.0,0.96,0.53,0.5
105022,The legal complexity extends beyond,5,11,2.2,15.64,12.32,10.0,14.24,10.27,16.52
105023,Visa Overstays: Remaining in the,5,9,1.8,49.48,7.6,10.0,9.6,7.45,13.36
105024,Immigration Fraud: Misrepresentation or fraud,5,13,2.6,-18.2,17.04,18.0,24.68,19.69,16.52
105025,Many people miss their chance,5,7,1.4,83.32,2.88,2.0,7.28,4.62,0.25
105026,If you are being taken,5,7,1.4,83.32,2.88,2.0,-0.84,-1.97,0.25
105027,You have the right to a hearing before a judge,10,12,1.2,95.17,2.47,4.0,2.7,1.0,0.5
105029,While immigration defense requires significant,5,14,2.8,-35.12,19.4,26.0,27.0,20.63,13.36
105030,✓ SSDI Calculations Are Individual,4,11,2.75,-29.87,18.42,21.6,18.85,8.83,15.68
105031,NOTE: The 7.65 percent tax,5,6,1.2,102.78,-0.46,1.0,-4.44,0.54,10.08
105032,Also,1,2,2.0,36.62,8.4,0.4,-22.2,-2.09,0.05
105034,For those who are still,5,5,1.0,117.16,-1.84,2.0,0.32,-1.03,0.25
105035,The SSDI payment chart shows,5,6,1.2,100.24,0.52,2.0,6.12,3.68,10.2
105036,Individuals who receive SSDI benefits,5,12,2.4,-1.28,14.68,18.0,16.56,12.16,13.36
105039,Individual SSI benefits increase from,5,12,2.4,-1.28,14.68,18.0,16.56,12.16,16.52
105041,Thresholds Shown In The 2026,5,6,1.2,100.24,0.52,2.0,6.12,3.68,13.36
105042,You must be unable to,5,7,1.4,83.32,2.88,10.0,-2.0,-2.92,7.04
105043,The cap is higher for,5,6,1.2,100.24,0.52,2.0,-2.0,-2.92,7.04
105044,According to the 2026 disability,5,11,2.2,15.64,12.32,18.0,10.76,7.45,13.36
105045,The SSI monthly benefits chart includes the monthly and annual,10,17,1.7,52.87,8.37,12.0,11.98,8.53,13.61
105046,If this connection is proven,5,8,1.6,66.4,5.24,10.0,6.12,3.68,10.2
105047,In order to qualify for,5,8,1.6,66.4,5.24,10.0,0.32,-1.03,7.04
105048,The main difference between veterans,5,10,2.0,32.56,9.96,10.0,15.4,11.21,10.2
105049,Fortunately,1,4,4.0,-132.58,32.0,40.4,18.4,30.88,19.48
105051,There are very restrictive limitations,5,11,2.2,15.64,12.32,18.0,17.72,13.1,10.2
105053,Receiving payments from private disability,5,13,2.6,-18.2,17.04,18.0,22.36,16.87,16.52
105054,Not all disabled veterans fall,5,9,1.8,49.48,7.6,18.0,8.44,5.56,10.2
105055,Unemployability: If a person is,5,11,2.2,15.64,12.32,10.0,8.44,6.5,7.04
105056,For veterans,2,4,2.0,35.61,8.79,20.8,1.3,5.48,11.63
105057,The worker can start their,5,6,1.2,100.24,0.52,2.0,3.8,1.79,0.25
105058,One of the H-1B's,4,4,1.0,118.18,-2.23,1.6,-5.8,-2.95,7.78
105059,H-1B workers are well,4,5,1.25,97.03,0.72,1.6,1.45,1.77,11.73
105060,Those who qualify can work,5,7,1.4,83.32,2.88,10.0,3.8,1.79,7.04
105061,This is typically better pay,5,8,1.6,66.4,5.24,10.0,6.12,3.68,7.04
105062,The H-1B visa can,4,5,1.25,97.03,0.72,1.6,-4.35,-2.95,11.73
105063,An H-1B approval is,4,6,1.5,75.88,3.67,11.6,-1.45,-0.59,11.73
105066,It also means that you,5,6,1.2,100.24,0.52,2.0,-0.84,-1.97,0.25
105067,The commission rate in New,5,7,1.4,83.32,2.88,10.0,3.8,1.79,7.04
105068,Kim Stogner: You do not,5,6,1.2,100.24,0.52,2.0,-0.84,-1.03,10.2
105069,The Executor is personally responsible,5,14,2.8,-35.12,19.4,26.0,17.72,13.1,13.36
105070,You also want someone who,5,7,1.4,83.32,2.88,2.0,2.64,0.85,0.25
105071,Hiring a Lawyer or Accountant,5,9,1.8,49.48,7.6,10.0,7.28,4.62,10.2
105072,Class 9: Electrical and Scientific,5,11,2.2,15.64,12.32,18.0,11.92,9.33,13.36
105073,If you are looking to,5,6,1.2,100.24,0.52,2.0,-2.0,-2.92,7.04
105075,The design of the bottle,5,7,1.4,83.32,2.88,2.0,1.48,-0.09,7.04
105076,Examples of word marks include,5,8,1.6,66.4,5.24,10.0,8.44,5.56,13.36
105077,Trademark owners typically register in,5,11,2.2,15.64,12.32,18.0,17.72,13.1,16.52
105079,Descriptive trademarks merely describe some,5,10,2.0,32.56,9.96,10.0,23.52,17.81,13.36
105080,Casual talk can become evidence,5,10,2.0,32.56,9.96,18.0,9.6,6.5,10.2
105081,A lot of employers think,5,7,1.4,83.32,2.88,10.0,1.48,-0.09,7.04
105083,This new law bars common,5,6,1.2,100.24,0.52,2.0,1.48,-0.09,10.2
105084,California's at-will employment law,4,9,2.25,12.43,12.52,21.6,20.3,18.25,15.68
105085,Implied covenant of good faith and fair dealing.,8,12,1.5,71.82,5.23,8.2,9.5,6.71,9.95
105086,If a file shows fair,5,5,1.0,117.16,-1.84,2.0,-3.16,-3.86,7.04
105087,Ban on rental bidding wars,5,7,1.4,83.32,2.88,2.0,3.8,1.79,16.52
105088,(Reference to 'landlord' here,4,7,1.75,54.73,6.62,11.6,10.15,11.18,11.73
105089,The incorporation of Awaab's Law,5,9,1.8,49.48,7.6,10.0,9.6,7.45,10.2
105091,Awaab's Law places greater compliance,5,9,1.8,49.48,7.6,10.0,15.4,12.16,16.52
105093,Child support orders,3,5,1.667,62.79,5.25,1.2,9.13,8.33,14.31
105094,By requiring both parents to,5,9,1.8,49.48,7.6,10.0,6.12,3.68,10.2
105095,Child support helps share those responsibilities between parents so that,10,18,1.8,44.41,9.55,8.0,17.78,13.24,10.45
105096,How are child support payments,5,7,1.4,83.32,2.88,2.0,8.44,5.56,10.2
105097,Quick Answer,2,3,1.5,77.91,2.89,0.8,1.3,5.48,0.1
105098,This is more clear cut,5,5,1.0,117.16,-1.84,2.0,-0.84,-1.97,0.25
105099,When parents live separately and,5,9,1.8,49.48,7.6,10.0,10.76,7.45,10.2
105100,Reasons to increase child support,5,8,1.6,66.4,5.24,2.0,11.92,8.39,13.36
105101,Increasing expenses for schooling or,5,10,2.0,32.56,9.96,18.0,15.4,11.21,13.36
105102,The basic child support obligation is equal to the combined,10,17,1.7,52.87,8.37,8.0,10.24,7.12,10.45
105103,Chambers adds: “We will also,5,7,1.4,83.32,2.88,2.0,3.8,3.68,10.2
105104,According to the Americans with,5,10,2.0,32.56,9.96,18.0,9.6,6.5,10.2
105105,A reasonable accommodation is any,5,13,2.6,-18.2,17.04,18.0,11.92,8.39,10.2
105106,The Reasonable Accommodation Process,4,12,3.0,-51.02,21.37,21.6,24.65,19.43,15.68
105107,The first step in the,5,5,1.0,117.16,-1.84,2.0,-2.0,-2.92,0.25
105109,When meeting with their employees,5,8,1.6,66.4,5.24,10.0,11.92,8.39,7.04
105110,Reasonable accommodation is any change,5,13,2.6,-18.2,17.04,18.0,17.72,13.1,10.2
105112,An employer is required to,5,9,1.8,49.48,7.6,18.0,3.8,1.79,10.2
105113,It is important to note,5,7,1.4,83.32,2.88,2.0,0.32,-1.03,0.25
105114,An employer is not required,5,9,1.8,49.48,7.6,18.0,4.96,2.74,10.2
105115,The experience fosters a sense,5,9,1.8,49.48,7.6,10.0,8.44,5.56,10.2
105116,As a juror,3,4,1.333,90.99,1.31,1.2,-10.2,-7.37,9.05
105117,Jury service is an unparalleled,5,10,2.0,32.56,9.96,10.0,9.6,6.5,10.2
105118,This collective decision-making process,4,11,2.75,-29.87,18.42,21.6,27.55,22.96,15.68
105119,Central to the concept of,5,7,1.4,83.32,2.88,2.0,2.64,0.85,10.2
105120,Besides exercising your right and,5,9,1.8,49.48,7.6,10.0,11.92,8.39,7.04
105121,This time can be spent,5,5,1.0,117.16,-1.84,2.0,-0.84,-1.97,0.25
105123,We love a good courtroom,5,6,1.2,100.24,0.52,2.0,1.48,-0.09,7.04
105124,This type of benefit is,5,7,1.4,83.32,2.88,10.0,0.32,-1.03,10.2
105126,Data breach notification is the,5,10,2.0,32.56,9.96,10.0,9.6,6.5,13.36
105127,Data breach notification laws concern,5,11,2.2,15.64,12.32,10.0,16.56,12.16,19.67
105128,If that occurs,3,4,1.333,90.99,1.31,1.2,-2.47,-1.09,9.05
105129,However,1,3,3.0,-47.98,20.2,0.4,-4.8,12.04,0.05
105130,Remember that your breach notification,5,11,2.2,15.64,12.32,10.0,17.72,13.1,10.2
105131,Data sovereignty and localisation rules influence where data can be,10,19,1.9,35.95,10.73,16.0,14.88,10.89,13.61
105132,From 25 May 2018,4,4,1.0,118.18,-2.23,1.6,-4.35,-4.12,11.73
105133,Each state's data breach notification,5,10,2.0,32.56,9.96,10.0,15.4,12.16,16.52
105134,Notification Timing,2,7,3.5,-91.29,26.49,20.8,21.6,21.96,19.53
105135,Available to both individuals and,5,12,2.4,-1.28,14.68,18.0,11.92,8.39,10.2
105136,Automatic Stay – Upon filing for,5,10,2.0,32.56,9.96,10.0,8.44,2.27,10.2
105138,Major decisions,2,5,2.5,-6.69,14.69,20.8,10.0,12.54,11.63
105139,What you seem to be,5,5,1.0,117.16,-1.84,2.0,-4.32,-4.8,0.25
105140,Chapter 11 bankruptcies focus on,5,9,1.8,49.48,7.6,10.0,10.76,7.45,16.52
105141,Colorado courts require you to,5,10,2.0,32.56,9.96,18.0,8.44,5.56,13.36
105142,They come from an agreement,5,7,1.4,83.32,2.88,10.0,4.96,2.74,7.04
105143,Note: If the parents are,5,6,1.2,100.24,0.52,2.0,0.32,-0.09,7.04
105144,If you aren't filing,4,6,1.5,75.88,3.67,1.6,0.0,0.59,7.78
105145,Drafting a parenting plan is,5,8,1.6,66.4,5.24,10.0,6.12,3.68,10.2
105146,If you are filing the,5,6,1.2,100.24,0.52,2.0,-2.0,-2.92,7.04
105147,What Forms Do You Need,5,5,1.0,117.16,-1.84,2.0,-0.84,-1.97,7.04
105148,If you and the other,5,6,1.2,100.24,0.52,2.0,-3.16,-3.86,0.25
105149,It will include your information,5,9,1.8,49.48,7.6,10.0,10.76,7.45,10.2
105150,Summons to Respond to Petition,5,9,1.8,49.48,7.6,10.0,8.44,5.56,13.36
105151,Upon successful filing,3,7,2.333,6.39,13.11,14.53,13.0,11.47,14.31
105152,To serve the other party,5,7,1.4,83.32,2.88,2.0,1.48,-0.09,0.25
105153,The Case Management Order that,5,8,1.6,66.4,5.24,10.0,8.44,5.56,7.04
105154,(The judge will approve it,5,6,1.2,100.24,0.52,2.0,2.64,1.79,7.04
105155,In most counties,3,4,1.333,90.99,1.31,1.2,1.4,2.05,9.05
105156,In Miranda v.,3,5,1.667,62.79,5.25,14.53,-6.33,-2.66,14.31
105157,In this sense they may,5,5,1.0,117.16,-1.84,2.0,-0.84,-1.97,0.25
105158,In fact,2,2,1.0,120.21,-3.01,0.8,-13.2,-6.3,0.1
105159,The commitment to this rule,5,7,1.4,83.32,2.88,10.0,4.96,2.74,7.04
105160,The Miranda warning is part,5,8,1.6,66.4,5.24,10.0,4.96,2.74,10.2
105161,What does it mean to,5,5,1.0,117.16,-1.84,2.0,-3.16,-3.86,0.25
105162,Decision: After the interview,4,9,2.25,12.43,12.52,21.6,13.05,11.18,11.73
105163,To qualify,2,4,2.0,35.61,8.79,20.8,-4.5,0.77,11.63
105164,Asylum seekers must demonstrate to,5,10,2.0,32.56,9.96,18.0,13.08,9.33,13.36
105166,There are two primary ways,5,7,1.4,83.32,2.88,10.0,3.8,1.79,10.2
105167,Affirmative asylum.,2,7,3.5,-91.29,26.49,40.8,18.7,21.96,19.53
105168,If you are eligible for,5,8,1.6,66.4,5.24,10.0,0.32,-1.03,7.04
105169,Mistakes or missing information can,5,10,2.0,32.56,9.96,10.0,14.24,10.27,13.36
105170,Depending on where you live,5,7,1.4,83.32,2.88,10.0,4.96,2.74,7.04
105171,As part of this process,5,6,1.2,100.24,0.52,2.0,0.32,-1.03,7.04
105172,If the interviewing officer does,5,10,2.0,32.56,9.96,10.0,10.76,7.45,7.04
105173,The officer will ask detailed,5,8,1.6,66.4,5.24,2.0,7.28,4.62,7.04
105174,The government is represented by,5,10,2.0,32.56,9.96,10.0,10.76,7.45,7.04
105175,An individual must be physically,5,12,2.4,-1.28,14.68,18.0,10.76,7.45,10.2
105176,Currently,1,3,3.0,-47.98,20.2,40.4,6.8,21.46,19.48
105177,After one year,3,4,1.333,90.99,1.31,1.2,-2.47,-1.09,0.15
105178,If you came to the,5,5,1.0,117.16,-1.84,2.0,-5.48,-5.74,0.25
105179,Currently,1,3,3.0,-47.98,20.2,40.4,6.8,21.46,19.48
105180,Fall 2024,2,2,1.0,120.21,-3.01,0.8,-7.4,-1.59,11.63
105181,The grossly divergent sentences offered,5,11,2.2,15.64,12.32,18.0,18.88,14.04,16.52
105182,Before the agreement can be,5,8,1.6,66.4,5.24,10.0,4.96,2.74,7.04
105183,Those EEOC complaints could include,5,7,1.4,83.32,2.88,2.0,14.24,10.27,13.36
105184,The EEOC is the federal,5,7,1.4,83.32,2.88,10.0,0.32,-1.03,10.2
105185,The EEOC enforces laws that,5,7,1.4,83.32,2.88,10.0,4.96,2.74,13.36
105187,Filing the Charge: The process,5,7,1.4,83.32,2.88,2.0,7.28,5.56,10.2
105188,All of the laws enforced,5,6,1.2,100.24,0.52,2.0,1.48,-0.09,10.2
105189,Understanding how to file an,5,8,1.6,66.4,5.24,10.0,6.12,3.68,7.04
105190,Where the discrimination took place,5,9,1.8,49.48,7.6,10.0,14.24,10.27,7.04
105191,Copies of relevant emails,4,8,2.0,33.58,9.57,11.6,8.7,6.48,15.68
105192,In the EEOC's experience,4,7,1.75,54.73,6.62,11.6,5.8,5.3,11.73
105193,Within 10 days of the,5,6,1.2,100.24,0.52,2.0,-2.0,-2.92,13.36
105194,If you and the employer,5,7,1.4,83.32,2.88,10.0,0.32,-1.03,7.04
105196,If the EEOC finds “no,5,5,1.0,117.16,-1.84,2.0,-3.16,-2.92,10.2
105197,If the EEOC finds “probable,5,7,1.4,83.32,2.88,10.0,3.8,2.74,13.36
105198,Generally,1,4,4.0,-132.58,32.0,40.4,6.8,21.46,19.48
105199,Understanding small claims court | National,5,10,2.0,32.56,9.96,18.0,21.2,10.9,13.36
105200,The relief requested is for,5,8,1.6,66.4,5.24,10.0,4.96,2.74,10.2
105201,The court only deals with,5,6,1.2,100.24,0.52,2.0,2.64,0.85,7.04
105202,This makes it such that,5,5,1.0,117.16,-1.84,2.0,0.32,-1.03,7.04
105203,Be organized: Judges appreciate clear,5,11,2.2,15.64,12.32,18.0,15.4,12.16,13.36
105205,This is called a testimony,5,8,1.6,66.4,5.24,10.0,3.8,1.79,10.2
105206,Asking a sheriff or marshal,5,8,1.6,66.4,5.24,2.0,4.96,2.74,13.36
105207,Putting a legal claim (called,5,7,1.4,83.32,2.88,2.0,6.12,4.62,13.36
105208,The Praxis tests are used,5,6,1.2,100.24,0.52,2.0,2.64,0.85,10.2
105209,Check Out Mometrix's Praxis Study,5,9,1.8,49.48,7.6,10.0,10.76,8.39,10.2
105210,Praxis Core Academic Skills for,5,9,1.8,49.48,7.6,10.0,9.6,6.5,16.52
105211,The specific Praxis Subject Assessment,5,11,2.2,15.64,12.32,18.0,17.72,13.1,13.36
105212,Principles of Learning and Teaching (PLT): These tests measure,9,14,1.556,66.1,6.28,8.04,13.78,11.33,12.86
105213,A computer scores the selected,5,9,1.8,49.48,7.6,18.0,8.44,5.56,13.36
105214,Passing Praxis Test Scores,4,6,1.5,75.88,3.67,1.6,10.15,7.65,15.68
105215,Constructed-response questions are scored,4,8,2.0,33.58,9.57,11.6,30.45,25.31,15.68
105216,All Praxis exams are available,5,10,2.0,32.56,9.96,10.0,8.44,5.56,13.36
105217,The fees for the Praxis,5,6,1.2,100.24,0.52,2.0,0.32,-1.03,10.2
105218,Money order,2,4,2.0,35.61,8.79,0.8,-1.6,3.12,0.1
105224,Blockly is the foundation for,5,7,1.4,83.32,2.88,10.0,7.28,4.62,10.2
105225,With the use of the,5,5,1.0,117.16,-1.84,2.0,-4.32,-4.8,0.25
105226,When you learn alongside others,5,8,1.6,66.4,5.24,10.0,9.6,6.5,10.2
105227,(2) Second,2,3,1.5,77.91,2.89,0.8,-10.3,0.77,11.63
105228,Before you submit your profile,5,8,1.6,66.4,5.24,2.0,8.44,5.56,10.2
105229,Profile,1,2,2.0,36.62,8.4,0.4,-4.8,12.04,19.48
105231,Personal statement,2,5,2.5,-6.69,14.69,20.8,18.7,19.6,19.53
105232,Like the Common Application,4,8,2.0,33.58,9.57,11.6,11.6,8.83,11.73
105233,The Coalition Application platform also,5,13,2.6,-18.2,17.04,18.0,18.88,14.04,10.2
105234,There,1,1,1.0,121.22,-3.4,0.4,-16.4,2.62,0.05
105235,(1) First,2,2,1.0,120.21,-3.01,0.8,-13.2,-1.59,11.63
105236,If you are applying to,5,7,1.4,83.32,2.88,10.0,-0.84,-1.97,7.04
105237,This is where you can,5,5,1.0,117.16,-1.84,2.0,-2.0,-2.92,0.25
105238,In 2022,2,2,1.0,120.21,-3.01,0.8,-13.2,-6.3,11.63
105239,The Coalition Application platform is,5,12,2.4,-1.28,14.68,18.0,16.56,12.16,10.2
105240,The first thing to know,5,5,1.0,117.16,-1.84,2.0,0.32,-1.03,0.25
105241,You must create a Federal,5,8,1.6,66.4,5.24,10.0,2.64,0.85,10.2
105242,Submitting it puts you in,5,7,1.4,83.32,2.88,10.0,2.64,0.85,10.2
105243,Some students may be able,5,7,1.4,83.32,2.88,2.0,2.64,0.85,7.04
105244,But you may qualify for,5,7,1.4,83.32,2.88,10.0,0.32,-1.03,7.04
105245,To receive the full Pell,5,6,1.2,100.24,0.52,2.0,1.48,-0.09,7.04
105246,Completing the FAFSA is the first step to determining your,10,16,1.6,61.33,7.19,12.0,9.66,6.65,8.87
105247,In order to qualify for,5,8,1.6,66.4,5.24,10.0,0.32,-1.03,7.04
105249,For example,2,4,2.0,35.61,8.79,20.8,-1.6,3.12,11.63
105250,Instead,1,2,2.0,36.62,8.4,0.4,-4.8,12.04,0.05
105251,When used together,3,5,1.667,62.79,5.25,1.2,5.27,5.19,0.15
105252,They rely on sentence length,5,7,1.4,83.32,2.88,2.0,6.12,3.68,7.04
105254,Texas: Texas exhibits strong demand,5,10,2.0,32.56,9.96,10.0,13.08,10.27,16.52
105255,What Do the Bureau of Labor Statistics Job Growth Projections,10,16,1.6,61.33,7.19,12.0,11.4,8.06,12.03
105256,Texas: Texas experiences sustained growth,5,12,2.4,-1.28,14.68,10.0,20.04,15.92,19.67
105258,Schools typically use state-approved,4,7,1.75,54.73,6.62,11.6,23.2,19.43,15.68
105259,Districts implement various program models,5,12,2.4,-1.28,14.68,18.0,22.36,16.87,19.67
105261,Also called “dual language,4,7,1.75,54.73,6.62,1.6,8.7,7.65,11.73
105262,Create a visual environment: Label,5,12,2.4,-1.28,14.68,18.0,11.92,9.33,16.52
105263,While students' command of conversational,5,11,2.2,15.64,12.32,10.0,20.04,15.92,13.36
105266,Research also indicates that language,5,10,2.0,32.56,9.96,10.0,16.56,12.16,10.2
105267,Where the obloquy comes in,5,7,1.4,83.32,2.88,10.0,3.8,1.79,10.2
105268,From the start,3,3,1.0,119.19,-2.62,1.2,-2.47,-1.09,0.15
105269,Snapshot of corps member compensation,5,10,2.0,32.56,9.96,10.0,16.56,12.16,13.36
105270,On average,2,4,2.0,35.61,8.79,20.8,-4.5,0.77,11.63
105271,It's not a solution; it's,5,7,1.4,83.32,2.88,10.0,-0.84,0.85,7.04
105272,They share little in terms,5,6,1.2,100.24,0.52,2.0,3.8,1.79,7.04
105273,Retention is still TFA's Achilles,5,9,1.8,49.48,7.6,18.0,10.76,8.39,13.36
105274,TFA has been denounced as,5,6,1.2,100.24,0.52,2.0,2.64,0.85,10.2
105275,It markets itself as a,5,7,1.4,83.32,2.88,2.0,-0.84,-1.97,7.04
105276,To assist with future reviews,5,8,1.6,66.4,5.24,2.0,7.28,4.62,13.36
105277,Also,1,2,2.0,36.62,8.4,0.4,-22.2,-2.09,0.05
105278,How long does it take,5,5,1.0,117.16,-1.84,2.0,-2.0,-2.92,0.25
105279,How long is LLI?,4,4,1.0,118.18,-2.23,1.6,-5.8,-4.12,7.78
105280,How long is LLI?,4,4,1.0,118.18,-2.23,1.6,-5.8,-4.12,7.78
105281,How long is LLI?,4,4,1.0,118.18,-2.23,1.6,-5.8,-4.12,7.78
105282,Giving yourself wiggle room can,5,8,1.6,66.4,5.24,2.0,9.6,6.5,0.25
105283,You'll also want to,4,5,1.25,97.03,0.72,1.6,-1.45,-0.59,0.2
105284,Set yourself up in a,5,6,1.2,100.24,0.52,2.0,-3.16,-3.86,0.25
105285,Turn off all notifications from,5,9,1.8,49.48,7.6,10.0,9.6,6.5,7.04
105286,Find a quiet place with,5,6,1.2,100.24,0.52,2.0,0.32,-1.03,0.25
105287,Even if the test is,5,6,1.2,100.24,0.52,2.0,-4.32,-4.8,0.25
105288,If you can have materials,5,8,1.6,66.4,5.24,10.0,2.64,0.85,7.04
105289,Don't panic.,2,3,1.5,77.91,2.89,0.8,-4.5,5.48,11.63
105290,Styles of Instruction: Visual Block vs Text-based Coding,8,15,1.875,40.09,9.66,13.2,14.58,11.42,15.88
105295,For instance,2,3,1.5,77.91,2.89,0.8,1.3,5.48,11.63
105296,Fund your master's or doctoral,5,8,1.6,66.4,5.24,10.0,7.28,5.56,13.36
105297,Some private lenders offer education,5,11,2.2,15.64,12.32,10.0,15.4,11.21,13.36
105298,Income share agreements function differently,5,11,2.2,15.64,12.32,18.0,24.68,18.75,13.36
105300,Loan,1,1,1.0,121.22,-3.4,0.4,-22.2,-2.09,0.05
105301,Have you tried self-studying,4,6,1.5,75.88,3.67,11.6,11.6,10.01,7.78
105302,What Are the 4 Elements,5,7,1.4,83.32,2.88,10.0,0.32,-1.03,10.2
105303,Establish Grouping Criteria: Implementing flexible,5,16,3.2,-68.96,24.12,34.0,30.48,24.4,19.67
105304,Better Foundation: Vendor-neutral certifications,4,12,3.0,-51.02,21.37,21.6,39.15,33.56,15.68
105305,Bringing CompTIA's reputation for vendor,5,10,2.0,32.56,9.96,10.0,18.88,14.98,16.52
105306,CompTIA promised the Xpert Series,5,7,1.4,83.32,2.88,2.0,11.92,8.39,16.52
105307,The performance based questions are,5,8,1.6,66.4,5.24,10.0,14.24,10.27,13.36
105308,Broad Technical Competency: Whether you,5,11,2.2,15.64,12.32,18.0,17.72,14.04,13.36
105309,A deep comprehension of biochemistry,5,12,2.4,-1.28,14.68,18.0,15.4,11.21,10.2
105310,In addition to structured study,5,9,1.8,49.48,7.6,10.0,9.6,6.5,10.2
105311,Question types on the MCAT,5,6,1.2,100.24,0.52,2.0,3.8,1.79,10.2
105312,I've mentioned all of,4,5,1.25,97.03,0.72,1.6,1.45,1.77,7.78
105313,New section,2,3,1.5,77.91,2.89,0.8,-1.6,3.12,11.63
105314,USMLE Step 2 CK continues,5,7,1.4,83.32,2.88,10.0,2.64,0.85,16.52
105315,In June 2025,3,3,1.0,119.19,-2.62,1.2,-6.33,-4.23,9.05
105316,Step 2 CK tests how,5,5,1.0,117.16,-1.84,2.0,-4.32,-4.8,13.36
105317,Tailored to reach a wide,5,6,1.2,100.24,0.52,2.0,1.48,-0.09,7.04
105318,MOOCs have transformed learning by,5,7,1.4,83.32,2.88,2.0,13.08,9.33,13.36
105319,The Advantages of MOOCs:,4,7,1.75,54.73,6.62,11.6,5.8,5.3,11.73
105320,Introduction,1,4,4.0,-132.58,32.0,40.4,24.2,35.59,19.48
105321,Unlike conventional classroom-based learning,4,10,2.5,-8.72,15.47,11.6,34.8,28.85,19.62
105322,MOOCs are particularly beneficial for,5,12,2.4,-1.28,14.68,18.0,16.56,12.16,13.36
105323,As more industries prioritize digital,5,12,2.4,-1.28,14.68,26.0,16.56,12.16,13.36
105324,Yes,1,1,1.0,121.22,-3.4,0.4,-28.0,-6.8,0.05
105325,"After the success of ""Intro",5,8,1.6,66.4,5.24,2.0,3.8,2.74,10.2
105326,Forums,1,2,2.0,36.62,8.4,0.4,-10.6,7.33,19.48
105327,This exposure to diverse instructors,5,10,2.0,32.56,9.96,18.0,15.4,11.21,13.36
105329,A 504 Plan can also,5,6,1.2,100.24,0.52,2.0,-4.32,-4.8,7.04
105331,Allow the use of assistive,5,8,1.6,66.4,5.24,10.0,3.8,1.79,7.04
105333,AWS Certified AI Practitioner Exam,5,11,2.2,15.64,12.32,18.0,13.08,9.33,19.67
105336,Choosing variable interest rates can,5,10,2.0,32.56,9.96,10.0,15.4,11.21,16.52
105337,If a private student loan,5,7,1.4,83.32,2.88,2.0,2.64,0.85,10.2
105338,This is a way for,5,5,1.0,117.16,-1.84,2.0,-6.64,-6.68,0.25
105339,Once you have an estimate,5,7,1.4,83.32,2.88,10.0,2.64,0.85,7.04
105340,Find out what fixed and,5,5,1.0,117.16,-1.84,2.0,0.32,-1.03,7.04
105341,Make in-school payments,3,5,1.667,62.79,5.25,1.2,13.0,13.04,14.31
105342,In fact,2,2,1.0,120.21,-3.01,0.8,-13.2,-6.3,0.1
105344,Pro: Student Loans Can Help,5,6,1.2,100.24,0.52,2.0,3.8,2.74,13.36
105345,Borrowers get flexible repayment protections,5,13,2.6,-18.2,17.04,34.0,24.68,18.75,16.52
105346,Student loans are considered “good,5,8,1.6,66.4,5.24,10.0,11.92,9.33,13.36
105347,Student loans allow you to,5,7,1.4,83.32,2.88,2.0,3.8,1.79,10.2
105349,No credit history required: Federal,5,12,2.4,-1.28,14.68,18.0,13.08,10.27,13.36
105350,Loans make college possible for,5,8,1.6,66.4,5.24,2.0,9.6,6.5,7.04
105351,Direct Subsidized Loans: These are,5,8,1.6,66.4,5.24,10.0,11.92,9.33,10.2
105352,Another benefit of federal student,5,12,2.4,-1.28,14.68,18.0,13.08,9.33,13.36
105353,Borrowers who are unable to,5,9,1.8,49.48,7.6,18.0,4.96,2.74,10.2
105354,General forbearance: Forbearance requests must,5,12,2.4,-1.28,14.68,18.0,25.84,20.63,13.36
105355,Under the Public Service Loan,5,8,1.6,66.4,5.24,2.0,7.28,4.62,0.25
105356,The average student loan debt,5,8,1.6,66.4,5.24,10.0,7.28,4.62,13.36
105357,Federal Pell Grants are awarded,5,9,1.8,49.48,7.6,18.0,9.6,6.5,16.52
105358,Keep in mind that Pell,5,5,1.0,117.16,-1.84,2.0,-0.84,-1.97,7.04
105359,A Pell Grant is a form of federal student aid,10,13,1.3,86.71,3.65,8.0,2.12,0.53,10.45
105360,Students can't exceed the,4,6,1.5,75.88,3.67,1.6,7.25,6.48,11.73
105361,Who Is Eligible,3,6,2.0,34.59,9.18,14.53,-0.53,0.48,9.05
105362,General eligibility for federal aid,5,14,2.8,-35.12,19.4,18.0,14.24,10.27,10.2
105363,Degree Type: Pell Grants are,5,6,1.2,100.24,0.52,2.0,4.96,3.68,16.52
105364,Pell Grants don't require you to fill out a,9,11,1.222,94.3,2.34,8.04,2.82,1.39,9.35
105365,Schools use the information on,5,8,1.6,66.4,5.24,10.0,8.44,5.56,10.2
105366,your Student Aid Index (based,5,7,1.4,83.32,2.88,2.0,6.12,4.62,13.36
105367,How much money could I,5,6,1.2,100.24,0.52,2.0,-0.84,-1.97,0.25
105368,When you submit all the,5,6,1.2,100.24,0.52,2.0,0.32,-1.03,7.04
105369,It's important to understand the,5,9,1.8,49.48,7.6,2.0,9.6,7.45,0.25
105371,To receive the full Pell,5,6,1.2,100.24,0.52,2.0,1.48,-0.09,7.04
105372,Once you're found eligible,4,7,1.75,54.73,6.62,11.6,8.7,7.65,7.78
105373,If any additional funds are,5,9,1.8,49.48,7.6,10.0,4.96,2.74,10.2
105374,Any money left over is,5,8,1.6,66.4,5.24,2.0,-0.84,-1.97,0.25
105375,However,1,3,3.0,-47.98,20.2,0.4,-4.8,12.04,0.05
105376,A student's grant amount can,5,7,1.4,83.32,2.88,2.0,4.96,3.68,10.2
105377,Workforce Pell,2,3,1.5,77.91,2.89,0.8,7.1,10.18,19.53
105378,For years,2,2,1.0,120.21,-3.01,0.8,-7.4,-1.59,11.63
105380,The practice of teaching children,5,8,1.6,66.4,5.24,2.0,11.92,8.39,10.2
105381,Teaching kids to guess words,5,6,1.2,100.24,0.52,2.0,6.12,3.68,13.36
105382,Effective literacy instruction weaves together,5,14,2.8,-35.12,19.4,26.0,27.0,20.63,16.52
105383,Universal screening identifies at-risk,4,12,3.0,-51.02,21.37,21.6,26.1,21.78,19.62
105385,CompTIA A+: The Universal,4,7,1.75,54.73,6.62,11.6,5.8,6.48,11.73
105386,Entry-Level IT Certifications: Where,4,9,2.25,12.43,12.52,11.6,21.75,19.43,11.73
105387,ACI's CompTIA A+ Certification Bundle,5,10,2.0,32.56,9.96,10.0,14.24,12.16,13.36
105388,CompTIA Network+: Networking Fundamentals,4,10,2.5,-8.72,15.47,21.6,29.0,25.31,19.62
105389,It's vendor-neutral,2,3,1.5,77.91,2.89,0.8,15.8,21.96,11.63
105390,Like many CompTIA certs,4,5,1.25,97.03,0.72,1.6,5.8,4.12,11.73
105391,The universal baseline for cyber,5,10,2.0,32.56,9.96,10.0,10.76,7.45,13.36
105392,The best IT certifications for,5,9,1.8,49.48,7.6,10.0,8.44,5.56,7.04
105394,🧠 CompTIA PenTest+,2,2,1.0,120.21,-3.01,0.8,10.0,4.69,19.53
105395,TL;DR Version of This GRE Study Guide,7,9,1.286,90.96,2.31,2.8,4.83,2.93,10.75
105398,That prompt will be an,5,5,1.0,117.16,-1.84,2.0,-0.84,-1.97,7.04
105400,The Quant section of the,5,6,1.2,100.24,0.52,2.0,1.48,-0.09,10.2
105402,A “good” score is generally,5,8,1.6,66.4,5.24,10.0,2.64,2.74,7.04
105403,No specific order of sections,5,9,1.8,49.48,7.6,10.0,7.28,4.62,10.2
105404,Learn how to send scores,5,5,1.0,117.16,-1.84,2.0,1.48,-0.09,7.04
105405,Why is the material written,5,9,1.8,49.48,7.6,10.0,4.96,2.74,7.04
105407,Quick Answer,2,3,1.5,77.91,2.89,0.8,1.3,5.48,0.1
105408,If you plan to borrow,5,6,1.2,100.24,0.52,2.0,-2.0,-2.92,0.25
105409,You can keep your eligibility,5,10,2.0,32.56,9.96,10.0,7.28,4.62,7.04
105410,Current BorrowersIf you have already,5,11,2.2,15.64,12.32,10.0,15.4,11.21,10.2
105411,"Repayment ""Reset"": Taking out",4,8,2.0,33.58,9.57,11.6,10.15,11.18,11.73
105412,For families planning for college,5,9,1.8,49.48,7.6,10.0,11.92,8.39,10.2
105414,You can preserve your eligibility,5,11,2.2,15.64,12.32,10.0,11.92,8.39,10.2
105415,If a borrower takes out,5,7,1.4,83.32,2.88,10.0,0.32,-1.03,10.2
105417,If the interest is not,5,6,1.2,100.24,0.52,2.0,-0.84,-1.97,7.04
105418,Currently,1,3,3.0,-47.98,20.2,40.4,6.8,21.46,19.48
105419,Student Category,2,6,3.0,-48.99,20.59,20.8,12.9,14.9,19.53
105420,Remember to complete your FAFSA,5,9,1.8,49.48,7.6,2.0,9.6,6.5,10.2
105421,For loans disbursed after July,5,8,1.6,66.4,5.24,2.0,8.44,5.56,10.2
105422,Explore the future of artificial,5,10,2.0,32.56,9.96,10.0,10.76,7.45,13.36
105423,The selected members,3,6,2.0,34.59,9.18,14.53,9.13,8.33,14.31
105424,What is Teach For America,5,8,1.6,66.4,5.24,2.0,2.64,0.85,0.25
105425,All academic backgrounds and majors,5,10,2.0,32.56,9.96,10.0,14.24,10.27,13.36
105426,As long as you are,5,5,1.0,117.16,-1.84,2.0,-5.48,-5.74,0.25
105427,These materials provide us with,5,9,1.8,49.48,7.6,10.0,9.6,6.5,10.2
105428,Uncertified corps members receive alternative,5,13,2.6,-18.2,17.04,18.0,25.84,19.69,16.52
105430,Teach For America corps members,5,9,1.8,49.48,7.6,2.0,9.6,6.5,10.2
105431,The big thing about tfa,5,6,1.2,100.24,0.52,2.0,0.32,-1.03,7.04
105433,As a Teach For America,5,8,1.6,66.4,5.24,2.0,-0.84,-1.97,0.25
105435,It's not meant for people,5,6,1.2,100.24,0.52,2.0,1.48,0.85,0.25
105437,Beyond teaching,2,4,2.0,35.61,8.79,0.8,10.0,12.54,19.53
105438,After their two-year commitment,4,7,1.75,54.73,6.62,11.6,15.95,13.54,11.73
105441,The CSS Profile,3,4,1.333,90.99,1.31,1.2,-0.53,0.48,14.31
105442,Cost and Fee Waivers 💳,4,5,1.25,97.03,0.72,1.6,1.45,-2.47,11.73
105443,They are an orphan or,5,6,1.2,100.24,0.52,2.0,-2.0,-2.92,7.04
105445,Learn more about Loan Consolidation,5,10,2.0,32.56,9.96,10.0,14.24,10.27,7.04
105446,Repayment Assistance Plan (RAP):,4,8,2.0,33.58,9.57,21.6,14.5,14.72,11.73
105447,What's more,2,2,1.0,120.21,-3.01,0.8,-4.5,3.12,0.1
105448,Under the new rules,4,5,1.25,97.03,0.72,1.6,0.0,-0.59,7.78
105449,They have stated they will,5,6,1.2,100.24,0.52,2.0,3.8,1.79,7.04
105450,The rule would not allow,5,6,1.2,100.24,0.52,2.0,1.48,-0.09,0.25
105452,According to ED: “Starting on,5,8,1.6,66.4,5.24,10.0,4.96,4.62,13.36
105453,Additionally,1,5,5.0,-217.18,43.8,40.4,24.2,35.59,19.48
105454,In October 2025,3,5,1.667,62.79,5.25,1.2,-0.53,0.48,9.05
105455,Some types of forbearances and,5,7,1.4,83.32,2.88,10.0,8.44,5.56,10.2
105456,Determine if your employer qualifies,5,11,2.2,15.64,12.32,26.0,15.4,11.21,13.36
105457,Starting July 1,3,5,1.667,62.79,5.25,1.2,-0.53,0.48,14.31
105458,The proposed rule also offers,5,8,1.6,66.4,5.24,2.0,7.28,4.62,10.2
105459,The rules will also address,5,7,1.4,83.32,2.88,2.0,4.96,2.74,7.04
105460,Independent students retain their higher,5,11,2.2,15.64,12.32,10.0,20.04,14.98,16.52
105461,How Rehabilitation and Consolidation Affect,5,15,3.0,-52.04,21.76,18.0,23.52,17.81,13.36
105462,Waldorf educators focus on developing,5,13,2.6,-18.2,17.04,18.0,16.56,12.16,16.52
105463,Rhythm and Routine: A predictable,5,10,2.0,32.56,9.96,10.0,10.76,8.39,13.36
105465,Little children learn by imitation,5,10,2.0,32.56,9.96,10.0,13.08,9.33,7.04
105466,Homelike Environment: The physical environment,5,14,2.8,-35.12,19.4,26.0,25.84,20.63,16.52
105468,Joyful learning remains central at,5,9,1.8,49.48,7.6,2.0,13.08,9.33,13.36
105469,Learn multiplication tables through rhythmic,5,11,2.2,15.64,12.32,10.0,24.68,18.75,13.36
105470,I want to encourage parents,5,8,1.6,66.4,5.24,10.0,4.96,2.74,10.2
105471,Integrating local culture is central,5,11,2.2,15.64,12.32,10.0,15.4,11.21,16.52
105472,Other ways to worldschool is,5,7,1.4,83.32,2.88,2.0,6.12,3.68,10.2
105474,Find a worldschooling community: Worldschooling,5,12,2.4,-1.28,14.68,26.0,27.0,21.58,13.36
105475,Research your home country's homeschooling,5,8,1.6,66.4,5.24,2.0,21.2,16.87,13.36
105476,If you then make an,5,5,1.0,117.16,-1.84,2.0,-4.32,-4.8,0.25
105477,It may turn out that,5,5,1.0,117.16,-1.84,2.0,-3.16,-3.86,0.25
105478,If you are experiencing difficulties,5,12,2.4,-1.28,14.68,18.0,15.4,11.21,10.2
105479,If you are in a,5,5,1.0,117.16,-1.84,2.0,-8.96,-8.57,0.25
105480,See Pearson's EdTPA participation map,5,10,2.0,32.56,9.96,10.0,15.4,12.16,13.36
105483,For example,2,4,2.0,35.61,8.79,20.8,-1.6,3.12,11.63
105484,In Montana and New Mexico,5,9,1.8,49.48,7.6,18.0,2.64,0.85,10.2
105485,Iowa has removed the requirement,5,10,2.0,32.56,9.96,18.0,10.76,7.45,13.36
105486,[ RELATED: Top 5 SAT Writing,5,8,1.6,66.4,5.24,10.0,2.64,-0.88,10.2
105487,Abandon your ego : don't,4,7,1.75,54.73,6.62,11.6,2.9,-0.59,11.73
105488,The year 2026 marks a,5,5,1.0,117.16,-1.84,2.0,-2.0,-2.92,10.2
105490,Reggio-inspired environments extend beyond,4,11,2.75,-29.87,18.42,21.6,31.9,26.49,19.62
105491,In Reggio-inspired programs,3,6,2.0,34.59,9.18,14.53,20.73,19.32,14.31
105493,Friday,1,2,2.0,36.62,8.4,0.4,-10.6,7.33,0.05
105495,The rotational learning model can,5,10,2.0,32.56,9.96,10.0,11.92,8.39,13.36
105496,Here's a further look at,5,6,1.2,100.24,0.52,2.0,0.32,-0.09,0.25
105497,The flipped classroom model is,5,7,1.4,83.32,2.88,2.0,8.44,5.56,10.2
105498,"A “flipped classroom"" course where",5,6,1.2,100.24,0.52,2.0,10.76,9.33,7.04
105500,A lab rotation model is,5,8,1.6,66.4,5.24,10.0,0.32,-1.03,13.36
105501,Lab Rotation is similar to,5,9,1.8,49.48,7.6,18.0,3.8,1.79,13.36
105503,Others may require text-to,4,7,1.75,54.73,6.62,11.6,8.7,7.65,15.68
105504,That means different tests can,5,7,1.4,83.32,2.88,2.0,8.44,5.56,7.04
105511,Generative AI is moving from,5,9,1.8,49.48,7.6,10.0,6.12,3.68,10.2
105512,In 2026,2,2,1.0,120.21,-3.01,0.8,-13.2,-6.3,11.63
105513,Courses increasingly integrate English for,5,12,2.4,-1.28,14.68,18.0,22.36,16.87,13.36
105514,The goal is strategic flexibility,5,11,2.2,15.64,12.32,18.0,11.92,8.39,10.2
105515,Most recently,2,4,2.0,35.61,8.79,20.8,4.2,7.83,11.63
105517,The bill allows for the,5,6,1.2,100.24,0.52,2.0,0.32,-1.03,7.04
105518,Incorporating software that identifies and,5,13,2.6,-18.2,17.04,18.0,22.36,16.87,13.36
105519,Pell Grant funding shortfall: The,5,7,1.4,83.32,2.88,2.0,10.76,8.39,16.52
105520,College leaders are also concerned,5,9,1.8,49.48,7.6,2.0,13.08,9.33,10.2
105522,9th & 10th Grades,3,3,1.0,119.19,-2.62,1.2,-0.53,-3.45,19.58
105523,Easiest History/Social Science AP,4,9,2.25,12.43,12.52,21.6,18.85,15.9,19.62
105525,Memorization is at the foundation,5,11,2.2,15.64,12.32,18.0,11.92,8.39,10.2
105526,While it's still a college,5,6,1.2,100.24,0.52,2.0,2.64,1.79,0.25
105528,If you're aiming for,4,5,1.25,97.03,0.72,1.6,0.0,0.59,7.78
105529,To be allowed to use,5,6,1.2,100.24,0.52,2.0,-3.16,-3.86,7.04
105530,As part of the Coalition,5,8,1.6,66.4,5.24,10.0,1.48,-0.09,7.04
105532,Tell a story from your,5,6,1.2,100.24,0.52,2.0,-0.84,-1.97,0.25
105533,This year,2,2,1.0,120.21,-3.01,0.8,-7.4,-1.59,0.1
105534,Easy to start working on,5,7,1.4,83.32,2.88,2.0,1.48,-0.09,7.04
105535,The Coalition App has several,5,9,1.8,49.48,7.6,10.0,7.28,4.62,10.2
105536,You can provide a supporting,5,8,1.6,66.4,5.24,10.0,6.12,3.68,10.2
105537,How to Apply for Public,5,7,1.4,83.32,2.88,2.0,0.32,-1.03,7.04
105538,The final rule amends the,5,7,1.4,83.32,2.88,2.0,2.64,0.85,10.2
105539,IDR forgiveness received in 2026,5,8,1.6,66.4,5.24,10.0,10.76,7.45,16.52
105541,Income-Driven Repayment (IDR) Plans,4,8,2.0,33.58,9.57,21.6,18.85,18.25,19.62
105542,Income-Driven Repayment (IDR) Forgiveness,4,10,2.5,-8.72,15.47,31.6,27.55,25.31,19.62
105543,The One Big Beautiful Bill,5,7,1.4,83.32,2.88,2.0,3.8,1.79,0.25
105544,Borrowers who were on SAVE,5,7,1.4,83.32,2.88,10.0,3.8,1.79,7.04
105546,As a result of a change in tax law,9,10,1.111,103.7,1.03,3.6,-2.33,-3.32,5.84
105547,Student loan debt cancelled after,5,8,1.6,66.4,5.24,2.0,11.92,8.39,13.36
105548,Requirements: The NHSC Loan Repayment,5,9,1.8,49.48,7.6,18.0,15.4,12.16,13.36
105549,If your school made false,5,5,1.0,117.16,-1.84,2.0,2.64,0.85,0.25
105550,Borrower Defense to Repayment,4,9,2.25,12.43,12.52,21.6,14.5,11.18,11.73
105551,These flexible options help students,5,9,1.8,49.48,7.6,10.0,15.4,11.21,13.36
105552,Through AI-driven tools,3,5,1.667,62.79,5.25,14.53,13.0,13.04,14.31
105553,Many universities now offer short,5,11,2.2,15.64,12.32,10.0,11.92,8.39,7.04
105554,As the job market becomes,5,7,1.4,83.32,2.88,2.0,2.64,0.85,7.04
105556,In the next five years,5,5,1.0,117.16,-1.84,2.0,-0.84,-1.97,7.04
105557,Expert thought leaders in higher,5,8,1.6,66.4,5.24,2.0,10.76,7.45,13.36
105558,Naturally,1,4,4.0,-132.58,32.0,40.4,6.8,21.46,19.48
105559,Retention rates for online learners,5,9,1.8,49.48,7.6,10.0,14.24,10.27,16.52
105560,May 09,2,2,1.0,120.21,-3.01,0.8,-16.1,-8.65,11.63
105561,Log in!,2,2,1.0,120.21,-3.01,0.8,-16.1,-6.3,0.1
105564,Basic AI apps: These include,5,7,1.4,83.32,2.88,2.0,4.96,3.68,16.52
105565,However,1,3,3.0,-47.98,20.2,0.4,-4.8,12.04,0.05
105566,Common Requirements for Both Programs,5,9,1.8,49.48,7.6,10.0,16.56,12.16,13.36
105567,Dual enrollment courses are generally,5,12,2.4,-1.28,14.68,18.0,16.56,12.16,16.52
105568,These programs are made possible,5,8,1.6,66.4,5.24,2.0,10.76,7.45,7.04
105569,Based on the NCES and,5,5,1.0,117.16,-1.84,2.0,-2.0,-2.92,10.2
105570,Hybrid homeschooling preserves the flexibility,5,12,2.4,-1.28,14.68,10.0,27.0,20.63,16.52
105573,26.,1,1,1.0,121.22,-3.4,0.4,-33.8,-6.8,19.48
105574,If possible,2,4,2.0,35.61,8.79,0.8,-1.6,3.12,0.1
105576,Record keeping: Maintain detailed records,5,10,2.0,32.56,9.96,2.0,20.04,15.92,16.52
105577,Worldschooling,1,3,3.0,-47.98,20.2,40.4,35.8,45.01,19.48
105579,Student loan forgiveness is when,5,8,1.6,66.4,5.24,10.0,10.76,7.45,10.2
105580,What is student loan forgiveness,5,8,1.6,66.4,5.24,10.0,10.76,7.45,10.2
105582,Public Service Loan Forgiveness,4,8,2.0,33.58,9.57,11.6,17.4,13.54,7.78
105583,Public Service Loan Forgiveness (PSLF),5,9,1.8,49.48,7.6,10.0,15.4,13.1,10.2
105584,Under PSLF,2,3,1.5,77.91,2.89,0.8,-4.5,0.77,11.63
105585,Teacher Loan Forgiveness (TLF),4,7,1.75,54.73,6.62,11.6,13.05,12.36,11.73
105586,Teacher Loan Forgiveness Program: Teacher,5,10,2.0,32.56,9.96,10.0,20.04,15.92,10.2
105587,You may be eligible for forgiveness of up to $17,10,15,1.5,69.79,6.01,12.0,3.28,1.94,8.87
105588,Income-driven repayment forgiveness,3,9,3.0,-50.01,20.98,41.2,36.2,31.88,19.58
105589,Income-Driven Repayment (IDR) Plans,4,8,2.0,33.58,9.57,21.6,18.85,18.25,19.62
105590,How much forgiveness can I,5,7,1.4,83.32,2.88,10.0,3.8,1.79,7.04
105591,When your loan is forgiven,5,7,1.4,83.32,2.88,10.0,3.8,1.79,7.04
105592,To reach Public Service Loan,5,7,1.4,83.32,2.88,2.0,6.12,3.68,0.25
105593,Federal loan borrowers can qualify,5,11,2.2,15.64,12.32,26.0,13.08,9.33,13.36
105594,You can consolidate your loans,5,8,1.6,66.4,5.24,10.0,8.44,5.56,10.2
105595,Staring on July 1,4,6,1.5,75.88,3.67,1.6,-2.9,-2.95,11.73
105597,If they want an income,5,6,1.2,100.24,0.52,2.0,-0.84,-1.97,0.25
105598,Repayment Assistance Plan (RAP):,4,8,2.0,33.58,9.57,21.6,14.5,14.72,11.73
105600,Twenty-first century learning demands,4,9,2.25,12.43,12.52,11.6,24.65,20.6,19.62
105601,There is a key STEM,5,5,1.0,117.16,-1.84,2.0,-4.32,-4.8,0.25
105602,Design thinking (DT) has gained,5,7,1.4,83.32,2.88,2.0,7.28,6.5,16.52
105603,Villanueva,1,4,4.0,-132.58,32.0,40.4,12.6,26.17,19.48
105604,Scholars suggest that well‑integrated,4,8,2.0,33.58,9.57,11.6,24.65,20.6,15.68
105605,A key debate centers on,5,7,1.4,83.32,2.88,2.0,0.32,-1.03,10.2
105606,Abstract View,2,3,1.5,77.91,2.89,0.8,4.2,7.83,11.63
105607,Following the announcement in June,5,9,1.8,49.48,7.6,10.0,13.08,9.33,7.04
105608,The cutback in spending grows,5,7,1.4,83.32,2.88,2.0,7.28,4.62,13.36
105609,Using survey data capturing individual,5,14,2.8,-35.12,19.4,18.0,17.72,13.1,19.67
105610,Abstract,1,2,2.0,36.62,8.4,0.4,1.0,16.75,19.48
105611,Meanwhile,1,2,2.0,36.62,8.4,0.4,6.8,21.46,19.48
105612,The point?,2,2,1.0,120.21,-3.01,0.8,-7.4,0.77,0.1
105613,This approach reduces career anxiety,5,12,2.4,-1.28,14.68,18.0,15.4,11.21,16.52
105614,Research shows mental activity could,5,10,2.0,32.56,9.96,10.0,15.4,11.21,16.52
105615,A growth mindset is the,5,6,1.2,100.24,0.52,2.0,0.32,-1.03,10.2
105616,The shift from courses to,5,6,1.2,100.24,0.52,2.0,2.64,0.85,10.2
105617,For students and recent graduates,5,9,1.8,49.48,7.6,10.0,11.92,8.39,13.36
105618,The biggest risk today is,5,7,1.4,83.32,2.88,2.0,2.64,0.85,10.2
105619,Hi there!,2,2,1.0,120.21,-3.01,0.8,-10.3,-1.59,11.63
105620,Hi there!,2,2,1.0,120.21,-3.01,0.8,-10.3,-1.59,11.63
105621,Figure 1,2,3,1.5,77.91,2.89,0.8,-10.3,-3.95,11.63
105622,At least part of the,5,5,1.0,117.16,-1.84,2.0,-3.16,-3.86,0.25
105623,What They Are and How,5,5,1.0,117.16,-1.84,2.0,-2.0,-2.92,0.25
105624,For example,2,4,2.0,35.61,8.79,20.8,-1.6,3.12,11.63
105625,PLUS loans are only available,5,9,1.8,49.48,7.6,10.0,7.28,4.62,13.36
105626,“PLUS Loan credit standards are,5,7,1.4,83.32,2.88,2.0,8.44,6.5,13.36
105627,To participate,2,5,2.5,-6.69,14.69,20.8,7.1,10.18,11.63
105628,In fact,2,2,1.0,120.21,-3.01,0.8,-13.2,-6.3,0.1
105629,Most parents don't pay,4,5,1.25,97.03,0.72,1.6,2.9,2.94,7.78
105631,The dangers of PLUS loans,5,6,1.2,100.24,0.52,2.0,2.64,0.85,13.36
105632,There's no rule to stop,5,5,1.0,117.16,-1.84,2.0,-0.84,-1.03,7.04
105633,Parent PLUS loans are also,5,7,1.4,83.32,2.88,2.0,3.8,1.79,10.2
105634,As much as Parent PLUS,5,6,1.2,100.24,0.52,2.0,-0.84,-1.97,7.04
105635,By focusing on relationships and,5,10,2.0,32.56,9.96,18.0,10.76,7.45,10.2
105636,While other schools are scrambling,5,8,1.6,66.4,5.24,10.0,13.08,9.33,10.2
105637,A growing body of large,5,7,1.4,83.32,2.88,2.0,0.32,-1.03,7.04
105638,As a part of the,5,5,1.0,117.16,-1.84,2.0,-7.8,-7.63,0.25
105639,Birney students outperform similar students,5,12,2.4,-1.28,14.68,18.0,23.52,17.81,19.67
105641,As staffing constraints continue into,5,10,2.0,32.56,9.96,10.0,16.56,12.16,13.36
105642,According to Springer Nature Link,5,9,1.8,49.48,7.6,10.0,11.92,8.39,16.52
105643,Tools that generate draft materials,5,10,2.0,32.56,9.96,18.0,14.24,10.27,16.52
105644,Systematic reviews of the research,5,10,2.0,32.56,9.96,10.0,13.08,9.33,13.36
105646,As expectations around outcomes continue,5,12,2.4,-1.28,14.68,18.0,20.04,14.98,13.36
105647,Expanded Co-Teaching Models and,4,8,2.0,33.58,9.57,11.6,15.95,13.54,15.68
105648,Looking ahead to 2026,4,6,1.5,75.88,3.67,1.6,2.9,1.77,11.73
105649,They cut back on sleep,5,5,1.0,117.16,-1.84,2.0,-0.84,-1.97,0.25
105650,On top of that,4,4,1.0,118.18,-2.23,1.6,-7.25,-6.48,0.2
105651,While the Project Management Professional,5,11,2.2,15.64,12.32,18.0,21.2,15.92,13.36
105654,The CAPM certification is suited,5,10,2.0,32.56,9.96,10.0,10.76,7.45,13.36
105655,Cost: $495 for non-PMI,4,5,1.25,97.03,0.72,1.6,0.0,2.94,11.73
105656,For those who are already,5,7,1.4,83.32,2.88,2.0,2.64,0.85,0.25
105657,The Program Management Professional (PgMP,5,12,2.4,-1.28,14.68,18.0,20.04,15.92,16.52
105659,Official LSAT Content Licensees,4,9,2.25,12.43,12.52,21.6,17.4,13.54,19.62
105661,Our LSAT PrepSM materials,4,8,2.0,33.58,9.57,11.6,8.7,6.48,15.68
105662,Treat the videos as you,5,7,1.4,83.32,2.88,10.0,0.32,-1.03,7.04
105664,Shared resources,2,4,2.0,35.61,8.79,20.8,12.9,14.9,19.53
105665,n 2018,2,2,1.0,120.21,-3.01,0.8,-16.1,-8.65,19.53
105666,Earning a Seal of Biliteracy,5,9,1.8,49.48,7.6,10.0,6.12,3.68,10.2
105667,These initiatives aim to provide,5,9,1.8,49.48,7.6,10.0,10.76,7.45,10.2
105668,Thomas and Collier's landmark longitudinal,5,12,2.4,-1.28,14.68,10.0,21.2,16.87,16.52
105669,Teacher Shortages: There is a,5,8,1.6,66.4,5.24,10.0,6.12,4.62,7.04
105670,Through strong public-private partnerships,4,7,1.75,54.73,6.62,11.6,31.9,26.49,11.73
105671,Funding and Resources: While there,5,8,1.6,66.4,5.24,10.0,11.92,9.33,10.2
105672,As California gets closer to,5,9,1.8,49.48,7.6,10.0,6.12,3.68,13.36
105673,In fact,2,2,1.0,120.21,-3.01,0.8,-13.2,-6.3,0.1
105674,Studies show that multilingual employees,5,11,2.2,15.64,12.32,18.0,20.04,14.98,13.36
105675,Improved Executive Function: Students in,5,11,2.2,15.64,12.32,10.0,18.88,14.98,16.52
105676,Changes coming to IDR: A,5,7,1.4,83.32,2.88,2.0,0.32,-0.09,10.2
105677,Technology can support the process,5,10,2.0,32.56,9.96,10.0,13.08,9.33,13.36
105678,Adaptive assessments are also gaining,5,11,2.2,15.64,12.32,18.0,16.56,12.16,13.36
105680,AI tools in particular are,5,8,1.6,66.4,5.24,10.0,3.8,1.79,13.36
105681,These human skills will remain,5,7,1.4,83.32,2.88,2.0,8.44,5.56,10.2
105683,While charter schools haven't,4,6,1.5,75.88,3.67,1.6,13.05,11.18,11.73
105684,The growth of charter schools,5,6,1.2,100.24,0.52,2.0,7.28,4.62,13.36
105685,The charter idea made it,5,8,1.6,66.4,5.24,2.0,1.48,-0.09,7.04
105686,Policymakers increasingly focus on outcomes,5,14,2.8,-35.12,19.4,18.0,23.52,17.81,16.52
105687,More importantly for system design,5,10,2.0,32.56,9.96,10.0,13.08,9.33,13.36
105688,The idea of portfolio districts,5,11,2.2,15.64,12.32,10.0,9.6,6.5,10.2
105689,Use tools like Scholly Scholarships,5,7,1.4,83.32,2.88,10.0,14.24,10.27,13.36
105690,Remember that a majority of,5,10,2.0,32.56,9.96,10.0,4.96,2.74,7.04
105692,Colleges and universities: Many schools,5,12,2.4,-1.28,14.68,18.0,17.72,14.04,13.36
105694,Reuse essays when possible: Many,5,10,2.0,32.56,9.96,2.0,9.6,7.45,10.2
105695,Keep a spreadsheet of deadlines,5,7,1.4,83.32,2.88,2.0,9.6,6.5,10.2
105696,Start by exploring your school,5,7,1.4,83.32,2.88,10.0,8.44,5.56,7.04
105697,Consider Local Foundations: type your,5,10,2.0,32.56,9.96,18.0,15.4,12.16,16.52
105700,Created as a joint venture,5,8,1.6,66.4,5.24,10.0,3.8,1.79,13.36
105702,The platform also offers computer,5,10,2.0,32.56,9.96,10.0,11.92,8.39,10.2
105704,New Repayment Assistance Plan (RAP,5,9,1.8,49.48,7.6,18.0,11.92,9.33,10.2
105705,Repayment Assistance Plan (RAP):,4,8,2.0,33.58,9.57,21.6,14.5,14.72,11.73
105706,RAP eliminates unpaid interest capitalization,5,15,3.0,-52.04,21.76,18.0,25.84,19.69,16.52
105707,The principal is reduced—even,4,9,2.25,12.43,12.52,21.6,13.05,11.18,11.73
105709,How to Apply for Public,5,7,1.4,83.32,2.88,2.0,0.32,-1.03,7.04
105710,The SAVE forbearance does not,5,7,1.4,83.32,2.88,10.0,7.28,4.62,7.04
105711,Your payments do not have,5,6,1.2,100.24,0.52,2.0,2.64,0.85,7.04
105712,IDR forgiveness received in 2026,5,8,1.6,66.4,5.24,10.0,10.76,7.45,16.52
105713,Income-Contingent Repayment (ICR),3,9,3.0,-50.01,20.98,27.87,28.47,28.74,19.58
105714,Anyone who borrowed before July,5,10,2.0,32.56,9.96,2.0,9.6,6.5,7.04
105715,Imagine a world where organization,5,11,2.2,15.64,12.32,18.0,13.08,9.33,10.2
105716,For learning: The effect is,5,7,1.4,83.32,2.88,2.0,3.8,2.74,10.2
105717,Low-tech (no charger required,4,8,2.0,33.58,9.57,11.6,11.6,11.18,15.68
105719,“But when you review and,5,6,1.2,100.24,0.52,2.0,0.32,-0.09,0.25
105720,As a “structured notes” system,5,7,1.4,83.32,2.88,2.0,6.12,5.56,13.36
105721,With the this template,4,5,1.25,97.03,0.72,1.6,4.35,2.94,7.78
105722,These notes can be taken,5,6,1.2,100.24,0.52,2.0,1.48,-0.09,7.04
105723,Then,1,1,1.0,121.22,-3.4,0.4,-22.2,-2.09,0.05
105724,Say goodbye to feeling lost,5,7,1.4,83.32,2.88,2.0,4.96,2.74,7.04
105725,When it comes time to,5,5,1.0,117.16,-1.84,2.0,-2.0,-2.92,7.04
105726,Perhaps not surprisingly,3,7,2.333,6.39,13.11,14.53,16.87,14.61,9.05
105728,Offer choice: a spoken or,5,7,1.4,83.32,2.88,2.0,1.48,0.85,7.04
105730,It is hoped that ELT,5,5,1.0,117.16,-1.84,2.0,-3.16,-3.86,10.2
105731,AI tools in particular are,5,8,1.6,66.4,5.24,10.0,3.8,1.79,13.36
105732,In 2026,2,2,1.0,120.21,-3.01,0.8,-13.2,-6.3,11.63
105733,A common recommendation is to,5,10,2.0,32.56,9.96,10.0,7.28,4.62,10.2
105735,A student's Lexile measure reflects,5,9,1.8,49.48,7.6,2.0,13.08,10.27,13.36
105736,If you're not sure,4,4,1.0,118.18,-2.23,1.6,-2.9,-1.77,0.2
105737,St.,1,1,1.0,121.22,-3.4,0.4,-33.8,-6.8,19.48
105738,Texas Academy of Mathematics and,5,12,2.4,-1.28,14.68,18.0,10.76,7.45,13.36
105739,As the 2025–26 school,4,4,1.0,118.18,-2.23,1.6,1.45,1.77,7.78
105740,Charter schools have continued to,5,8,1.6,66.4,5.24,10.0,11.92,8.39,13.36
105741,While the state's overall public,5,8,1.6,66.4,5.24,10.0,9.6,7.45,10.2
105742,One of the most exciting,5,7,1.4,83.32,2.88,2.0,1.48,-0.09,0.25
105743,Whether through flex-based models,4,7,1.75,54.73,6.62,1.6,18.85,15.9,15.68
105744,Programs like Alamo Ranch K,5,8,1.6,66.4,5.24,10.0,4.96,2.74,13.36
105746,Insurance costs have also risen,5,9,1.8,49.48,7.6,10.0,9.6,6.5,13.36
105747,Charter schools have seen significant,5,9,1.8,49.48,7.6,10.0,16.56,12.16,13.36
105748,Absenteeism will further pressure school,5,11,2.2,15.64,12.32,10.0,20.04,14.98,10.2
105749,Your knowledge becomes a living,5,8,1.6,66.4,5.24,2.0,9.6,6.5,10.2
105750,As AI technology advances,4,9,2.25,12.43,12.52,21.6,8.7,6.48,15.68
105751,The adoption of concept maps,5,8,1.6,66.4,5.24,10.0,6.12,3.68,13.36
105752,Learn how Think Machine's AI,5,6,1.2,100.24,0.52,2.0,4.96,3.68,10.2
105753,This approach is especially helpful,5,9,1.8,49.48,7.6,10.0,14.24,10.27,10.2
105754,Furthermore,1,3,3.0,-47.98,20.2,40.4,18.4,30.88,19.48
105755,In this concept map,4,5,1.25,97.03,0.72,1.6,0.0,-0.59,7.78
105756,Your knowledge becomes a living,5,8,1.6,66.4,5.24,2.0,9.6,6.5,10.2
105757,Share:,1,1,1.0,121.22,-3.4,0.4,-16.4,7.33,0.05
105758,Neuroscience research shows that learning,5,10,2.0,32.56,9.96,10.0,21.2,15.92,16.52
105759,Children learning via a research,5,9,1.8,49.48,7.6,2.0,10.76,7.45,13.36
105760,This is always the first,5,6,1.2,100.24,0.52,2.0,1.48,-0.09,0.25
105761,Yes!,1,1,1.0,121.22,-3.4,0.4,-28.0,-2.09,0.05
105762,Children might experience a small,5,9,1.8,49.48,7.6,10.0,11.92,8.39,7.04
105763,Academic Outcomes That Match or,5,9,1.8,49.48,7.6,10.0,9.6,6.5,10.2
105764,One of the most important,5,7,1.4,83.32,2.88,2.0,2.64,0.85,0.25
105765,But without structures in place,5,7,1.4,83.32,2.88,2.0,9.6,6.5,7.04
105766,— the child's present levels of,5,7,1.4,83.32,2.88,2.0,6.12,1.48,10.2
105767,This portion of the IEP,5,6,1.2,100.24,0.52,2.0,0.32,-1.03,10.2
105768,The three main sections that,5,6,1.2,100.24,0.52,2.0,6.12,3.68,10.2
105771,Resources Mentioned in This Post,5,8,1.6,66.4,5.24,10.0,10.76,7.45,10.2
105772,Once you submit your request,5,7,1.4,83.32,2.88,2.0,6.12,3.68,10.2
105773,Report cards and teacher feedback,5,8,1.6,66.4,5.24,2.0,11.92,8.39,10.2
105774,Who develops the IEP?,4,6,1.5,75.88,3.67,11.6,1.45,1.77,11.73
105775,Does the child have a,5,5,1.0,117.16,-1.84,2.0,-2.0,-2.92,0.25
105776,Eligibility Determination: Based on the,5,14,2.8,-35.12,19.4,18.0,17.72,14.04,13.36
105777,IEP Meeting and Development: If,5,9,1.8,49.48,7.6,10.0,8.44,6.5,10.2
105778,At the beginning of the,5,7,1.4,83.32,2.88,2.0,0.32,-1.03,0.25
105779,Prepare or edit your Vision,5,8,1.6,66.4,5.24,2.0,4.96,2.74,10.2
105780,Placement is determined with the,5,8,1.6,66.4,5.24,10.0,10.76,7.45,10.2
105783,The exam content,3,5,1.667,62.79,5.25,1.2,1.4,2.05,14.31
105784,With the new format (20,5,6,1.2,100.24,0.52,2.0,-0.84,-1.03,10.2
105785,To do this,3,3,1.0,119.19,-2.62,1.2,-10.2,-7.37,0.15
105786,Phase One: USMLE Services for,5,7,1.4,83.32,2.88,10.0,6.12,4.62,13.36
105787,Instead,1,2,2.0,36.62,8.4,0.4,-4.8,12.04,0.05
105788,The updated test delivery software will provide a more consistent,10,19,1.9,35.95,10.73,16.0,13.72,9.95,12.03
105789,The new test delivery software will offer improvements to the,10,17,1.7,52.87,8.37,12.0,11.4,8.06,8.87
105790,Refer to the Bloom's Taxonomy,5,7,1.4,83.32,2.88,2.0,6.12,4.62,13.36
105792,What is Bloom's taxonomy of learning in simple terms?,9,12,1.333,84.9,3.65,3.6,8.62,6.62,11.1
105794,Remember: Can the student easily,5,10,2.0,32.56,9.96,10.0,9.6,7.45,10.2
105795,The Evaluating level of Bloom's,5,10,2.0,32.56,9.96,10.0,8.44,6.5,10.2
105796,Remember,1,3,3.0,-47.98,20.2,0.4,1.0,16.75,0.05
105797,Lower order thinking skills (LOTS,5,8,1.6,66.4,5.24,2.0,10.76,8.39,16.52
105798,Confirm PSLF works for your,5,6,1.2,100.24,0.52,2.0,4.96,2.74,13.36
105799,Because of changes in PSLF,5,7,1.4,83.32,2.88,2.0,3.8,1.79,10.2
105800,After completing the PSLF Help,5,8,1.6,66.4,5.24,10.0,8.44,5.56,10.2
105801,Simplifies student loan repayment by,5,10,2.0,32.56,9.96,18.0,15.4,11.21,13.36
105803,After 30 years of qualifying,5,9,1.8,49.48,7.6,10.0,6.12,3.68,13.36
105804,You may be eligible for forgiveness of up to $17,10,15,1.5,69.79,6.01,12.0,3.28,1.94,8.87
105805,Who Qualifies for a Merit,5,8,1.6,66.4,5.24,10.0,2.64,0.85,10.2
105807,5 Strong Scholarship Foundation,4,8,2.0,33.58,9.57,21.6,17.4,13.54,15.68
105809,When change is constant,4,5,1.25,97.03,0.72,1.6,5.8,4.12,7.78
105810,Skills Are Evolving Quickly,4,7,1.75,54.73,6.62,11.6,11.6,8.83,11.73
105811,AI is now embedded in,5,7,1.4,83.32,2.88,10.0,-2.0,-2.92,10.2
105812,As AI takes on routine,5,6,1.2,100.24,0.52,2.0,-0.84,-1.97,13.36
105813,In spite of—or maybe,4,5,1.25,97.03,0.72,1.6,0.0,0.59,11.73
105814,Small steps taken now can,5,6,1.2,100.24,0.52,2.0,2.64,0.85,7.04
105815,Leadership development is not new,5,10,2.0,32.56,9.96,18.0,11.92,8.39,10.2
105816,Training gives you the chance,5,6,1.2,100.24,0.52,2.0,7.28,4.62,10.2
105817,A common recommendation is to,5,10,2.0,32.56,9.96,10.0,7.28,4.62,10.2
105818,Lexile Measures,2,4,2.0,35.61,8.79,0.8,10.0,12.54,19.53
105819,Reading Comprehension “Sweet Spot”,4,8,2.0,33.58,9.57,11.6,18.85,17.07,7.78
105821,The Economic Fallout: Trillions at,5,10,2.0,32.56,9.96,10.0,11.92,9.33,13.36
105822,A developing super El Niño,5,9,1.8,49.48,7.6,10.0,3.8,1.79,16.52
105824,Furthermore,1,3,3.0,-47.98,20.2,40.4,18.4,30.88,19.48
105825,The mining and shipping sectors,5,8,1.6,66.4,5.24,2.0,9.6,6.5,13.36
105826,As CO2 dissolves in,4,5,1.25,97.03,0.72,1.6,0.0,-0.59,11.73
105827,"""Scientists can now quantify how",5,9,1.8,49.48,7.6,18.0,9.6,7.45,10.2
105828,Japan ranks first in the,5,6,1.2,100.24,0.52,2.0,1.48,-0.09,10.2
105829,A new study shows exactly,5,8,1.6,66.4,5.24,10.0,2.64,0.85,10.2
105830,This might not sound like,5,5,1.0,117.16,-1.84,2.0,2.64,0.85,0.25
105831,In the 200-plus years,4,4,1.0,118.18,-2.23,1.6,1.45,1.77,11.73
105832,Areas such as the Arctic,5,8,1.6,66.4,5.24,10.0,1.48,-0.09,10.2
105833,Blame massive plankton blooms that,5,7,1.4,83.32,2.88,2.0,13.08,9.33,13.36
105834,Ocean acidification: acidification of the,5,16,3.2,-68.96,24.12,18.0,20.04,15.92,10.2
105835,Associated chemical reactions can make,5,13,2.6,-18.2,17.04,26.0,17.72,13.1,13.36
105836,The acidity of the oceans,5,9,1.8,49.48,7.6,10.0,2.64,0.85,10.2
105837,Green initiatives can be portrayed,5,9,1.8,49.48,7.6,10.0,13.08,9.33,10.2
105838,A World Economic Forum (WEF,5,9,1.8,49.48,7.6,10.0,3.8,2.74,13.36
105839,The model baseline is a,5,7,1.4,83.32,2.88,2.0,0.32,-1.03,10.2
105840,The findings are stark: under,5,7,1.4,83.32,2.88,2.0,6.12,4.62,10.2
105841,UNEP's State of Finance for,5,7,1.4,83.32,2.88,2.0,3.8,2.74,10.2
105842,For every dollar invested in,5,10,2.0,32.56,9.96,10.0,6.12,3.68,7.04
105843,That bigger picture matters.,4,7,1.75,54.73,6.62,1.6,11.6,10.01,7.78
105844,Meanwhile,1,2,2.0,36.62,8.4,0.4,6.8,21.46,19.48
105845,Currently,1,3,3.0,-47.98,20.2,40.4,6.8,21.46,19.48
105846,Highly conservative estimates suggest that,5,12,2.4,-1.28,14.68,18.0,22.36,16.87,16.52
105847,However,1,3,3.0,-47.98,20.2,0.4,-4.8,12.04,0.05
105848,\n\n\n\n,1,1,1.0,121.22,-3.4,0.4,-22.2,16.75,19.48
105849,The primary cost driver stems,5,8,1.6,66.4,5.24,10.0,7.28,4.62,10.2
105850,The University of Michigan is,5,11,2.2,15.64,12.32,18.0,7.28,4.62,10.2
105851,Commercially Available Quantum Computers Cost,5,14,2.8,-35.12,19.4,26.0,25.84,19.69,16.52
105852,The grid of 2026 will,5,5,1.0,117.16,-1.84,2.0,-2.0,-2.92,10.2
105853,Note: excluding offshore wind connections,5,10,2.0,32.56,9.96,18.0,20.04,15.92,13.36
105854,This also presents a massive,5,8,1.6,66.4,5.24,2.0,6.12,3.68,10.2
105855,Projects selected through the Speed,5,8,1.6,66.4,5.24,10.0,14.24,10.27,10.2
105856,Experts estimate Europe needs to,5,9,1.8,49.48,7.6,10.0,10.76,7.45,16.52
105857,PJM supply and demand is,5,7,1.4,83.32,2.88,2.0,1.48,-0.09,13.36
105858,The 2026-2027 PJM capacity auction concluded with a final,9,16,1.778,47.3,8.9,12.49,11.84,8.71,14.61
105859,The 2026-2027 PJM capacity auction concluded with a final,9,16,1.778,47.3,8.9,12.49,11.84,8.71,14.61
105861,Less than a year ago,5,6,1.2,100.24,0.52,2.0,-3.16,-3.86,0.25
105862,PJM supply and demand is,5,7,1.4,83.32,2.88,2.0,1.48,-0.09,13.36
105863,IRENA's analysis shows that firm,5,9,1.8,49.48,7.6,10.0,9.6,7.45,16.52
105864,Firm levelised costs of electricity,5,11,2.2,15.64,12.32,10.0,14.24,10.27,13.36
105865,IRENA's estimates for 2025 show,5,8,1.6,66.4,5.24,10.0,8.44,6.5,13.36
105866,It was only after I,5,7,1.4,83.32,2.88,2.0,-4.32,-4.8,0.25
105867,$10 for members,3,4,1.333,90.99,1.31,1.2,-2.47,0.48,14.31
105868,Genetically modified crops (also known,5,11,2.2,15.64,12.32,18.0,16.56,13.1,13.36
105869,Improved survival and greater yield,5,9,1.8,49.48,7.6,10.0,14.24,10.27,16.52
105870,When farmers use these herbicide,5,8,1.6,66.4,5.24,10.0,10.76,7.45,10.2
105871,One way GMOs have benefitted,5,8,1.6,66.4,5.24,10.0,6.12,3.68,10.2
105872,This gene produces a toxic,5,8,1.6,66.4,5.24,10.0,3.8,1.79,13.36
105873,This includes innovations like no,5,9,1.8,49.48,7.6,10.0,11.92,8.39,10.2
105874,Additionally,1,5,5.0,-217.18,43.8,40.4,24.2,35.59,19.48
105875,Garg M,2,2,1.0,120.21,-3.01,0.8,-16.1,-8.65,19.53
105876,Created by adding beta carotene,5,11,2.2,15.64,12.32,18.0,9.6,6.5,16.52
105877,The bottom line,3,4,1.333,90.99,1.31,1.2,-0.53,0.48,0.15
105878,For example,2,4,2.0,35.61,8.79,20.8,-1.6,3.12,11.63
105879,For example,2,4,2.0,35.61,8.79,20.8,-1.6,3.12,11.63
105880,Abstract,1,2,2.0,36.62,8.4,0.4,1.0,16.75,19.48
105881,This radiation was likely fueled,5,10,2.0,32.56,9.96,10.0,10.76,7.45,10.2
105882,Photosynthesis by algae caused a,5,10,2.0,32.56,9.96,10.0,10.76,7.45,13.36
105883,In 2019,2,2,1.0,120.21,-3.01,0.8,-13.2,-6.3,11.63
105884,They believe the calcium surge,5,8,1.6,66.4,5.24,10.0,8.44,5.56,10.2
105885,The Cambrian “Goldilocks” window—,4,9,2.25,12.43,12.52,21.6,15.95,15.9,11.73
105886,We propose that cellular predator,5,10,2.0,32.56,9.96,18.0,11.92,8.39,13.36
105887,Such encounters likely produced an,5,9,1.8,49.48,7.6,10.0,13.08,9.33,10.2
105890,We estimate that this organic,5,9,1.8,49.48,7.6,18.0,7.28,4.62,10.2
105891,Our model addresses both multicellularity,5,14,2.8,-35.12,19.4,18.0,21.2,15.92,13.36
105892,In 2026,2,2,1.0,120.21,-3.01,0.8,-13.2,-6.3,11.63
105894,"The Router decides which ""Expert",5,8,1.6,66.4,5.24,2.0,9.6,7.45,13.36
105895,This is how GPT-4,4,4,1.0,118.18,-2.23,1.6,-4.35,-2.95,7.78
105896,The transformer isn't just,4,7,1.75,54.73,6.62,11.6,8.7,7.65,7.78
105898,This convergence means the transformer,5,9,1.8,49.48,7.6,18.0,17.72,13.1,10.2
105899,Transformer architectures remain one of,5,11,2.2,15.64,12.32,18.0,18.88,14.04,10.2
105900,The distortion is more pronounced,5,8,1.6,66.4,5.24,10.0,11.92,8.39,10.2
105901,Come September 2026,3,5,1.667,62.79,5.25,1.2,7.2,6.76,9.05
105902,Now,1,1,1.0,121.22,-3.4,0.4,-28.0,-6.8,0.05
105903,Using detailed simulations of the,5,10,2.0,32.56,9.96,10.0,11.92,8.39,13.36
105904,Astronomers believe that there are,5,9,1.8,49.48,7.6,10.0,13.08,9.33,7.04
105905,The explosion could leave behind,5,8,1.6,66.4,5.24,10.0,10.76,7.45,7.04
105906,This neutron star collision is,5,8,1.6,66.4,5.24,10.0,8.44,5.56,10.2
105907,“The galaxy collision triggered a,5,10,2.0,32.56,9.96,18.0,10.76,8.39,13.36
105908,Citation,1,3,3.0,-47.98,20.2,40.4,1.0,16.75,19.48
105910,"""Gravitational-wave astronomy is now",4,12,3.0,-51.02,21.37,21.6,21.75,19.43,11.73
105912,The unequal masses,3,6,2.0,34.59,9.18,14.53,5.27,5.19,14.31
105913,New research by astronomers from,5,9,1.8,49.48,7.6,10.0,10.76,7.45,10.2
105914,The study was published on,5,7,1.4,83.32,2.88,2.0,3.8,1.79,7.04
105915,Chandra Resolves Why Black Holes,5,7,1.4,83.32,2.88,2.0,10.76,7.45,13.36
105916,Using archival data from NASA's,5,10,2.0,32.56,9.96,10.0,8.44,6.5,16.52
105917,20 April 2026: The NASA,5,7,1.4,83.32,2.88,2.0,-0.84,-1.03,13.36
105918,NASA is celebrating the 36th,5,9,1.8,49.48,7.6,10.0,6.12,3.68,13.36
105919,NASA has now finished building,5,8,1.6,66.4,5.24,2.0,8.44,5.56,10.2
105920,Compare Hubble's two observations of,5,10,2.0,32.56,9.96,10.0,14.24,11.21,10.2
105921,In recent decades,3,5,1.667,62.79,5.25,1.2,3.33,3.62,14.31
105922,Previous research showed that wave,5,8,1.6,66.4,5.24,10.0,13.08,9.33,13.36
105923,By measuring the coherence in,5,9,1.8,49.48,7.6,18.0,7.28,4.62,10.2
105924,“Researchers have been working to,5,8,1.6,66.4,5.24,10.0,10.76,8.39,10.2
105925,If the photon passes through,5,7,1.4,83.32,2.88,2.0,6.12,3.68,10.2
105926,In addition,2,4,2.0,35.61,8.79,20.8,-1.6,3.12,11.63
105927,It is a remarkable time,5,8,1.6,66.4,5.24,10.0,0.32,-1.03,7.04
105928,But despite its power,4,6,1.5,75.88,3.67,1.6,2.9,1.77,7.78
105929,Base editing is a version,5,8,1.6,66.4,5.24,10.0,2.64,0.85,10.2
105930,CRISPR Therapeutics and Beam are,5,10,2.0,32.56,9.96,18.0,10.76,7.45,10.2
105931,Intellia Therapeutics's phase I trial,5,11,2.2,15.64,12.32,18.0,15.4,12.16,16.52
105932,This new timeline demonstrates how,5,8,1.6,66.4,5.24,10.0,13.08,9.33,10.2
105933,Lowery and his colleagues' new,5,8,1.6,66.4,5.24,10.0,7.28,5.56,10.2
105934,The researchers also identified other,5,12,2.4,-1.28,14.68,18.0,16.56,12.16,10.2
105935,Paleontologists have estimated that biodiversity,5,18,3.6,-102.8,28.84,26.0,29.32,22.52,13.36
105936,And that's important to understand,5,9,1.8,49.48,7.6,2.0,11.92,9.33,0.25
105937,Combining climate and ecological modeling,5,14,2.8,-35.12,19.4,26.0,21.2,15.92,16.52
105938,These atmospheric contaminants led to,5,11,2.2,15.64,12.32,18.0,16.56,12.16,10.2
105939,In stream and lake ecosystems,5,8,1.6,66.4,5.24,10.0,7.28,4.62,7.04
105942,MTPE and TMS integration,4,8,2.0,33.58,9.57,11.6,7.25,5.3,15.68
105943,Google Meet's Speech Translation now,5,7,1.4,83.32,2.88,10.0,14.24,11.21,13.36
105944,According to reports,3,6,2.0,34.59,9.18,14.53,9.13,8.33,14.31
105945,One more prominent trend you,5,7,1.4,83.32,2.88,10.0,6.12,3.68,10.2
105948,The terms “global warming” and “climate change” are,8,11,1.375,82.39,3.76,3.2,9.5,8.48,11.93
105949,Global warming: the increase in,5,8,1.6,66.4,5.24,2.0,8.44,6.5,13.36
105950,Although people tend to use,5,7,1.4,83.32,2.88,2.0,4.96,2.74,10.2
105951,Global warming is the long,5,7,1.4,83.32,2.88,2.0,3.8,1.79,10.2
105952,Climate data records provide evidence,5,11,2.2,15.64,12.32,10.0,16.56,12.16,19.67
105953,2 NASA > ≡ menu > Earth,4,6,1.5,75.88,3.67,1.6,-2.9,-7.99,15.68
105954,The planet has experienced climate,5,10,2.0,32.56,9.96,10.0,13.08,9.33,13.36
105955,Changes observed in Earth's climate,5,8,1.6,66.4,5.24,2.0,13.08,10.27,16.52
105956,While traditional natural selectors like,5,12,2.4,-1.28,14.68,26.0,20.04,14.98,13.36
105957,Modern environments can create new,5,10,2.0,32.56,9.96,10.0,13.08,9.33,13.36
105958,On reviewing the evidence,4,8,2.0,33.58,9.57,21.6,8.7,6.48,11.73
105959,Waring and Wood developed a,5,8,1.6,66.4,5.24,10.0,4.96,2.74,10.2
105960,According to multiple teams of,5,9,1.8,49.48,7.6,18.0,8.44,5.56,13.36
105961,We present a high-precision,4,8,2.0,33.58,9.57,11.6,10.15,8.83,7.78
105962,doi: https://doi.org,2,3,1.5,77.91,2.89,0.8,10.0,24.31,19.53
105963,Abstract,1,2,2.0,36.62,8.4,0.4,1.0,16.75,19.48
105964,Attempts to reconcile the patterns,5,9,1.8,49.48,7.6,10.0,13.08,9.33,13.36
105965,On land,2,2,1.0,120.21,-3.01,0.8,-13.2,-6.3,0.1
105967,For the first time in,5,5,1.0,117.16,-1.84,2.0,-2.0,-2.92,0.25
105968,INTRODUCTION,1,4,4.0,-132.58,32.0,40.4,24.2,35.59,19.48
105969,Turning laser fusion into an,5,9,1.8,49.48,7.6,2.0,6.12,3.68,13.36
105971,Tokamaks,1,2,2.0,36.62,8.4,0.4,1.0,16.75,19.48
105972,With ITER,2,2,1.0,120.21,-3.01,0.8,-7.4,-1.59,11.63
105973,While tokamaks produce this essential,5,9,1.8,49.48,7.6,10.0,16.56,12.16,13.36
105975,Global Workspace Theory (GWT) began,5,9,1.8,49.48,7.6,2.0,11.92,10.27,16.52
105976,Conscious vs.,2,4,2.0,35.61,8.79,0.8,1.3,7.83,19.53
105977,From my point of view,5,5,1.0,117.16,-1.84,2.0,-2.0,-2.92,0.25
105978,The Global Workspace: The central,5,8,1.6,66.4,5.24,2.0,10.76,8.39,13.36
105979,A theater metaphor and brain,5,9,1.8,49.48,7.6,10.0,6.12,3.68,7.04
105980,The stage receives sensory and,5,8,1.6,66.4,5.24,10.0,8.44,5.56,10.2
105981,What's unconscious is everything else,5,9,1.8,49.48,7.6,10.0,15.4,12.16,7.04
105982,Virtually every circuit in the,5,11,2.2,15.64,12.32,10.0,8.44,5.56,10.2
105983,Conscious vs.,2,4,2.0,35.61,8.79,0.8,1.3,7.83,19.53
105984,When conscious access occurs: brain,5,8,1.6,66.4,5.24,2.0,13.08,10.27,13.36
105985,Functional brain imaging now shows,5,9,1.8,49.48,7.6,18.0,13.08,9.33,13.36
105986,These developments established the theoretical,5,14,2.8,-35.12,19.4,26.0,27.0,20.63,13.36
105987,Google's efficient implementation of Shor's,5,11,2.2,15.64,12.32,18.0,21.2,17.81,16.52
105988,Here,1,1,1.0,121.22,-3.4,0.4,-22.2,-2.09,0.05
105989,A major misconception is that,5,9,1.8,49.48,7.6,10.0,7.28,4.62,7.04
105991,The 2025-2026 COVID-19,3,4,1.333,90.99,1.31,1.2,9.13,11.47,14.31
105992,Vaccine,1,2,2.0,36.62,8.4,0.4,-4.8,12.04,19.48
105993,Adam Finn,2,3,1.5,77.91,2.89,0.8,-7.4,-1.59,19.53
105994,These findings support the role,5,7,1.4,83.32,2.88,2.0,9.6,6.5,13.36
105996,Google is a major player,5,7,1.4,83.32,2.88,2.0,1.48,-0.09,7.04
105997,It has the advantage of,5,7,1.4,83.32,2.88,10.0,0.32,-1.03,7.04
105998,QEC schemes that employ codewords,5,7,1.4,83.32,2.88,2.0,11.92,8.39,16.52
105999,Important code families,3,7,2.333,6.39,13.11,14.53,14.93,13.04,14.31
106000,That moment has stayed with,5,6,1.2,100.24,0.52,2.0,4.96,2.74,7.04
106001,As we mark World AMR,5,6,1.2,100.24,0.52,2.0,-3.16,-3.86,7.04
106003,But we are facing a,5,6,1.2,100.24,0.52,2.0,-4.32,-4.8,0.25
106004,As resistant bacteria spread,4,9,2.25,12.43,12.52,21.6,13.05,10.01,11.73
106005,Cancer patients,2,4,2.0,35.61,8.79,0.8,10.0,12.54,19.53
106006,It is already undermining workforce,5,11,2.2,15.64,12.32,10.0,14.24,10.27,10.2
106007,If we treat AMR as,5,6,1.2,100.24,0.52,2.0,-5.48,-5.74,7.04
106008,Our own WHO regional vision,5,9,1.8,49.48,7.6,10.0,4.96,2.74,10.2
106009,These include how antibiotics used,5,10,2.0,32.56,9.96,10.0,13.08,9.33,10.2
106010,Climate change,2,3,1.5,77.91,2.89,0.8,7.1,10.18,11.63
106011,Read the key findings from,5,6,1.2,100.24,0.52,2.0,3.8,1.79,7.04
106012,The Voyager Golden Records contain,5,10,2.0,32.56,9.96,10.0,13.08,9.33,13.36
106013,After NASA had received criticism,5,11,2.2,15.64,12.32,10.0,11.92,8.39,13.36
106014,"The inclusion of Berry's ""Johnny",5,9,1.8,49.48,7.6,10.0,8.44,7.45,13.36
106015,Sagan's team wanted to include,5,7,1.4,83.32,2.88,2.0,7.28,5.56,13.36
106016,Here's a chance to send,5,5,1.0,117.16,-1.84,2.0,-0.84,-1.03,0.25
106017,What didn't make the,4,5,1.25,97.03,0.72,1.6,0.0,0.59,0.2
106018,The moves are part of,5,5,1.0,117.16,-1.84,2.0,-2.0,-2.92,7.04
106019,There's an established order in,5,8,1.6,66.4,5.24,10.0,8.44,6.5,10.2
106020,When the SOI is negative,5,7,1.4,83.32,2.88,10.0,1.48,-0.09,10.2
106021,Major El Niño events—such,4,6,1.5,75.88,3.67,1.6,7.25,6.48,15.68
106022,AlphaFold uses artificial intelligence to,5,13,2.6,-18.2,17.04,18.0,21.2,15.92,16.52
106023,In the 1970s,3,3,1.0,119.19,-2.62,1.2,-6.33,-4.23,9.05
106025,In 2020,2,2,1.0,120.21,-3.01,0.8,-13.2,-6.3,11.63
106026,These predictions covered nearly every,5,11,2.2,15.64,12.32,10.0,17.72,13.1,10.2
106027,In 2024,2,2,1.0,120.21,-3.01,0.8,-13.2,-6.3,11.63
106028,AlphaFold progressed from AF1 to,5,7,1.4,83.32,2.88,2.0,10.76,7.45,13.36
106029,Given an input list of,5,7,1.4,83.32,2.88,2.0,-0.84,-1.97,7.04
106030,Atom-level diffusion: The model,4,8,2.0,33.58,9.57,11.6,14.5,13.54,15.68
106031,The animation shows the protein,5,9,1.8,49.48,7.6,10.0,9.6,6.5,13.36
106032,During the competition,3,7,2.333,6.39,13.11,14.53,13.0,11.47,9.05
106033,Interestingly,1,5,5.0,-217.18,43.8,40.4,30.0,40.3,19.48
106034,Because genes in eukaryotes are,5,9,1.8,49.48,7.6,10.0,9.6,6.5,10.2
106035,ABSTRACT,1,2,2.0,36.62,8.4,0.4,1.0,16.75,19.48
106036,Once an mRNA is transcribed,5,6,1.2,100.24,0.52,2.0,4.96,2.74,10.2
106038,I recently read an article,5,9,1.8,49.48,7.6,18.0,3.8,1.79,10.2
106039,If you like to learn,5,5,1.0,117.16,-1.84,2.0,-3.16,-3.86,0.25
106040,Gravitation by Misner,3,7,2.333,6.39,13.11,14.53,11.07,9.9,14.31
106041,Strip away the rhetoric and,5,8,1.6,66.4,5.24,10.0,4.96,2.74,7.04
106042,According to recent reports from,5,9,1.8,49.48,7.6,10.0,10.76,7.45,13.36
106043,That figure matters because each,5,8,1.6,66.4,5.24,2.0,10.76,7.45,7.04
106044,Increasing global temperatures lead to,5,10,2.0,32.56,9.96,18.0,17.72,13.1,13.36
106046,Shor's algorithm is the most,5,8,1.6,66.4,5.24,10.0,4.96,3.68,10.2
106047,In the Big O notation,5,7,1.4,83.32,2.88,10.0,-2.0,-2.92,10.2
106048,Shor's algorithm is asymptotically faster,5,12,2.4,-1.28,14.68,18.0,20.04,15.92,16.52
106049,Simply put,2,3,1.5,77.91,2.89,0.8,-4.5,0.77,11.63
106051,"""Shor's algorithm"" usually refers to",5,12,2.4,-1.28,14.68,18.0,11.92,11.21,16.52
106052,"""The recommendations of the review",5,10,2.0,32.56,9.96,10.0,11.92,9.33,7.04
106054,The rover's robotic arm collects,5,9,1.8,49.48,7.6,10.0,9.6,7.45,13.36
106055,Curiosity is now studying how,5,11,2.2,15.64,12.32,18.0,7.28,4.62,10.2
106056,The rover's power comes from,5,7,1.4,83.32,2.88,2.0,4.96,3.68,10.2
106057,NASA's Curiosity rover is currently,5,13,2.6,-18.2,17.04,18.0,13.08,10.27,16.52
106058,Abstract,1,2,2.0,36.62,8.4,0.4,1.0,16.75,19.48
106059,The unpredictable nature,3,8,2.667,-21.81,17.05,14.53,16.87,14.61,14.31
106060,One of the biggest challenges,5,8,1.6,66.4,5.24,10.0,7.28,4.62,10.2
106061,However,1,3,3.0,-47.98,20.2,0.4,-4.8,12.04,0.05
106062,Many transmission and distribution lines,5,11,2.2,15.64,12.32,18.0,20.04,14.98,13.36
106063,While hail is still the,5,5,1.0,117.16,-1.84,2.0,0.32,-1.03,0.25
106064,Overheating components and inadequate fire,5,14,2.8,-35.12,19.4,26.0,22.36,16.87,13.36
106065,To be sure,3,3,1.0,119.19,-2.62,1.2,-10.2,-7.37,0.15
106067,Large-scale PV installations can,4,8,2.0,33.58,9.57,11.6,17.4,14.72,15.68
106068,For example,2,4,2.0,35.61,8.79,20.8,-1.6,3.12,11.63
106069,In July 2007,3,4,1.333,90.99,1.31,1.2,-6.33,-4.23,9.05
106070,Opportunity continually monitored Mars for,5,15,3.0,-52.04,21.76,26.0,22.36,16.87,16.52
106071,Two months later,3,4,1.333,90.99,1.31,1.2,1.4,2.05,14.31
106072,On August 26,3,4,1.333,90.99,1.31,1.2,-6.33,-4.23,9.05
106073,Coming from bio undergrad to,5,9,1.8,49.48,7.6,10.0,6.12,3.68,10.2
106074,Following the approach of the,5,8,1.6,66.4,5.24,2.0,7.28,4.62,7.04
106075,THE DESIGN-BUILD-TEST-LEARN (DBTL) APPROACH,4,6,1.5,75.88,3.67,1.6,27.55,27.67,15.68
106076,The cells being modified are,5,8,1.6,66.4,5.24,10.0,6.12,3.68,10.2
106077,Genetic Programs | MIT 20.020 Introduction to Biological Engineering Design,9,25,2.778,-32.73,18.94,24.02,18.87,11.91,17.9
106078,Go to SyntheticBiology,3,7,2.333,6.39,13.11,14.53,13.0,11.47,9.05
106079,Set and setting refers to,5,7,1.4,83.32,2.88,2.0,2.64,0.85,7.04
106080,NASA's Mars rover missions showcase,5,9,1.8,49.48,7.6,2.0,13.08,10.27,19.67
106081,While oxygen is the heaviest,5,9,1.8,49.48,7.6,18.0,6.12,3.68,10.2
106083,“Because of Mars' distance,4,6,1.5,75.88,3.67,1.6,7.25,7.65,11.73
106084,The martian surface is full,5,7,1.4,83.32,2.88,2.0,4.96,2.74,7.04
106085,To ensure the longevity and,5,9,1.8,49.48,7.6,10.0,4.96,2.74,10.2
106086,Abrasive Dust: Martian regolith contains,5,10,2.0,32.56,9.96,10.0,18.88,14.98,16.52
106088,The lack of a global,5,6,1.2,100.24,0.52,2.0,-3.16,-3.86,10.2
106089,That's the main reason rovers,5,7,1.4,83.32,2.88,2.0,6.12,4.62,10.2
106090,Intermediate-mass stars evolve into,4,11,2.75,-29.87,18.42,11.6,21.75,18.25,15.68
106091,Recent multi-messenger and gravitational,4,12,3.0,-51.02,21.37,21.6,29.0,24.14,15.68
106092,The nomenclature of neutron stars,5,9,1.8,49.48,7.6,10.0,11.92,8.39,13.36
106094,The latter opens up intriguing,5,9,1.8,49.48,7.6,10.0,8.44,5.56,13.36
106096,Unlike neutron stars,3,5,1.667,62.79,5.25,1.2,9.13,8.33,19.58
106097,Boson fields can clump up,5,6,1.2,100.24,0.52,2.0,2.64,0.85,10.2
106098,It is seen that depending,5,7,1.4,83.32,2.88,10.0,2.64,0.85,7.04
106099,Abstract,1,2,2.0,36.62,8.4,0.4,1.0,16.75,19.48
106100,The inner region's EoS indicates,5,10,2.0,32.56,9.96,10.0,9.6,7.45,16.52
106101,The consistency of gravastar was,5,10,2.0,32.56,9.96,18.0,10.76,7.45,10.2
106102,ABSTRACT,1,2,2.0,36.62,8.4,0.4,1.0,16.75,19.48
106103,The economics of the entire,5,10,2.0,32.56,9.96,18.0,4.96,2.74,10.2
106104,The long-standing argument that,4,8,2.0,33.58,9.57,21.6,15.95,13.54,11.73
106105,24/7 renewables: The economics,4,9,2.25,12.43,12.52,21.6,13.05,12.36,15.68
106106,IRENA's analysis shows that firm,5,9,1.8,49.48,7.6,10.0,9.6,7.45,16.52
106107,These hybrid solutions are well,5,8,1.6,66.4,5.24,10.0,9.6,6.5,10.2
106108,Renewable energy can also help,5,11,2.2,15.64,12.32,18.0,8.44,5.56,10.2
106110,The World Will Exceed the,5,6,1.2,100.24,0.52,2.0,2.64,0.85,7.04
106111,Google's flagship Imagen 4 represents,5,9,1.8,49.48,7.6,10.0,15.4,12.16,19.67
106112,DALL-E 3 has been,4,4,1.0,118.18,-2.23,1.6,-4.35,-2.95,11.73
106113,FLUX.1.1 Pro leads in,4,4,1.0,118.18,-2.23,1.6,0.0,1.77,15.68
106114,Juggernaut XL has been the,5,7,1.4,83.32,2.88,10.0,3.8,1.79,10.2
106116,The theory is controversial: a,5,9,1.8,49.48,7.6,10.0,7.28,5.56,10.2
106118,Here we discuss the case,5,6,1.2,100.24,0.52,2.0,1.48,-0.09,7.04
106119,IIT's bold claim,3,3,1.0,119.19,-2.62,1.2,-0.53,2.05,14.31
106120,IIT selectively appeals to intuition,5,12,2.4,-1.28,14.68,18.0,15.4,11.21,16.52
106121,Published today in Nature Astronomy,5,11,2.2,15.64,12.32,10.0,14.24,10.27,13.36
106122,Dense regions of dark matter are connected by lower-density,9,15,1.667,56.7,7.59,12.49,13.13,9.76,11.1
106123,In this way,3,3,1.0,119.19,-2.62,1.2,-8.27,-5.8,0.15
106124,For decades,2,3,1.5,77.91,2.89,0.8,-1.6,3.12,11.63
106125,Dark matter,2,3,1.5,77.91,2.89,0.8,-1.6,3.12,0.1
106126,Gravitational waves emitted by colliding,5,13,2.6,-18.2,17.04,26.0,20.04,14.98,16.52
106127,If two colliding black holes,5,7,1.4,83.32,2.88,10.0,6.12,3.68,10.2
106128,Using NASA's IXPE,3,6,2.0,34.59,9.18,1.2,1.4,3.62,19.58
106129,In an open-access study,4,7,1.75,54.73,6.62,11.6,4.35,4.12,7.78
106130,They estimate that this column,5,8,1.6,66.4,5.24,10.0,8.44,5.56,7.04
106131,They also determined that the,5,8,1.6,66.4,5.24,10.0,7.28,4.62,7.04
106132,A white dwarf's core is,5,5,1.0,117.16,-1.84,2.0,-0.84,-1.03,10.2
106133,"""The location of HD 190412",5,7,1.4,83.32,2.88,10.0,2.64,1.79,13.36
106134,Because WD 0525+526's origin,4,7,1.75,54.73,6.62,11.6,10.15,10.01,15.68
106135,"""Hubble's Cosmic Origins Spectrograph is",5,11,2.2,15.64,12.32,18.0,17.72,14.98,16.52
106136,Instead,1,2,2.0,36.62,8.4,0.4,-4.8,12.04,0.05
106137,Therefore,1,2,2.0,36.62,8.4,0.4,6.8,21.46,19.48
106138,Rather than beginning with the,5,8,1.6,66.4,5.24,2.0,8.44,5.56,0.25
106139,IIT does it the other,5,6,1.2,100.24,0.52,2.0,-2.0,-2.92,7.04
106140,Instead,1,2,2.0,36.62,8.4,0.4,-4.8,12.04,0.05
106141,The system must exert intrinsic,5,9,1.8,49.48,7.6,10.0,9.6,6.5,13.36
106142,(What would it even mean,5,6,1.2,100.24,0.52,2.0,0.32,-0.09,0.25
106143,Moreover,1,3,3.0,-47.98,20.2,40.4,1.0,16.75,19.48
106144,In line with IIT's Principle,5,7,1.4,83.32,2.88,10.0,4.96,3.68,10.2
106145,These are IIT's five axioms,5,7,1.4,83.32,2.88,10.0,3.8,2.74,10.2
106147,Intrinsic Existence: Consciousness exists for,5,12,2.4,-1.28,14.68,26.0,24.68,19.69,16.52
106148,Integration: Conscious experiences are unified,5,15,3.0,-52.04,21.76,26.0,25.84,20.63,16.52
106149,You experience a single,4,8,2.0,33.58,9.57,11.6,5.8,4.12,7.78
106150,Divide an ax you don,5,6,1.2,100.24,0.52,2.0,-3.16,-3.86,7.04
106151,According to IIT,3,5,1.667,62.79,5.25,14.53,1.4,2.05,14.31
106152,Phi measures the amount of,5,7,1.4,83.32,2.88,2.0,3.8,1.79,10.2
106153,More specifically,2,5,2.5,-6.69,14.69,20.8,15.8,17.25,11.63
106154,IIT proposes that the brain's,5,7,1.4,83.32,2.88,10.0,6.12,4.62,13.36
106155,According to IIT,3,5,1.667,62.79,5.25,14.53,1.4,2.05,14.31
106156,In our formalization,3,8,2.667,-21.81,17.05,14.53,9.13,8.33,9.05
106157,Together,1,3,3.0,-47.98,20.2,0.4,1.0,16.75,0.05
106158,On this basis,3,4,1.333,90.99,1.31,1.2,-4.4,-2.66,9.05
106159,Machine Consciousness: IIT offers a,5,9,1.8,49.48,7.6,10.0,13.08,10.27,13.36
106160,Its processing is sequential and,5,9,1.8,49.48,7.6,18.0,10.76,7.45,10.2
106162,The cerebellum is made up,5,7,1.4,83.32,2.88,10.0,2.64,0.85,7.04
106163,The transcription industry sits at,5,9,1.8,49.48,7.6,18.0,13.08,9.33,13.36
106164,As AI translations became faster,5,9,1.8,49.48,7.6,10.0,10.76,7.45,13.36
106165,While AI can generate quick,5,7,1.4,83.32,2.88,10.0,4.96,2.74,10.2
106166,Legal depositions with multiple attorneys,5,13,2.6,-18.2,17.04,26.0,21.2,15.92,16.52
106167,Evaluating 17 major LLMs in,5,10,2.0,32.56,9.96,10.0,4.96,2.74,13.36
106168,How has AI changed translation pricing in 2026?,8,11,1.375,82.39,3.76,8.2,8.78,6.12,13.9
106169,In human patients,3,5,1.667,62.79,5.25,1.2,3.33,3.62,14.31
106170,Traditional antidepressants (SSRIs,3,11,3.667,-106.41,28.85,27.87,34.27,30.31,19.58
106171,Rapid Synaptogenesis: Ketamine works by,5,12,2.4,-1.28,14.68,18.0,17.72,14.04,16.52
106172,Stress and trauma can cause,5,6,1.2,100.24,0.52,2.0,4.96,2.74,10.2
106173,Ketamine Revolution: Study Redefines Depression,5,15,3.0,-52.04,21.76,34.0,27.0,21.58,16.52
106174,Glutamate Activation: Ketamine primarily works,5,15,3.0,-52.04,21.76,34.0,25.84,20.63,19.67
106176,Synaptic Plasticity and Neurogenesis,4,10,2.5,-8.72,15.47,21.6,24.65,19.43,15.68
106177,At doses below a certain,5,8,1.6,66.4,5.24,2.0,1.48,-0.09,7.04
106179,“Pairing ketamine treatments with psychotherapy,5,13,2.6,-18.2,17.04,18.0,27.0,21.58,16.52
106180,IV infusion,2,4,2.0,35.61,8.79,20.8,-1.6,3.12,19.53
106181,Hours,1,2,2.0,36.62,8.4,0.4,-16.4,2.62,19.48
106182,A: A single infusion or,5,8,1.6,66.4,5.24,10.0,-0.84,-1.03,7.04
106183,Glutamate/Gamma-Aminobutyric Acid Neurotransmission,3,12,4.0,-134.61,32.78,27.87,65.2,57.0,19.58
106184,MAPS fully funded the trials,5,8,1.6,66.4,5.24,2.0,6.12,3.68,13.36
106185,The regulators wrote that about,5,9,1.8,49.48,7.6,10.0,9.6,6.5,7.04
106186,The comments aired during the,5,7,1.4,83.32,2.88,2.0,7.28,4.62,10.2
106187,“Concerns have been raised by,5,6,1.2,100.24,0.52,2.0,6.12,4.62,10.2
106188,According to Ross and Nickels,5,8,1.6,66.4,5.24,10.0,7.28,4.62,13.36
106189,Concern about heightened risk for,5,8,1.6,66.4,5.24,2.0,11.92,8.39,13.36
106190,Three research papers on MDMA,5,7,1.4,83.32,2.88,2.0,7.28,4.62,13.36
106191,Earlier this month,3,5,1.667,62.79,5.25,14.53,5.27,5.19,9.05
106192,The most common side effects,5,7,1.4,83.32,2.88,2.0,6.12,3.68,10.2
106193,In the full CRL to,5,5,1.0,117.16,-1.84,2.0,-5.48,-5.74,7.04
106194,Currently,1,3,3.0,-47.98,20.2,40.4,6.8,21.46,19.48
106195,Currently,1,3,3.0,-47.98,20.2,40.4,6.8,21.46,19.48
106196,Grid-forming (GFM) converters,3,7,2.333,6.39,13.11,27.87,20.73,22.46,19.58
106197,Abstract: The power grid is,5,7,1.4,83.32,2.88,2.0,3.8,2.74,10.2
106198,Inverter technology is paramount when,5,12,2.4,-1.28,14.68,26.0,16.56,12.16,13.36
106199,T&D cosimulation can effectively capture,5,13,2.6,-18.2,17.04,18.0,18.88,14.98,16.52
106200,Read the News Release,4,5,1.25,97.03,0.72,1.6,2.9,1.77,7.78
106201,Participants who received the psilocybin,5,12,2.4,-1.28,14.68,18.0,20.04,14.98,13.36
106203,The patient lies down on,5,6,1.2,100.24,0.52,2.0,1.48,-0.09,10.2
106204,In the absence of licensed,5,7,1.4,83.32,2.88,2.0,3.8,1.79,10.2
106205,However,1,3,3.0,-47.98,20.2,0.4,-4.8,12.04,0.05
106206,To obtain phage therapy through,5,8,1.6,66.4,5.24,10.0,9.6,6.5,13.36
106208,Therefore,1,2,2.0,36.62,8.4,0.4,6.8,21.46,19.48
106209,Any licensed physician in the,5,9,1.8,49.48,7.6,10.0,7.28,4.62,10.2
106210,Phage susceptibility testing is a,5,11,2.2,15.64,12.32,10.0,11.92,8.39,13.36
106211,However,1,3,3.0,-47.98,20.2,0.4,-4.8,12.04,0.05
106212,If you are not being,5,6,1.2,100.24,0.52,2.0,-3.16,-3.86,0.25
106214,Now,1,1,1.0,121.22,-3.4,0.4,-28.0,-6.8,0.05
106215,This transformation begins with beneficiation,5,13,2.6,-18.2,17.04,18.0,25.84,19.69,13.36
106216,All rare-earth ores contain,4,5,1.25,97.03,0.72,1.6,10.15,8.83,15.68
106217,In the basic process,4,6,1.5,75.88,3.67,1.6,1.45,0.59,11.73
106218,In the acid process the,5,7,1.4,83.32,2.88,2.0,0.32,-1.03,10.2
106219,In the basic process,4,6,1.5,75.88,3.67,1.6,1.45,0.59,11.73
106220,In the ion-exchange process,4,6,1.5,75.88,3.67,1.6,10.15,8.83,11.73
106221,Depending on where the stem,5,7,1.4,83.32,2.88,10.0,4.96,2.74,7.04
106222,Two examples are hematopoietic stem,5,11,2.2,15.64,12.32,18.0,14.24,10.27,10.2
106223,The hematopoietic system consists of,5,11,2.2,15.64,12.32,10.0,15.4,11.21,13.36
106224,In contrast,2,3,1.5,77.91,2.89,0.8,-1.6,3.12,11.63
106225,Bone marrow transplants (also called,5,8,1.6,66.4,5.24,2.0,14.24,11.21,13.36
106226,This type of stem cell is responsible for replenishing the,10,16,1.6,61.33,7.19,12.0,9.66,6.65,8.87
106227,Blood cancer: Stem cell transplants,5,7,1.4,83.32,2.88,2.0,13.08,10.27,10.2
106228,Broken bones: Providers may treat,5,8,1.6,66.4,5.24,10.0,10.76,8.39,10.2
106229,HSCs are generally not used,5,8,1.6,66.4,5.24,10.0,4.96,2.74,10.2
106230,Bone,1,1,1.0,121.22,-3.4,0.4,-22.2,-2.09,0.05
106231,Pluripotent stem cells are stem,5,7,1.4,83.32,2.88,10.0,9.6,6.5,10.2
106232,As an embryo reaches the,5,8,1.6,66.4,5.24,10.0,1.48,-0.09,10.2
106233,In 2006,2,2,1.0,120.21,-3.01,0.8,-13.2,-6.3,11.63
106234,Adult stem cells have been,5,6,1.2,100.24,0.52,2.0,3.8,1.79,10.2
106235,A qubit can act like,5,5,1.0,117.16,-1.84,2.0,-3.16,-3.86,7.04
106236,Quantum Computing facilitates the simulation,5,14,2.8,-35.12,19.4,26.0,24.68,18.75,16.52
106237,Quantum algorithms utilises the unique,5,11,2.2,15.64,12.32,10.0,17.72,13.1,16.52
106238,To escape the maze,4,5,1.25,97.03,0.72,1.6,-1.45,-1.77,7.78
106239,This enable Quantum Computers to,5,10,2.0,32.56,9.96,18.0,10.76,7.45,13.36
106240,Practical applications for quantum computing,5,13,2.6,-18.2,17.04,26.0,24.68,18.75,16.52
106241,Quantum Computing offers elevated privacy,5,14,2.8,-35.12,19.4,26.0,21.2,15.92,19.67
106242,Furthermore,1,3,3.0,-47.98,20.2,40.4,18.4,30.88,19.48
106243,Dragonfly,1,2,2.0,36.62,8.4,0.4,6.8,21.46,19.48
106244,Europa Clipper will make dozens,5,9,1.8,49.48,7.6,10.0,9.6,6.5,13.36
106245,Europa Clipper (previously known as,5,11,2.2,15.64,12.32,18.0,13.08,10.27,13.36
106246,Europa Clipper and juice are,5,8,1.6,66.4,5.24,10.0,6.12,3.68,10.2
106247,In the decades following Cassini,5,10,2.0,32.56,9.96,10.0,10.76,7.45,10.2
106249,The El Niño–Southern Oscillation,4,9,2.25,12.43,12.52,21.6,17.4,14.72,15.68
106250,During El Niño,3,4,1.333,90.99,1.31,1.2,-2.47,-1.09,14.31
106251,Forecasts of the ENSO cycles,5,8,1.6,66.4,5.24,2.0,6.12,3.68,13.36
106253,Offshore turbines in the 14,5,7,1.4,83.32,2.88,2.0,4.96,2.74,13.36
106254,From my perspective as Head,5,7,1.4,83.32,2.88,10.0,4.96,2.74,7.04
106255,Modern wind turbines are advanced,5,8,1.6,66.4,5.24,2.0,11.92,8.39,13.36
106256,In addition,2,4,2.0,35.61,8.79,20.8,-1.6,3.12,11.63
106257,The combination of autonomous inspections,5,13,2.6,-18.2,17.04,26.0,21.2,15.92,13.36
106259,Throughout 2025,2,3,1.5,77.91,2.89,0.8,10.0,12.54,19.53
106260,August 1,2,3,1.5,77.91,2.89,0.8,-10.3,-3.95,11.63
106261,In 2023,2,2,1.0,120.21,-3.01,0.8,-13.2,-6.3,11.63
106263,Things You Gotta Know,4,5,1.25,97.03,0.72,1.6,2.9,1.77,11.73
106264,Mumgaard said CFS plans to,5,5,1.0,117.16,-1.84,2.0,3.8,1.79,13.36
106265,Europe's largest nuclear fusion energy,5,12,2.4,-1.28,14.68,18.0,16.56,13.1,19.67
106266,By Nigel Davies,3,5,1.667,62.79,5.25,1.2,-0.53,0.48,14.31
106267,Top,1,1,1.0,121.22,-3.4,0.4,-28.0,-6.8,0.05
106268,Fusion Keeps Going Public - TAE,5,8,1.6,66.4,5.24,2.0,7.28,1.48,13.36
106269,General Fusion is on track,5,8,1.6,66.4,5.24,2.0,3.8,1.79,7.04
106270,The United States is already,5,9,1.8,49.48,7.6,2.0,6.12,3.68,0.25
106271,This 24-ton component,3,5,1.667,62.79,5.25,14.53,9.13,9.9,14.31
106272,Capital will accelerate commercial development,5,15,3.0,-52.04,21.76,26.0,27.0,20.63,13.36
106273,GM crops also undergo environmental,5,12,2.4,-1.28,14.68,18.0,14.24,10.27,16.52
106275,To produce a GMO plant,5,6,1.2,100.24,0.52,2.0,-0.84,-1.97,10.2
106276,After transformation,2,6,3.0,-48.99,20.59,20.8,24.5,24.31,11.63
106277,Insert: Next,2,3,1.5,77.91,2.89,0.8,-1.6,5.48,11.63
106278,Insert your new DNA into,5,9,1.8,49.48,7.6,10.0,1.48,-0.09,10.2
106279,tumefaciens inserts the desired genes,5,10,2.0,32.56,9.96,18.0,16.56,12.16,16.52
106280,Usually,1,4,4.0,-132.58,32.0,40.4,-4.8,12.04,19.48
106281,If successful,2,4,2.0,35.61,8.79,20.8,4.2,7.83,11.63
106283,If successful,2,4,2.0,35.61,8.79,20.8,4.2,7.83,11.63
106284,Before they are put on,5,6,1.2,100.24,0.52,2.0,-0.84,-1.97,0.25
106285,At that time,3,3,1.0,119.19,-2.62,1.2,-6.33,-4.23,0.15
106286,On average,2,4,2.0,35.61,8.79,20.8,-4.5,0.77,11.63
106287,This prediction is supported by,5,9,1.8,49.48,7.6,18.0,9.6,6.5,10.2
106288,Executing the world's first fusion,5,9,1.8,49.48,7.6,10.0,11.92,9.33,13.36
106289,This level of AI control,5,7,1.4,83.32,2.88,2.0,1.48,-0.09,10.2
106290,Power Purchase Agreements (PPAs):,4,8,2.0,33.58,9.57,11.6,15.95,15.9,15.68
106291,By 2017,2,2,1.0,120.21,-3.01,0.8,-13.2,-6.3,11.63
106292,The hazard of concern with,5,7,1.4,83.32,2.88,2.0,3.8,1.79,10.2
106294,RTGs used by U.S. spacecraft,5,7,1.4,83.32,2.88,2.0,3.8,3.68,10.2
106296,This is not the kind,5,5,1.0,117.16,-1.84,2.0,-3.16,-3.86,0.25
106297,Cassini has been touring Saturn,5,9,1.8,49.48,7.6,10.0,9.6,6.5,13.36
106298,The mission ended on September,5,9,1.8,49.48,7.6,2.0,8.44,5.56,10.2
106299,Perhaps most intriguing were Cassini's,5,10,2.0,32.56,9.96,18.0,16.56,13.1,10.2
106300,This would be bad news,5,5,1.0,117.16,-1.84,2.0,-0.84,-1.97,0.25
106302,In this review,3,4,1.333,90.99,1.31,1.2,-2.47,-1.09,0.15
106303,Announced on 8 May 2024,5,6,1.2,100.24,0.52,2.0,0.32,-1.03,13.36
106304,It has already inspired new,5,9,1.8,49.48,7.6,10.0,4.96,2.74,7.04
106305,The impact is visible in,5,8,1.6,66.4,5.24,10.0,1.48,-0.09,10.2
106306,Developed by Google DeepMind and,5,8,1.6,66.4,5.24,10.0,10.76,7.45,13.36
106307,All life processes in our,5,8,1.6,66.4,5.24,10.0,2.64,0.85,7.04
106308,With the ability to alter,5,9,1.8,49.48,7.6,10.0,2.64,0.85,10.2
106309,CRISPR works by targeting certain,5,10,2.0,32.56,9.96,18.0,11.92,8.39,13.36
106310,Such incorrect edits may lead,5,8,1.6,66.4,5.24,10.0,7.28,4.62,10.2
106311,Due to the possibility of off-target effects (edits in,9,16,1.778,47.3,8.9,8.04,9.27,7.14,11.1
106312,Also,1,2,2.0,36.62,8.4,0.4,-22.2,-2.09,0.05
106313,While somatic gene editing affects,5,10,2.0,32.56,9.96,18.0,13.08,9.33,16.52
106314,In CRISPR People: The Science,5,9,1.8,49.48,7.6,10.0,6.12,4.62,10.2
106315,To some,2,2,1.0,120.21,-3.01,0.8,-13.2,-6.3,0.1
106316,As mentioned earlier in the,5,8,1.6,66.4,5.24,10.0,4.96,2.74,10.2
106317,The 2018 case of the,5,5,1.0,117.16,-1.84,2.0,-3.16,-3.86,7.04
106320,The basic idea behind linking,5,10,2.0,32.56,9.96,2.0,7.28,4.62,10.2
106322,Through this psychotherapy,3,7,2.333,6.39,13.11,14.53,20.73,17.75,9.05
106323,Psychotherapy encompasses various approaches such,5,16,3.2,-68.96,24.12,34.0,30.48,23.46,16.52
106324,Central to CBASP is to,5,6,1.2,100.24,0.52,2.0,-0.84,-1.97,10.2
106325,There is growing consensus that,5,8,1.6,66.4,5.24,10.0,9.6,6.5,10.2
106326,A strong network can buffer,5,7,1.4,83.32,2.88,2.0,4.96,2.74,10.2
106327,Involvement of the caregiver (of,5,9,1.8,49.48,7.6,18.0,9.6,7.45,10.2
106328,Strong consensus emerged recommending augmentation,5,14,2.8,-35.12,19.4,26.0,31.64,24.4,16.52
106329,2010; Cuijpers et al.,4,4,1.0,118.18,-2.23,1.6,0.0,1.77,19.62
106330,Greater insight into the experience,5,11,2.2,15.64,12.32,10.0,14.24,10.27,13.36
106332,IPT helps patients resolve or,5,7,1.4,83.32,2.88,2.0,7.28,4.62,16.52
106333,Exercise.,1,3,3.0,-47.98,20.2,40.4,1.0,21.46,19.48
106334,Eating small,2,3,1.5,77.91,2.89,0.8,1.3,5.48,11.63
106335,Try to get good sleep,5,5,1.0,117.16,-1.84,2.0,-2.0,-2.92,0.25
106336,Best of all,3,3,1.0,119.19,-2.62,1.2,-8.27,-5.8,0.15
106338,Untreated anxiety takes a toll,5,10,2.0,32.56,9.96,18.0,8.44,5.56,16.52
106339,There may be times when,5,5,1.0,117.16,-1.84,2.0,0.32,-1.03,7.04
106340,In fact,2,2,1.0,120.21,-3.01,0.8,-13.2,-6.3,0.1
106341,Rather,1,2,2.0,36.62,8.4,0.4,-10.6,7.33,0.05
106342,Anxiety can also affect your,5,10,2.0,32.56,9.96,10.0,6.12,3.68,10.2
106343,“The other risk for untreated,5,8,1.6,66.4,5.24,10.0,6.12,4.62,10.2
106344,Anxiety disorders increase the risk,5,11,2.2,15.64,12.32,18.0,14.24,10.27,16.52
106345,Anxiety disorder is the most treatable of all mental illnesses,10,20,2.0,27.49,11.91,20.0,11.98,8.53,12.03
106346,The psychological interventions with the,5,12,2.4,-1.28,14.68,18.0,20.04,14.98,10.2
106347,Your healthcare provider will tailor,5,9,1.8,49.48,7.6,10.0,15.4,11.21,10.2
106349,Who developed the five stages,5,8,1.6,66.4,5.24,10.0,7.28,4.62,10.2
106350,The five stages model was,5,7,1.4,83.32,2.88,2.0,2.64,0.85,10.2
106351,The existence of these stages,5,8,1.6,66.4,5.24,10.0,7.28,4.62,10.2
106352,The stages were never meant,5,7,1.4,83.32,2.88,2.0,4.96,2.74,7.04
106353,This shift from observation to,5,8,1.6,66.4,5.24,10.0,8.44,5.56,10.2
106355,But if you work with,5,5,1.0,117.16,-1.84,2.0,-3.16,-3.86,0.25
106356,Weekday-Wednesday,1,5,5.0,-217.18,43.8,40.4,47.4,59.14,19.48
106357,Participants who want to be,5,8,1.6,66.4,5.24,10.0,4.96,2.74,7.04
106358,It offers a clear,4,5,1.25,97.03,0.72,1.6,-2.9,-2.95,7.78
106359,Psychological treatments can teach new,5,10,2.0,32.56,9.96,10.0,17.72,13.1,10.2
106360,These include psychological treatment and,5,11,2.2,15.64,12.32,10.0,21.2,15.92,13.36
106361,Psychological treatments for depression,4,11,2.75,-29.87,18.42,21.6,29.0,22.96,15.68
106362,CBT aims to modify the,5,7,1.4,83.32,2.88,10.0,-0.84,-1.97,13.36
106363,Interpersonal therapy (IPT) focuses on,5,13,2.6,-18.2,17.04,26.0,15.4,13.1,16.52
106365,SSRIs include citalopram (Celexa),4,7,1.75,54.73,6.62,1.6,17.4,15.9,19.62
106367,Sometimes,1,2,2.0,36.62,8.4,0.4,6.8,21.46,0.05
106368,You can't always prevent,4,6,1.5,75.88,3.67,1.6,5.8,5.3,7.78
106369,Getting regular exercise.,3,8,2.667,-21.81,17.05,27.87,16.87,16.18,14.31
106372,Upcoming Workshops,2,5,2.5,-6.69,14.69,20.8,18.7,19.6,19.53
106373,Techniques for Moving Key Processes,5,9,1.8,49.48,7.6,10.0,14.24,10.27,10.2
106374,Psychedelic-Assisted Therapy Through an,4,11,2.75,-29.87,18.42,21.6,27.55,22.96,11.73
106375,Offer ends on May 23,5,6,1.2,100.24,0.52,2.0,-3.16,-3.86,10.2
106376,From the outside,3,4,1.333,90.99,1.31,1.2,1.4,2.05,0.15
106377,The neurodiversity movement,3,5,1.667,62.79,5.25,1.2,22.67,19.32,14.31
106378,The collaborative stim cycles can,5,10,2.0,32.56,9.96,10.0,11.92,8.39,13.36
106379,Furthermore,1,3,3.0,-47.98,20.2,40.4,18.4,30.88,19.48
106380,According to the Child Mind,5,7,1.4,83.32,2.88,10.0,4.96,2.74,7.04
106381,Safe and Sound Protocol,4,6,1.5,75.88,3.67,11.6,5.8,4.12,7.78
106384,Anatomy of the autonomic nervous system,6,14,2.333,3.34,14.28,15.73,12.13,8.26,14.46
106385,Postsynaptic sympathetic neurons primarily release,5,15,3.0,-52.04,21.76,26.0,31.64,24.4,19.67
106387,Lastly,1,2,2.0,36.62,8.4,0.4,-10.6,7.33,19.48
106391,Axons end in terminal ganglia,5,10,2.0,32.56,9.96,18.0,7.28,4.62,13.36
106393,Modern customization technology has narrowed,5,14,2.8,-35.12,19.4,18.0,24.68,18.75,16.52
106394,While personalized gifts may carry,5,9,1.8,49.48,7.6,10.0,13.08,9.33,10.2
106395,34) 88% of the marketers,5,7,1.4,83.32,2.88,10.0,-0.84,-0.09,13.36
106396,Even if the company does,5,8,1.6,66.4,5.24,2.0,1.48,-0.09,0.25
106397,Strengthening close relationships (family,4,11,2.75,-29.87,18.42,21.6,30.45,25.31,11.73
106399,Myers-Briggs types categorize how,4,9,2.25,12.43,12.52,21.6,18.85,15.9,15.68
106400,Take the Test: After reading,5,7,1.4,83.32,2.88,2.0,4.96,3.68,0.25
106401,The most accurate way to,5,7,1.4,83.32,2.88,10.0,1.48,-0.09,7.04
106402,This guide doesn't take,4,5,1.25,97.03,0.72,1.6,4.35,4.12,0.2
106403,Type dynamics shows the order,5,8,1.6,66.4,5.24,10.0,7.28,4.62,13.36
106405,Each letter is one of,5,6,1.2,100.24,0.52,2.0,-2.0,-2.92,0.25
106408,Fail to pay close attention,5,7,1.4,83.32,2.88,2.0,4.96,2.74,0.25
106409,Some kids with ADHD have,5,6,1.2,100.24,0.52,2.0,1.48,-0.09,10.2
106410,Being constantly “on the go,5,8,1.6,66.4,5.24,10.0,3.8,2.74,7.04
106411,Fidget with or tap hands,5,6,1.2,100.24,0.52,2.0,1.48,-0.09,10.2
106412,These behaviors can be more,5,7,1.4,83.32,2.88,10.0,4.96,2.74,7.04
106413,When fidgeting is not enough,5,8,1.6,66.4,5.24,10.0,6.12,3.68,7.04
106414,“They interrupt and talk out,5,7,1.4,83.32,2.88,10.0,4.96,3.68,7.04
106415,An orderly environment where every,5,12,2.4,-1.28,14.68,18.0,13.08,9.33,10.2
106416,Stay away from or not,5,6,1.2,100.24,0.52,2.0,-2.0,-2.92,0.25
106417,Beyond belongings,2,5,2.5,-6.69,14.69,20.8,15.8,17.25,19.53
106418,Teens may do stupid things,5,6,1.2,100.24,0.52,2.0,3.8,1.79,13.36
106419,Hyperactive means being too active,5,10,2.0,32.56,9.96,10.0,13.08,9.33,10.2
106420,Run and climb in inappropriate,5,9,1.8,49.48,7.6,10.0,8.44,5.56,7.04
106421,Has a hard time staying,5,6,1.2,100.24,0.52,2.0,0.32,-1.03,7.04
106422,Another result of forgetfulness and,5,11,2.2,15.64,12.32,10.0,14.24,10.27,10.2
106426,Books worth of information,4,7,1.75,54.73,6.62,11.6,10.15,7.65,11.73
106427,Headspace costs $13 per month,5,6,1.2,100.24,0.52,2.0,6.12,4.62,16.52
106428,The app offers a premium,5,8,1.6,66.4,5.24,10.0,1.48,-0.09,13.36
106429,What is a Sankhara in,5,5,1.0,117.16,-1.84,2.0,-2.0,-2.92,7.04
106430,Vipassana cultivates a new skill,5,9,1.8,49.48,7.6,18.0,10.76,7.45,13.36
106431,This course teaches you to,5,6,1.2,100.24,0.52,2.0,3.8,1.79,7.04
106432,"So it's not just ""in",5,5,1.0,117.16,-1.84,2.0,-5.48,-3.86,0.25
106433,Why 10 days,3,3,1.0,119.19,-2.62,1.2,-8.27,-5.8,14.31
106434,Every day of the retreat,5,8,1.6,66.4,5.24,2.0,1.48,-0.09,7.04
106435,Once recognised primarily in military veterans,6,16,2.667,-24.85,18.22,29.07,18.9,13.75,14.46
106436,Training Description,2,5,2.5,-6.69,14.69,20.8,24.5,24.31,19.53
106437,This recognition acknowledges the psychological,5,15,3.0,-52.04,21.76,26.0,28.16,21.58,13.36
106438,The net result of widespread,5,7,1.4,83.32,2.88,2.0,6.12,3.68,10.2
106439,Once recognised primarily in military,5,13,2.6,-18.2,17.04,26.0,16.56,12.16,13.36
106440,These exposures can put alternative,5,10,2.0,32.56,9.96,18.0,14.24,10.27,10.2
106441,In conversation with current debates,5,10,2.0,32.56,9.96,10.0,15.4,11.21,13.36
106443,Given that music interventions offer,5,11,2.2,15.64,12.32,10.0,15.4,11.21,7.04
106444,Its impact can be devastating,5,9,1.8,49.48,7.6,10.0,7.28,4.62,10.2
106445,Moral injury is conceptualized as,5,12,2.4,-1.28,14.68,18.0,11.92,8.39,13.36
106446,If you've been following,4,6,1.5,75.88,3.67,1.6,5.8,5.3,0.2
106447,If you've been following,4,6,1.5,75.88,3.67,1.6,5.8,5.3,0.2
106448,In February 2026,3,6,2.0,34.59,9.18,1.2,1.4,2.05,9.05
106449,This systems-level organization is,4,10,2.5,-8.72,15.47,21.6,20.3,17.07,11.73
106450,Polyvagal-informed frameworks have been,4,9,2.25,12.43,12.52,11.6,27.55,22.96,11.73
106452,The theory explains that our,5,8,1.6,66.4,5.24,2.0,6.12,3.68,10.2
106453,The parallel with polyvagal-informed,4,10,2.5,-8.72,15.47,21.6,23.2,19.43,11.73
106454,Porges identified a hierarchical three,5,12,2.4,-1.28,14.68,18.0,17.72,13.1,13.36
106455,This immersive 5.5-hour workshop,4,7,1.75,54.73,6.62,11.6,15.95,14.72,15.68
106456,In contemporary contexts,3,8,2.667,-21.81,17.05,14.53,16.87,14.61,14.31
106457,Experimentation with course structures was,5,11,2.2,15.64,12.32,10.0,22.36,16.87,10.2
106458,Eleven studies were included (three,5,10,2.0,32.56,9.96,10.0,13.08,10.27,10.2
106459,Our brains,2,3,1.5,77.91,2.89,0.8,-4.5,0.77,11.63
106460,Typical production: 3-5 business,4,9,2.25,12.43,12.52,21.6,15.95,14.72,15.68
106461,Please note: Selecting an expedited,5,10,2.0,32.56,9.96,18.0,13.08,10.27,10.2
106462,Simple text only: Fastest option,5,9,1.8,49.48,7.6,2.0,9.6,7.45,13.36
106463,Anxiety disorders impose a significant,5,14,2.8,-35.12,19.4,26.0,17.72,13.1,16.52
106464,Anxiety disorder outpatient CCE from,5,12,2.4,-1.28,14.68,26.0,15.4,11.21,16.52
106466,Polyvagal theory reveals that fawning,5,10,2.0,32.56,9.96,10.0,16.56,12.16,16.52
106467,Research in polyvagal theory,4,8,2.0,33.58,9.57,11.6,13.05,10.01,15.68
106468,Complex trauma therapist Pete Walker,5,10,2.0,32.56,9.96,10.0,15.4,11.21,19.67
106469,What Is the Fawn Response,5,6,1.2,100.24,0.52,2.0,2.64,0.85,10.2
106470,These patterns are often rewarded,5,9,1.8,49.48,7.6,10.0,11.92,8.39,10.2
106473,You feel responsible for others,5,9,1.8,49.48,7.6,10.0,9.6,6.5,10.2
106474,Fawning shows up most clearly,5,7,1.4,83.32,2.88,2.0,7.28,4.62,13.36
106475,When you've spent decades,4,5,1.25,97.03,0.72,1.6,7.25,6.48,7.78
106477,Recognizing this pattern isn't,4,9,2.25,12.43,12.52,11.6,14.5,12.36,11.73
106478,It describes the learned behavior,5,8,1.6,66.4,5.24,10.0,11.92,8.39,10.2
106479,Healing begins when the survivor,5,9,1.8,49.48,7.6,10.0,10.76,7.45,13.36
106480,Key Takeaways: Misconceptions about ADHD's,5,11,2.2,15.64,12.32,18.0,20.04,16.87,13.36
106481,Centanafadine - New ADHD Medication in 2026 - LifeStance Health,8,15,1.875,40.09,9.66,13.2,18.2,8.0,13.9
106482,It is classified as a,5,7,1.4,83.32,2.88,10.0,-2.0,-2.92,7.04
106483,Across all age groups,4,5,1.25,97.03,0.72,1.6,2.9,1.77,7.78
106485,They scanned the brains of,5,5,1.0,117.16,-1.84,2.0,3.8,1.79,10.2
106486,Cognitively Engaging Exercises Improve Sustained,5,14,2.8,-35.12,19.4,26.0,29.32,22.52,16.52
106487,Research suggests that ADHD night,5,8,1.6,66.4,5.24,2.0,11.92,8.39,13.36
106489,They may fear that something,5,6,1.2,100.24,0.52,2.0,6.12,3.68,0.25
106490,They may react strongly to,5,7,1.4,83.32,2.88,2.0,3.8,1.79,10.2
106491,Contradictory behaviors shown one after,5,12,2.4,-1.28,14.68,18.0,18.88,14.04,13.36
106492,You might see a child,5,5,1.0,117.16,-1.84,2.0,-2.0,-2.92,0.25
106493,There is often constant scanning,5,8,1.6,66.4,5.24,2.0,10.76,7.45,10.2
106494,Freezing or stilling: The child,5,6,1.2,100.24,0.52,2.0,8.44,6.5,10.2
106495,Unlike secure attachment,3,7,2.333,6.39,13.11,14.53,16.87,14.61,19.58
106496,Withdrawn from others and hesitant,5,9,1.8,49.48,7.6,10.0,13.08,9.33,13.36
106497,Desire emotionally close relationships yet,5,13,2.6,-18.2,17.04,18.0,22.36,16.87,10.2
106498,They fear abandonment.,3,6,2.0,34.59,9.18,14.53,11.07,11.47,9.05
106499,They have trouble forming a,5,7,1.4,83.32,2.88,2.0,4.96,2.74,7.04
106500,Taking a compassionate approach to,5,10,2.0,32.56,9.96,10.0,13.08,9.33,10.2
106501,And neither of us can,5,6,1.2,100.24,0.52,2.0,-2.0,-2.92,0.25
106502,Vicarious trauma occurs when someone,5,11,2.2,15.64,12.32,10.0,15.4,11.21,13.36
106503,The primary cause of vicarious,5,10,2.0,32.56,9.96,18.0,8.44,5.56,10.2
106504,Certain factors contribute to an,5,9,1.8,49.48,7.6,10.0,10.76,7.45,10.2
106505,This work-related trauma exposure,4,8,2.0,33.58,9.57,11.6,18.85,15.9,15.68
106506,Common examples include working with,5,10,2.0,32.56,9.96,10.0,15.4,11.21,16.52
106507,Listening to traumatic material can,5,12,2.4,-1.28,14.68,26.0,14.24,10.27,13.36
106508,Nurse managers play an important,5,9,1.8,49.48,7.6,10.0,10.76,7.45,7.04
106509,Preventing and recovering from the,5,10,2.0,32.56,9.96,18.0,13.08,9.33,10.2
106510,Professionals working with trauma survivors,5,12,2.4,-1.28,14.68,18.0,23.52,17.81,16.52
106511,The “Five Stages of Grief,5,6,1.2,100.24,0.52,2.0,1.48,0.85,10.2
106513,Anger,1,2,2.0,36.62,8.4,0.4,-16.4,2.62,0.05
106515,During this stage,3,4,1.333,90.99,1.31,1.2,3.33,3.62,0.15
106516,"Depression – ""I'm so",3,5,1.667,62.79,5.25,14.53,1.4,0.09,14.31
106517,Why it isn't linear: These thoughts can cycle in,9,13,1.444,75.5,4.96,8.04,5.4,4.0,9.35
106518,Considered the fifth and last,5,7,1.4,83.32,2.88,10.0,7.28,4.62,7.04
106521,How long does intense grief,5,6,1.2,100.24,0.52,2.0,4.96,2.74,10.2
106522,When people say K Street,5,6,1.2,100.24,0.52,2.0,1.48,-0.09,7.04
106523,“K Street” is considered derogatory,5,11,2.2,15.64,12.32,18.0,11.92,10.27,13.36
106524,Americans of all political stripes,5,11,2.2,15.64,12.32,18.0,13.08,9.33,10.2
106525,Powdered ketamine is usually snorted,5,12,2.4,-1.28,14.68,18.0,15.4,11.21,16.52
106526,June 06,2,2,1.0,120.21,-3.01,0.8,-13.2,-6.3,11.63
106529,In severe cases,3,5,1.667,62.79,5.25,1.2,-0.53,0.48,14.31
106530,Chronic ketamine can severely damage,5,11,2.2,15.64,12.32,18.0,15.4,11.21,13.36
106531,Diminished attention.,2,6,3.0,-48.99,20.59,20.8,24.5,26.67,11.63
106532,Clumsiness or poor muscle control,5,9,1.8,49.48,7.6,10.0,11.92,8.39,13.36
106533,Two-thirds of the states,4,5,1.25,97.03,0.72,1.6,5.8,5.3,7.78
106534,Aside from the 2020 peak,5,6,1.2,100.24,0.52,2.0,1.48,-0.09,7.04
106535,They automatically send ballots to,5,10,2.0,32.56,9.96,10.0,13.08,9.33,10.2
106536,In 2022,2,2,1.0,120.21,-3.01,0.8,-13.2,-6.3,11.63
106537,What Are Acceptable Excuses to,5,10,2.0,32.56,9.96,18.0,8.44,5.56,10.2
106538,Aside from military and overseas,5,11,2.2,15.64,12.32,18.0,10.76,7.45,10.2
106539,The world has now brusquely,5,6,1.2,100.24,0.52,2.0,4.96,2.74,7.04
106540,The Ukraine war has coincided,5,9,1.8,49.48,7.6,10.0,7.28,4.62,10.2
106541,Rising defense budgets,3,6,2.0,34.59,9.18,1.2,13.0,11.47,9.05
106542,Germany launched a 100 billion,5,8,1.6,66.4,5.24,10.0,8.44,5.56,16.52
106543,In any endeavor to address,5,9,1.8,49.48,7.6,10.0,3.8,1.79,7.04
106544,Smart power integrates a country's,5,9,1.8,49.48,7.6,10.0,11.92,9.33,10.2
106545,The need for balance,4,5,1.25,97.03,0.72,1.6,1.45,0.59,7.78
106546,Reforms such as the Regulations,5,9,1.8,49.48,7.6,10.0,9.6,6.5,10.2
106547,The transition into 2026 has,5,8,1.6,66.4,5.24,10.0,6.12,3.68,10.2
106548,While states like Colorado have,5,8,1.6,66.4,5.24,10.0,9.6,6.5,7.04
106549,When a state law conflicts,5,6,1.2,100.24,0.52,2.0,3.8,1.79,7.04
106550,Judge Jacqueline H. Nguyen,4,7,1.75,54.73,6.62,11.6,8.7,7.65,15.68
106551,This is known as “conflict,5,6,1.2,100.24,0.52,2.0,2.64,1.79,7.04
106552,and conflict pre-emption,3,6,2.0,34.59,9.18,14.53,14.93,14.61,14.31
106553,This article unwinds the legal,5,9,1.8,49.48,7.6,10.0,8.44,5.56,13.36
106554,After some technical changes,4,8,2.0,33.58,9.57,11.6,13.05,10.01,11.73
106555,Under this approach,3,5,1.667,62.79,5.25,1.2,7.2,6.76,9.05
106556,The Court has always had,5,6,1.2,100.24,0.52,2.0,1.48,-0.09,0.25
106557,And it would ensure that,5,6,1.2,100.24,0.52,2.0,1.48,-0.09,7.04
106558,Congress should enact 18-year,4,6,1.5,75.88,3.67,1.6,13.05,11.18,15.68
106559,With an appointment every two,5,9,1.8,49.48,7.6,10.0,7.28,4.62,7.04
106560,After 18 years,3,4,1.333,90.99,1.31,1.2,-2.47,-1.09,14.31
106561,Agree preferential arrangements on improved,5,12,2.4,-1.28,14.68,18.0,23.52,17.81,13.36
106562,In 2026,2,2,1.0,120.21,-3.01,0.8,-13.2,-6.3,11.63
106564,Razali's proposal was in line,5,8,1.6,66.4,5.24,10.0,6.12,4.62,10.2
106565,There have been suggestions for,5,7,1.4,83.32,2.88,10.0,9.6,6.5,7.04
106566,As a result,3,4,1.333,90.99,1.31,1.2,-8.27,-5.8,9.05
106567,It mandates that whenever a,5,8,1.6,66.4,5.24,2.0,4.96,2.74,7.04
106568,Nonamendment reform refers to change,5,10,2.0,32.56,9.96,10.0,15.4,11.21,13.36
106569,The Veto Initiative exemplifies this,5,12,2.4,-1.28,14.68,18.0,15.4,11.21,13.36
106570,In the first stage,4,4,1.0,118.18,-2.23,1.6,-1.45,-1.77,0.2
106571,Any reform of the Security,5,10,2.0,32.56,9.96,10.0,3.8,1.79,10.2
106572,Originating in 1951 as the,5,9,1.8,49.48,7.6,10.0,3.8,1.79,10.2
106573,The EU is a union,5,6,1.2,100.24,0.52,2.0,-6.64,-6.68,10.2
106574,Website: European Commission,3,9,3.0,-50.01,20.98,27.87,22.67,20.89,19.58
106575,Because of its responsibility to,5,11,2.2,15.64,12.32,10.0,10.76,7.45,7.04
106576,A new EC is appointed,5,7,1.4,83.32,2.88,10.0,-2.0,-2.92,10.2
106578,Appointing the President,3,7,2.333,6.39,13.11,27.87,16.87,14.61,14.31
106579,The European Parliament does need,5,10,2.0,32.56,9.96,18.0,11.92,8.39,10.2
106580,The Taiwan Strait is still,5,6,1.2,100.24,0.52,2.0,3.8,1.79,10.2
106581,The Taiwan Strait,3,4,1.333,90.99,1.31,1.2,3.33,3.62,14.31
106582,In that case,3,3,1.0,119.19,-2.62,1.2,-6.33,-4.23,0.15
106583,Even a blockade by the,5,7,1.4,83.32,2.88,2.0,-0.84,-1.97,7.04
106584,The World Bank was established,5,7,1.4,83.32,2.88,10.0,8.44,5.56,7.04
106585,These banks include: Regional development,5,11,2.2,15.64,12.32,18.0,20.04,15.92,16.52
106586,But at a summit on,5,6,1.2,100.24,0.52,2.0,-5.48,-5.74,7.04
106587,On January 13,3,6,2.0,34.59,9.18,1.2,-4.4,-2.66,9.05
106588,The new bill would eliminate,5,8,1.6,66.4,5.24,10.0,6.12,3.68,7.04
106589,The bill targets a specific,5,8,1.6,66.4,5.24,10.0,4.96,2.74,10.2
106590,This bill would lock that standard into federal law for,10,14,1.4,78.25,4.83,8.0,7.92,5.24,7.29
106591,State Bans on Qualified Immunity,5,10,2.0,32.56,9.96,18.0,10.76,7.45,13.36
106592,They can outlaw qualified immunity,5,11,2.2,15.64,12.32,18.0,13.08,9.33,10.2
106593,Section 1983 allows individuals to,5,11,2.2,15.64,12.32,10.0,13.08,9.33,16.52
106594,The war's effects have gone,5,6,1.2,100.24,0.52,2.0,3.8,2.74,10.2
106595,The Russo-Ukrainian war began,4,8,2.0,33.58,9.57,11.6,13.05,11.18,7.78
106597,In the Ukraine conflict,4,6,1.5,75.88,3.67,1.6,5.8,4.12,11.73
106598,Entire towns have been reduced to ruin or cut apart,10,15,1.5,69.79,6.01,8.0,5.6,3.35,10.45
106599,Russia's destruction of Kakhovka Dam,5,9,1.8,49.48,7.6,10.0,14.24,11.21,13.36
106600,Using surface-to-surface missiles,3,9,3.0,-50.01,20.98,14.53,30.4,28.74,19.58
106601,However,1,3,3.0,-47.98,20.2,0.4,-4.8,12.04,0.05
106602,Russia continues to bombard Ukrainian,5,12,2.4,-1.28,14.68,18.0,16.56,12.16,16.52
106603,NATO is rearming and has,5,8,1.6,66.4,5.24,10.0,1.48,-0.09,10.2
106604,NCSL's survey found the average,5,9,1.8,49.48,7.6,10.0,8.44,6.5,13.36
106605,In fact,2,2,1.0,120.21,-3.01,0.8,-13.2,-6.3,0.1
106606,Costs can be offset by,5,6,1.2,100.24,0.52,2.0,-0.84,-1.97,10.2
106607,Where is ranked choice voting used?,6,7,1.167,102.05,0.52,2.4,7.3,5.12,9.2
106608,Poliquin requested a recount of,5,10,2.0,32.56,9.96,18.0,9.6,6.5,13.36
106609,policies – relating to the agreements,5,11,2.2,15.64,12.32,26.0,14.24,6.19,13.36
106610,Every country or separate customs,5,11,2.2,15.64,12.32,2.0,11.92,8.39,7.04
106611,STEP 1: The request for,5,6,1.2,100.24,0.52,2.0,-0.84,-1.03,10.2
106612,The applicant then presents a,5,8,1.6,66.4,5.24,10.0,7.28,4.62,10.2
106613, The applicant government presents,4,9,2.25,12.43,12.52,11.6,20.3,9.77,11.73
106614,Prospective members often undertake extensive,5,13,2.6,-18.2,17.04,26.0,25.84,19.69,16.52
106615,After all necessary background information,5,13,2.6,-18.2,17.04,18.0,22.36,16.87,10.2
106616,When the bilateral talks conclude,5,9,1.8,49.48,7.6,10.0,11.92,8.39,13.36
106617,Party,1,2,2.0,36.62,8.4,0.4,-16.4,2.62,0.05
106618,draft membership treaty -“protocol of,5,10,2.0,32.56,9.96,18.0,14.24,12.16,16.52
106619,Once the General Council or,5,8,1.6,66.4,5.24,2.0,4.96,2.74,7.04
106620,Protocol of Accession for this,5,9,1.8,49.48,7.6,18.0,8.44,5.56,10.2
106621,agreed” between the acceding government,5,11,2.2,15.64,12.32,10.0,17.72,14.04,10.2
106622,The WTO also has 23,5,6,1.2,100.24,0.52,2.0,-4.32,-4.8,10.2
106623,On May 15,3,3,1.0,119.19,-2.62,1.2,-12.13,-8.94,9.05
106625,On April 7,3,4,1.333,90.99,1.31,1.2,-10.2,-7.37,9.05
106626,Second,1,2,2.0,36.62,8.4,0.4,-10.6,7.33,0.05
106627,1 Overview of Impeachment Trials,5,10,2.0,32.56,9.96,18.0,10.76,7.45,16.52
106628,Learn more about the House's,5,7,1.4,83.32,2.88,2.0,4.96,3.68,7.04
106630,Res.,1,1,1.0,121.22,-3.4,0.4,-28.0,-2.09,19.48
106631,An impeachment is essentially the,5,10,2.0,32.56,9.96,18.0,11.92,8.39,10.2
106632,Many commentators have characterized the,5,12,2.4,-1.28,14.68,18.0,20.04,14.98,10.2
106636,The lowest rate is 10,5,6,1.2,100.24,0.52,2.0,-2.0,-2.92,10.2
106637,The law concerning federal limits,5,10,2.0,32.56,9.96,18.0,11.92,8.39,13.36
106638,2025),1,1,1.0,121.22,-3.4,0.4,-22.2,2.62,19.48
106639,Critically,1,4,4.0,-132.58,32.0,40.4,12.6,26.17,19.48
106640,In reaching this conclusion,4,7,1.75,54.73,6.62,11.6,11.6,8.83,11.73
106641,That approach departs from the,5,7,1.4,83.32,2.88,2.0,8.44,5.56,10.2
106642,In reaching this conclusion,4,7,1.75,54.73,6.62,11.6,11.6,8.83,11.73
106644,Charitable organizations operating with 501,5,15,3.0,-52.04,21.76,26.0,23.52,17.81,16.52
106645,Political activity and lobbying efforts,5,14,2.8,-35.12,19.4,26.0,18.88,14.04,16.52
106650,The psychological effects indicate a,5,12,2.4,-1.28,14.68,18.0,15.4,11.21,13.36
106652,4 July 2025,3,4,1.333,90.99,1.31,1.2,-8.27,-5.8,14.31
106653,This trend is likely explained,5,7,1.4,83.32,2.88,2.0,8.44,5.56,10.2
106657,Despite initial resource mobilization,4,12,3.0,-51.02,21.37,21.6,26.1,20.6,19.62
106658,We conducted this experiment in,5,10,2.0,32.56,9.96,18.0,9.6,6.5,10.2
106660,Nebraska and Maine have a,5,7,1.4,83.32,2.88,10.0,2.64,0.85,10.2
106661,In the Electoral College,4,8,2.0,33.58,9.57,11.6,7.25,5.3,7.78
106662,For 2028,2,2,1.0,120.21,-3.01,0.8,-10.3,-3.95,11.63
106663,Because the Electoral College is,5,10,2.0,32.56,9.96,10.0,10.76,7.45,7.04
106664,Caucusing can be an hours,5,7,1.4,83.32,2.88,2.0,2.64,0.85,10.2
106665,Earlier this week,3,5,1.667,62.79,5.25,14.53,3.33,3.62,9.05
106666,The numbers on U.S. Border,5,7,1.4,83.32,2.88,2.0,1.48,1.79,10.2
106667,Deaths in ICE custody at,5,7,1.4,83.32,2.88,10.0,1.48,-0.09,10.2
106668,If enacted,2,4,2.0,35.61,8.79,20.8,-4.5,0.77,11.63
106669,The State Department issued a,5,8,1.6,66.4,5.24,10.0,7.28,4.62,10.2
106670,A unanimous three-judge panel,4,9,2.25,12.43,12.52,11.6,13.05,11.18,15.68
106671,Supreme Court Prepares Hears Arguments,5,9,1.8,49.48,7.6,10.0,17.72,13.1,16.52
106672,With the November 2026 midterms,5,8,1.6,66.4,5.24,2.0,9.6,6.5,10.2
106673,The legislation would require Americans,5,13,2.6,-18.2,17.04,26.0,18.88,14.04,13.36
106674,Bronze plans have the highest,5,6,1.2,100.24,0.52,2.0,7.28,4.62,13.36
106675,ACA plans come in four,5,6,1.2,100.24,0.52,2.0,-0.84,-1.97,10.2
106676,If you rarely see your,5,6,1.2,100.24,0.52,2.0,-0.84,-1.97,7.04
106677,Bronze: These plans have the,5,5,1.0,117.16,-1.84,2.0,4.96,3.68,10.2
106678,If you think you'll,4,4,1.0,118.18,-2.23,1.6,-1.45,-0.59,0.2
106679,Yes.,1,1,1.0,121.22,-3.4,0.4,-28.0,-2.09,0.05
106680,The National Academy of Medicine,5,12,2.4,-1.28,14.68,18.0,10.76,7.45,10.2
106681,Rehabilitative and habilitative services and,5,16,3.2,-68.96,24.12,26.0,24.68,18.75,13.36
106682,Specific examples of covered services,5,12,2.4,-1.28,14.68,26.0,16.56,12.16,16.52
106683,In its second term,4,5,1.25,97.03,0.72,1.6,-1.45,-1.77,0.2
106684,In exchange for a three,5,6,1.2,100.24,0.52,2.0,0.32,-1.03,0.25
106685,The international arms race in,5,9,1.8,49.48,7.6,10.0,8.44,5.56,10.2
106686,Further,1,2,2.0,36.62,8.4,0.4,-4.8,12.04,0.05
106687,Developments remain in flux.,4,8,2.0,33.58,9.57,11.6,11.6,10.01,11.73
106688,Non-tariff trade barriers are,4,7,1.75,54.73,6.62,11.6,13.05,11.18,11.73
106689,Europe will be the main,5,6,1.2,100.24,0.52,2.0,0.32,-1.03,10.2
106690,The Trump administration has not,5,9,1.8,49.48,7.6,10.0,10.76,7.45,10.2
106691,But the barriers to trade,5,7,1.4,83.32,2.88,10.0,2.64,0.85,7.04
106692,2026 is the year when,5,5,1.0,117.16,-1.84,2.0,-2.0,-2.92,7.04
106693,As the war in Ukraine,5,6,1.2,100.24,0.52,2.0,-2.0,-2.92,7.04
106694,Vladimir Putin suggested that the,5,9,1.8,49.48,7.6,18.0,11.92,8.39,13.36
106696,A large part of Ukrainian,5,8,1.6,66.4,5.24,10.0,2.64,0.85,7.04
106697,Four years of war,4,4,1.0,118.18,-2.23,1.6,-2.9,-2.95,7.78
106698,However,1,3,3.0,-47.98,20.2,0.4,-4.8,12.04,0.05
106699,In December 2015 the Paris,5,8,1.6,66.4,5.24,2.0,3.8,1.79,10.2
106700,2007: Congress mandates emissions reporting,5,11,2.2,15.64,12.32,18.0,22.36,17.81,19.67
106701,A quick note on Medicaid,5,7,1.4,83.32,2.88,10.0,1.48,-0.09,7.04
106702,💻 Online,1,2,2.0,36.62,8.4,0.4,-10.6,-4.45,19.48
106704,Some adults ages 19–64 will need to renew their,9,12,1.333,84.9,3.65,3.6,5.4,3.48,11.1
106707,Despite reports of growing frustration,5,10,2.0,32.56,9.96,10.0,17.72,13.1,16.52
106709,Home | Updates | EU MEPs to,5,6,1.2,100.24,0.52,2.0,0.32,-4.8,13.36
106710,As pressure grows on Europe's,5,7,1.4,83.32,2.88,2.0,6.12,4.62,13.36
106711,MEP Matej Tonin (EPP,4,5,1.25,97.03,0.72,1.6,0.0,0.59,19.62
106712,“Cars which are using renewable,5,9,1.8,49.48,7.6,10.0,8.44,6.5,13.36
106713,Debate on the 13th successful,5,8,1.6,66.4,5.24,10.0,7.28,4.62,13.36
106716,The debate highlighted the increasing,5,10,2.0,32.56,9.96,18.0,16.56,12.16,13.36
106717,CBAM rapporteur seeks cross-party,4,7,1.75,54.73,6.62,11.6,18.85,15.9,19.62
106719,MEPs will also vote on,5,6,1.2,100.24,0.52,2.0,-0.84,-1.97,7.04
106720,They will also debate and,5,7,1.4,83.32,2.88,2.0,2.64,0.85,7.04
106721,But “essential products” are not,5,8,1.6,66.4,5.24,10.0,8.44,7.45,10.2
106722,A safeguard is a temporary,5,9,1.8,49.48,7.6,10.0,3.8,1.79,10.2
106723,Take non-tariff barriers in,4,7,1.75,54.73,6.62,11.6,10.15,8.83,11.73
106724,Such withdrawal shall apply both,5,8,1.6,66.4,5.24,10.0,10.76,7.45,10.2
106725,“One of the major risks,5,6,1.2,100.24,0.52,2.0,-0.84,-1.03,7.04
106726,There are two paths to,5,5,1.0,117.16,-1.84,2.0,-0.84,-1.97,7.04
106727,Asylum protects individuals who demonstrate,5,14,2.8,-35.12,19.4,26.0,23.52,17.81,16.52
106728,Asylum is a form of,5,7,1.4,83.32,2.88,10.0,-4.32,-4.8,7.04
106729,A person generally must apply,5,10,2.0,32.56,9.96,10.0,7.28,4.62,10.2
106730,Compelling Personal Narrative: Consistent,4,12,3.0,-51.02,21.37,41.6,30.45,25.31,19.62
106731,Acknowledgment of receipt of your,5,9,1.8,49.48,7.6,10.0,11.92,8.39,10.2
106732,Depending on where you live,5,7,1.4,83.32,2.88,10.0,4.96,2.74,7.04
106733,Appeals: If asylum is denied,5,9,1.8,49.48,7.6,10.0,4.96,3.68,13.36
106734,The defensive process is available,5,11,2.2,15.64,12.32,18.0,13.08,9.33,13.36
106735,Thorough documentation preparation is essential,5,15,3.0,-52.04,21.76,26.0,28.16,21.58,16.52
106736,Inside the United States,4,7,1.75,54.73,6.62,1.6,7.25,5.3,0.2
106737,Open primaries allow any registered,5,12,2.4,-1.28,14.68,18.0,14.24,10.27,10.2
106738,“Advocates for reform argue that,5,9,1.8,49.48,7.6,10.0,9.6,7.45,13.36
106739,A landmark study from the,5,7,1.4,83.32,2.88,2.0,2.64,0.85,7.04
106740,Closed primaries don't produce more ideologically extreme nominees,8,19,2.375,-2.21,15.56,18.2,22.55,17.31,15.88
106741,This could be a good,5,5,1.0,117.16,-1.84,2.0,-3.16,-3.86,0.25
106742,In many open primary states,5,9,1.8,49.48,7.6,10.0,4.96,2.74,7.04
106743,Rather,1,2,2.0,36.62,8.4,0.4,-10.6,7.33,0.05
106744,We also present evidence that,5,9,1.8,49.48,7.6,10.0,7.28,4.62,7.04
106745,Residents of states with nonpartisan,5,10,2.0,32.56,9.96,18.0,15.4,11.21,10.2
106746,“If this executive order were,5,9,1.8,49.48,7.6,10.0,6.12,4.62,7.04
106747,The Supreme Court heard oral,5,7,1.4,83.32,2.88,2.0,6.12,3.68,10.2
106748,In January 2025,3,6,2.0,34.59,9.18,1.2,-0.53,0.48,9.05
106749,In a flurry of executive,5,9,1.8,49.48,7.6,10.0,1.48,-0.09,10.2
106750,What's at Stake,3,3,1.0,119.19,-2.62,1.2,-2.47,0.48,9.05
106751,Also,1,2,2.0,36.62,8.4,0.4,-22.2,-2.09,0.05
106752,In McDonald v. City of,5,8,1.6,66.4,5.24,10.0,-2.0,-1.97,10.2
106753,Digital harm reduction refers to,5,10,2.0,32.56,9.96,18.0,10.76,7.45,13.36
106754,A key element of the,5,7,1.4,83.32,2.88,10.0,-3.16,-3.86,7.04
106755,Two functions of interactive response,5,10,2.0,32.56,9.96,10.0,16.56,12.16,13.36
106756,A new structural group for,5,7,1.4,83.32,2.88,10.0,3.8,1.79,7.04
106757,Research has shown that in,5,6,1.2,100.24,0.52,2.0,3.8,1.79,10.2
106758,Supports and enhances the Federal,5,10,2.0,32.56,9.96,18.0,11.92,8.39,13.36
106759,One moment that stands out,5,6,1.2,100.24,0.52,2.0,3.8,1.79,7.04
106760,The letter states that federal,5,8,1.6,66.4,5.24,10.0,8.44,5.56,7.04
106761,The Strategy doubles down on,5,8,1.6,66.4,5.24,10.0,6.12,3.68,10.2
106762,The right of the people,5,6,1.2,100.24,0.52,2.0,0.32,-1.03,0.25
106763,Many legal rights currently enjoyed,5,10,2.0,32.56,9.96,10.0,14.24,10.27,16.52
106764,Living Constitutionalists suggest that broad,5,12,2.4,-1.28,14.68,10.0,24.68,18.75,10.2
106765,This perspective emphasizes that the,5,10,2.0,32.56,9.96,18.0,15.4,11.21,10.2
106766,Critics argue that judges are,5,8,1.6,66.4,5.24,2.0,7.28,4.62,13.36
106768,The United States could see,5,7,1.4,83.32,2.88,2.0,4.96,2.74,0.25
106769,Our current ability to bring,5,10,2.0,32.56,9.96,10.0,6.12,3.68,10.2
106770,Comprehensive immigration reform (CIR),4,11,2.75,-29.87,18.42,21.6,24.65,21.78,19.62
106771,Creating a pathway to citizenship,5,11,2.2,15.64,12.32,18.0,11.92,8.39,13.36
106772,Those who enter and remain,5,7,1.4,83.32,2.88,2.0,3.8,1.79,0.25
106773,We must close loopholes that,5,6,1.2,100.24,0.52,2.0,6.12,3.68,7.04
106774,In 1986,2,2,1.0,120.21,-3.01,0.8,-13.2,-6.3,11.63
106775,This conclusion was just echoed,5,8,1.6,66.4,5.24,10.0,9.6,6.5,10.2
106776,At the time it was,5,5,1.0,117.16,-1.84,2.0,-5.48,-5.74,0.25
106777,Probable cause to arrest gives,5,8,1.6,66.4,5.24,10.0,8.44,5.56,13.36
106778,In a vehicular pat-down,4,8,2.0,33.58,9.57,11.6,4.35,4.12,11.73
106781,In a PBS News/NPR,4,6,1.5,75.88,3.67,11.6,-4.35,-2.95,11.73
106782,Overall,1,3,3.0,-47.98,20.2,40.4,-4.8,12.04,19.48
106783,78% of respondents in the,5,7,1.4,83.32,2.88,10.0,1.48,0.85,10.2
106784,On February 18,3,6,2.0,34.59,9.18,1.2,-2.47,-1.09,9.05
106785,United States,2,4,2.0,35.61,8.79,0.8,4.2,7.83,0.1
106786,The Supreme Court,3,4,1.333,90.99,1.31,1.2,3.33,3.62,9.05
106787,Ironically,1,4,4.0,-132.58,32.0,40.4,12.6,26.17,19.48
106788,In Loper Bright,3,4,1.333,90.99,1.31,1.2,-0.53,0.48,9.05
106789,Seeking to fill this gap,5,6,1.2,100.24,0.52,2.0,1.48,-0.09,10.2
106790,Congress must finally revisit decades,5,11,2.2,15.64,12.32,10.0,16.56,12.16,13.36
106791,Adding more self-petitioning pathways,4,9,2.25,12.43,12.52,11.6,24.65,20.6,15.68
106792,In 2023,2,2,1.0,120.21,-3.01,0.8,-13.2,-6.3,11.63
106793,Last month,2,2,1.0,120.21,-3.01,0.8,-4.5,0.77,0.1
106794,It just says that if,5,5,1.0,117.16,-1.84,2.0,-3.16,-3.86,7.04
106796,But the doctrine has also,5,7,1.4,83.32,2.88,2.0,2.64,0.85,7.04
106797,The Tenth Amendment has further,5,8,1.6,66.4,5.24,10.0,9.6,6.5,10.2
106798,The Tenth Amendment to the,5,7,1.4,83.32,2.88,10.0,3.8,1.79,10.2
106799,The Framers intended the Tenth,5,8,1.6,66.4,5.24,10.0,8.44,5.56,13.36
106801,Recent studies suggest the long,5,8,1.6,66.4,5.24,2.0,9.6,6.5,13.36
106802,In October 2021,3,5,1.667,62.79,5.25,1.2,-0.53,0.48,9.05
106803,By 2025,2,2,1.0,120.21,-3.01,0.8,-13.2,-6.3,11.63
106804,The biggest shift shaping 2026,5,7,1.4,83.32,2.88,2.0,8.44,5.56,16.52
106805,This change removes one of,5,6,1.2,100.24,0.52,2.0,3.8,1.79,7.04
106806,At the federal level,4,7,1.75,54.73,6.62,11.6,1.45,0.59,7.78
106807,Additionally,1,5,5.0,-217.18,43.8,40.4,24.2,35.59,19.48
106808,Colorado enacted SB 25-164,4,9,2.25,12.43,12.52,21.6,8.7,7.65,19.62
106810,Peter Beck,2,3,1.5,77.91,2.89,0.8,-4.5,0.77,19.53
106811,Executive Order 14161,3,7,2.333,6.39,13.11,14.53,11.07,9.9,14.31
106812,AI and Cybersecurity Threats,4,8,2.0,33.58,9.57,11.6,13.05,10.01,15.68
106813,On the eve of President,5,7,1.4,83.32,2.88,10.0,0.32,-1.03,7.04
106814,Throughout 2025,2,3,1.5,77.91,2.89,0.8,10.0,12.54,19.53
106815,Also during the year,4,6,1.5,75.88,3.67,1.6,1.45,0.59,0.2
106816,These actions prompted hundreds of,5,8,1.6,66.4,5.24,2.0,13.08,9.33,13.36
106817,As 2026 begins,3,4,1.333,90.99,1.31,1.2,-2.47,-1.09,14.31
106818,The European Council (informally EUCO,5,12,2.4,-1.28,14.68,18.0,15.4,12.16,16.52
106819,Location: Brussels (Belgium),3,7,2.333,6.39,13.11,14.53,18.8,20.89,19.58
106820,The members of the European,5,9,1.8,49.48,7.6,10.0,4.96,2.74,10.2
106821,Although it has no legislative,5,9,1.8,49.48,7.6,10.0,8.44,5.56,10.2
106822,decides on the EU's overall,5,9,1.8,49.48,7.6,10.0,3.8,2.74,13.36
106823,The Council of the European,5,9,1.8,49.48,7.6,10.0,4.96,2.74,10.2
106824,Composition,1,4,4.0,-132.58,32.0,40.4,18.4,30.88,19.48
106825,It is one of two,5,5,1.0,117.16,-1.84,2.0,-7.8,-7.63,0.25
106826,The Council of Europe: key facts,6,8,1.333,87.95,2.48,2.4,4.4,2.77,11.83
106827,The Council of Europe (CoE,5,7,1.4,83.32,2.88,2.0,2.64,1.79,13.36
106828,The Council of Europe was signed into existence on 5,10,15,1.5,69.79,6.01,8.0,6.18,3.82,12.03
106829,The best-known body of,4,6,1.5,75.88,3.67,1.6,2.9,2.94,7.78
106830,Normalization of drug abuse.,4,9,2.25,12.43,12.52,11.6,11.6,10.01,15.68
106832,Misconception: “Syringes will litter the,5,11,2.2,15.64,12.32,18.0,17.72,14.98,13.36
106833,Others fear secondary impacts SIFs,5,10,2.0,32.56,9.96,10.0,13.08,9.33,16.52
106834,Public health budgets often prioritize,5,11,2.2,15.64,12.32,10.0,17.72,13.1,10.2
106835,Unlike DACA which is an,5,6,1.2,100.24,0.52,2.0,0.32,-1.03,10.2
106836,In April 2026,3,4,1.333,90.99,1.31,1.2,-4.4,-2.66,9.05
106837,It builds on and formalizes,5,8,1.6,66.4,5.24,10.0,4.96,2.74,10.2
106838,Instead,1,2,2.0,36.62,8.4,0.4,-4.8,12.04,0.05
106839,The program grants renewable two,5,9,1.8,49.48,7.6,10.0,10.76,7.45,13.36
106840,Due to ongoing litigation,4,9,2.25,12.43,12.52,21.6,8.7,6.48,11.73
106841,The major appeal of a,5,7,1.4,83.32,2.88,2.0,-2.0,-2.92,7.04
106842,Even if the government scrapped,5,8,1.6,66.4,5.24,2.0,9.6,6.5,7.04
106844,In a means-tested system,4,8,2.0,33.58,9.57,11.6,5.8,5.3,11.73
106845,First it's paid into dedicated,5,9,1.8,49.48,7.6,10.0,7.28,5.56,7.04
106846,A UBI,2,2,1.0,120.21,-3.01,0.8,-19.0,-11.01,11.63
106847,The question they ask is,5,6,1.2,100.24,0.52,2.0,1.48,-0.09,0.25
106848,Thus,1,1,1.0,121.22,-3.4,0.4,-22.2,-2.09,19.48
106849,Assets must fall below certain,5,8,1.6,66.4,5.24,2.0,8.44,5.56,7.04
106850,Many adults aged 18 through,5,7,1.4,83.32,2.88,2.0,4.96,2.74,10.2
106851,Thieves place an illegal device,5,8,1.6,66.4,5.24,10.0,9.6,6.5,13.36
106852,State agencies and EBT processors,5,9,1.8,49.48,7.6,18.0,11.92,8.39,13.36
106853,Restricts purchase of processed foods,5,8,1.6,66.4,5.24,2.0,16.56,12.16,16.52
106854,Many of the policies the,5,8,1.6,66.4,5.24,10.0,1.48,-0.09,7.04
106857,Minnesota,1,4,4.0,-132.58,32.0,40.4,6.8,21.46,19.48
106858,Top-two primary systems,3,8,2.667,-21.81,17.05,27.87,13.0,13.04,19.58
106860,The court's warrants of arrest,5,7,1.4,83.32,2.88,2.0,7.28,5.56,13.36
106861,On 28 April,3,4,1.333,90.99,1.31,1.2,-8.27,-5.8,9.05
106863,The Hague-based ICC seeks,4,6,1.5,75.88,3.67,11.6,7.25,6.48,15.68
106864,U.S. opposition to the ICC,5,8,1.6,66.4,5.24,10.0,1.48,1.79,10.2
106865,South Africa in particular has,5,10,2.0,32.56,9.96,18.0,8.44,5.56,10.2
106866,Climate policy has been built,5,8,1.6,66.4,5.24,10.0,7.28,4.62,10.2
106867,We asked a large set,5,5,1.0,117.16,-1.84,2.0,-3.16,-3.86,7.04
106868,Clean Air Act (1970):,4,4,1.0,118.18,-2.23,1.6,-1.45,1.77,7.78
106869,A wide range of policies,5,7,1.4,83.32,2.88,10.0,1.48,-0.09,10.2
106870,Highest: preventing terrorism (83%),4,10,2.5,-8.72,15.47,21.6,17.4,18.25,19.62
106871,The main story of 2026,5,6,1.2,100.24,0.52,2.0,-0.84,-1.97,10.2
106872,The administration makes clear that,5,9,1.8,49.48,7.6,10.0,14.24,10.27,10.2
106873,The Rise of the 'Electrostate,5,7,1.4,83.32,2.88,10.0,6.12,4.62,7.04
106874,The global critical minerals supply,5,11,2.2,15.64,12.32,18.0,14.24,10.27,16.52
106875,These efforts include the Critical,5,9,1.8,49.48,7.6,10.0,13.08,9.33,13.36
106876,Assumption: Americans must spend more,5,10,2.0,32.56,9.96,18.0,15.4,12.16,10.2
106877,In particular,2,5,2.5,-6.69,14.69,20.8,4.2,7.83,11.63
106878,Section 1.,2,3,1.5,77.91,2.89,0.8,-7.4,0.77,19.53
106879,As we introduce this resolution,5,10,2.0,32.56,9.96,18.0,9.6,6.5,10.2
106881,The third section disqualifies federal,5,11,2.2,15.64,12.32,18.0,17.72,13.1,13.36
106882,The Due Process Clause of,5,6,1.2,100.24,0.52,2.0,2.64,0.85,10.2
106883,Callais,1,2,2.0,36.62,8.4,0.4,-4.8,12.04,19.48
106884,But Congress may by a,5,6,1.2,100.24,0.52,2.0,-2.0,-2.92,7.04
106885,The amendment,2,4,2.0,35.61,8.79,20.8,4.2,7.83,11.63
106886,The fourth section affirms public,5,8,1.6,66.4,5.24,2.0,11.92,8.39,10.2
106887,It is a restraint on,5,6,1.2,100.24,0.52,2.0,-3.16,-3.86,7.04
106888,Press rights,2,2,1.0,120.21,-3.01,0.8,1.3,5.48,19.53
106889,Another First Amendment issue at,5,10,2.0,32.56,9.96,10.0,10.76,7.45,10.2
106890,The law has been weaponized,5,6,1.2,100.24,0.52,2.0,4.96,2.74,7.04
106891,As lawmakers examine AI's broader,5,10,2.0,32.56,9.96,18.0,10.76,8.39,16.52
106892,What is clear is that,5,5,1.0,117.16,-1.84,2.0,-2.0,-2.92,0.25
106893,With implications extending into 2026,5,11,2.2,15.64,12.32,18.0,16.56,12.16,13.36
106894,The First Amendment restricts government,5,10,2.0,32.56,9.96,10.0,20.04,14.98,10.2
106895,Can Non-Citizens Be Legally,4,8,2.0,33.58,9.57,21.6,10.15,8.83,11.73
106896,Each state sets its own,5,5,1.0,117.16,-1.84,2.0,0.32,-1.03,7.04
106897,At the federal level,4,7,1.75,54.73,6.62,11.6,1.45,0.59,7.78
106898,They are measures intended to,5,8,1.6,66.4,5.24,10.0,7.28,4.62,10.2
106899,Supporters of more stringent voter,5,9,1.8,49.48,7.6,10.0,13.08,9.33,13.36
106900,Millions of voters do not,5,7,1.4,83.32,2.88,2.0,2.64,0.85,10.2
106901,Critics of voter ID laws,5,7,1.4,83.32,2.88,2.0,1.48,-0.09,16.52
106902,If the constitutional law casebooks,5,10,2.0,32.56,9.96,10.0,14.24,10.27,10.2
106904,Part of the possible confusion,5,9,1.8,49.48,7.6,10.0,8.44,5.56,7.04
106906,EU Budget (Section IV).,4,6,1.5,75.88,3.67,1.6,1.45,4.12,19.62
106907,The two jurisdictions that make,5,8,1.6,66.4,5.24,10.0,9.6,6.5,7.04
106908,It ensures that the EU's,5,7,1.4,83.32,2.88,2.0,0.32,-0.09,10.2
106909,interpreting the law (preliminary rulings,5,13,2.6,-18.2,17.04,18.0,20.04,15.92,13.36
106911,The Court of Justice rules on preliminary questions referred to,10,17,1.7,52.87,8.37,8.0,12.56,9.0,12.03
106912,It appears from the Council,5,7,1.4,83.32,2.88,2.0,4.96,2.74,10.2
106913,The General Court is the,5,7,1.4,83.32,2.88,2.0,1.48,-0.09,0.25
106914,The Judges elect a President,5,9,1.8,49.48,7.6,10.0,6.12,3.68,13.36
106915,the General Court,3,5,1.667,62.79,5.25,1.2,3.33,3.62,0.15
106916,Actions for annulment brought by individuals,6,13,2.167,17.45,12.32,15.73,16.97,12.18,11.83
106917,Fresh rounds of talks were,5,5,1.0,117.16,-1.84,2.0,3.8,1.79,10.2
106918,In recent months,3,4,1.333,90.99,1.31,1.2,1.4,2.05,14.31
106922,France,1,1,1.0,121.22,-3.4,0.4,-10.6,7.33,19.48
106923,Ukraine's Foreign Minister Andrii Sybiha,5,10,2.0,32.56,9.96,10.0,18.88,14.98,19.67
106924,an immediate and unconditional ceasefire,5,14,2.8,-35.12,19.4,26.0,20.04,14.98,13.36
106927,On July 7,3,4,1.333,90.99,1.31,1.2,-12.13,-8.94,9.05
106928,The Catalan independence movement (Catalan,5,13,2.6,-18.2,17.04,26.0,21.2,16.87,16.52
106929,The final reason is that,5,7,1.4,83.32,2.88,2.0,1.48,-0.09,7.04
106930,Catalonians suffered heavily under the,5,11,2.2,15.64,12.32,18.0,17.72,13.1,13.36
106931,With Catalans citing the amount,5,7,1.4,83.32,2.88,2.0,9.6,6.5,10.2
106932,Phase 1: Right to choose,5,5,1.0,117.16,-1.84,2.0,0.32,-0.09,10.2
106933,[6] In particular,3,6,2.0,34.59,9.18,14.53,-0.53,3.62,14.31
106934,In 2017,2,2,1.0,120.21,-3.01,0.8,-13.2,-6.3,11.63
106935,After Puigdemont's speech,3,6,2.0,34.59,9.18,14.53,16.87,16.18,9.05
106936,This period featured three key,5,8,1.6,66.4,5.24,10.0,8.44,5.56,10.2
106937,The controversial amnesty deal that,5,10,2.0,32.56,9.96,18.0,14.24,10.27,10.2
106938,The deal would see Catalonia,5,8,1.6,66.4,5.24,10.0,6.12,3.68,7.04
106939,By coupling tougher enforcement to,5,9,1.8,49.48,7.6,10.0,13.08,9.33,13.36
106940,Sponsorship pathways such as the,5,8,1.6,66.4,5.24,10.0,10.76,7.45,10.2
106941,In 2023,2,2,1.0,120.21,-3.01,0.8,-13.2,-6.3,11.63
106942,GeoMatch,1,2,2.0,36.62,8.4,0.4,1.0,16.75,19.48
106943,The U.S. State Department,4,6,1.5,75.88,3.67,11.6,5.8,6.48,7.78
106944,Such a program would allow,5,7,1.4,83.32,2.88,2.0,3.8,1.79,7.04
106945,Violent Immigration and Customs Enforcement,5,13,2.6,-18.2,17.04,26.0,23.52,17.81,16.52
106946,Do they not understand that,5,7,1.4,83.32,2.88,2.0,4.96,2.74,0.25
106947,While the United States once,5,7,1.4,83.32,2.88,2.0,6.12,3.68,0.25
106948,Bhutan has advanced a distinct,5,8,1.6,66.4,5.24,2.0,8.44,5.56,13.36
106949,Certain politically active nonprofits — notably,5,15,3.0,-52.04,21.76,26.0,25.84,14.04,16.52
106950,Establishing a 501(c)(,3,6,2.0,34.59,9.18,14.53,7.2,11.47,14.31
106951,This document should state the,5,7,1.4,83.32,2.88,10.0,8.44,5.56,7.04
106952,Organizations have historically used the,5,13,2.6,-18.2,17.04,18.0,20.04,14.98,10.2
106954,Starting March 9,3,4,1.333,90.99,1.31,1.2,1.4,2.05,14.31
106955,Statement of purpose of the,5,7,1.4,83.32,2.88,2.0,4.96,2.74,10.2
106956,In addition to submitting Form,5,9,1.8,49.48,7.6,18.0,8.44,5.56,10.2
106957,Their primary purpose must be,5,8,1.6,66.4,5.24,10.0,7.28,4.62,10.2
106958,Although section 501(c)(,3,5,1.667,62.79,5.25,1.2,11.07,14.61,19.58
106959,But the US Treasury and,5,7,1.4,83.32,2.88,10.0,0.32,-1.03,7.04
106961,Dark money groups mask the,5,6,1.2,100.24,0.52,2.0,3.8,1.79,7.04
106962,Many of the foregoing issues,5,9,1.8,49.48,7.6,10.0,6.12,3.68,10.2
106963,A super PAC,3,4,1.333,90.99,1.31,1.2,-8.27,-5.8,14.31
106964,We need a complete overhaul,5,8,1.6,66.4,5.24,10.0,4.96,2.74,10.2
106965,Comprehensive immigration reform (CIR),4,11,2.75,-29.87,18.42,21.6,24.65,21.78,19.62
106966,For all of these workers,5,6,1.2,100.24,0.52,2.0,1.48,-0.09,7.04
106967,The Taiwan Strait is a key shipping route,8,10,1.25,92.97,2.28,3.2,5.15,2.59,9.95
106968,The Taiwan Strait is the,5,6,1.2,100.24,0.52,2.0,1.48,-0.09,10.2
106969,Any possible disruption of merchant,5,11,2.2,15.64,12.32,10.0,14.24,10.27,10.2
106970,Legalization of marijuana means that,5,12,2.4,-1.28,14.68,18.0,15.4,11.21,10.2
106971,Adults in states where the,5,6,1.2,100.24,0.52,2.0,3.8,1.79,7.04
106972,Decriminalization refers to a policy,5,14,2.8,-35.12,19.4,18.0,15.4,11.21,13.36
106973,Decriminalization reduces the legal penalties,5,16,3.2,-68.96,24.12,26.0,25.84,19.69,16.52
106974,The legal frameworks for medical,5,9,1.8,49.48,7.6,10.0,10.76,7.45,13.36
106975,For example,2,4,2.0,35.61,8.79,20.8,-1.6,3.12,11.63
106976,Second,1,2,2.0,36.62,8.4,0.4,-10.6,7.33,0.05
106977,This presents several complications,4,9,2.25,12.43,12.52,11.6,23.2,18.25,11.73
106978,This allows increased access for,5,8,1.6,66.4,5.24,2.0,10.76,7.45,13.36
106979,Vladimir Putin suggested that the,5,9,1.8,49.48,7.6,18.0,11.92,8.39,13.36
106980,Putin told reporters on Saturday,5,9,1.8,49.48,7.6,10.0,10.76,7.45,10.2
106984,Kyiv and Moscow accuse each other of violating ceasefire,9,18,2.0,28.5,11.52,12.49,11.84,8.19,12.86
106985,By AFP,2,2,1.0,120.21,-3.01,0.8,-16.1,-8.65,11.63
106986,Trump's go-to deal maker,4,6,1.5,75.88,3.67,1.6,4.35,5.3,15.68
106987,A European diplomat said the,5,10,2.0,32.56,9.96,18.0,6.12,3.68,10.2
106991,Canada signs Council of Europe convention setting up an International,10,21,2.1,19.03,13.09,16.0,16.04,11.83,13.61
106992,There is an inescapable domestic,5,11,2.2,15.64,12.32,18.0,10.76,7.45,10.2
106993,Russia has weaponized this fact,5,7,1.4,83.32,2.88,2.0,9.6,6.5,10.2
106994,This balance-of-power principle,3,6,2.0,34.59,9.18,14.53,26.53,25.6,14.31
106995,The agenda outlines President Trump's,5,10,2.0,32.56,9.96,18.0,15.4,12.16,16.52
106996,Through such efforts,3,4,1.333,90.99,1.31,1.2,9.13,8.33,9.05
106997,Tariffs were introduced on advanced,5,9,1.8,49.48,7.6,10.0,14.24,10.27,13.36
106998,For critical minerals,3,7,2.333,6.39,13.11,27.87,11.07,9.9,14.31
106999,Developments remain in flux.,4,8,2.0,33.58,9.57,11.6,11.6,10.01,11.73
107000,On the same day as,5,5,1.0,117.16,-1.84,2.0,-5.48,-5.74,0.25
107001,Further,1,2,2.0,36.62,8.4,0.4,-4.8,12.04,0.05
107002,Editor's note:,2,4,2.0,35.61,8.79,20.8,1.3,10.18,11.63
107003,Mexico is ideally positioned to,5,11,2.2,15.64,12.32,26.0,9.6,6.5,13.36
107004,Addressing Challenges with the United,5,11,2.2,15.64,12.32,18.0,16.56,12.16,10.2
107005,The Administration states that it,5,9,1.8,49.48,7.6,10.0,11.92,8.39,7.04
107006,The ACA also established guaranteed issue,6,13,2.167,17.45,12.32,15.73,14.07,9.83,14.46
107007,The law provides consumers with,5,8,1.6,66.4,5.24,10.0,9.6,6.5,10.2
107008,This provision allows beneficiaries to,5,13,2.6,-18.2,17.04,18.0,17.72,13.1,13.36
107009,The medical loss ratio (MLR,5,9,1.8,49.48,7.6,18.0,3.8,2.74,13.36
107010,Typically,1,3,3.0,-47.98,20.2,40.4,6.8,21.46,19.48
107011,If you do not receive,5,6,1.2,100.24,0.52,2.0,-2.0,-2.92,0.25
107013,The interview and Assessment Center are both highly relevant to,10,18,1.8,44.41,9.55,16.0,12.56,9.0,10.45
107015,Review of administrative acts and secondary legislation,7,18,2.571,-17.81,17.48,19.94,20.57,15.04,10.75
107016,Commercial judicial review,3,8,2.667,-21.81,17.05,27.87,20.73,17.75,14.31
107017,The federal judicial power extends,5,11,2.2,15.64,12.32,18.0,13.08,9.33,13.36
107018,However in recent years it,5,8,1.6,66.4,5.24,2.0,3.8,1.79,10.2
107019,Courts in the United States,5,7,1.4,83.32,2.88,2.0,4.96,2.74,7.04
107020,In this case,3,3,1.0,119.19,-2.62,1.2,-6.33,-4.23,0.15
107021,But perhaps the most significant,5,9,1.8,49.48,7.6,10.0,10.76,7.45,7.04
107022,As a result of the,5,6,1.2,100.24,0.52,2.0,-5.48,-5.74,7.04
107023,Dark money is election spending,5,9,1.8,49.48,7.6,10.0,9.6,6.5,10.2
107024,Dark money allows the donors,5,8,1.6,66.4,5.24,2.0,6.12,3.68,10.2
107025,Professor Gerken will argue that,5,9,1.8,49.48,7.6,10.0,10.76,7.45,13.36
107026,Neither assumption,2,5,2.5,-6.69,14.69,20.8,18.7,19.6,11.63
107028,It creates better-informed voters,4,9,2.25,12.43,12.52,11.6,18.85,15.9,15.68
107029,How does vote-by-mail,3,4,1.333,90.99,1.31,1.2,7.2,9.9,9.05
107030,Absentee/mail-in voting delays election results,5,14,2.8,-35.12,19.4,18.0,25.84,21.58,19.67
107031,Mail ballot envelopes typically require,5,12,2.4,-1.28,14.68,26.0,18.88,14.04,16.52
107033,Connecticut League of,3,6,2.0,34.59,9.18,14.53,11.07,9.9,14.31
107034,What options do I have,5,6,1.2,100.24,0.52,2.0,-0.84,-1.97,7.04
107035,While 501(c)(3,2,2,1.0,120.21,-3.01,0.8,-1.6,10.18,11.63
107036,We train and support volunteers,5,8,1.6,66.4,5.24,10.0,9.6,6.5,10.2
107037,With its Save on Better,5,6,1.2,100.24,0.52,2.0,0.32,-1.03,0.25
107038,It takes disincentivizing racism and,5,11,2.2,15.64,12.32,18.0,15.4,11.21,13.36
107039,Charitable organizations operating with 501,5,15,3.0,-52.04,21.76,26.0,23.52,17.81,16.52
107040,Statutory stare decisis has traditionally,5,14,2.8,-35.12,19.4,26.0,21.2,15.92,13.36
107042,This creates a Kafkaesque trap,5,8,1.6,66.4,5.24,10.0,8.44,5.56,10.2
107044,Chinese and American Banks Hold,5,9,1.8,49.48,7.6,2.0,9.6,6.5,10.2
107048,The program focuses on leveraging,5,10,2.0,32.56,9.96,18.0,11.92,8.39,13.36
107049,The merger combines Fifth Third's,5,7,1.4,83.32,2.88,2.0,10.76,8.39,13.36
107050,Proponents of the Green New,5,7,1.4,83.32,2.88,10.0,4.96,2.74,7.04
107051,The jobs created must be,5,7,1.4,83.32,2.88,10.0,1.48,-0.09,10.2
107052,Jacobson: Such a transition will,5,9,1.8,49.48,7.6,18.0,9.6,7.45,10.2
107053,The GND's proposed goals,4,5,1.25,97.03,0.72,1.6,5.8,5.3,15.68
107054,More likely,2,3,1.5,77.91,2.89,0.8,-1.6,3.12,0.1
107055,Viewed from a global perspective,5,8,1.6,66.4,5.24,10.0,10.76,7.45,13.36
107056,In fact,2,2,1.0,120.21,-3.01,0.8,-13.2,-6.3,0.1
107057,The Green New Deal's job,5,5,1.0,117.16,-1.84,2.0,0.32,-0.09,7.04
107058,An open primary is a,5,8,1.6,66.4,5.24,10.0,-3.16,-3.86,7.04
107059,Open Primaries,2,5,2.5,-6.69,14.69,20.8,7.1,10.18,11.63
107060,In top-two primaries,3,7,2.333,6.39,13.11,27.87,7.2,8.33,14.31
107061,Two more states—Washington and,4,6,1.5,75.88,3.67,11.6,14.5,12.36,7.78
107062,Voters are going to the,5,7,1.4,83.32,2.88,2.0,0.32,-1.03,7.04
107063,March 3: Arkansas,3,5,1.667,62.79,5.25,14.53,1.4,3.62,14.31
107064,The original North American Free,5,11,2.2,15.64,12.32,10.0,10.76,7.45,7.04
107065,Understanding how tariffs,3,7,2.333,6.39,13.11,14.53,18.8,16.18,14.31
107066,Meanwhile,1,2,2.0,36.62,8.4,0.4,6.8,21.46,19.48
107067,First enacted in 1994,4,6,1.5,75.88,3.67,11.6,2.9,1.77,11.73
107068,Many workers and labor leaders,5,9,1.8,49.48,7.6,2.0,8.44,5.56,13.36
107069,The United States is currently,5,9,1.8,49.48,7.6,10.0,8.44,5.56,7.04
107070,The liberalization of trade has,5,10,2.0,32.56,9.96,10.0,9.6,6.5,7.04
107071,USMCA at risk — Rising tariffs,5,8,1.6,66.4,5.24,2.0,6.12,0.7,13.36
107072,The USMCA has failed to,5,6,1.2,100.24,0.52,2.0,0.32,-1.03,10.2
107073,The main structure of the,5,6,1.2,100.24,0.52,2.0,2.64,0.85,10.2
107074,The increased presence of maquiladoras,5,11,2.2,15.64,12.32,10.0,17.72,13.1,13.36
107075,Economic impact — Mexico depends on,5,12,2.4,-1.28,14.68,18.0,11.92,4.62,16.52
107076,However,1,3,3.0,-47.98,20.2,0.4,-4.8,12.04,0.05
107077,U.S. Representative Dan Goldman (D,5,10,2.0,32.56,9.96,10.0,9.6,9.33,16.52
107078,The Prison Policy Initiative released,5,12,2.4,-1.28,14.68,18.0,16.56,12.16,13.36
107079,Strengthen Corrections Ombudsman: Strengthen the,5,11,2.2,15.64,12.32,18.0,28.16,22.52,16.52
107080,Other promising programs include Atlanta,5,12,2.4,-1.28,14.68,18.0,20.04,14.98,16.52
107081,Establish “open hours court” for,5,9,1.8,49.48,7.6,10.0,8.44,7.45,10.2
107082,Fair Youth Interrogation: Prohibit the,5,11,2.2,15.64,12.32,18.0,16.56,13.1,10.2
107083,End Use of Solitary: End,5,8,1.6,66.4,5.24,10.0,0.32,-0.09,7.04
107084,Oppose Drug Mandatory Minimums: Resist,5,12,2.4,-1.28,14.68,18.0,16.56,13.1,19.67
107085,Provide Reentry Services for People,5,11,2.2,15.64,12.32,18.0,14.24,10.27,13.36
107086,Fair Chance Housing [PRIORITY]:,4,8,2.0,33.58,9.57,11.6,13.05,13.54,11.73
107087,Eliminate conviction-based barriers to,4,12,3.0,-51.02,21.37,31.6,26.1,21.78,15.68
107090,Here are the core principles,5,7,1.4,83.32,2.88,10.0,6.12,3.68,10.2
107091,Prohibited Contributions: Foreign nationals and,5,14,2.8,-35.12,19.4,26.0,27.0,21.58,16.52
107092,The Child Tax Credit for,5,6,1.2,100.24,0.52,2.0,1.48,-0.09,7.04
107093,What is the Child Tax,5,5,1.0,117.16,-1.84,2.0,-2.0,-2.92,0.25
107094,The Child Tax Credit (CTC,5,6,1.2,100.24,0.52,2.0,1.48,0.85,10.2
107095,If the credit exceeds income,5,8,1.6,66.4,5.24,2.0,6.12,3.68,10.2
107096,Other dependents—including children ages,4,11,2.75,-29.87,18.42,11.6,29.0,24.14,11.73
107098,Qualifying for the Child Tax,5,8,1.6,66.4,5.24,10.0,6.12,3.68,7.04
107099,Relationship: The child must be,5,8,1.6,66.4,5.24,10.0,8.44,6.5,7.04
107100,Support: The child must provide,5,7,1.4,83.32,2.88,2.0,8.44,6.5,10.2
107101,Citizenship: The child must be,5,8,1.6,66.4,5.24,10.0,7.28,5.56,7.04
107102,A child must have a,5,5,1.0,117.16,-1.84,2.0,-4.32,-4.8,0.25
107103,For 2025 taxes (for returns,5,7,1.4,83.32,2.88,2.0,3.8,2.74,13.36
107104,The federal government,3,7,2.333,6.39,13.11,14.53,13.0,11.47,9.05
107105,In 2025 and 2026,4,4,1.0,118.18,-2.23,1.6,-4.35,-4.12,11.73
107107,The Child Tax Credit amounts,5,7,1.4,83.32,2.88,2.0,6.12,3.68,10.2
107108,You have to file a,5,5,1.0,117.16,-1.84,2.0,-5.48,-5.74,0.25
107109,If you qualify,3,5,1.667,62.79,5.25,14.53,-2.47,-1.09,9.05
107110,If you claimed the Earned,5,5,1.0,117.16,-1.84,2.0,2.64,0.85,10.2
107112,Cosponsored H.R.,2,3,1.5,77.91,2.89,0.8,7.1,14.9,19.53
107113,This bill will pre-emptively,4,7,1.75,54.73,6.62,11.6,11.6,10.01,7.78
107114,Based on the VSL,4,4,1.0,118.18,-2.23,1.6,-4.35,-4.12,11.73
107115,The Committee's 20 practical,4,8,2.0,33.58,9.57,21.6,11.6,10.01,15.68
107116,Their recommendations include key policies,5,12,2.4,-1.28,14.68,18.0,22.36,16.87,13.36
107117,Deepening existing arrangements to reduce,5,12,2.4,-1.28,14.68,26.0,21.2,15.92,16.52
107118,Prioritise energy co-operation reconnecting,4,16,4.0,-135.62,33.17,41.6,33.35,27.67,19.62
107119,In such cases,3,4,1.333,90.99,1.31,1.2,-4.4,-2.66,9.05
107120,Whether a case involves genocide,5,9,1.8,49.48,7.6,10.0,10.76,7.45,13.36
107121,Before an OTP investigation can,5,10,2.0,32.56,9.96,10.0,9.6,6.5,10.2
107122,The ICC can initiate proceedings,5,10,2.0,32.56,9.96,18.0,10.76,7.45,13.36
107123,The Prosecution will not investigate,5,11,2.2,15.64,12.32,18.0,15.4,11.21,10.2
107124,The arrest warrants are executed,5,10,2.0,32.56,9.96,10.0,10.76,7.45,13.36
107125,The judges will then hear,5,6,1.2,100.24,0.52,2.0,2.64,0.85,7.04
107126,For this purpose,3,4,1.333,90.99,1.31,1.2,1.4,2.05,9.05
107127,Their legal representatives may consult,5,11,2.2,15.64,12.32,10.0,18.88,14.04,13.36
107128,The judgement issued by the,5,7,1.4,83.32,2.88,2.0,4.96,2.74,10.2
107129,Under the Evolution Roadmap,4,8,2.0,33.58,9.57,11.6,11.6,8.83,11.73
107130,Most of the prior actions,5,7,1.4,83.32,2.88,2.0,2.64,0.85,10.2
107132,President Donald Trump and his,5,8,1.6,66.4,5.24,10.0,8.44,5.56,13.36
107134,The notification indicates the voter's,5,12,2.4,-1.28,14.68,18.0,16.56,13.1,13.36
107135,In 15 states,3,3,1.0,119.19,-2.62,1.2,-6.33,-4.23,9.05
107136,Valid forms of identification differ,5,12,2.4,-1.28,14.68,10.0,15.4,11.21,16.52
107137,Your state's voter ID laws,5,6,1.2,100.24,0.52,2.0,2.64,1.79,16.52
107139,It has passed the House,5,5,1.0,117.16,-1.84,2.0,0.32,-1.03,7.04
107140,Voters would generally need to,5,9,1.8,49.48,7.6,10.0,8.44,5.56,10.2
107141,Proponents of voter ID laws,5,8,1.6,66.4,5.24,10.0,4.96,2.74,16.52
107142,Opponents,1,3,3.0,-47.98,20.2,40.4,6.8,21.46,19.48
107143,Yet,1,1,1.0,121.22,-3.4,0.4,-28.0,-6.8,0.05
107145,Major decisions are recorded in,5,10,2.0,32.56,9.96,18.0,9.6,6.5,10.2
107146,It is not the often,5,6,1.2,100.24,0.52,2.0,-4.32,-4.8,0.25
107147,There,1,1,1.0,121.22,-3.4,0.4,-16.4,2.62,0.05
107148,Before being submitted,3,7,2.333,6.39,13.11,14.53,13.0,11.47,9.05
107149,Every month,2,4,2.0,35.61,8.79,0.8,-1.6,3.12,0.1
107150,The presidency sets priorities,4,10,2.5,-8.72,15.47,21.6,15.95,12.36,15.68
107151,View the calendar,3,5,1.667,62.79,5.25,1.2,3.33,3.62,0.15
107152,Not everything happens behind closed,5,9,1.8,49.48,7.6,2.0,15.4,11.21,10.2
107153,Language proficiency: Fluency in English,5,12,2.4,-1.28,14.68,18.0,18.88,14.98,10.2
107154,In a single payer healthcare,5,8,1.6,66.4,5.24,2.0,6.12,3.68,10.2
107155,Single-payer healthcare is a system where one agency pays,9,15,1.667,56.7,7.59,12.49,11.84,8.71,12.86
107156,It's a lot like Medicare,5,7,1.4,83.32,2.88,10.0,0.32,-0.09,7.04
107157,Description,1,3,3.0,-47.98,20.2,40.4,18.4,30.88,19.48
107158,No one will have to,5,5,1.0,117.16,-1.84,2.0,-4.32,-4.8,0.25
107159,Under this system,3,5,1.667,62.79,5.25,1.2,3.33,3.62,9.05
107160,Health coverage is not affected,5,9,1.8,49.48,7.6,18.0,9.6,6.5,10.2
107161,The concept is distinct from,5,7,1.4,83.32,2.88,2.0,6.12,3.68,10.2
107162,“A system of health care,5,6,1.2,100.24,0.52,2.0,0.32,-0.09,7.04
107163,In recent years,3,4,1.333,90.99,1.31,1.2,-0.53,0.48,14.31
107165,Colorado requires all insurers offering,5,14,2.8,-35.12,19.4,34.0,18.88,14.04,16.52
107166,This year,2,2,1.0,120.21,-3.01,0.8,-7.4,-1.59,0.1
107167,The Health Insurance Marketplace®,4,8,2.0,33.58,9.57,21.6,18.85,15.9,11.73
107168,If you experience a life,5,8,1.6,66.4,5.24,10.0,1.48,-0.09,7.04
107169,The public option maintains the,5,8,1.6,66.4,5.24,2.0,9.6,6.5,10.2
107170,Clearer rules for resolving conflicts,5,9,1.8,49.48,7.6,10.0,16.56,12.16,16.52
107171,Parliamentary Europe is in urgent need of a democratic jolt,10,19,1.9,35.95,10.73,12.0,10.24,7.12,12.03
107172,Modernising Parliament's ways of working,5,10,2.0,32.56,9.96,18.0,18.88,14.98,16.52
107173,For wide-ranging or complex,4,6,1.5,75.88,3.67,1.6,10.15,8.83,11.73
107174,Following Parliament's resolutions calling for,5,13,2.6,-18.2,17.04,18.0,25.84,20.63,10.2
107175,The rules indicate what potential,5,9,1.8,49.48,7.6,18.0,11.92,8.39,13.36
107176,Whistleblowers,1,4,4.0,-132.58,32.0,40.4,35.8,45.01,19.48
107177,No fund manager is required,5,9,1.8,49.48,7.6,10.0,4.96,2.74,10.2
107178,What is international trade?,4,8,2.0,33.58,9.57,11.6,11.6,10.01,7.78
107179,Tariffs are taxes on imports,5,8,1.6,66.4,5.24,2.0,6.12,3.68,13.36
107180,These agreements can reduce tariffs,5,9,1.8,49.48,7.6,10.0,14.24,10.27,13.36
107181,For people age 60 and,5,6,1.2,100.24,0.52,2.0,-2.0,-2.92,7.04
107182,If an older adult or,5,7,1.4,83.32,2.88,2.0,-3.16,-3.86,10.2
107183,As someone disabled you could,5,8,1.6,66.4,5.24,10.0,7.28,4.62,7.04
107184,You may be able to,5,6,1.2,100.24,0.52,2.0,-5.48,-5.74,0.25
107185,“Staple foods like rice,4,5,1.25,97.03,0.72,1.6,4.35,4.12,11.73
107187,The circuitry detects the change,5,8,1.6,66.4,5.24,10.0,10.76,7.45,10.2
107188,Battery Conservation or Smart Standby.,5,11,2.2,15.64,12.32,18.0,16.56,13.1,13.36
107190,Doesn't mean anything right,4,7,1.75,54.73,6.62,1.6,10.15,8.83,0.2
107191,“The rest of the UK,5,5,1.0,117.16,-1.84,2.0,-5.48,-4.8,7.04
107192,Scotland hasn't voted Tory,4,8,2.0,33.58,9.57,1.6,8.7,7.65,15.68
107193,The top 10 most influential,5,8,1.6,66.4,5.24,10.0,4.96,2.74,10.2
107195,Group,1,1,1.0,121.22,-3.4,0.4,-16.4,2.62,0.05
107197,103,1,1,1.0,121.22,-3.4,0.4,-28.0,-6.8,19.48
107198,Number,1,2,2.0,36.62,8.4,0.4,-10.6,7.33,0.05
107199,That's El Salvador,3,5,1.667,62.79,5.25,14.53,3.33,5.19,14.31
107200,French Guiana (France),3,5,1.667,62.79,5.25,14.53,9.13,11.47,14.31
107201,So candidates' taxes,3,6,2.0,34.59,9.18,14.53,7.2,8.33,14.31
107202,Just ask Judge Douglas Ginsburg,5,7,1.4,83.32,2.88,2.0,9.6,6.5,10.2
107203,Providing safe,2,4,2.0,35.61,8.79,20.8,7.1,10.18,11.63
107204,Those who enter and remain,5,7,1.4,83.32,2.88,2.0,3.8,1.79,0.25
107205,People are being pulled from,5,7,1.4,83.32,2.88,2.0,6.12,3.68,7.04
107206,The president of the World,5,7,1.4,83.32,2.88,10.0,3.8,1.79,7.04
107207,Since taking office,3,5,1.667,62.79,5.25,1.2,7.2,6.76,0.15
107208,Through this initiative,3,6,2.0,34.59,9.18,14.53,14.93,13.04,9.05
107209,Spring Meetings 2026: Driving Growth and Jobs through Energy,9,13,1.444,75.5,4.96,8.04,13.78,10.28,14.61
107210,Mission 300,2,3,1.5,77.91,2.89,0.8,-1.6,3.12,19.53
107211,Spring Meetings 2026: Reaching 300 Million Farmers through AgriConnect,9,15,1.667,56.7,7.59,8.04,20.22,15.52,14.61
107212,The plan embedded climate considerations,5,12,2.4,-1.28,14.68,18.0,20.04,14.98,13.36
107213,Today,1,2,2.0,36.62,8.4,0.4,-16.4,2.62,0.05
107214,This report projects global growth,5,8,1.6,66.4,5.24,2.0,13.08,9.33,13.36
107215,Abstract,1,2,2.0,36.62,8.4,0.4,1.0,16.75,19.48
107216,Free Trade Agreements,3,5,1.667,62.79,5.25,14.53,11.07,9.9,9.05
107218,In this instance,3,4,1.333,90.99,1.31,1.2,1.4,2.05,9.05
107219,Specific Tariffs,2,5,2.5,-6.69,14.69,20.8,12.9,14.9,19.53
107221,After two months they were,5,6,1.2,100.24,0.52,2.0,3.8,1.79,7.04
107222,The strait of Magellan separates,5,9,1.8,49.48,7.6,18.0,10.76,7.45,13.36
107223,One of the reasons so,5,6,1.2,100.24,0.52,2.0,-2.0,-2.92,7.04
107224,Speakeasy-inspired tailoring,2,7,3.5,-91.29,26.49,40.8,44.8,43.16,19.53
107225,In a rush?,3,3,1.0,119.19,-2.62,1.2,-12.13,-7.37,0.15
107226,For the Lanvin Spring/Summer,4,7,1.75,54.73,6.62,11.6,11.6,10.01,11.73
107227,Puttin' on the Ritz: A,5,6,1.2,100.24,0.52,2.0,-3.16,-1.97,10.2
107229,Set the mood with a,5,5,1.0,117.16,-1.84,2.0,-4.32,-4.8,7.04
107231,Consider absinthe green for a,5,8,1.6,66.4,5.24,10.0,7.28,4.62,10.2
107232,Toasts with finely chopped ingredients,5,9,1.8,49.48,7.6,10.0,17.72,13.1,16.52
107233,If you're planning a,4,5,1.25,97.03,0.72,1.6,0.0,0.59,7.78
107236,2026 Land Rover Discovery Sport,5,9,1.8,49.48,7.6,10.0,9.6,6.5,13.36
107237,2010 - Used,2,2,1.0,120.21,-3.01,0.8,-7.4,-6.3,11.63
107239,Marco Rubio,2,5,2.5,-6.69,14.69,20.8,-1.6,3.12,19.53
107240,Whether you're chasing nostalgia,4,8,2.0,33.58,9.57,11.6,17.4,14.72,15.68
107242,Website: azrenfest.com,2,5,2.5,-6.69,14.69,20.8,24.5,29.02,19.53
107243,The MD faire hits such,5,5,1.0,117.16,-1.84,2.0,-0.84,-1.97,13.36
107244,Location: Todd Mission,3,6,2.0,34.59,9.18,14.53,11.07,11.47,19.58
107245,Saturdays and Sundays April 4,5,9,1.8,49.48,7.6,10.0,7.28,4.62,13.36
107246,They thus came to be,5,5,1.0,117.16,-1.84,2.0,-3.16,-3.86,7.04
107248,Today,1,2,2.0,36.62,8.4,0.4,-16.4,2.62,0.05
107249,Batu Khan,2,2,1.0,120.21,-3.01,0.8,-7.4,-1.59,19.53
107250,While Kadan's northern force,4,5,1.25,97.03,0.72,1.6,11.6,10.01,11.73
107251,Who Was Martin Luther?,4,6,1.5,75.88,3.67,1.6,2.9,2.94,11.73
107252,Martin Luther (born November 10,5,9,1.8,49.48,7.6,2.0,8.44,6.5,13.36
107253,Two years later,3,4,1.333,90.99,1.31,1.2,-0.53,0.48,14.31
107254,Katharina von Bora,3,7,2.333,6.39,13.11,14.53,5.27,5.19,19.58
107255,His marriage to Katharina von,5,9,1.8,49.48,7.6,10.0,7.28,4.62,10.2
107256,The Church studied Luther's writings,5,8,1.6,66.4,5.24,2.0,14.24,11.21,13.36
107257,Luther often worked in tandem,5,8,1.6,66.4,5.24,2.0,7.28,4.62,13.36
107258,In 1520 Pope Leo X,5,6,1.2,100.24,0.52,2.0,-5.48,-5.74,16.52
107259,She was deeply involved with,5,7,1.4,83.32,2.88,2.0,6.12,3.68,10.2
107260,The March on Washington for,5,7,1.4,83.32,2.88,10.0,4.96,2.74,7.04
107261,President Lyndon Johnson signed into,5,10,2.0,32.56,9.96,10.0,15.4,11.21,16.52
107262,It could hit $4 only,5,6,1.2,100.24,0.52,2.0,-4.32,-3.86,7.04
107263,Looking at the chart of,5,6,1.2,100.24,0.52,2.0,0.32,-1.03,7.04
107266,Holocaust survivor Elżbieta Ficowska and,5,10,2.0,32.56,9.96,18.0,20.04,14.98,16.52
107267,These intersections have broadened and,5,9,1.8,49.48,7.6,10.0,17.72,13.1,10.2
107268,New Claims Conference Data Shows Approximately 196,7,14,2.0,30.53,10.74,14.23,16.43,11.68,17.52
107270,The importance and ethical implications,5,12,2.4,-1.28,14.68,26.0,18.88,14.04,13.36
107271,At the same time,4,4,1.0,118.18,-2.23,1.6,-4.35,-4.12,0.2
107272,The defence of universal rights,5,9,1.8,49.48,7.6,10.0,9.6,6.5,13.36
107273,As we remember the 6,5,7,1.4,83.32,2.88,2.0,-3.16,-3.86,7.04
107274,Price breakdown in full without,5,7,1.4,83.32,2.88,2.0,9.6,6.5,7.04
107277,Time Warp shows photos of completed sales.,7,10,1.429,78.87,4.0,8.51,8.97,6.29,15.26
107278,Jesuit missionaries preached and taught,5,10,2.0,32.56,9.96,18.0,18.88,14.04,13.36
107279,Certain aspects of music and,5,8,1.6,66.4,5.24,2.0,6.12,3.68,7.04
107280,The Jesuits dedicated themselves directly,5,13,2.6,-18.2,17.04,26.0,21.2,15.92,16.52
107281,Its purpose was to suppress,5,7,1.4,83.32,2.88,2.0,4.96,2.74,10.2
107282,The Counter-Reformation profoundly impacted,4,13,3.25,-72.17,24.32,31.6,33.35,27.67,15.68
107283,Art became a propaganda tool,5,9,1.8,49.48,7.6,10.0,6.12,3.68,7.04
107284,Every corner of the expanding,5,10,2.0,32.56,9.96,10.0,7.28,4.62,7.04
107285,The Council of Trent,4,5,1.25,97.03,0.72,1.6,1.45,0.59,11.73
107286,This council,2,3,1.5,77.91,2.89,0.8,1.3,5.48,11.63
107287,The council held that there,5,6,1.2,100.24,0.52,2.0,4.96,2.74,7.04
107288,It declared that Christ is,5,6,1.2,100.24,0.52,2.0,3.8,1.79,10.2
107289,The Catholic Church recognized the,5,8,1.6,66.4,5.24,10.0,13.08,9.33,10.2
107290,Capable priests were needed for,5,8,1.6,66.4,5.24,10.0,9.6,6.5,13.36
107291,The Counter-Reformation served to,4,9,2.25,12.43,12.52,11.6,18.85,15.9,11.73
107293,The Jesuits helped carry out,5,8,1.6,66.4,5.24,10.0,6.12,3.68,10.2
107294,In 1559 Pope Paul IV,5,5,1.0,117.16,-1.84,2.0,-3.16,-3.86,16.52
107295,In 1542 Pope Paul III,5,5,1.0,117.16,-1.84,2.0,-2.0,-2.92,16.52
107296,Throughout Europe religious orders publicised,5,12,2.4,-1.28,14.68,18.0,25.84,19.69,19.67
107297,After three meetings over an,5,8,1.6,66.4,5.24,2.0,6.12,3.68,7.04
107298,Pope Paul III,3,3,1.0,119.19,-2.62,1.2,-4.4,-2.66,19.58
107299,For the next few years,5,5,1.0,117.16,-1.84,2.0,-0.84,-1.97,7.04
107300,The popes who conducted the,5,7,1.4,83.32,2.88,10.0,4.96,2.74,10.2
107301,The rest of the agenda,5,7,1.4,83.32,2.88,10.0,-0.84,-1.97,7.04
107302,Though Germany demanded a general,5,11,2.2,15.64,12.32,18.0,11.92,8.39,10.2
107303,Charles V especially desired a,5,9,1.8,49.48,7.6,18.0,8.44,5.56,16.52
107304,Not that everybody who remained,5,9,1.8,49.48,7.6,2.0,9.6,6.5,7.04
107305,In its doctrinal decrees,4,7,1.75,54.73,6.62,11.6,7.25,5.3,11.73
107306,Attendance at the first session,5,8,1.6,66.4,5.24,10.0,9.6,6.5,10.2
107307,Among them were evangelical bishops,5,11,2.2,15.64,12.32,10.0,14.24,10.27,10.2
107308,“The interruption of communion has,5,10,2.0,32.56,9.96,18.0,11.92,9.33,10.2
107309,According to the Synod,4,7,1.75,54.73,6.62,11.6,4.35,2.94,11.73
107310,The statement sharply criticized a,5,9,1.8,49.48,7.6,10.0,13.08,9.33,13.36
107311,For canonical offenses,3,8,2.667,-21.81,17.05,27.87,13.0,11.47,14.31
107312,In addition,2,4,2.0,35.61,8.79,20.8,-1.6,3.12,11.63
107313,Symptoms from heat rays,4,5,1.25,97.03,0.72,1.6,5.8,4.12,11.73
107314,In addition to the extent,5,8,1.6,66.4,5.24,10.0,2.64,0.85,10.2
107315,Heat moves incredibly fast,4,7,1.75,54.73,6.62,11.6,10.15,7.65,11.73
107316,In addition,2,4,2.0,35.61,8.79,20.8,-1.6,3.12,11.63
107317,At longer distances,3,6,2.0,34.59,9.18,14.53,7.2,6.76,14.31
107318,Acute Radiation Syndrome from Large Exposures,6,13,2.167,17.45,12.32,15.73,17.93,12.97,14.46
107319,Overview,1,3,3.0,-47.98,20.2,40.4,1.0,16.75,19.48
107320,This is also commonly referred,5,9,1.8,49.48,7.6,10.0,8.44,5.56,10.2
107321,In addition to external injuries,5,11,2.2,15.64,12.32,26.0,10.76,7.45,13.36
107322,Latent stage,2,3,1.5,77.91,2.89,0.8,1.3,5.48,11.63
107323,This syndrome is marked by,5,6,1.2,100.24,0.52,2.0,3.8,1.79,10.2
107324,Aftereffects of radiation,3,9,3.0,-50.01,20.98,27.87,18.8,16.18,14.31
107325,Beginning in early 1946,4,7,1.75,54.73,6.62,1.6,5.8,4.12,7.78
107326,Symptoms reported by A-bomb,4,8,2.0,33.58,9.57,11.6,10.15,8.83,15.68
107327,Author Benedetta Baldin - 24.1.2026,4,7,1.75,54.73,6.62,1.6,17.4,9.77,15.68
107329,Donington Park,2,4,2.0,35.61,8.79,20.8,7.1,10.18,11.63
107330,Thursday,1,2,2.0,36.62,8.4,0.4,1.0,16.75,0.05
107331,Kublai Khan Tour 2026,4,4,1.0,118.18,-2.23,1.6,2.9,1.77,19.62
107332,Visuals are austere: stark backlighting,5,9,1.8,49.48,7.6,10.0,17.72,14.04,16.52
107333,The Victorian period of literature,5,13,2.6,-18.2,17.04,26.0,13.08,9.33,13.36
107334,He distinguished early Victorianism—the,4,11,2.75,-29.87,18.42,21.6,27.55,22.96,11.73
107335,Important political events during this,5,12,2.4,-1.28,14.68,10.0,17.72,13.1,10.2
107336,During the Victorian period,4,10,2.5,-8.72,15.47,21.6,11.6,8.83,11.73
107338,Class was both economic and,5,8,1.6,66.4,5.24,10.0,4.96,2.74,7.04
107339,Whether you play with Spain,5,6,1.2,100.24,0.52,2.0,4.96,2.74,10.2
107340,Spies start with the Linguist,5,6,1.2,100.24,0.52,2.0,7.28,4.62,10.2
107342,Pioneer,1,3,3.0,-47.98,20.2,40.4,-4.8,12.04,19.48
107343,As Cortes marched towards Tenochtitlan,5,8,1.6,66.4,5.24,10.0,17.72,13.1,13.36
107344,With superior firepower,3,8,2.667,-21.81,17.05,27.87,14.93,13.04,14.31
107345,On the mainland Cortés did,5,6,1.2,100.24,0.52,2.0,3.8,1.79,10.2
107346,Initially rewarded by the Spanish,5,11,2.2,15.64,12.32,18.0,11.92,8.39,13.36
107347,Cortés was a gifted leader,5,7,1.4,83.32,2.88,2.0,3.8,1.79,10.2
107348,Modern day Holocaust distortion and,5,10,2.0,32.56,9.96,18.0,14.24,10.27,13.36
107349,Online platforms should monitor and,5,9,1.8,49.48,7.6,10.0,14.24,10.27,13.36
107350,Jewish Council for Public Affairs: Antisemitism and Our Democracy,9,20,2.222,9.7,14.14,12.49,17.0,12.9,12.86
107351,The history of the English,5,8,1.6,66.4,5.24,2.0,3.8,1.79,0.25
107353,In fourteenth century Europe,4,8,2.0,33.58,9.57,11.6,13.05,10.01,15.68
107354,A fresh complication was introduced,5,10,2.0,32.56,9.96,18.0,14.24,10.27,10.2
107355,A similar crisis in 1316,5,8,1.6,66.4,5.24,10.0,1.48,-0.09,13.36
107356,When French King Charles IV,5,5,1.0,117.16,-1.84,2.0,4.96,2.74,10.2
107357,The English king had not,5,6,1.2,100.24,0.52,2.0,1.48,-0.09,0.25
107358,In 1328,2,2,1.0,120.21,-3.01,0.8,-13.2,-6.3,11.63
107359,An assembly of French barons,5,8,1.6,66.4,5.24,10.0,6.12,3.68,10.2
107360,Since that time,3,3,1.0,119.19,-2.62,1.2,-0.53,0.48,0.15
107361,The complicated political relationship existing,5,16,3.2,-68.96,24.12,34.0,28.16,21.58,16.52
107362,When the French king confiscated,5,8,1.6,66.4,5.24,10.0,10.76,7.45,7.04
107363,Philip VI also blocked trade,5,7,1.4,83.32,2.88,2.0,6.12,3.68,13.36
107364,The English took advantage and,5,8,1.6,66.4,5.24,10.0,8.44,5.56,7.04
107366,Rousseau's basic claim is that,5,7,1.4,83.32,2.88,2.0,7.28,5.56,13.36
107367,Rousseau's Discourse on Inequality,4,10,2.5,-8.72,15.47,11.6,20.3,17.07,15.68
107368,The key to Rousseau's social,5,7,1.4,83.32,2.88,2.0,4.96,3.68,10.2
107369,Rousseau was later summoned before,5,9,1.8,49.48,7.6,2.0,13.08,9.33,13.36
107370,He then famously states,4,6,1.5,75.88,3.67,11.6,5.8,4.12,7.78
107371,Their findings,2,3,1.5,77.91,2.89,0.8,7.1,10.18,11.63
107372,Researchers looked at climate records,5,9,1.8,49.48,7.6,10.0,16.56,12.16,16.52
107374,Riding on the success of,5,7,1.4,83.32,2.88,2.0,1.48,-0.09,7.04
107375,“Our statistical analysis shows that,5,12,2.4,-1.28,14.68,18.0,14.24,11.21,13.36
107376,Song Kaifeng was peak urban,5,6,1.2,100.24,0.52,2.0,4.96,2.74,10.2
107377,The Tang capital at Chang,5,7,1.4,83.32,2.88,2.0,2.64,0.85,10.2
107378,Tang-dynasty China was an,4,7,1.75,54.73,6.62,11.6,7.25,6.48,7.78
107379,Winged genie relief at Pasargadae,5,9,1.8,49.48,7.6,10.0,11.92,8.39,16.52
107381,Cyrus inherited the throne of,5,9,1.8,49.48,7.6,10.0,7.28,4.62,10.2
107382,After absorbing the Median Empire,5,12,2.4,-1.28,14.68,26.0,11.92,8.39,13.36
107383,In 539 b.c.e.,3,3,1.0,119.19,-2.62,1.2,-10.2,-2.66,14.31
107384,After a rather surprising winter,5,10,2.0,32.56,9.96,10.0,10.76,7.45,7.04
107385,Cyrus the Great first fought,5,6,1.2,100.24,0.52,2.0,6.12,3.68,7.04
107386,The Ming dynasty ruled China,5,8,1.6,66.4,5.24,10.0,6.12,3.68,13.36
107387,The project also coincides with,5,9,1.8,49.48,7.6,10.0,9.6,6.5,10.2
107388,This period was marked by,5,7,1.4,83.32,2.88,10.0,2.64,0.85,10.2
107389,Saturated color with high contrast,5,10,2.0,32.56,9.96,10.0,13.08,9.33,10.2
107390,Jan van Eyck painted this,5,6,1.2,100.24,0.52,2.0,2.64,0.85,16.52
107391,Although he didn't invent,4,7,1.75,54.73,6.62,1.6,7.25,6.48,11.73
107392,[110,1,1,1.0,121.22,-3.4,0.4,-28.0,-2.09,19.48
107393,This fixation on daily life,5,8,1.6,66.4,5.24,10.0,4.96,2.74,7.04
107394,Here in the north,4,4,1.0,118.18,-2.23,1.6,-2.9,-2.95,0.2
107395,Later,1,2,2.0,36.62,8.4,0.4,-16.4,2.62,19.48
107396,On the Home page or in Renaissance Next for Leaders,10,13,1.3,86.71,3.65,8.0,5.6,3.35,7.29
107397,Guided tour EN,3,4,1.333,90.99,1.31,1.2,-2.47,-1.09,19.58
107398,Free for children aged 0,5,6,1.2,100.24,0.52,2.0,1.48,-0.09,7.04
107401,Combined ticket with re-enactment,4,9,2.25,12.43,12.52,11.6,18.85,15.9,11.73
107402,Domain ticket: adults from €,4,7,1.75,54.73,6.62,1.6,8.7,3.18,11.73
107403,PASS 1815 *,2,2,1.0,120.21,-3.01,0.8,-7.4,-6.3,11.63
107404,This combined ticket is available,5,10,2.0,32.56,9.96,10.0,11.92,8.39,10.2
107405,The Council of Trent took,5,6,1.2,100.24,0.52,2.0,2.64,0.85,10.2
107406,The Council of Trent was,5,6,1.2,100.24,0.52,2.0,1.48,-0.09,10.2
107407,Sessions,1,2,2.0,36.62,8.4,0.4,1.0,16.75,19.48
107408,The Council met for twenty,5,7,1.4,83.32,2.88,2.0,3.8,1.79,7.04
107409,Spencer Strider Returns to the,5,8,1.6,66.4,5.24,2.0,8.44,5.56,13.36
107410,U.S. Air Force Thunderbirds Join,5,7,1.4,83.32,2.88,10.0,8.44,7.45,10.2
107411,Latest Videos,2,5,2.5,-6.69,14.69,20.8,4.2,7.83,19.53
107412,Rookie Status: Exceeded rookie limits,5,11,2.2,15.64,12.32,10.0,15.4,12.16,19.67
107414,Aim: an accurate ranking based,5,8,1.6,66.4,5.24,10.0,7.28,5.56,13.36
107415,Thus,1,1,1.0,121.22,-3.4,0.4,-22.2,-2.09,19.48
107416,A website and virtual exhibition,5,11,2.2,15.64,12.32,18.0,10.76,7.45,13.36
107417,In short,2,2,1.0,120.21,-3.01,0.8,-10.3,-3.95,0.1
107418,Against that backdrop,3,5,1.667,62.79,5.25,1.2,11.07,9.9,9.05
107419,I break from convention by,5,7,1.4,83.32,2.88,10.0,3.8,1.79,7.04
107420,For example,2,4,2.0,35.61,8.79,20.8,-1.6,3.12,11.63
107421,This essay assesses contributions that,5,11,2.2,15.64,12.32,18.0,17.72,13.1,13.36
107422,The aim of this essay,5,6,1.2,100.24,0.52,2.0,-2.0,-2.92,7.04
107423,Leslie,1,2,2.0,36.62,8.4,0.4,-10.6,7.33,19.48
107424,Succession disputes often sparked internal,5,11,2.2,15.64,12.32,18.0,22.36,16.87,16.52
107425,However,1,3,3.0,-47.98,20.2,0.4,-4.8,12.04,0.05
107426,Given that tens of thousands,5,7,1.4,83.32,2.88,2.0,6.12,3.68,10.2
107427,Unlike other ancient empires that,5,10,2.0,32.56,9.96,10.0,11.92,8.39,13.36
107428,With the end of expansion,5,7,1.4,83.32,2.88,10.0,2.64,0.85,7.04
107429,The catastrophic campaigns of Darius,5,11,2.2,15.64,12.32,18.0,15.4,11.21,13.36
107430,Such internal discord weakened the,5,9,1.8,49.48,7.6,10.0,13.08,9.33,13.36
107431,Again and again the state,5,7,1.4,83.32,2.88,2.0,2.64,0.85,0.25
107432,Knocked Loose,2,2,1.0,120.21,-3.01,0.8,4.2,7.83,11.63
107433,Remember,1,3,3.0,-47.98,20.2,0.4,1.0,16.75,0.05
107434,“Entrance fee”,2,3,1.5,77.91,2.89,0.8,1.3,10.18,19.53
107435,There's still a special entrance,5,7,1.4,83.32,2.88,2.0,9.6,7.45,13.36
107436,While strolling inside Hagia Sophia,5,10,2.0,32.56,9.96,10.0,14.24,10.27,13.36
107437,Fee: €25 for foreign,4,5,1.25,97.03,0.72,1.6,-1.45,0.59,15.68
107438,Hagia Sophia costs €25,4,7,1.75,54.73,6.62,11.6,2.9,2.94,19.62
107439,Hagia Sophia enforces strict Islamic,5,12,2.4,-1.28,14.68,26.0,15.4,11.21,19.67
107440,See Suleymaniye Mosque,3,7,2.333,6.39,13.11,14.53,13.0,11.47,14.31
107441,The Han Dynasty (206 BC,5,7,1.4,83.32,2.88,10.0,-0.84,-1.03,16.52
107442,To distinguish between the genders,5,9,1.8,49.48,7.6,10.0,13.08,9.33,10.2
107443,shēnyī 深衣,2,2,1.0,120.21,-3.01,0.8,-7.4,-1.59,19.53
107444,There were two main types,5,5,1.0,117.16,-1.84,2.0,2.64,0.85,10.2
107445,Characteristics of Han clothing include,5,11,2.2,15.64,12.32,10.0,18.88,14.04,13.36
107446,From ancient times,3,4,1.333,90.99,1.31,1.2,5.27,5.19,14.31
107447,The youren collar follows the,5,7,1.4,83.32,2.88,2.0,7.28,4.62,10.2
107448,The Progressive Era (1890s–1920s,4,7,1.75,54.73,6.62,11.6,15.95,14.72,15.68
107449,Reformers during this era,4,8,2.0,33.58,9.57,11.6,8.7,6.48,11.73
107450,The Progressive movement arose as,5,9,1.8,49.48,7.6,10.0,11.92,8.39,10.2
107451,The Progressive movement was a,5,8,1.6,66.4,5.24,10.0,8.44,5.56,10.2
107452,This generation of Americans also,5,12,2.4,-1.28,14.68,18.0,11.92,8.39,10.2
107453,Progressive Era reformers sought to,5,10,2.0,32.56,9.96,18.0,14.24,10.27,16.52
107454,Progressive leaders such as Jane,5,8,1.6,66.4,5.24,10.0,10.76,7.45,13.36
107455,In response to monopolies in,5,9,1.8,49.48,7.6,10.0,6.12,3.68,10.2
107456,The Sixteenth Amendment established a,5,10,2.0,32.56,9.96,18.0,16.56,12.16,13.36
107457,Other Progressives viewed the treaty,5,9,1.8,49.48,7.6,10.0,15.4,11.21,13.36
107458,“The restructuring,2,5,2.5,-6.69,14.69,20.8,15.8,19.6,11.63
107459,In a statement,3,4,1.333,90.99,1.31,1.2,-2.47,-1.09,9.05
107460,Vasco CEO,2,3,1.5,77.91,2.89,0.8,-7.4,-1.59,19.53
107461,Ongoing refurbishment program,3,9,3.0,-50.01,20.98,27.87,26.53,22.46,19.58
107462,The dry-dock period was,4,7,1.75,54.73,6.62,11.6,4.35,4.12,11.73
107463,The rescue equipment,3,6,2.0,34.59,9.18,14.53,9.13,8.33,14.31
107464,The ship's hull has also,5,6,1.2,100.24,0.52,2.0,0.32,-0.09,10.2
107465,We faced huge technical challenges,5,9,1.8,49.48,7.6,18.0,13.08,9.33,13.36
107466,These two structures cross the,5,6,1.2,100.24,0.52,2.0,8.44,5.56,7.04
107468,The countries that controlled the,5,7,1.4,83.32,2.88,2.0,11.92,8.39,10.2
107469,These include the seventeenth-century,4,9,2.25,12.43,12.52,11.6,24.65,20.6,11.73
107470,The raw goods from the,5,5,1.0,117.16,-1.84,2.0,-0.84,-1.97,0.25
107471,The most historically significant triangular,5,15,3.0,-52.04,21.76,26.0,24.68,18.75,13.36
107472,With the profits from the,5,6,1.2,100.24,0.52,2.0,2.64,0.85,7.04
107473,This created a continuous cycle,5,11,2.2,15.64,12.32,18.0,9.6,6.5,13.36
107474,Organized by European colonial powers,5,14,2.8,-35.12,19.4,26.0,16.56,12.16,16.52
107475,There,1,1,1.0,121.22,-3.4,0.4,-16.4,2.62,0.05
107476,Technical analysis is a method,5,11,2.2,15.64,12.32,18.0,8.44,5.56,13.36
107477,Triangles are considered to be,5,9,1.8,49.48,7.6,18.0,8.44,5.56,10.2
107478,The symmetrical triangle is the,5,10,2.0,32.56,9.96,18.0,9.6,6.5,10.2
107480,When evaluating triangle pricing with,5,12,2.4,-1.28,14.68,18.0,16.56,12.16,13.36
107481,When the price closes below,5,7,1.4,83.32,2.88,2.0,4.96,2.74,7.04
107482,A triangle must have multiple,5,9,1.8,49.48,7.6,18.0,7.28,4.62,10.2
107485,An international group of geneticists,5,12,2.4,-1.28,14.68,18.0,16.56,12.16,10.2
107486,In other words,3,4,1.333,90.99,1.31,1.2,-2.47,-1.09,9.05
107487,His descendants extended the empire,5,11,2.2,15.64,12.32,26.0,14.24,10.27,13.36
107488,speculated as belonging to him,5,10,2.0,32.56,9.96,18.0,8.44,5.56,10.2
107489,Why not go one step,5,5,1.0,117.16,-1.84,2.0,-4.32,-4.8,0.25
107490,Building three mines on hills,5,6,1.2,100.24,0.52,2.0,7.28,4.62,10.2
107491,However,1,3,3.0,-47.98,20.2,0.4,-4.8,12.04,0.05
107492,Heavy Horse Archer,3,5,1.667,62.79,5.25,1.2,5.27,5.19,9.05
107494,And towers,2,3,1.5,77.91,2.89,0.8,-4.5,0.77,11.63
107495,Through their heads of state,5,5,1.0,117.16,-1.84,2.0,6.12,3.68,7.04
107496,Following the defeat of Napoleon,5,11,2.2,15.64,12.32,10.0,10.76,7.45,7.04
107497,Great Britain was represented by,5,9,1.8,49.48,7.6,10.0,10.76,7.45,10.2
107498,Tsar Alexander I Pawlowitsch: was,5,9,1.8,49.48,7.6,10.0,10.76,8.39,13.36
107499,From beginning to end,4,6,1.5,75.88,3.67,1.6,2.9,1.77,0.2
107500,The allied powers established the,5,9,1.8,49.48,7.6,10.0,11.92,8.39,13.36
107501,The Congress functioned through formal,5,8,1.6,66.4,5.24,2.0,17.72,13.1,13.36
107502,The Viennese offered their international,5,12,2.4,-1.28,14.68,18.0,20.04,14.98,13.36
107503,“Legitimacy” involved the restoration of,5,13,2.6,-18.2,17.04,18.0,17.72,14.98,13.36
107504,They also signed a separate,5,8,1.6,66.4,5.24,2.0,4.96,2.74,7.04
107506,Read that here.,3,3,1.0,119.19,-2.62,1.2,-2.47,0.48,0.15
107507,Kublai named Chinese lords as,5,6,1.2,100.24,0.52,2.0,7.28,4.62,16.52
107508,His attitude toward government was,5,10,2.0,32.56,9.96,10.0,13.08,9.33,7.04
107509,Kublai Khan as Yuan Dynasty Emperor,6,11,1.833,45.65,8.38,15.73,8.27,5.12,17.09
107510,To enable the culturally inferior,5,13,2.6,-18.2,17.04,26.0,11.92,8.39,13.36
107511,His reign also saw infrastructural,5,10,2.0,32.56,9.96,10.0,13.08,9.33,10.2
107512,Kublai Khan's leader ability is,5,9,1.8,49.48,7.6,10.0,8.44,6.5,13.36
107514,I agree with the people,5,7,1.4,83.32,2.88,2.0,0.32,-1.03,0.25
107515,Epic Historical Drama | High Quality,5,12,2.4,-1.28,14.68,18.0,13.08,5.41,16.52
107516,Askaris,1,2,2.0,36.62,8.4,0.4,-4.8,12.04,19.48
107517,The central plot focuses on,5,8,1.6,66.4,5.24,10.0,4.96,2.74,13.36
107518,Some of the most valuable,5,7,1.4,83.32,2.88,2.0,2.64,0.85,0.25
107519,This can sometimes be a,5,6,1.2,100.24,0.52,2.0,0.32,-1.03,0.25
107520,However,1,3,3.0,-47.98,20.2,0.4,-4.8,12.04,0.05
107521,“Legitimacy” involved the restoration of,5,13,2.6,-18.2,17.04,18.0,17.72,14.98,13.36
107522,The Treaty of Versailles,4,6,1.5,75.88,3.67,1.6,7.25,5.3,11.73
107523,Here,1,1,1.0,121.22,-3.4,0.4,-22.2,-2.09,0.05
107524,The Achaemenian rule of conquered,5,8,1.6,66.4,5.24,10.0,11.92,8.39,10.2
107525,Building activity was extensive during,5,12,2.4,-1.28,14.68,18.0,17.72,13.1,10.2
107526,It's because of the Achaemenid,5,8,1.6,66.4,5.24,10.0,7.28,5.56,7.04
107527,Speaking after inaugurating the facility,5,14,2.8,-35.12,19.4,18.0,20.04,14.98,13.36
107528,The new facility serves as,5,8,1.6,66.4,5.24,10.0,3.8,1.79,10.2
107529,At least no the portion,5,6,1.2,100.24,0.52,2.0,0.32,-1.03,7.04
107530,The expedition reached Mombasa (now,5,10,2.0,32.56,9.96,18.0,13.08,10.27,13.36
107531,After reaching the coast of,5,7,1.4,83.32,2.88,2.0,4.96,2.74,7.04
107532,It started as a widespread,5,7,1.4,83.32,2.88,2.0,3.8,1.79,10.2
107533,Urban II agreed,3,5,1.667,62.79,5.25,1.2,-0.53,0.48,19.58
107534,What Caused the First Crusade?,5,6,1.2,100.24,0.52,2.0,7.28,5.56,10.2
107535,The Byzantine emperor Alexios I Komnenos (r.,7,12,1.714,54.7,7.37,14.23,9.8,7.64,15.26
107536,This was followed later in,5,7,1.4,83.32,2.88,2.0,3.8,1.79,10.2
107537,Religion played a significant role,5,10,2.0,32.56,9.96,18.0,13.08,9.33,16.52
107538,And he would further offer,5,7,1.4,83.32,2.88,2.0,3.8,1.79,0.25
107539,Across Europe warriors,3,7,2.333,6.39,13.11,14.53,13.0,11.47,14.31
107540,Pope Urban II planned the,5,6,1.2,100.24,0.52,2.0,2.64,0.85,16.52
107541,They were led by the,5,5,1.0,117.16,-1.84,2.0,-3.16,-3.86,0.25
107542,After crossing into Asia Minor,5,10,2.0,32.56,9.96,2.0,8.44,5.56,10.2
107543,In what has become known,5,6,1.2,100.24,0.52,2.0,1.48,-0.09,0.25
107544,Absolution from sin and eternal,5,10,2.0,32.56,9.96,18.0,9.6,6.5,10.2
107545,The Franks' answer according to,5,8,1.6,66.4,5.24,10.0,8.44,6.5,10.2
107546,Four Crusader states were established,5,9,1.8,49.48,7.6,18.0,16.56,12.16,10.2
107547,The Crusaders arrived at Jerusalem,5,11,2.2,15.64,12.32,18.0,13.08,9.33,10.2
107548,Conclusion,1,3,3.0,-47.98,20.2,40.4,12.6,26.17,19.48
107550,February marks the 250th anniversary,5,12,2.4,-1.28,14.68,10.0,15.4,11.21,13.36
107552,Both shaped global systems—Rome,4,8,2.0,33.58,9.57,11.6,15.95,13.54,15.68
107553,Weak leadership Economic collapse Military,5,14,2.8,-35.12,19.4,26.0,22.36,16.87,16.52
107554,The brilliant aspect of the,5,7,1.4,83.32,2.88,2.0,4.96,2.74,10.2
107555,At this time to create,5,6,1.2,100.24,0.52,2.0,-0.84,-1.97,7.04
107556,Tolerance and support for local,5,9,1.8,49.48,7.6,10.0,9.6,6.5,13.36
107557,Darius has never really fit,5,9,1.8,49.48,7.6,10.0,4.96,2.74,7.04
107558,It doesn't matter that,4,6,1.5,75.88,3.67,1.6,2.9,2.94,0.2
107560,Turkey is a Muslim country,5,8,1.6,66.4,5.24,2.0,3.8,1.79,7.04
107561,Nov 30,2,4,2.0,35.61,8.79,20.8,-16.1,-8.65,19.53
107562,They were allowed to practice,5,7,1.4,83.32,2.88,2.0,7.28,4.62,10.2
107563,It struggled with internal dissent,5,9,1.8,49.48,7.6,10.0,13.08,9.33,13.36
107564,There's also the sad,4,5,1.25,97.03,0.72,1.6,0.0,0.59,7.78
107565,At its peak,3,3,1.0,119.19,-2.62,1.2,-8.27,-5.8,0.15
107566,The empire emerged from the,5,8,1.6,66.4,5.24,10.0,4.96,2.74,10.2
107567,They were primarily pastoral,4,9,2.25,12.43,12.52,21.6,13.05,10.01,11.73
107568,Most of their tactics weren,5,7,1.4,83.32,2.88,2.0,4.96,2.74,10.2
107570,The establishment of trans Asian,5,9,1.8,49.48,7.6,10.0,10.76,7.45,13.36
107571,The Mongol Derby recreates the,5,9,1.8,49.48,7.6,10.0,8.44,5.56,13.36
107574,However,1,3,3.0,-47.98,20.2,0.4,-4.8,12.04,0.05
107575,Genghis Khan's greatest weapon as,5,8,1.6,66.4,5.24,2.0,10.76,8.39,13.36
107576,Rooted in Athens' legacy as,5,9,1.8,49.48,7.6,10.0,3.8,2.74,13.36
107577,The challenge is not simply,5,7,1.4,83.32,2.88,2.0,4.96,2.74,10.2
107578,We'll also move beyond,4,6,1.5,75.88,3.67,1.6,2.9,2.94,7.78
107580,Excluding women,2,5,2.5,-6.69,14.69,20.8,10.0,12.54,11.63
107581,The more I read about,5,6,1.2,100.24,0.52,2.0,-2.0,-2.92,0.25
107582,In exchange for their services,5,8,1.6,66.4,5.24,10.0,8.44,5.56,7.04
107583,Assyrians are Christians,3,7,2.333,6.39,13.11,14.53,16.87,14.61,14.31
107584,The Wars of the Roses,5,6,1.2,100.24,0.52,2.0,-2.0,-2.92,10.2
107585,The wars ended when Richard,5,7,1.4,83.32,2.88,2.0,4.96,2.74,13.36
107586,Amid the chaos,3,5,1.667,62.79,5.25,1.2,-2.47,-1.09,14.31
107587,Towton is renowned as the,5,7,1.4,83.32,2.88,2.0,2.64,0.85,10.2
107588,And so the sides met,5,5,1.0,117.16,-1.84,2.0,-3.16,-3.86,7.04
107589,The mental instability of King,5,10,2.0,32.56,9.96,10.0,8.44,5.56,10.2
107590,After Henry's victory and marriage,5,10,2.0,32.56,9.96,2.0,11.92,9.33,7.04
107591,"The name ""Wars of the",5,5,1.0,117.16,-1.84,2.0,-3.16,-2.92,7.04
107592,The conflict was fought between,5,7,1.4,83.32,2.88,2.0,9.6,6.5,7.04
107593,Being a pharaoh was a,5,7,1.4,83.32,2.88,2.0,-2.0,-2.92,7.04
107594,In Egyptian society,3,8,2.667,-21.81,17.05,27.87,7.2,6.76,14.31
107595,Pharaohs were absolute,3,6,2.0,34.59,9.18,14.53,13.0,11.47,14.31
107596,The pharaoh was considered to,5,8,1.6,66.4,5.24,10.0,7.28,4.62,10.2
107597,Surrounded by a retinue of,5,9,1.8,49.48,7.6,18.0,3.8,1.79,10.2
107598,The king was responsible for,5,8,1.6,66.4,5.24,10.0,6.12,3.68,7.04
107599,Once these morning rituals were,5,8,1.6,66.4,5.24,10.0,9.6,6.5,7.04
107600,This monotony would have been,5,8,1.6,66.4,5.24,10.0,7.28,4.62,7.04
107601,The king owned all of,5,5,1.0,117.16,-1.84,2.0,-2.0,-2.92,7.04
107602,As the head of state,5,5,1.0,117.16,-1.84,2.0,-3.16,-3.86,0.25
107603,The Pharaoh smiting his enemies,5,9,1.8,49.48,7.6,10.0,9.6,6.5,13.36
107604,The rulers,2,3,1.5,77.91,2.89,0.8,-4.5,0.77,11.63
107605,This discovery not only confirms,5,10,2.0,32.56,9.96,10.0,10.76,7.45,10.2
107606,The chests had been sealed,5,5,1.0,117.16,-1.84,2.0,3.8,1.79,10.2
107607,Six stone chests now close,5,5,1.0,117.16,-1.84,2.0,3.8,1.79,7.04
107608,Six tepetlacalli placed in a,5,8,1.6,66.4,5.24,10.0,6.12,3.68,10.2
107609,The strategic placement of the,5,8,1.6,66.4,5.24,10.0,8.44,5.56,10.2
107610,Leonardo López Luján,3,6,2.0,34.59,9.18,14.53,9.13,8.33,19.58
107611,83 Mezcala Figurines: Sacred War,5,8,1.6,66.4,5.24,10.0,9.6,7.45,16.52
107612,Traces of red and white,5,6,1.2,100.24,0.52,2.0,0.32,-1.03,7.04
107613,By analyzing 788 obsidian artifacts,5,13,2.6,-18.2,17.04,26.0,14.24,10.27,16.52
107614,While Pachuca obsidian dominated ritual,5,13,2.6,-18.2,17.04,26.0,18.88,14.04,16.52
107615,The findings suggest a sophisticated,5,11,2.2,15.64,12.32,10.0,15.4,11.21,13.36
107616,Archaeological research from the Templo,5,12,2.4,-1.28,14.68,10.0,18.88,14.04,13.36
107617,Archaeologist Israel Elizalde Méndez conducted,5,17,3.4,-85.88,26.48,34.0,27.0,20.63,19.67
107618,These findings support historical accounts,5,11,2.2,15.64,12.32,10.0,22.36,16.87,16.52
107619,Remarkably,1,4,4.0,-132.58,32.0,40.4,12.6,26.17,19.48
107620,The three newly excavated chests,5,9,1.8,49.48,7.6,10.0,10.76,7.45,13.36
107621,In other words,3,4,1.333,90.99,1.31,1.2,-2.47,-1.09,9.05
107622,Ancient Egypt spans the period,5,9,1.8,49.48,7.6,10.0,8.44,5.56,16.52
107623,Cleopatra dies in 30 BCE,5,8,1.6,66.4,5.24,10.0,1.48,-0.09,13.36
107624,I don't just mean,4,4,1.0,118.18,-2.23,1.6,-4.35,-2.95,0.2
107625,The Governor of Alexandria,4,10,2.5,-8.72,15.47,21.6,10.15,7.65,11.73
107626,March 6th,2,2,1.0,120.21,-3.01,0.8,-7.4,-1.59,11.63
107627,The exhibition is hosted at,5,9,1.8,49.48,7.6,10.0,4.96,2.74,10.2
107630,According to Greek media,4,8,2.0,33.58,9.57,21.6,7.25,5.3,15.68
107631,A ten-piece wardrobe capsule,4,7,1.75,54.73,6.62,1.6,11.6,10.01,15.68
107632,Hourglass shapes shine in fitted,5,8,1.6,66.4,5.24,10.0,10.76,7.45,13.36
107633,Humans didn't tolerate greasy,4,9,2.25,12.43,12.52,11.6,13.05,11.18,15.68
107634,The concept of cleansing the,5,7,1.4,83.32,2.88,2.0,6.12,3.68,10.2
107635,In South Asia,3,4,1.333,90.99,1.31,1.2,-4.4,-2.66,9.05
107636,Ancient Hair Care: Nature's First,5,7,1.4,83.32,2.88,2.0,9.6,8.39,10.2
107637,Already wise to the perils,5,8,1.6,66.4,5.24,2.0,3.8,1.79,7.04
107638,It was first introduced developed,5,9,1.8,49.48,7.6,18.0,11.92,8.39,10.2
107640,Overwatering and root rot: Like,5,8,1.6,66.4,5.24,10.0,8.44,6.5,7.04
107641,If you feel a healthy,5,6,1.2,100.24,0.52,2.0,-2.0,-2.92,0.25
107642,Why Are My Snake Plant Leaves Falling Over?,8,10,1.25,92.97,2.28,3.2,5.88,3.77,7.98
107643,Root bound: Snake plants don,5,5,1.0,117.16,-1.84,2.0,4.96,3.68,13.36
107644,As a result,3,4,1.333,90.99,1.31,1.2,-8.27,-5.8,9.05
107645,Snake Plant Leaves Turning Yellow,5,7,1.4,83.32,2.88,2.0,11.92,8.39,10.2
107646,If the problem persists,4,6,1.5,75.88,3.67,1.6,5.8,4.12,11.73
107647,Also Read- Best Locations For,5,8,1.6,66.4,5.24,10.0,6.12,4.62,7.04
107648,Over-fertilizing is another common,4,11,2.75,-29.87,18.42,11.6,20.3,17.07,11.73
107649,Versatile snake plants can adapt,5,8,1.6,66.4,5.24,10.0,10.76,7.45,13.36
107650,Common pests affecting snake plants,5,8,1.6,66.4,5.24,10.0,14.24,10.27,16.52
107651,Common signs of rot include,5,7,1.4,83.32,2.88,2.0,4.96,2.74,13.36
107652,Drainage: Ensure the pot has,5,7,1.4,83.32,2.88,2.0,4.96,3.68,10.2
107653,What is OMAD?,3,3,1.0,119.19,-2.62,1.2,-6.33,-2.66,9.05
107654,OMAD is particularly strict because,5,10,2.0,32.56,9.96,10.0,14.24,10.27,13.36
107655,How OMAD Works,3,3,1.0,119.19,-2.62,1.2,-2.47,-1.09,14.31
107656,Decreased disease risks: Fasting is,5,8,1.6,66.4,5.24,2.0,13.08,10.27,16.52
107657,After approximately 10 to 16,5,10,2.0,32.56,9.96,10.0,6.12,3.68,13.36
107658,When you don't eat,4,4,1.0,118.18,-2.23,1.6,-2.9,-1.77,0.2
107659,Increased human growth hormone (HGH,5,10,2.0,32.56,9.96,10.0,13.08,10.27,19.67
107660,Levels of ghrelin,3,4,1.333,90.99,1.31,1.2,3.33,3.62,14.31
107661,While OMAD diets are more,5,6,1.2,100.24,0.52,2.0,2.64,0.85,10.2
107662,When following the One Meal,5,7,1.4,83.32,2.88,2.0,4.96,2.74,0.25
107663,Sleep Cycle – Best Free Sleep,5,6,1.2,100.24,0.52,2.0,4.96,-0.09,7.04
107665,Powered by SleepScore™ and,4,6,1.5,75.88,3.67,1.6,8.7,7.65,11.73
107666,Standout: Lots of third-party,4,6,1.5,75.88,3.67,1.6,11.6,11.18,15.68
107667,For buyers who want the,5,6,1.2,100.24,0.52,2.0,0.32,-1.03,7.04
107668,The Withings Sleep Analyzer is simple to use; just place,10,15,1.5,69.79,6.01,8.0,7.92,5.71,7.29
107670,Morning Pages wants us to,5,7,1.4,83.32,2.88,2.0,2.64,0.85,10.2
107671,Don't get me wrong,4,4,1.0,118.18,-2.23,1.6,-2.9,-1.77,0.2
107673,Peptides are more stable at,5,7,1.4,83.32,2.88,2.0,4.96,2.74,7.04
107674,K18 is a cult-favorite,4,7,1.75,54.73,6.62,11.6,2.9,2.94,11.73
107675,Precision fermentation is simply an,5,11,2.2,15.64,12.32,18.0,14.24,10.27,13.36
107676,The new Whoop 5.0 and,5,5,1.0,117.16,-1.84,2.0,-3.16,-2.92,10.2
107677,WHOOP 5.0 design,3,4,1.333,90.99,1.31,1.2,-0.53,2.05,19.58
107678,Under the hood,3,4,1.333,90.99,1.31,1.2,-2.47,-1.09,0.15
107679,MG bands are also different,5,8,1.6,66.4,5.24,2.0,4.96,2.74,10.2
107680,SuperKnit Bands – Best for Everyday,5,9,1.8,49.48,7.6,10.0,11.92,4.62,10.2
107683,Whilst multi-lead ECG devices,4,7,1.75,54.73,6.62,11.6,13.05,11.18,19.62
107684,Unlike blood pressure or heart,5,7,1.4,83.32,2.88,2.0,8.44,5.56,10.2
107685,“Generally,1,4,4.0,-132.58,32.0,40.4,6.8,26.17,19.48
107686,The variances in your heart,5,8,1.6,66.4,5.24,10.0,4.96,2.74,7.04
107687,Having worked with objective numbers,5,9,1.8,49.48,7.6,10.0,15.4,11.21,13.36
107689,You can dry your skin,5,5,1.0,117.16,-1.84,2.0,-2.0,-2.92,0.25
107690,What is it?,3,3,1.0,119.19,-2.62,1.2,-10.2,-5.8,0.15
107691,*With multiple layers applied throughout,5,10,2.0,32.56,9.96,10.0,18.88,14.98,16.52
107692,Scrubs can be aggravating for,5,8,1.6,66.4,5.24,10.0,7.28,4.62,10.2
107693,In 2026,2,2,1.0,120.21,-3.01,0.8,-13.2,-6.3,11.63
107694,Event planners and corporate clients,5,10,2.0,32.56,9.96,10.0,15.4,11.21,16.52
107695,· Divorce parties,2,4,2.0,35.61,8.79,0.8,10.0,3.12,19.53
107696,Rather than packing rooms wall,5,7,1.4,83.32,2.88,2.0,8.44,5.56,10.2
107698,Urban living has changed how,5,7,1.4,83.32,2.88,2.0,6.12,3.68,10.2
107699,The Cliffs Hotel and Spa,5,6,1.2,100.24,0.52,2.0,1.48,-0.09,10.2
107700,Interactive Menus That Turn Guests,5,9,1.8,49.48,7.6,10.0,13.08,9.33,13.36
107702,Think chef's table tasting menus,5,8,1.6,66.4,5.24,2.0,9.6,7.45,13.36
107704,For a striped tablescape that,5,6,1.2,100.24,0.52,2.0,7.28,4.62,10.2
107707,AI-Drive Personalization: upon registration,4,14,3.5,-93.32,27.27,21.6,31.9,27.67,15.68
107708,Decor can range from classics,5,7,1.4,83.32,2.88,2.0,7.28,4.62,13.36
107709,This phenomenon was revealed based,5,9,1.8,49.48,7.6,10.0,13.08,9.33,13.36
107710,In addition,2,4,2.0,35.61,8.79,20.8,-1.6,3.12,11.63
107711,Additionally,1,5,5.0,-217.18,43.8,40.4,24.2,35.59,19.48
107714,Along the top of the,5,6,1.2,100.24,0.52,2.0,-3.16,-3.86,0.25
107716,Notify me if my stress,5,7,1.4,83.32,2.88,10.0,-0.84,-1.97,10.2
107717,WHOOP helps you schedule your,5,6,1.2,100.24,0.52,2.0,7.28,4.62,13.36
107719,Dry Saunas: In a dry,5,6,1.2,100.24,0.52,2.0,-4.32,-3.86,7.04
107720,Infrared light is a form,5,7,1.4,83.32,2.88,10.0,1.48,-0.09,7.04
107721,According to the Mayo Clinic,5,9,1.8,49.48,7.6,10.0,6.12,3.68,13.36
107722,In contrast,2,3,1.5,77.91,2.89,0.8,-1.6,3.12,11.63
107723,Medical Applications of Infrared Saunas,5,13,2.6,-18.2,17.04,26.0,18.88,14.04,16.52
107724,The vibrational energy of infrared,5,12,2.4,-1.28,14.68,26.0,13.08,9.33,13.36
107725,Infrared saunas use infrared light,5,10,2.0,32.56,9.96,18.0,13.08,9.33,13.36
107726,Regular saunas use moist heat,5,8,1.6,66.4,5.24,10.0,7.28,4.62,13.36
107727,Strong cardiovascular support,3,9,3.0,-50.01,20.98,14.53,26.53,22.46,14.31
107728,What Makes Full Spectrum Saunas,5,7,1.4,83.32,2.88,2.0,9.6,6.5,13.36
107729,Health Benefits: Infrared vs Traditional Sauna,6,15,2.5,-10.75,16.25,22.4,17.93,13.75,17.09
107730,They increase your core body,5,7,1.4,83.32,2.88,2.0,6.12,3.68,10.2
107731,At the same time,4,4,1.0,118.18,-2.23,1.6,-4.35,-4.12,0.2
107732,Eversong Weeping Willow Bonsai Tree Cutting to Grow - Thick Trunk,10,15,1.5,69.79,6.01,4.0,12.56,7.12,8.87
107735,In fact,2,2,1.0,120.21,-3.01,0.8,-13.2,-6.3,0.1
107736,Hosts are building celebrations around,5,10,2.0,32.56,9.96,10.0,17.72,13.1,10.2
107737,Rather than packing rooms wall,5,7,1.4,83.32,2.88,2.0,8.44,5.56,10.2
107738,Gone are the days when,5,5,1.0,117.16,-1.84,2.0,-0.84,-1.97,7.04
107739,Digital Invitations & Menus: Interactive evites,5,14,2.8,-35.12,19.4,26.0,24.68,14.04,19.67
107740,Tech-Enhanced Service & Seamless Guest,4,7,1.75,54.73,6.62,1.6,23.2,12.6,11.73
107741,Sustainability is a baseline expectation,5,14,2.8,-35.12,19.4,18.0,20.04,14.98,13.36
107742,Zero-Waste Menus: Chefs can,4,5,1.25,97.03,0.72,1.6,8.7,8.83,15.68
107743,Event planners and corporate clients,5,10,2.0,32.56,9.96,10.0,15.4,11.21,16.52
107744,It's no longer about how,5,7,1.4,83.32,2.88,2.0,0.32,-0.09,7.04
107745,· Divorce parties,2,4,2.0,35.61,8.79,0.8,10.0,3.12,19.53
107746,Rather than packing rooms wall,5,7,1.4,83.32,2.88,2.0,8.44,5.56,10.2
107747,The Cliffs Hotel and Spa,5,6,1.2,100.24,0.52,2.0,1.48,-0.09,10.2
107748,Whether it's a champagne-dress,4,6,1.5,75.88,3.67,1.6,13.05,12.36,11.73
107749,Interactive Menus That Turn Guests,5,9,1.8,49.48,7.6,10.0,13.08,9.33,13.36
107750,Guests crave multi-sensory experiences,4,11,2.75,-29.87,18.42,21.6,26.1,21.78,19.62
107751,It sets the tone,4,4,1.0,118.18,-2.23,1.6,-4.35,-4.12,7.78
107752,In 2026,2,2,1.0,120.21,-3.01,0.8,-13.2,-6.3,11.63
107753,In 2026,2,2,1.0,120.21,-3.01,0.8,-13.2,-6.3,11.63
107754,In 2026,2,2,1.0,120.21,-3.01,0.8,-13.2,-6.3,11.63
107755,Balanced Cuticle Medium Porosity Signs,5,11,2.2,15.64,12.32,18.0,17.72,13.1,19.67
107756,Vivid and fashion colors can,5,8,1.6,66.4,5.24,2.0,6.12,3.68,10.2
107757,Take a fresh hair in,5,5,1.0,117.16,-1.84,2.0,-3.16,-3.86,0.25
107758,If you stay consistent,4,6,1.5,75.88,3.67,11.6,4.35,2.94,7.78
107761,Extra Steps (Optional,3,6,2.0,34.59,9.18,14.53,9.13,9.9,14.31
107762,Korean skincare focuses on skin,5,10,2.0,32.56,9.96,18.0,9.6,6.5,13.36
107763,Fashion is no longer just,5,7,1.4,83.32,2.88,2.0,2.64,0.85,7.04
107764,Neo-Minimalism: Modern Simplicity with,4,12,3.0,-51.02,21.37,21.6,24.65,21.78,15.68
107765,Instead of flat,3,4,1.333,90.99,1.31,1.2,-0.53,0.48,0.15
107766,Slow Fashion Capsule Pieces,4,7,1.75,54.73,6.62,1.6,11.6,8.83,11.73
107767,In 2026,2,2,1.0,120.21,-3.01,0.8,-13.2,-6.3,11.63
107768,Search results highlight that textiles,5,8,1.6,66.4,5.24,2.0,17.72,13.1,13.36
107772,Smart Textiles Enter the Mainstream,5,8,1.6,66.4,5.24,2.0,14.24,10.27,10.2
107773,Volume Play: Balloon pants,4,6,1.5,75.88,3.67,1.6,8.7,7.65,7.78
107774,Volume is back in a,5,6,1.2,100.24,0.52,2.0,-4.32,-4.8,7.04
107775,One major reason behind this,5,8,1.6,66.4,5.24,2.0,6.12,3.68,0.25
107776,In response to this crisis,5,7,1.4,83.32,2.88,2.0,3.8,1.79,10.2
107777,That is why it keeps,5,5,1.0,117.16,-1.84,2.0,-3.16,-3.86,7.04
107778,Smart Design for Maximized Functionality,5,12,2.4,-1.28,14.68,18.0,20.04,14.98,13.36
107779,Tiny home communities are popping,5,10,2.0,32.56,9.96,10.0,11.92,8.39,10.2
107780,Technology is playing an increasingly,5,12,2.4,-1.28,14.68,18.0,16.56,12.16,13.36
107782,Retirees are going tiny to,5,9,1.8,49.48,7.6,10.0,3.8,1.79,7.04
107783,This level of financial independence,5,11,2.2,15.64,12.32,18.0,15.4,11.21,10.2
107785,Bamboo boards are another eco,5,9,1.8,49.48,7.6,2.0,7.28,4.62,13.36
107786,Sometimes we like to sprinkle,5,7,1.4,83.32,2.88,2.0,7.28,4.62,0.25
107788,According to the GAPS theory,5,8,1.6,66.4,5.24,10.0,6.12,3.68,13.36
107790,The GAPS Diet is based,5,6,1.2,100.24,0.52,2.0,-0.84,-1.97,13.36
107791,Who is the GAPS diet,5,6,1.2,100.24,0.52,2.0,-3.16,-3.86,10.2
107792,View more,2,2,1.0,120.21,-3.01,0.8,-7.4,-1.59,0.1
107793,For homeowners planning a serious,5,10,2.0,32.56,9.96,18.0,11.92,8.39,13.36
107794,And it's still one of,5,5,1.0,117.16,-1.84,2.0,-3.16,-2.92,0.25
107795,Unlike many other diets,4,8,2.0,33.58,9.57,1.6,5.8,4.12,11.73
107796,There is growing interest in,5,7,1.4,83.32,2.88,2.0,6.12,3.68,10.2
107797,Core AIP and Modified AIP,5,7,1.4,83.32,2.88,10.0,2.64,0.85,16.52
107798,Like the paleo diet,4,7,1.75,54.73,6.62,11.6,0.0,-0.59,11.73
107800,When following the protocol,4,8,2.0,33.58,9.57,11.6,11.6,8.83,7.78
107807,For mature skin,3,4,1.333,90.99,1.31,1.2,-0.53,0.48,9.05
107808,Morning,1,2,2.0,36.62,8.4,0.4,-4.8,12.04,0.05
107809,Peptides support communication within the,5,12,2.4,-1.28,14.68,10.0,21.2,15.92,16.52
107810,Dead skin cells can dull,5,5,1.0,117.16,-1.84,2.0,1.48,-0.09,7.04
107811,Enzyme-based exfoliants,2,6,3.0,-48.99,20.59,20.8,30.3,31.38,19.53
107812,Ingredients like ceramides,3,8,2.667,-21.81,17.05,27.87,20.73,17.75,14.31
107813,Avoid overuse of rich occlusives,5,10,2.0,32.56,9.96,18.0,10.76,7.45,13.36
107814,The journey to device-free,4,6,1.5,75.88,3.67,1.6,8.7,7.65,7.78
107815,— When families gather for dinner,5,9,1.8,49.48,7.6,10.0,9.6,3.05,7.04
107816,Removing distractions ensures that the,5,10,2.0,32.56,9.96,18.0,17.72,13.1,13.36
107817,Face-to-face interaction without,3,9,3.0,-50.01,20.98,27.87,28.47,27.17,14.31
107818,Is it too much to,5,5,1.0,117.16,-1.84,2.0,-6.64,-6.68,0.25
107819,Healthier Eating Practices,3,8,2.667,-21.81,17.05,27.87,20.73,17.75,19.58
107821,Here's the truth about fashion,5,7,1.4,83.32,2.88,2.0,7.28,5.56,0.25
107822,Garment lifespan directly affects value,5,11,2.2,15.64,12.32,10.0,18.88,14.04,16.52
107823,Sustainable fashion embraces classic styles,5,12,2.4,-1.28,14.68,18.0,23.52,17.81,16.52
107825,Some estimates from a European,5,10,2.0,32.56,9.96,18.0,8.44,5.56,10.2
107826,Of the 75 million factory,5,8,1.6,66.4,5.24,2.0,2.64,0.85,7.04
107827,The Ellen MacArthur Foundation reports,5,11,2.2,15.64,12.32,18.0,17.72,13.1,16.52
107828,Circular Practices: Rental,3,8,2.667,-21.81,17.05,27.87,18.8,17.75,19.58
107829,All too often,3,4,1.333,90.99,1.31,1.2,-4.4,-2.66,0.15
107830,Regulation is tightening: the EU's,5,11,2.2,15.64,12.32,18.0,10.76,9.33,13.36
107831,Breaking this paradox requires reframing,5,12,2.4,-1.28,14.68,26.0,20.04,14.98,16.52
107832,Most of the extra blood,5,6,1.2,100.24,0.52,2.0,0.32,-1.03,0.25
107834,Long-term benefits of lower,4,8,2.0,33.58,9.57,11.6,10.15,8.83,15.68
107835,One study of men in,5,6,1.2,100.24,0.52,2.0,-4.32,-4.8,0.25
107836,Saunas cause vasodilation (widening of,5,10,2.0,32.56,9.96,18.0,16.56,13.1,13.36
107838,“Particularly dry sauna and infrared,5,12,2.4,-1.28,14.68,18.0,14.24,11.21,13.36
107840,Sauna and heart health,4,5,1.25,97.03,0.72,1.6,4.35,2.94,7.78
107841,Timing,1,2,2.0,36.62,8.4,0.4,-10.6,7.33,19.48
107842,Limit Your Sauna Duration,4,8,2.0,33.58,9.57,11.6,8.7,6.48,15.68
107843,Choose simple swimsuits made from,5,7,1.4,83.32,2.88,2.0,11.92,8.39,7.04
107844,If you're struggling with,4,6,1.5,75.88,3.67,11.6,7.25,6.48,7.78
107847,Oura's Symptom Radar feature can,5,9,1.8,49.48,7.6,2.0,9.6,7.45,16.52
107848,A deviation in a combination,5,11,2.2,15.64,12.32,18.0,6.12,3.68,10.2
107850,The Symptom Radar feature sends,5,8,1.6,66.4,5.24,2.0,9.6,6.5,16.52
107851,Increase in Resting Heart Rate,5,7,1.4,83.32,2.88,2.0,8.44,5.56,10.2
107852,Skin temperature rises or falls,5,8,1.6,66.4,5.24,10.0,9.6,6.5,13.36
107853,These Members noticed something unusual,5,11,2.2,15.64,12.32,10.0,18.88,14.04,13.36
107854,For many Members,3,5,1.667,62.79,5.25,1.2,1.4,2.05,9.05
107855,Back in September my ring,5,7,1.4,83.32,2.88,2.0,2.64,0.85,0.25
107856,If you're concerned and,4,5,1.25,97.03,0.72,1.6,4.35,4.12,7.78
107858,Julia Cameron popularized the practice,5,12,2.4,-1.28,14.68,18.0,17.72,13.1,16.52
107860,If you have nothing to,5,6,1.2,100.24,0.52,2.0,-0.84,-1.97,0.25
107861,You put pen to paper,5,6,1.2,100.24,0.52,2.0,-3.16,-3.86,0.25
107863,Stream of consciousness journaling is,5,9,1.8,49.48,7.6,18.0,16.56,12.16,10.2
107864,Most van lifers fall into,5,7,1.4,83.32,2.88,2.0,2.64,0.85,10.2
107865,Pro-built interiors usually range,4,10,2.5,-8.72,15.47,21.6,18.85,15.9,19.62
107866,Here's what different start-up,4,7,1.75,54.73,6.62,1.6,13.05,12.36,7.78
107867,How Much Does It Cost to Start Van Life?,9,9,1.0,113.1,-0.28,3.6,0.89,-0.18,5.84
107868,Budget,1,2,2.0,36.62,8.4,0.4,-10.6,7.33,19.48
107869,Maintenance and parts can also,5,8,1.6,66.4,5.24,10.0,8.44,5.56,10.2
107870,Definition of a Homestead,4,8,2.0,33.58,9.57,11.6,8.7,6.48,11.73
107871,For example,2,4,2.0,35.61,8.79,20.8,-1.6,3.12,11.63
107872,Do you need to request,5,6,1.2,100.24,0.52,2.0,-0.84,-1.97,7.04
107873,You are required by law,5,7,1.4,83.32,2.88,10.0,0.32,-1.03,7.04
107874,If you own your home,5,5,1.0,117.16,-1.84,2.0,-3.16,-3.86,0.25
107875,The future of hyaluronic acid lies not just in doing,10,17,1.7,52.87,8.37,8.0,6.18,3.82,12.03
107876,From smart wound dressings to,5,6,1.2,100.24,0.52,2.0,7.28,4.62,7.04
107877,This shift aligns with the,5,6,1.2,100.24,0.52,2.0,3.8,1.79,10.2
107878,Perhaps most notably,3,6,2.0,34.59,9.18,14.53,9.13,8.33,9.05
107879,The industry is witnessing a,5,9,1.8,49.48,7.6,18.0,6.12,3.68,10.2
107880,Consumer Trends,2,4,2.0,35.61,8.79,20.8,10.0,12.54,19.53
107881,FMI found more than 70,5,5,1.0,117.16,-1.84,2.0,-0.84,-1.97,10.2
107883,But beyond its growing popularity,5,11,2.2,15.64,12.32,10.0,11.92,8.39,13.36
107884,Oura Health Ltd,3,5,1.667,62.79,5.25,14.53,-0.53,0.48,14.31
107885,The original Oura founders—Lahtela,4,9,2.25,12.43,12.52,21.6,20.3,17.07,15.68
107886,Founded in 2013 by Petteri,5,7,1.4,83.32,2.88,2.0,3.8,1.79,13.36
107887,Oura's original name was Jouzen,5,9,1.8,49.48,7.6,10.0,8.44,6.5,13.36
107888,How the generations compare,4,8,2.0,33.58,9.57,11.6,11.6,8.83,7.78
107889,As health and wellness continue,5,8,1.6,66.4,5.24,10.0,9.6,6.5,10.2
107890,Founded in 2013,3,4,1.333,90.99,1.31,1.2,-0.53,0.48,14.31
107891,Oura previously worked with the,5,8,1.6,66.4,5.24,10.0,9.6,6.5,13.36
107893,Oura has continued its acquisitions,5,10,2.0,32.56,9.96,18.0,14.24,10.27,13.36
107894,"""Oura reaches $11 billion valuation",5,10,2.0,32.56,9.96,10.0,11.92,10.27,19.67
107895,How much does the ceramic,5,7,1.4,83.32,2.88,10.0,2.64,0.85,7.04
107897,Advances in digital technology gave,5,12,2.4,-1.28,14.68,26.0,14.24,10.27,13.36
107899,In 1999,2,2,1.0,120.21,-3.01,0.8,-13.2,-6.3,11.63
107900,This device was worn as,5,6,1.2,100.24,0.52,2.0,0.32,-1.03,7.04
107901,The first CGM system available,5,9,1.8,49.48,7.6,10.0,8.44,5.56,13.36
107902,In the same period,4,6,1.5,75.88,3.67,11.6,-1.45,-1.77,7.78
107903,While these accessories worked in,5,8,1.6,66.4,5.24,10.0,11.92,8.39,10.2
107905,In June 2018,3,3,1.0,119.19,-2.62,1.2,-6.33,-4.23,9.05
107906,More recently,2,4,2.0,35.61,8.79,20.8,4.2,7.83,11.63
107907,The Dexcom Stelo Glucose Biosensor,5,11,2.2,15.64,12.32,10.0,13.08,9.33,16.52
107908,Conventional topical formulations often fail,5,14,2.8,-35.12,19.4,26.0,24.68,18.75,13.36
107909,Comparative studies consistently demonstrate that,5,14,2.8,-35.12,19.4,26.0,30.48,23.46,16.52
107910,The most notable change in,5,7,1.4,83.32,2.88,10.0,3.8,1.79,7.04
107911,The authors emphasize that “personalized,5,11,2.2,15.64,12.32,18.0,18.88,14.98,13.36
107912,Key themes include the declining,5,8,1.6,66.4,5.24,10.0,10.76,7.45,13.36
107914,As of May 8,4,4,1.0,118.18,-2.23,1.6,-11.6,-10.01,7.78
107915,The affordability wedge is no,5,10,2.0,32.56,9.96,10.0,7.28,4.62,10.2
107916,The market is projected to,5,8,1.6,66.4,5.24,10.0,3.8,1.79,7.04
107918,Zoning and Regulation Updates,4,9,2.25,12.43,12.52,11.6,14.5,11.18,15.68
107919,Building Codes: The Tiny Home,5,7,1.4,83.32,2.88,2.0,6.12,4.62,7.04
107920,Major trends in the forecast,5,7,1.4,83.32,2.88,2.0,6.12,3.68,10.2
107922,For instance,2,3,1.5,77.91,2.89,0.8,1.3,5.48,11.63
107923,Major Market Restraint: Around 40,5,9,1.8,49.48,7.6,2.0,10.76,8.39,10.2
107924,The creative potential for tiny,5,10,2.0,32.56,9.96,18.0,9.6,6.5,10.2
107928,Don't eat: nightshade vegetables,4,7,1.75,54.73,6.62,11.6,15.95,14.72,11.73
107931,During this phase,3,4,1.333,90.99,1.31,1.2,3.33,3.62,9.05
107932,Slowly reintroduce foods one at,5,9,1.8,49.48,7.6,10.0,9.6,6.5,10.2
107933,Take a small bite,4,4,1.0,118.18,-2.23,1.6,-2.9,-2.95,0.2
107934,It can take some time,5,5,1.0,117.16,-1.84,2.0,-2.0,-2.92,0.25
107936,Dopamine fasting is about minimizing,5,12,2.4,-1.28,14.68,18.0,15.4,11.21,13.36
107937,This doesn't mean cutting,4,6,1.5,75.88,3.67,1.6,7.25,6.48,0.2
107938,The idea is that by,5,7,1.4,83.32,2.88,2.0,-4.32,-4.8,0.25
107941,NSF International flags 75% of,5,9,1.8,49.48,7.6,10.0,7.28,5.56,16.52
107942,My Junk Drawer Golden Rule,5,6,1.2,100.24,0.52,2.0,3.8,1.79,0.25
107943,If it's not something you,5,6,1.2,100.24,0.52,2.0,1.48,0.85,0.25
107944,Match the organizer to the,5,8,1.6,66.4,5.24,10.0,3.8,1.79,7.04
107945,One final tip: Before you,5,7,1.4,83.32,2.88,2.0,1.48,0.85,7.04
107946,Now,1,1,1.0,121.22,-3.4,0.4,-28.0,-6.8,0.05
107947,Maybe you're too nervous,4,6,1.5,75.88,3.67,1.6,5.8,5.3,7.78
107948,According to a study published,5,9,1.8,49.48,7.6,10.0,8.44,5.56,10.2
107949,3.1.,1,1,1.0,121.22,-3.4,0.4,-33.8,-2.09,19.48
107950,The AIP diet focuses on,5,8,1.6,66.4,5.24,10.0,0.32,-1.03,13.36
107951,This phase is designed to,5,6,1.2,100.24,0.52,2.0,2.64,0.85,10.2
107952,If you experience a reaction,5,10,2.0,32.56,9.96,18.0,6.12,3.68,10.2
107953,This causes many unpleasant symptoms,5,10,2.0,32.56,9.96,2.0,15.4,11.21,10.2
107954,Doing this can help you,5,6,1.2,100.24,0.52,2.0,0.32,-1.03,7.04
107955,“The AIP diet consists of,5,7,1.4,83.32,2.88,2.0,1.48,0.85,13.36
107956,“Like with any elimination diet,5,11,2.2,15.64,12.32,10.0,8.44,6.5,10.2
107957,This gives a person enough,5,7,1.4,83.32,2.88,2.0,3.8,1.79,7.04
107958,The anti-aging skincare landscape,4,8,2.0,33.58,9.57,11.6,18.85,15.9,15.68
107959,Inflammation is one of the,5,8,1.6,66.4,5.24,10.0,3.8,1.79,7.04
107960,Some trending anti-inflammaging ingredients,4,13,3.25,-72.17,24.32,21.6,33.35,27.67,15.68
107961,This is where professional-grade,4,8,2.0,33.58,9.57,11.6,17.4,14.72,7.78
107962,Exosome therapy represents an innovative,5,13,2.6,-18.2,17.04,26.0,20.04,14.98,16.52
107963,Mesenchymal stem cells (MSCs) are,5,7,1.4,83.32,2.88,10.0,9.6,8.39,13.36
107964,The volumizing complex features hyaluronic,5,15,3.0,-52.04,21.76,18.0,22.36,16.87,16.52
107965,From a research perspective,4,7,1.75,54.73,6.62,11.6,11.6,8.83,11.73
107968,Whether it is with their,5,6,1.2,100.24,0.52,2.0,1.48,-0.09,7.04
107969,My kids use Whatsapp to,5,7,1.4,83.32,2.88,10.0,0.32,-1.03,10.2
107971,According to Babylist parents,4,8,2.0,33.58,9.57,11.6,14.5,11.18,15.68
107972,Infant car seat: Since infant,5,7,1.4,83.32,2.88,2.0,6.12,4.62,10.2
107973,Lawmakers across the country are,5,9,1.8,49.48,7.6,10.0,10.76,7.45,7.04
107975,“Technically,1,4,4.0,-132.58,32.0,40.4,18.4,35.59,19.48
107976,A 2023 Surgeon General report,5,9,1.8,49.48,7.6,2.0,7.28,4.62,10.2
107977,It allows young people to,5,7,1.4,83.32,2.88,2.0,2.64,0.85,7.04
107978,We show there is now,5,5,1.0,117.16,-1.84,2.0,-3.16,-3.86,0.25
107979,Passive screen time involves consuming digital content without active engagement,10,21,2.1,19.03,13.09,16.0,22.42,17.01,15.19
107980,Let's destigmatize daughters speaking up,5,9,1.8,49.48,7.6,10.0,18.88,14.98,13.36
107981,To find affordable seats,4,7,1.75,54.73,6.62,11.6,7.25,5.3,11.73
107982,How much are Sibling Rivalry,5,8,1.6,66.4,5.24,10.0,6.12,3.68,10.2
107983,Plus,1,1,1.0,121.22,-3.4,0.4,-22.2,-2.09,19.48
107984,DATE,1,1,1.0,121.22,-3.4,0.4,-22.2,-2.09,0.05
107985,While the intention is admirable,5,10,2.0,32.56,9.96,18.0,10.76,7.45,10.2
107986,Children whose parents practice bilingualism,5,12,2.4,-1.28,14.68,10.0,24.68,18.75,13.36
107987,One of the most effective,5,7,1.4,83.32,2.88,10.0,2.64,0.85,7.04
107988,For one thing,3,3,1.0,119.19,-2.62,1.2,-4.4,-2.66,0.15
107989,The Satter Division of Responsibility,5,13,2.6,-18.2,17.04,18.0,16.56,12.16,13.36
107990,As your child grows,4,4,1.0,118.18,-2.23,1.6,0.0,-0.59,7.78
107991,This approach clearly outlines the,5,8,1.6,66.4,5.24,2.0,13.08,9.33,13.36
107992,When parents do their jobs,5,6,1.2,100.24,0.52,2.0,3.8,1.79,10.2
107994,When you stay in your,5,5,1.0,117.16,-1.84,2.0,-2.0,-2.92,0.25
107995,The division of responsibility in feeding applies at every stage,10,21,2.1,19.03,13.09,12.0,13.14,9.48,10.45
107996,The child is responsible for how much and whether.,9,13,1.444,75.5,4.96,8.04,7.33,5.05,7.59
107997,Be an example by eating,5,8,1.6,66.4,5.24,10.0,0.32,-1.03,10.2
107999,Research shows that being Eating,5,8,1.6,66.4,5.24,2.0,10.76,7.45,13.36
108000,The M-CHAT-R (,2,2,1.0,120.21,-3.01,0.8,-4.5,-1.59,11.63
108001,Sensory sensitivity or atypical behavior,5,16,3.2,-68.96,24.12,34.0,20.04,14.98,16.52
108002,The results will let you,5,6,1.2,100.24,0.52,2.0,1.48,-0.09,7.04
108004,The Modified Checklist for Autism,5,10,2.0,32.56,9.96,18.0,11.92,8.39,13.36
108005,If the results indicate a,5,8,1.6,66.4,5.24,10.0,2.64,0.85,10.2
108006,Communication parameters in California parallel,5,17,3.4,-85.88,26.48,34.0,28.16,21.58,16.52
108007,Delaware Family Court provides standard,5,11,2.2,15.64,12.32,10.0,18.88,14.04,13.36
108008,Parenting Class,2,4,2.0,35.61,8.79,20.8,10.0,12.54,11.63
108010,Communication Protocol: Effective parallel parenting,5,17,3.4,-85.88,26.48,42.0,32.8,26.29,19.67
108011,GAL fees in Connecticut range,5,8,1.6,66.4,5.24,10.0,7.28,4.62,16.52
108012,For high income families the,5,8,1.6,66.4,5.24,10.0,6.12,3.68,7.04
108013,Starting January 1,3,7,2.333,6.39,13.11,1.2,5.27,5.19,14.31
108014,We've all heard about,4,5,1.25,97.03,0.72,1.6,1.45,1.77,0.2
108015,But by the time a,5,5,1.0,117.16,-1.84,2.0,-6.64,-6.68,0.25
108016,Can you please support me,5,6,1.2,100.24,0.52,2.0,2.64,0.85,7.04
108017,“Do you want to wear,5,5,1.0,117.16,-1.84,2.0,-4.32,-3.86,0.25
108019,Ok_FF_8679,1,1,1.0,121.22,-3.4,0.4,12.6,26.17,19.48
108020,Satter developed the approach to,5,9,1.8,49.48,7.6,10.0,10.76,7.45,13.36
108021,But with consistency and patience,5,9,1.8,49.48,7.6,10.0,11.92,8.39,10.2
108022,The Division of Responsibility in Feeding is the double yellow,10,20,2.0,27.49,11.91,12.0,11.98,8.53,8.87
108024,In other words,3,4,1.333,90.99,1.31,1.2,-2.47,-1.09,9.05
108025,Children get to choose what,5,6,1.2,100.24,0.52,2.0,4.96,2.74,0.25
108026,This approach gives responsibilities to,5,11,2.2,15.64,12.32,10.0,18.88,14.04,13.36
108027,Seven states—California,2,6,3.0,-48.99,20.59,20.8,30.3,31.38,11.63
108028,This approach offers you a,5,7,1.4,83.32,2.88,2.0,3.8,1.79,10.2
108029,Start with small portions,4,5,1.25,97.03,0.72,1.6,8.7,6.48,7.78
108030,How much does an Average,5,7,1.4,83.32,2.88,10.0,1.48,-0.09,7.04
108031,At its core,3,3,1.0,119.19,-2.62,1.2,-8.27,-5.8,9.05
108032,Here are a few keys,5,5,1.0,117.16,-1.84,2.0,-4.32,-4.8,7.04
108034,The course is meant to,5,5,1.0,117.16,-1.84,2.0,-0.84,-1.97,0.25
108036,Register here for a RIE,5,7,1.4,83.32,2.88,10.0,0.32,-1.03,10.2
108037,Classes are for parents of,5,7,1.4,83.32,2.88,2.0,3.8,1.79,10.2
108038,What Is Combo Feeding?,4,6,1.5,75.88,3.67,1.6,2.9,2.94,11.73
108039,💡Breastfeed most of the,4,5,1.25,97.03,0.72,1.6,4.35,4.12,7.78
108040,Many parents also want a,5,8,1.6,66.4,5.24,2.0,1.48,-0.09,7.04
108041,HiPP Comfort,2,3,1.5,77.91,2.89,0.8,1.3,5.48,11.63
108042,If your baby is not,5,6,1.2,100.24,0.52,2.0,-4.32,-4.8,7.04
108043,Give your baby their first,5,6,1.2,100.24,0.52,2.0,3.8,1.79,7.04
108044,If your kid loses things,5,6,1.2,100.24,0.52,2.0,1.48,-0.09,10.2
108045,Like training wheels.,3,4,1.333,90.99,1.31,1.2,9.13,9.9,14.31
108046,Frequently Asked Questions,3,6,2.0,34.59,9.18,14.53,20.73,17.75,19.58
108047,Being so close in age,5,6,1.2,100.24,0.52,2.0,-2.0,-2.92,0.25
108048,Toddlers typically have predictable nap,5,11,2.2,15.64,12.32,18.0,18.88,14.04,13.36
108049,It is impossible to give,5,8,1.6,66.4,5.24,2.0,1.48,-0.09,0.25
108050,Be prepared.,2,3,1.5,77.91,2.89,0.8,-1.6,5.48,11.63
108052,Simplify meal time,3,5,1.667,62.79,5.25,14.53,5.27,5.19,9.05
108053,Include the newborn safely in,5,8,1.6,66.4,5.24,2.0,7.28,4.62,13.36
108054,Take a friend up on,5,5,1.0,117.16,-1.84,2.0,-4.32,-4.8,0.25
108056,M-CHAT stands for “Modified,4,6,1.5,75.88,3.67,11.6,8.7,8.83,15.68
108057,The M-CHAT Screener for,4,5,1.25,97.03,0.72,1.6,4.35,4.12,11.73
108058,The M-CHAT,2,2,1.0,120.21,-3.01,0.8,-7.4,0.77,11.63
108059,Consisting of 20 yes/no,4,6,1.5,75.88,3.67,11.6,4.35,4.12,15.68
108060,Does your child get upset,5,6,1.2,100.24,0.52,2.0,2.64,0.85,0.25
108062,The Telluride Association Summer Seminar,5,14,2.8,-35.12,19.4,26.0,20.04,14.98,13.36
108065,PROMYS engages approximately 80 students,5,12,2.4,-1.28,14.68,18.0,20.04,14.98,19.67
108068,Receiving an autism diagnosis later,5,13,2.6,-18.2,17.04,26.0,14.24,10.27,16.52
108070,It can also help you,5,6,1.2,100.24,0.52,2.0,-3.16,-3.86,0.25
108072,One study found that people,5,7,1.4,83.32,2.88,2.0,4.96,2.74,0.25
108073,Recognizing the barriers and navigating,5,13,2.6,-18.2,17.04,26.0,18.88,14.04,13.36
108074,empower you to self-advocate,4,9,2.25,12.43,12.52,21.6,11.6,10.01,11.73
108075,Emotional reactions to a new,5,10,2.0,32.56,9.96,18.0,6.12,3.68,10.2
108076,Many in the autistic community,5,11,2.2,15.64,12.32,18.0,8.44,5.56,10.2
108077,Because certain colleges are very,5,10,2.0,32.56,9.96,10.0,11.92,8.39,7.04
108078,Students who successfully complete college,5,11,2.2,15.64,12.32,10.0,22.36,16.87,13.36
108079,Plus,1,1,1.0,121.22,-3.4,0.4,-22.2,-2.09,19.48
108080,When it might not pay,5,5,1.0,117.16,-1.84,2.0,-2.0,-2.92,0.25
108081,A summer program can give,5,7,1.4,83.32,2.88,2.0,2.64,0.85,7.04
108083,Do bedwetting alarms work?,4,7,1.75,54.73,6.62,11.6,8.7,7.65,11.73
108084,Consider a bedwetting alarm,4,9,2.25,12.43,12.52,21.6,11.6,8.83,11.73
108085,Double voiding is passing urine,5,9,1.8,49.48,7.6,2.0,9.6,6.5,13.36
108087,Constipation,1,4,4.0,-132.58,32.0,40.4,24.2,35.59,19.48
108088,Cut back on screen time,5,5,1.0,117.16,-1.84,2.0,0.32,-1.03,0.25
108089,Milestone lists need to support,5,7,1.4,83.32,2.88,2.0,9.6,6.5,13.36
108090,The updated milestones were published,5,9,1.8,49.48,7.6,10.0,16.56,12.16,13.36
108091,The biggest change is that,5,6,1.2,100.24,0.52,2.0,3.8,1.79,7.04
108093,For example,2,4,2.0,35.61,8.79,20.8,-1.6,3.12,11.63
108094,The new guidelines,3,4,1.333,90.99,1.31,1.2,5.27,5.19,9.05
108095,The 11 criteria identified to,5,11,2.2,15.64,12.32,18.0,7.28,4.62,13.36
108096,It's important to keep in,5,7,1.4,83.32,2.88,2.0,1.48,0.85,0.25
108098,Bayley Scales of Infant and,5,7,1.4,83.32,2.88,2.0,4.96,2.74,10.2
108099,Furthermore,1,3,3.0,-47.98,20.2,40.4,18.4,30.88,19.48
108100,While Soluu is not yet,5,5,1.0,117.16,-1.84,2.0,-0.84,-1.97,7.04
108101,Modern Features and Technologies,4,9,2.25,12.43,12.52,11.6,18.85,14.72,15.68
108102,This process gradually trains the,5,9,1.8,49.48,7.6,10.0,11.92,8.39,13.36
108103,To address this treatment gap,5,7,1.4,83.32,2.88,2.0,7.28,4.62,10.2
108104,To better serve the needs,5,6,1.2,100.24,0.52,2.0,2.64,0.85,7.04
108105,Traditional waterproof mattress protectors and,5,13,2.6,-18.2,17.04,18.0,27.0,20.63,10.2
108107,Tips for helping a child,5,6,1.2,100.24,0.52,2.0,1.48,-0.09,10.2
108109,Establish or reestablish a consistent,5,12,2.4,-1.28,14.68,26.0,16.56,12.16,13.36
108110,Crack open Google Calendar or,5,8,1.6,66.4,5.24,2.0,7.28,4.62,7.04
108111,Set up a dedicated homework,5,9,1.8,49.48,7.6,10.0,4.96,2.74,10.2
108112,The American Academy of Pediatrics,5,14,2.8,-35.12,19.4,18.0,13.08,9.33,10.2
108113,Encourage your kids to stay,5,7,1.4,83.32,2.88,10.0,4.96,2.74,10.2
108114,An increasingly common approach to,5,10,2.0,32.56,9.96,10.0,13.08,9.33,13.36
108115,Model how to treat others,5,7,1.4,83.32,2.88,2.0,2.64,0.85,10.2
108116,School-wide definitions help everyone stay consistent.,6,14,2.333,3.34,14.28,15.73,24.7,20.03,11.83
108117,Group training for bystanders includes,5,9,1.8,49.48,7.6,10.0,17.72,13.1,13.36
108118,The next level of the,5,6,1.2,100.24,0.52,2.0,-2.0,-2.92,0.25
108119,Individual counseling: Cognitive techniques,4,13,3.25,-72.17,24.32,31.6,33.35,27.67,19.62
108120,Peer mediation and conflict resolution,5,12,2.4,-1.28,14.68,18.0,17.72,13.1,16.52
108121,When supporting the student(s,4,7,1.75,54.73,6.62,11.6,13.05,11.18,11.73
108122,Any additional students in the,5,10,2.0,32.56,9.96,10.0,8.44,5.56,10.2
108123,The Family Preparedness Plan Act,5,10,2.0,32.56,9.96,10.0,10.76,7.45,7.04
108125,Center Mental Health: Children—and,4,8,2.0,33.58,9.57,11.6,18.85,17.07,11.73
108126,Maintaining routine and consistency matters,5,12,2.4,-1.28,14.68,18.0,23.52,17.81,16.52
108127,Each parent's willingness to support,5,9,1.8,49.48,7.6,10.0,14.24,11.21,13.36
108128,The right time for parent,5,6,1.2,100.24,0.52,2.0,2.64,0.85,0.25
108129,Combining the most effective,4,8,2.0,33.58,9.57,21.6,13.05,10.01,11.73
108130,Beyond Behavior Management,3,8,2.667,-21.81,17.05,27.87,20.73,17.75,19.58
108131,New research shows social communication,5,11,2.2,15.64,12.32,10.0,18.88,14.04,16.52
108133,Good coaching requires parents to,5,9,1.8,49.48,7.6,10.0,11.92,8.39,13.36
108134,A Structural Dilemma,3,7,2.333,6.39,13.11,27.87,9.13,8.33,14.31
108136,To eat solid food,4,5,1.25,97.03,0.72,1.6,-2.9,-2.95,7.78
108137,Swallowing food: Does your baby,5,8,1.6,66.4,5.24,10.0,8.44,6.5,10.2
108138,It's a good idea to,5,7,1.4,83.32,2.88,2.0,-5.48,-4.8,0.25
108139,For babies under 8 months,5,7,1.4,83.32,2.88,2.0,2.64,0.85,10.2
108140,You can model breaking off,5,7,1.4,83.32,2.88,2.0,3.8,1.79,10.2
108141,"We use the ""approved channels",5,7,1.4,83.32,2.88,2.0,6.12,4.62,10.2
108142,Ages: 4–12 | Price: Free for educators,6,10,1.667,59.75,6.42,9.07,6.33,3.1,11.83
108143,Why Minecraft is better: Minecraft,5,8,1.6,66.4,5.24,2.0,11.92,9.33,10.2
108144,For younger children,3,5,1.667,62.79,5.25,1.2,9.13,8.33,9.05
108145,Designed primarily for Android users,5,11,2.2,15.64,12.32,10.0,15.4,11.21,16.52
108146,“The operating systems within most,5,10,2.0,32.56,9.96,10.0,11.92,9.33,13.36
108147,Bark monitors texts,3,5,1.667,62.79,5.25,14.53,7.2,6.76,14.31
108148,Online classes,2,4,2.0,35.61,8.79,0.8,7.1,10.18,19.53
108149,For most mixed-language families,4,9,2.25,12.43,12.52,21.6,17.4,14.72,11.73
108150,The country language can be,5,7,1.4,83.32,2.88,2.0,4.96,2.74,0.25
108151,In Time and Place (T&P,5,5,1.0,117.16,-1.84,2.0,-3.16,-1.97,7.04
108152,For example,2,4,2.0,35.61,8.79,20.8,-1.6,3.12,11.63
108153,Listen to podcasts in your,5,7,1.4,83.32,2.88,2.0,3.8,1.79,7.04
108154,Think about what your child,5,6,1.2,100.24,0.52,2.0,4.96,2.74,0.25
108155,Children are perfectly capable of,5,10,2.0,32.56,9.96,18.0,11.92,8.39,10.2
108156,As you can see,4,4,1.0,118.18,-2.23,1.6,-7.25,-6.48,0.2
108157,Somewhere between 30 minutes – 11,5,8,1.6,66.4,5.24,2.0,9.6,3.05,13.36
108158,M-CHAT stands for “Modified,4,6,1.5,75.88,3.67,11.6,8.7,8.83,15.68
108159,Age Range,2,2,1.0,120.21,-3.01,0.8,-7.4,-1.59,11.63
108160,How long does the M,5,5,1.0,117.16,-1.84,2.0,-4.32,-4.8,7.04
108161,The M-CHAT screen and follow-up parent interview can,8,13,1.625,61.24,6.71,13.2,11.68,9.06,9.95
108162,For children whose scores on,5,6,1.2,100.24,0.52,2.0,6.12,3.68,7.04
108163,The M-CHAT and follow,4,5,1.25,97.03,0.72,1.6,1.45,1.77,7.78
108164,Thus,1,1,1.0,121.22,-3.4,0.4,-22.2,-2.09,19.48
108166,The M-CHAT consists of,4,5,1.25,97.03,0.72,1.6,2.9,2.94,11.73
108167,A child is considered as,5,7,1.4,83.32,2.88,10.0,1.48,-0.09,7.04
108168,Autism screening is recommended at,5,11,2.2,15.64,12.32,18.0,13.08,9.33,13.36
108169,Newborns typically take longer because,5,10,2.0,32.56,9.96,10.0,17.72,13.1,13.36
108170,Short answer: There's a range,5,6,1.2,100.24,0.52,2.0,4.96,4.62,10.2
108171,Most newborns will spend about,5,7,1.4,83.32,2.88,2.0,8.44,5.56,7.04
108172,Every 4-5 hours (4,4,7,1.75,54.73,6.62,1.6,-4.35,-1.77,15.68
108173,Many newborns breastfeed for 10,5,8,1.6,66.4,5.24,2.0,9.6,6.5,13.36
108174,Around the three-to-four,3,6,2.0,34.59,9.18,14.53,13.0,14.61,9.05
108175,Older babies are also much,5,8,1.6,66.4,5.24,2.0,3.8,1.79,7.04
108176,Every mother-baby duo is,4,8,2.0,33.58,9.57,1.6,5.8,5.3,11.73
108177,Some experience a quick,4,7,1.75,54.73,6.62,11.6,5.8,4.12,7.78
108179,During growth spurts (around 3,5,7,1.4,83.32,2.88,2.0,7.28,5.56,13.36
108180,When your healthcare provider asks,5,8,1.6,66.4,5.24,10.0,13.08,9.33,13.36
108181,One of the most important,5,7,1.4,83.32,2.88,2.0,2.64,0.85,0.25
108182,Muscle Dysmorphia: A Growing Concern,5,9,1.8,49.48,7.6,2.0,14.24,11.21,16.52
108183,While it has historically been,5,9,1.8,49.48,7.6,10.0,8.44,5.56,7.04
108184,Preoccupation with body size,4,9,2.25,12.43,12.52,11.6,13.05,10.01,7.78
108185,In 2026,2,2,1.0,120.21,-3.01,0.8,-13.2,-6.3,11.63
108186,The stereotype is that eating,5,9,1.8,49.48,7.6,10.0,7.28,4.62,10.2
108187,Avoidant restrictive food intake disorder,5,11,2.2,15.64,12.32,18.0,21.2,15.92,16.52
108188,One study found that from,5,6,1.2,100.24,0.52,2.0,2.64,0.85,0.25
108189,However,1,3,3.0,-47.98,20.2,0.4,-4.8,12.04,0.05
108191,Increased rigidity around food or,5,10,2.0,32.56,9.96,10.0,11.92,8.39,10.2
108192,Frequently checking their body in,5,9,1.8,49.48,7.6,10.0,11.92,8.39,10.2
108193,For most people,3,4,1.333,90.99,1.31,1.2,-0.53,0.48,0.15
108194,Closely spaced pregnancies also might,5,9,1.8,49.48,7.6,10.0,16.56,12.16,13.36
108197,Check with your local hospital,5,8,1.6,66.4,5.24,2.0,8.44,5.56,7.04
108198,Potty training regression,3,7,2.333,6.39,13.11,14.53,18.8,16.18,19.58
108199,We don't want your,4,4,1.0,118.18,-2.23,1.6,-2.9,-1.77,0.2
108200,My best advice would be,5,6,1.2,100.24,0.52,2.0,0.32,-1.03,7.04
108202,Many second-time parents express,4,8,2.0,33.58,9.57,1.6,17.4,14.72,15.68
108203,Common Questions About Toddler Screen,5,9,1.8,49.48,7.6,2.0,16.56,12.16,13.36
108205,Studies have shown that children,5,7,1.4,83.32,2.88,2.0,10.76,7.45,10.2
108206,The study,2,3,1.5,77.91,2.89,0.8,-7.4,-1.59,0.1
108207,The results of the JAMA,5,7,1.4,83.32,2.88,2.0,0.32,-1.03,10.2
108208,A television running in the,5,9,1.8,49.48,7.6,10.0,4.96,2.74,7.04
108209,2024 evidence presented by CHOC,5,9,1.8,49.48,7.6,18.0,9.6,6.5,16.52
108210,“As they grow and develop,5,7,1.4,83.32,2.88,10.0,1.48,0.85,7.04
108211,How the CDC's Updated Child,5,8,1.6,66.4,5.24,10.0,3.8,2.74,10.2
108212,Mindfulness: Staying present instead of,5,10,2.0,32.56,9.96,10.0,17.72,14.04,10.2
108214,Children's faces may turn red,5,7,1.4,83.32,2.88,2.0,6.12,4.62,10.2
108215,It encourages children to pay,5,9,1.8,49.48,7.6,10.0,7.28,4.62,7.04
108216,Set a timer during the,5,7,1.4,83.32,2.88,2.0,-0.84,-1.97,7.04
108217,Children's feet should be able,5,7,1.4,83.32,2.88,2.0,7.28,5.56,7.04
108218,Above all,2,3,1.5,77.91,2.89,0.8,-7.4,-1.59,0.1
108220,Choose positive words your family,5,9,1.8,49.48,7.6,10.0,11.92,8.39,10.2
108222,How to encourage and motivate,5,9,1.8,49.48,7.6,18.0,7.28,4.62,10.2
108223,Our Top Recommendations,3,8,2.667,-21.81,17.05,14.53,14.93,13.04,9.05
108225,It's pretty awesome.,3,5,1.667,62.79,5.25,1.2,5.27,8.33,9.05
108226,Your name and contact information,5,9,1.8,49.48,7.6,10.0,11.92,8.39,10.2
108227,Start with places that actually,5,9,1.8,49.48,7.6,10.0,9.6,6.5,10.2
108229,Part-time jobs: These are,4,5,1.25,97.03,0.72,1.6,5.8,6.48,11.73
108230,Know Where to Look: Ask,5,5,1.0,117.16,-1.84,2.0,-0.84,-1.03,0.25
108232,Research the company before you,5,9,1.8,49.48,7.6,2.0,9.6,6.5,7.04
108233,Make eye contact,3,4,1.333,90.99,1.31,1.2,1.4,2.05,9.05
108234,Two-weeks notice (from the,4,5,1.25,97.03,0.72,1.6,7.25,7.65,7.78
108235,And how about if we,5,6,1.2,100.24,0.52,2.0,-4.32,-4.8,0.25
108236,"This type of ""vicious cycle",5,7,1.4,83.32,2.88,2.0,3.8,2.74,13.36
108237,Thus,1,1,1.0,121.22,-3.4,0.4,-22.2,-2.09,19.48
108238,Fitzpatrick's team found that adding,5,7,1.4,83.32,2.88,2.0,14.24,11.21,10.2
108239,Please tell me that it's,5,5,1.0,117.16,-1.84,2.0,0.32,-0.09,0.25
108240,Here are some common triggers,5,7,1.4,83.32,2.88,2.0,7.28,4.62,10.2
108241,Recognizing common triggers for your,5,10,2.0,32.56,9.96,10.0,15.4,11.21,13.36
108244,Parents can also explore unique,5,9,1.8,49.48,7.6,2.0,9.6,6.5,13.36
108245,As of April 9,4,5,1.25,97.03,0.72,1.6,-8.7,-7.65,7.78
108246,This helps protect the elementary,5,9,1.8,49.48,7.6,10.0,11.92,8.39,10.2
108247,If you would like your,5,5,1.0,117.16,-1.84,2.0,-0.84,-1.97,0.25
108248,The Wait Until 8th pledge,5,6,1.2,100.24,0.52,2.0,2.64,0.85,10.2
108249,Many experts from child psychologists,5,10,2.0,32.56,9.96,10.0,16.56,12.16,10.2
108251,The Bottom Line on Baby,5,7,1.4,83.32,2.88,2.0,0.32,-1.03,7.04
108252,Elimination Communication (EC) is an,5,13,2.6,-18.2,17.04,18.0,13.08,11.21,13.36
108253,Though the organic components of,5,9,1.8,49.48,7.6,18.0,10.76,7.45,10.2
108254,Whether you prefer full-time,4,7,1.75,54.73,6.62,1.6,11.6,10.01,15.68
108255,Disposable options generate high costs,5,11,2.2,15.64,12.32,18.0,17.72,13.1,16.52
108256,Think about it: Fewer diapers,5,9,1.8,49.48,7.6,10.0,6.12,4.62,10.2
108257,It keeps baby in touch,5,6,1.2,100.24,0.52,2.0,-0.84,-1.97,10.2
108258,However,1,3,3.0,-47.98,20.2,0.4,-4.8,12.04,0.05
108259,Instead of relying completely on,5,10,2.0,32.56,9.96,18.0,10.76,7.45,10.2
108260,Browsely is a modern safe,5,6,1.2,100.24,0.52,2.0,2.64,0.85,10.2
108261,Top 5 Safest Browsers for,5,7,1.4,83.32,2.88,2.0,2.64,0.85,13.36
108262,SPIN Safe Browser is ideal,5,7,1.4,83.32,2.88,2.0,3.8,1.79,7.04
108263,KidZui is a desktop-only,4,5,1.25,97.03,0.72,1.6,5.8,5.3,11.73
108264,As a parent,3,4,1.333,90.99,1.31,1.2,-8.27,-5.8,0.15
108265,Kiddle is a visual discovery,5,11,2.2,15.64,12.32,18.0,6.12,3.68,13.36
108266,Kiddle uses Google Safe Search,5,7,1.4,83.32,2.88,2.0,8.44,5.56,13.36
108267,KidzSearch is a leading safe,5,7,1.4,83.32,2.88,2.0,6.12,3.68,10.2
108268,DuckDuckGo is a leading privacy,5,9,1.8,49.48,7.6,10.0,9.6,6.5,13.36
108269,Google Chrome (with Family Link,5,7,1.4,83.32,2.88,2.0,8.44,6.5,13.36
108271,Ocean acidification is a critical,5,13,2.6,-18.2,17.04,18.0,11.92,8.39,10.2
108272,The reduction in carbonate ions,5,10,2.0,32.56,9.96,18.0,9.6,6.5,13.36
108273,The decrease in carbonate ion,5,9,1.8,49.48,7.6,10.0,7.28,4.62,13.36
108274,For instance,2,3,1.5,77.91,2.89,0.8,1.3,5.48,11.63
108275,Bivalve shellfish,2,4,2.0,35.61,8.79,0.8,15.8,17.25,19.53
108276,Secondly,1,3,3.0,-47.98,20.2,40.4,1.0,16.75,19.48
108277,We conclude that ocean acidification,5,12,2.4,-1.28,14.68,10.0,15.4,11.21,10.2
108278,In addition to the physiological,5,12,2.4,-1.28,14.68,18.0,10.76,7.45,10.2
108279,The ocean provides resources key,5,9,1.8,49.48,7.6,10.0,10.76,7.45,10.2
108280,Negative impacts of ocean acidification,5,14,2.8,-35.12,19.4,18.0,18.88,14.04,13.36
108281,Acute ocean acidification “events” in,5,13,2.6,-18.2,17.04,10.0,14.24,12.16,13.36
108282,Model-based studies have estimated,4,10,2.5,-8.72,15.47,21.6,20.3,17.07,15.68
108283,Current discussions about ocean acidification's,5,14,2.8,-35.12,19.4,18.0,27.0,21.58,13.36
108286,Lowland Dipterocarp forests are the,5,9,1.8,49.48,7.6,10.0,14.24,10.27,13.36
108288,In contrast to the situation,5,9,1.8,49.48,7.6,10.0,6.12,3.68,10.2
108289,When shoppers shift to paper,5,7,1.4,83.32,2.88,2.0,6.12,3.68,10.2
108290,Producing a plastic bag consumes,5,9,1.8,49.48,7.6,10.0,10.76,7.45,13.36
108291,Unintended Environmental Consequences,3,13,4.333,-162.81,36.71,41.2,42.0,35.02,19.58
108292,According to their data,4,7,1.75,54.73,6.62,11.6,5.8,4.12,11.73
108293,While bag bans may seem,5,5,1.0,117.16,-1.84,2.0,0.32,-1.03,7.04
108294,This added cost can trickle,5,7,1.4,83.32,2.88,2.0,4.96,2.74,10.2
108295,Single-use plastic packaging is,4,7,1.75,54.73,6.62,11.6,15.95,13.54,15.68
108296,This prods brands to rethink,5,6,1.2,100.24,0.52,2.0,6.12,3.68,13.36
108298,Best practices for data collection,5,10,2.0,32.56,9.96,18.0,13.08,9.33,13.36
108299,The second challenge in the,5,7,1.4,83.32,2.88,2.0,4.96,2.74,7.04
108300,How we can support:,4,5,1.25,97.03,0.72,1.6,-1.45,-0.59,7.78
108301,Cherry-picking the KPIs which,4,6,1.5,75.88,3.67,11.6,13.05,11.18,11.73
108302,Farmers have steadily improved productivity,5,13,2.6,-18.2,17.04,18.0,23.52,17.81,16.52
108303,Examples include degraded drinking water,5,12,2.4,-1.28,14.68,18.0,20.04,14.98,16.52
108304,The Drought's Impact On The Californian Economy,7,14,2.0,30.53,10.74,14.23,13.11,9.66,13.01
108305,Water shortages led to idled,5,9,1.8,49.48,7.6,10.0,6.12,3.68,10.2
108306,Droughts produce a range of,5,6,1.2,100.24,0.52,2.0,4.96,2.74,13.36
108307,Water released into the delta,5,9,1.8,49.48,7.6,2.0,7.28,4.62,10.2
108308,Derived from the root-like,4,6,1.5,75.88,3.67,1.6,8.7,7.65,11.73
108309,Using tissue engineering and cell,5,10,2.0,32.56,9.96,10.0,11.92,8.39,13.36
108310,For instance leather made from,5,7,1.4,83.32,2.88,2.0,8.44,5.56,7.04
108311,Other bio-leather producers have,4,9,2.25,12.43,12.52,21.6,17.4,14.72,11.73
108312,Her brand has pioneered the,5,7,1.4,83.32,2.88,10.0,4.96,2.74,10.2
108313,Having fulfilled its remit,4,7,1.75,54.73,6.62,1.6,10.15,7.65,11.73
108314,The IFRS Sustainability Disclosure Standards were finalized by the International,10,24,2.4,-6.35,16.63,20.0,22.42,17.01,13.61
108315,The International Sustainability Standards Board,5,15,3.0,-52.04,21.76,18.0,29.32,22.52,13.36
108316,IFRS S1 sets out the,5,5,1.0,117.16,-1.84,2.0,-3.16,-3.86,13.36
108317,It covers climate-related disclosures,4,9,2.25,12.43,12.52,21.6,24.65,20.6,15.68
108318,Companies subject to the CSRD,5,8,1.6,66.4,5.24,10.0,7.28,4.62,10.2
108319,As the directive expands its,5,8,1.6,66.4,5.24,10.0,6.12,3.68,10.2
108320,California's SB 253 and SB,5,8,1.6,66.4,5.24,10.0,2.64,1.79,16.52
108321,California SB 253 (Climate Corporate,5,11,2.2,15.64,12.32,18.0,14.24,11.21,19.67
108322,California SB 261 (Climate-Related,4,9,2.25,12.43,12.52,21.6,18.85,17.07,19.62
108323,Under their proposal,3,6,2.0,34.59,9.18,14.53,9.13,8.33,9.05
108324,This plan also uses a,5,7,1.4,83.32,2.88,2.0,-2.0,-2.92,7.04
108325,In addition,2,4,2.0,35.61,8.79,20.8,-1.6,3.12,11.63
108326,Water Smart Landscape Rebate Program,5,9,1.8,49.48,7.6,2.0,15.4,11.21,13.36
108327,This recycled water earns us,5,8,1.6,66.4,5.24,10.0,6.12,3.68,10.2
108328,The Southern Nevada Water Authority built an underground tunnel to,10,20,2.0,27.49,11.91,16.0,14.3,10.42,8.87
108329,From the development of new,5,8,1.6,66.4,5.24,10.0,4.96,2.74,7.04
108330,We partnered with Southern Nevada,5,8,1.6,66.4,5.24,10.0,11.92,8.39,10.2
108331,The best way for residents,5,7,1.4,83.32,2.88,10.0,3.8,1.79,7.04
108332,⇒ As of May 2025,4,4,1.0,118.18,-2.23,1.6,-7.25,-8.13,7.78
108333,The “Farewell to Foam Act,5,6,1.2,100.24,0.52,2.0,1.48,0.85,7.04
108334,NEW Cold Storage Container Ban,5,8,1.6,66.4,5.24,10.0,8.44,5.56,13.36
108335,Foam packaging is one of,5,7,1.4,83.32,2.88,10.0,1.48,-0.09,7.04
108336,Their assessments draw heavily on,5,9,1.8,49.48,7.6,18.0,11.92,8.39,10.2
108337,According to recent reports from,5,9,1.8,49.48,7.6,10.0,10.76,7.45,13.36
108338,Scientists from Berkley and Copernicus,5,11,2.2,15.64,12.32,18.0,17.72,13.1,13.36
108339,According to scientists,3,7,2.333,6.39,13.11,27.87,14.93,13.04,14.31
108340,CO2 levels have surpassed 420,5,7,1.4,83.32,2.88,2.0,7.28,4.62,16.52
108341,As the climate warms,4,5,1.25,97.03,0.72,1.6,1.45,0.59,11.73
108342,According to the study,4,7,1.75,54.73,6.62,11.6,4.35,2.94,7.78
108343,Record warming 2023/24: Evidence,4,8,2.0,33.58,9.57,11.6,15.95,14.72,15.68
108344,Asian countries would again be,5,8,1.6,66.4,5.24,2.0,8.44,5.56,10.2
108345,To truly harness the potential,5,9,1.8,49.48,7.6,10.0,8.44,5.56,7.04
108346,“Agroforestry adoption is projected to,5,10,2.0,32.56,9.96,18.0,16.56,13.1,13.36
108347,The integration of precision forestry,5,12,2.4,-1.28,14.68,26.0,16.56,12.16,13.36
108348,This study provides a comprehensive,5,10,2.0,32.56,9.96,10.0,14.24,10.27,10.2
108349,In contrast,2,3,1.5,77.91,2.89,0.8,-1.6,3.12,11.63
108350,🛰️ AI-driven zoning: Artificial,3,9,3.0,-50.01,20.98,27.87,20.73,13.04,19.58
108351,Collaboration among all stakeholders,4,11,2.75,-29.87,18.42,21.6,24.65,19.43,11.73
108352,On Hainan Island,3,5,1.667,62.79,5.25,1.2,1.4,2.05,9.05
108353,Agroforestry — integrating trees into agricultural,5,14,2.8,-35.12,19.4,18.0,29.32,16.4,16.52
108354,When your reforestation area is,5,11,2.2,15.64,12.32,18.0,9.6,6.5,10.2
108355,When it comes to top 10 latest innovations to fight,10,14,1.4,78.25,4.83,8.0,5.6,3.35,10.45
108356,Blockchain traceability does not require,5,11,2.2,15.64,12.32,18.0,20.04,14.98,13.36
108357,They harness hydroponic and aeroponic,5,10,2.0,32.56,9.96,10.0,16.56,12.16,10.2
108358,Drones,1,1,1.0,121.22,-3.4,0.4,-10.6,7.33,19.48
108359,Rising ocean temperatures,3,7,2.333,6.39,13.11,14.53,18.8,16.18,9.05
108360,In March 2022,3,3,1.0,119.19,-2.62,1.2,-4.4,-2.66,9.05
108361,Climate change is the greatest long-term threat to coral,9,13,1.444,75.5,4.96,3.6,11.2,8.19,12.86
108362,Heat stress,2,2,1.0,120.21,-3.01,0.8,-1.6,3.12,11.63
108363,Coral bleaching occurs when corals,5,9,1.8,49.48,7.6,2.0,13.08,9.33,16.52
108364,Increasing sediment,2,6,3.0,-48.99,20.59,40.8,21.6,21.96,19.53
108366,What are crown-of-thorns,3,3,1.0,119.19,-2.62,1.2,13.0,14.61,9.05
108367,Runoff can often wash fertilisers,5,9,1.8,49.48,7.6,10.0,11.92,8.39,10.2
108368,It smothers corals and seagrass,5,7,1.4,83.32,2.88,2.0,9.6,6.5,13.36
108369,Coastal development and the loss,5,9,1.8,49.48,7.6,10.0,10.76,7.45,10.2
108370,Temperature Rise,2,4,2.0,35.61,8.79,20.8,12.9,14.9,11.63
108371,One of the strongest indicators,5,9,1.8,49.48,7.6,10.0,9.6,6.5,10.2
108372,We find that most of,5,5,1.0,117.16,-1.84,2.0,-3.16,-3.86,0.25
108373,Their most important effect is,5,8,1.6,66.4,5.24,2.0,8.44,5.56,7.04
108374,Higher global temperature also increases,5,12,2.4,-1.28,14.68,18.0,20.04,14.98,16.52
108375,A 2023 paper by two,5,6,1.2,100.24,0.52,2.0,-4.32,-4.8,7.04
108376,As a result,3,4,1.333,90.99,1.31,1.2,-8.27,-5.8,9.05
108377,Polar climate change has the,5,7,1.4,83.32,2.88,2.0,6.12,3.68,10.2
108378,As temperatures rise,3,5,1.667,62.79,5.25,14.53,9.13,8.33,9.05
108379,Scientists called the fourth global,5,8,1.6,66.4,5.24,10.0,14.24,10.27,13.36
108380,The main cause of large,5,5,1.0,117.16,-1.84,2.0,0.32,-1.03,7.04
108381,Extreme bleaching events are directly,5,10,2.0,32.56,9.96,10.0,16.56,12.16,16.52
108383,Coral bleaching occurs when corals,5,9,1.8,49.48,7.6,2.0,13.08,9.33,16.52
108384,increased water temperature (marine heatwaves,5,11,2.2,15.64,12.32,10.0,24.68,19.69,16.52
108386,Is coral bleaching a natural,5,9,1.8,49.48,7.6,10.0,6.12,3.68,13.36
108387,Corals bleach when environmental stressors,5,11,2.2,15.64,12.32,10.0,22.36,16.87,16.52
108388,The wildfire behaviour triangle has,5,11,2.2,15.64,12.32,26.0,14.24,10.27,13.36
108389,With Canada warming twice as,5,8,1.6,66.4,5.24,10.0,6.12,3.68,10.2
108390,Wind plays a major role,5,6,1.2,100.24,0.52,2.0,0.32,-1.03,10.2
108392,Canada has averaged over 7000,5,9,1.8,49.48,7.6,10.0,7.28,4.62,13.36
108393,But according to the federal,5,9,1.8,49.48,7.6,18.0,6.12,3.68,10.2
108394,Canada experienced its most destructive,5,12,2.4,-1.28,14.68,26.0,18.88,14.04,13.36
108397,Crown fires have extreme intensities,5,10,2.0,32.56,9.96,10.0,15.4,11.21,13.36
108398,Aspen suckers grow directly from,5,9,1.8,49.48,7.6,10.0,10.76,7.45,13.36
108399,Wildfire is a natural part,5,9,1.8,49.48,7.6,18.0,3.8,1.79,10.2
108400,The federal government makes decisions,5,11,2.2,15.64,12.32,18.0,17.72,13.1,13.36
108401,A new paper co-authored,4,7,1.75,54.73,6.62,11.6,4.35,4.12,7.78
108402,This can result in improper allocation of conservation resources,9,20,2.222,9.7,14.14,21.38,17.0,12.38,12.86
108403,Species listed as “data deficient,5,10,2.0,32.56,9.96,10.0,10.76,8.39,16.52
108404,The red list was primarily,5,8,1.6,66.4,5.24,10.0,3.8,1.79,7.04
108405,recommended every 10 years (IUCN,5,10,2.0,32.56,9.96,10.0,9.6,7.45,16.52
108406,The IUCN Red List of,5,5,1.0,117.16,-1.84,2.0,-3.16,-3.86,7.04
108407,assessed (IUCN 2023),3,4,1.333,90.99,1.31,1.2,5.27,8.33,19.58
108408,Experts meet once or twice,5,6,1.2,100.24,0.52,2.0,3.8,1.79,7.04
108409,Support the Red List,4,5,1.25,97.03,0.72,1.6,1.45,0.59,7.78
108410,The remaining 85% is directly,5,9,1.8,49.48,7.6,18.0,6.12,4.62,13.36
108411,30% of donated textiles are,5,8,1.6,66.4,5.24,10.0,3.8,2.74,13.36
108412,The remainder is sent to,5,7,1.4,83.32,2.88,10.0,1.48,-0.09,7.04
108413,Estate,1,2,2.0,36.62,8.4,0.4,-10.6,7.33,19.48
108417,It recaptures energy during deceleration,5,14,2.8,-35.12,19.4,26.0,20.04,14.98,13.36
108418,Check out Why EV Range,5,5,1.0,117.16,-1.84,2.0,-0.84,-1.97,10.2
108419,During hot summer days,4,6,1.5,75.88,3.67,1.6,4.35,2.94,7.78
108420,As a result,3,4,1.333,90.99,1.31,1.2,-8.27,-5.8,9.05
108421,Plug your destination into your,5,9,1.8,49.48,7.6,10.0,9.6,6.5,7.04
108422,Its geologic origins remain somewhat,5,12,2.4,-1.28,14.68,18.0,15.4,11.21,13.36
108423,The peat swamp forest is,5,6,1.2,100.24,0.52,2.0,1.48,-0.09,7.04
108424,In the peat-swamp forests,4,6,1.5,75.88,3.67,1.6,7.25,6.48,11.73
108425,Peat serves as a carbon,5,6,1.2,100.24,0.52,2.0,0.32,-1.03,13.36
108426,By pulling water out of,5,7,1.4,83.32,2.88,2.0,0.32,-1.03,7.04
108427,A two-week dry stretch,4,4,1.0,118.18,-2.23,1.6,2.9,2.94,7.78
108428,In early April,3,5,1.667,62.79,5.25,1.2,-2.47,-1.09,0.15
108430,Farmers can plan better for,5,7,1.4,83.32,2.88,2.0,4.96,2.74,7.04
108431,The March 1 snow survey,5,6,1.2,100.24,0.52,2.0,0.32,-1.03,10.2
108432,But should California experience another,5,13,2.6,-18.2,17.04,18.0,20.04,14.98,10.2
108433,Our rivers and streams will,5,7,1.4,83.32,2.88,2.0,4.96,2.74,10.2
108434,On April 1st Lake Powell,5,7,1.4,83.32,2.88,2.0,1.48,-0.09,10.2
108435,But this feedback loop is,5,6,1.2,100.24,0.52,2.0,2.64,0.85,7.04
108436,What we can do is,5,5,1.0,117.16,-1.84,2.0,-6.64,-6.68,0.25
108437,People are working on breeding,5,8,1.6,66.4,5.24,2.0,8.44,5.56,10.2
108438,The hidden climate risks of,5,7,1.4,83.32,2.88,2.0,4.96,2.74,10.2
108439,For instance,2,3,1.5,77.91,2.89,0.8,1.3,5.48,11.63
108440,It's being underwritten as essential,5,11,2.2,15.64,12.32,18.0,14.24,11.21,10.2
108441,The macro environment in 2026,5,9,1.8,49.48,7.6,10.0,7.28,4.62,13.36
108442,Hydroponic systems recycle water,4,11,2.75,-29.87,18.42,21.6,18.85,14.72,15.68
108443,Early-stage venture money has,4,7,1.75,54.73,6.62,1.6,13.05,11.18,11.73
108444,The concept of food miles,5,6,1.2,100.24,0.52,2.0,2.64,0.85,10.2
108445,AI systems are also transforming,5,9,1.8,49.48,7.6,10.0,10.76,7.45,13.36
108446,By repurposing empty buildings or,5,10,2.0,32.56,9.96,10.0,11.92,8.39,10.2
108447,JA: Vertical farming crops can,5,8,1.6,66.4,5.24,10.0,7.28,5.56,13.36
108448,Biodiversity preservation is another cornerstone,5,17,3.4,-85.88,26.48,26.0,29.32,22.52,13.36
108449,In the secondary market,4,8,2.0,33.58,9.57,11.6,5.8,4.12,7.78
108450,This premium manifests as higher,5,10,2.0,32.56,9.96,18.0,10.76,7.45,13.36
108451,Green bonds can offer you,5,6,1.2,100.24,0.52,2.0,2.64,0.85,7.04
108452,However,1,3,3.0,-47.98,20.2,0.4,-4.8,12.04,0.05
108453,2021) and (ii) the,4,4,1.0,118.18,-2.23,1.6,-5.8,-1.77,11.73
108454,Furthermore,1,3,3.0,-47.98,20.2,40.4,18.4,30.88,19.48
108455,Diversify our water supplies: Expand,5,12,2.4,-1.28,14.68,10.0,14.24,11.21,13.36
108456,Create storage space for up,5,7,1.4,83.32,2.88,2.0,4.96,2.74,10.2
108457,Move more water.,3,4,1.333,90.99,1.31,1.2,-0.53,2.05,0.15
108458,Dozens of local water districts,5,9,1.8,49.48,7.6,2.0,9.6,6.5,13.36
108459,We're taking an all,4,5,1.25,97.03,0.72,1.6,-1.45,-0.59,0.2
108460,Tourism operators are playing a,5,11,2.2,15.64,12.32,18.0,9.6,6.5,13.36
108462,The technology has enormous potential,5,12,2.4,-1.28,14.68,26.0,16.56,12.16,13.36
108463,An advanced geothermal system operated,5,13,2.6,-18.2,17.04,18.0,17.72,13.1,16.52
108464,The global geothermal capacity surpassed,5,13,2.6,-18.2,17.04,18.0,20.04,14.98,16.52
108465,If sufficient technological advances to,5,13,2.6,-18.2,17.04,26.0,18.88,14.04,13.36
108467,Scientists are still trying to,5,8,1.6,66.4,5.24,10.0,8.44,5.56,10.2
108468,Use microwave-safe ceramic or,4,7,1.75,54.73,6.62,11.6,13.05,11.18,11.73
108469,Here are five things you,5,5,1.0,117.16,-1.84,2.0,1.48,-0.09,7.04
108470,Reverse osmosis (RO) systems,4,8,2.0,33.58,9.57,11.6,10.15,10.01,19.62
108471,“Paper” coffee cups are not,5,7,1.4,83.32,2.88,2.0,2.64,2.74,7.04
108473,* NO plastic containers for any,5,9,1.8,49.48,7.6,10.0,7.28,1.48,10.2
108474,Switch to glass jars (an,5,5,1.0,117.16,-1.84,2.0,0.32,-0.09,7.04
108476,Tip #4: Be careful with,5,6,1.2,100.24,0.52,2.0,-2.0,-1.03,7.04
108477,Look for alternatives to plastic,5,9,1.8,49.48,7.6,10.0,10.76,7.45,10.2
108478,Your cookware,2,3,1.5,77.91,2.89,0.8,4.2,7.83,11.63
108479,Plastic spatulas,2,5,2.5,-6.69,14.69,20.8,12.9,14.9,19.53
108480,Plastic particles settle in household,5,10,2.0,32.56,9.96,10.0,16.56,12.16,13.36
108481,Most clothing is either entirely,5,10,2.0,32.56,9.96,10.0,10.76,7.45,7.04
108482,While replacing your entire wardrobe,5,10,2.0,32.56,9.96,18.0,15.4,11.21,13.36
108483,Storing food in plastic at,5,7,1.4,83.32,2.88,2.0,3.8,1.79,10.2
108484,Habitat loss and fragmentation: The,5,10,2.0,32.56,9.96,18.0,13.08,10.27,10.2
108485,Other important drivers﻿ of,4,8,2.0,33.58,9.57,1.6,10.15,8.83,7.78
108486,Climate change: Global warming and,5,8,1.6,66.4,5.24,2.0,11.92,9.33,13.36
108487,Pollution: Air,2,4,2.0,35.61,8.79,20.8,4.2,10.18,11.63
108488,Invasive species: As ecosystems have,5,11,2.2,15.64,12.32,18.0,14.24,11.21,13.36
108489,Urban Expansion and Infrastructure Development,5,14,2.8,-35.12,19.4,26.0,27.0,20.63,16.52
108490,Ocean acidification: Increases in carbon,5,14,2.8,-35.12,19.4,18.0,18.88,14.98,13.36
108491,International trade and habitat destruction,5,13,2.6,-18.2,17.04,26.0,23.52,17.81,13.36
108492,Mountain 'fynbos' on Cape Town,5,7,1.4,83.32,2.88,2.0,6.12,5.56,7.04
108493,Top 10 countries for humid tropical primary forest loss,9,16,1.778,47.3,8.9,12.49,11.2,7.67,12.86
108494,Wildfires in late 2019 and,5,7,1.4,83.32,2.88,10.0,3.8,1.79,10.2
108495,Shifts waste management responsibilities and,5,12,2.4,-1.28,14.68,18.0,24.68,18.75,13.36
108496,Effective waste management under EPR,5,10,2.0,32.56,9.96,18.0,15.4,11.21,13.36
108497,The first is the use,5,5,1.0,117.16,-1.84,2.0,-3.16,-3.86,0.25
108498,Several obstacles hinder EPR adoption,5,11,2.2,15.64,12.32,18.0,16.56,12.16,16.52
108500,These changes exacerbate severity,4,11,2.75,-29.87,18.42,21.6,20.3,15.9,15.68
108501,DSUHII in Babol increased from,5,6,1.2,100.24,0.52,2.0,8.44,5.56,13.36
108502,The results demonstrated significant seasonal,5,14,2.8,-35.12,19.4,26.0,25.84,19.69,16.52
108503,The report also indicates an,5,9,1.8,49.48,7.6,10.0,6.12,3.68,7.04
108504,Results show that UHI intensity,5,9,1.8,49.48,7.6,10.0,9.6,6.5,13.36
108505,However,1,3,3.0,-47.98,20.2,0.4,-4.8,12.04,0.05
108506,These findings underscore the importance,5,10,2.0,32.56,9.96,18.0,20.04,14.98,13.36
108507,Spatial planning strategies that reduce,5,10,2.0,32.56,9.96,10.0,18.88,14.04,16.52
108508,In the evaluation of the,5,9,1.8,49.48,7.6,10.0,1.48,-0.09,7.04
108509,While the health impacts of,5,6,1.2,100.24,0.52,2.0,4.96,2.74,7.04
108511,The study,2,3,1.5,77.91,2.89,0.8,-7.4,-1.59,0.1
108512,Instead of storing food in,5,7,1.4,83.32,2.88,2.0,3.8,1.79,7.04
108513,Plant and animal material frozen,5,11,2.2,15.64,12.32,10.0,10.76,7.45,10.2
108514,Once initiated,2,6,3.0,-48.99,20.59,20.8,7.1,10.18,11.63
108515,The results suggest that thawing,5,8,1.6,66.4,5.24,2.0,10.76,7.45,13.36
108516,Many northern villages such as,5,9,1.8,49.48,7.6,10.0,8.44,5.56,7.04
108517,It is,2,2,1.0,120.21,-3.01,0.8,-19.0,-11.01,0.1
108518,“We have 10 partners in,5,6,1.2,100.24,0.52,2.0,-0.84,-1.03,10.2
108519,KYUK,1,2,2.0,36.62,8.4,0.4,-22.2,-2.09,19.48
108520,In 2016,2,2,1.0,120.21,-3.01,0.8,-13.2,-6.3,11.63
108521,Mercury released by permafrost thaw,5,10,2.0,32.56,9.96,18.0,14.24,10.27,16.52
108522,He added that the results,5,7,1.4,83.32,2.88,2.0,2.64,0.85,10.2
108523,Beyond infrastructure impacts,3,8,2.667,-21.81,17.05,14.53,26.53,22.46,19.58
108524,For many Indigenous families,4,10,2.5,-8.72,15.47,21.6,13.05,10.01,11.73
108525,California's multi-year drought is,4,9,2.25,12.43,12.52,21.6,18.85,17.07,15.68
108526,Public health and safety and,5,7,1.4,83.32,2.88,2.0,6.12,3.68,0.25
108527,Rural communities are often dependent,5,12,2.4,-1.28,14.68,18.0,16.56,12.16,13.36
108528,As noted earlier,3,6,2.0,34.59,9.18,14.53,1.4,2.05,14.31
108529,The generation of hydroelectricity may,5,12,2.4,-1.28,14.68,18.0,17.72,13.1,10.2
108530,During times of drought,4,5,1.25,97.03,0.72,1.6,5.8,4.12,11.73
108531,Drought can also compromise water,5,9,1.8,49.48,7.6,10.0,11.92,8.39,10.2
108532,Warming is also decreasing the,5,9,1.8,49.48,7.6,10.0,8.44,5.56,10.2
108534,This model encourages businesses to,5,11,2.2,15.64,12.32,18.0,14.24,10.27,13.36
108535,Akanthas improves Waste Monitoring and,5,9,1.8,49.48,7.6,10.0,17.72,13.1,13.36
108536,The startup's products include CycleResin,5,10,2.0,32.56,9.96,10.0,20.04,15.92,16.52
108539,Specifically,1,4,4.0,-132.58,32.0,40.4,24.2,35.59,19.48
108540,Earth's warming climate means that,5,7,1.4,83.32,2.88,2.0,11.92,9.33,13.36
108541,This points to a strong,5,5,1.0,117.16,-1.84,2.0,0.32,-1.03,7.04
108542,“It gains mass,3,3,1.0,119.19,-2.62,1.2,-4.4,-1.09,14.31
108543,Does this look like Greenland,5,6,1.2,100.24,0.52,2.0,7.28,4.62,7.04
108544,Under sunny weather,3,6,2.0,34.59,9.18,1.2,7.2,6.76,0.15
108545,The water drains from the,5,6,1.2,100.24,0.52,2.0,2.64,0.85,7.04
108546,East Antarctica holds about ten,5,9,1.8,49.48,7.6,10.0,9.6,6.5,10.2
108547,Machine learning analysis of 40,5,10,2.0,32.56,9.96,10.0,9.6,6.5,13.36
108548,Glaciers along the Wilkes Land,5,7,1.4,83.32,2.88,2.0,8.44,5.56,10.2
108549,Journal Reference:,2,5,2.5,-6.69,14.69,20.8,15.8,19.6,19.53
108550,The Reef Discovery online course,5,9,1.8,49.48,7.6,10.0,10.76,7.45,13.36
108551,The report found that even,5,7,1.4,83.32,2.88,2.0,3.8,1.79,0.25
108552,Even though the 1.5°,4,5,1.25,97.03,0.72,1.6,-1.45,0.59,7.78
108553,The long‑term warming rate,4,6,1.5,75.88,3.67,1.6,8.7,7.65,11.73
108554,Reducing the EU's net emissions,5,10,2.0,32.56,9.96,18.0,8.44,6.5,13.36
108556,China launches world's first AI,5,7,1.4,83.32,2.88,2.0,8.44,6.5,13.36
108557,Japan has become the first,5,7,1.4,83.32,2.88,2.0,3.8,1.79,7.04
108558,Under global modelled pathways that,5,9,1.8,49.48,7.6,2.0,14.24,10.27,13.36
108559,In addition,2,4,2.0,35.61,8.79,20.8,-1.6,3.12,11.63
108561,Abstract,1,2,2.0,36.62,8.4,0.4,1.0,16.75,19.48
108562,Mountain glaciers are melting and,5,8,1.6,66.4,5.24,2.0,11.92,8.39,10.2
108563,Perhaps most compelling reason: Mother,5,10,2.0,32.56,9.96,10.0,16.56,13.1,7.04
108564,Perhaps most compelling reason: Mother,5,10,2.0,32.56,9.96,10.0,16.56,13.1,7.04
108565,Legume-based silage fixes nitrogen,4,8,2.0,33.58,9.57,11.6,20.3,17.07,19.62
108566,Livestock are one major source,5,7,1.4,83.32,2.88,2.0,8.44,5.56,10.2
108567,However,1,3,3.0,-47.98,20.2,0.4,-4.8,12.04,0.05
108568,Optimizing feed composition and reducing,5,13,2.6,-18.2,17.04,26.0,20.04,14.98,13.36
108569,Growing crops for cow feed,5,6,1.2,100.24,0.52,2.0,3.8,1.79,10.2
108570,Other practices,2,5,2.5,-6.69,14.69,20.8,10.0,12.54,11.63
108571,Improving manure handling,3,7,2.333,6.39,13.11,14.53,18.8,16.18,19.58
108572,Covering slurry and manure stores,5,9,1.8,49.48,7.6,10.0,11.92,8.39,16.52
108574,Breeding Strategies: selectively breeding cows,5,12,2.4,-1.28,14.68,18.0,25.84,20.63,19.67
108575,Improved animal health through managing,5,10,2.0,32.56,9.96,10.0,18.88,14.04,10.2
108576,The use of artificial nitrogen,5,10,2.0,32.56,9.96,18.0,8.44,5.56,10.2
108577,Reducing or eliminating tilling where,5,12,2.4,-1.28,14.68,18.0,16.56,12.16,13.36
108578,Vertical farming has its origins,5,10,2.0,32.56,9.96,18.0,10.76,7.45,10.2
108579,The semicontrolled environments we now,5,10,2.0,32.56,9.96,18.0,17.72,13.1,10.2
108580,In 1915,2,2,1.0,120.21,-3.01,0.8,-13.2,-6.3,11.63
108581,The term “vertical farming” was,5,8,1.6,66.4,5.24,10.0,7.28,6.5,7.04
108583,Then,1,1,1.0,121.22,-3.4,0.4,-22.2,-2.09,0.05
108584,Most would regard this as,5,6,1.2,100.24,0.52,2.0,2.64,0.85,7.04
108585,These responses indicate improved leaf,5,10,2.0,32.56,9.96,18.0,17.72,13.1,13.36
108586,The benefits of vertical farming,5,10,2.0,32.56,9.96,18.0,10.76,7.45,10.2
108588,Author:,1,2,2.0,36.62,8.4,0.4,-10.6,12.04,0.05
108589,Collecting more PET containers is,5,9,1.8,49.48,7.6,18.0,11.92,8.39,10.2
108590,Experts attribute this to the,5,8,1.6,66.4,5.24,10.0,7.28,4.62,10.2
108592,Bottle bills place a small,5,6,1.2,100.24,0.52,2.0,3.8,1.79,7.04
108593,With approximately 85,3,7,2.333,6.39,13.11,14.53,11.07,9.9,14.31
108594,Bottle deposit systems collect PET,5,10,2.0,32.56,9.96,2.0,13.08,9.33,10.2
108595,Shore length is not a,5,5,1.0,117.16,-1.84,2.0,-2.0,-2.92,0.25
108597,If the lake is below,5,6,1.2,100.24,0.52,2.0,-3.16,-3.86,0.25
108598,Impacts of the study:,4,6,1.5,75.88,3.67,1.6,1.45,1.77,7.78
108599,The accumulated water from Hoover,5,11,2.2,15.64,12.32,10.0,11.92,8.39,10.2
108600,However,1,3,3.0,-47.98,20.2,0.4,-4.8,12.04,0.05
108601,The smoke from wildfires can,5,7,1.4,83.32,2.88,10.0,6.12,3.68,7.04
108602,Within wildfire smoke is also,5,9,1.8,49.48,7.6,10.0,7.28,4.62,10.2
108603,But an area of particular,5,10,2.0,32.56,9.96,18.0,2.64,0.85,10.2
108604,Poor air quality from smoke,5,7,1.4,83.32,2.88,10.0,4.96,2.74,7.04
108605,That year,2,2,1.0,120.21,-3.01,0.8,-7.4,-1.59,0.1
108606,Warmer-than-average temperatures,2,7,3.5,-91.29,26.49,40.8,53.5,52.57,19.53
108607,The severity of the fires,5,9,1.8,49.48,7.6,10.0,2.64,0.85,10.2
108609,Wildfires can disrupt forestry operations,5,13,2.6,-18.2,17.04,26.0,21.2,15.92,16.52
108610,Heavy smoke takes a significant,5,9,1.8,49.48,7.6,10.0,9.6,6.5,10.2
108611,Wildfires can destroy homes and,5,8,1.6,66.4,5.24,10.0,9.6,6.5,10.2
108612,More than 42 per cent,5,5,1.0,117.16,-1.84,2.0,-2.0,-2.92,10.2
108614,Market Outlook for 2026,4,6,1.5,75.88,3.67,1.6,5.8,4.12,11.73
108615,What are the biggest plant,5,6,1.2,100.24,0.52,2.0,3.8,1.79,7.04
108616,Consumers now prefer short,4,7,1.75,54.73,6.62,11.6,10.15,7.65,11.73
108617,Explore five key trends transforming,5,8,1.6,66.4,5.24,10.0,15.4,11.21,13.36
108618,Most people do not want,5,6,1.2,100.24,0.52,2.0,0.32,-1.03,0.25
108619,The American Gut Project,4,8,2.0,33.58,9.57,1.6,7.25,5.3,11.73
108620,Targeted Health Benefits: Shoppers look,5,10,2.0,32.56,9.96,18.0,17.72,14.04,13.36
108621,A 2025 study in Frontiers,5,7,1.4,83.32,2.88,2.0,2.64,0.85,10.2
108622,Two USDA-funded studies released,4,8,2.0,33.58,9.57,11.6,17.4,14.72,15.68
108623,Reforestation projects are one of the most powerful tools available,10,20,2.0,27.49,11.91,12.0,14.88,10.89,10.45
108624,© Jerry and Marcy Monkman,4,7,1.75,54.73,6.62,1.6,5.8,0.35,15.68
108625,New York,2,2,1.0,120.21,-3.01,0.8,-10.3,-3.95,11.63
108626,New York,2,2,1.0,120.21,-3.01,0.8,-10.3,-3.95,11.63
108627,They cool local temperatures,4,7,1.75,54.73,6.62,11.6,13.05,10.01,11.73
108628,In addition,2,4,2.0,35.61,8.79,20.8,-1.6,3.12,11.63
108629,Severe droughts over the past,5,7,1.4,83.32,2.88,2.0,7.28,4.62,10.2
108630,In contrast,2,3,1.5,77.91,2.89,0.8,-1.6,3.12,11.63
108631,Summary: Location of reforestation projects,5,14,2.8,-35.12,19.4,26.0,22.36,17.81,16.52
108632,Community-led and large-scale,3,5,1.667,62.79,5.25,1.2,22.67,22.46,14.31
108633,By combining traditional ecological knowledge,5,15,3.0,-52.04,21.76,26.0,25.84,19.69,16.52
108634,These same healthy forests can,5,7,1.4,83.32,2.88,2.0,8.44,5.56,7.04
108635,A 2026 report by the,5,6,1.2,100.24,0.52,2.0,-3.16,-3.86,7.04
108638,De minimis thresholds,3,5,1.667,62.79,5.25,1.2,11.07,9.9,19.58
108639,Who's in scope: The entity,5,7,1.4,83.32,2.88,10.0,1.48,1.79,10.2
108640,Exclusions for entities that:,4,8,2.0,33.58,9.57,21.6,13.05,11.18,11.73
108642,Who's in scope: The entity putting covered product on the,10,15,1.5,69.79,6.01,8.0,7.92,6.18,10.45
108643,[5] Categorically excluded covered materials,5,15,3.0,-52.04,21.76,26.0,22.36,18.75,19.67
108644,What's covered: “Packaging material,4,10,2.5,-8.72,15.47,21.6,18.85,18.25,15.68
108645,Producer status follows a tiered,5,9,1.8,49.48,7.6,10.0,10.76,7.45,16.52
108646,State-level EPR laws often,4,6,1.5,75.88,3.67,1.6,8.7,7.65,15.68
108647,The exact method for calculating,5,10,2.0,32.56,9.96,10.0,10.76,7.45,10.2
108648,Brands using highly recyclable formats,5,11,2.2,15.64,12.32,10.0,17.72,13.1,19.67
108649,Increase Post-Consumer Recycled Content,4,10,2.5,-8.72,15.47,21.6,27.55,22.96,19.62
108650,Public cooling infrastructure including the,5,12,2.4,-1.28,14.68,18.0,23.52,17.81,13.36
108651,Use reflective & cooling surfaces.,4,9,2.25,12.43,12.52,21.6,17.4,8.83,15.68
108652,Increasing tree and vegetation cover,5,11,2.2,15.64,12.32,18.0,15.4,11.21,10.2
108653,A 2023 study published in,5,7,1.4,83.32,2.88,2.0,2.64,0.85,10.2
108654,Using Green Infrastructure to Reduce Heat Islands,7,13,1.857,42.62,9.05,8.51,15.6,11.0,13.01
108655,By storing water,3,5,1.667,62.79,5.25,1.2,1.4,2.05,9.05
108656,Simple shade structures and water,5,8,1.6,66.4,5.24,2.0,11.92,8.39,7.04
108657,Water features like fountains,4,7,1.75,54.73,6.62,1.6,14.5,11.18,11.73
108659,Due to their ability to,5,8,1.6,66.4,5.24,10.0,0.32,-1.03,7.04
108660,Cool pavement can be made,5,6,1.2,100.24,0.52,2.0,2.64,0.85,0.25
108661,When dark,2,2,1.0,120.21,-3.01,0.8,-7.4,-1.59,0.1
108663,For example,2,4,2.0,35.61,8.79,20.8,-1.6,3.12,11.63
108665,Preliminary studies suggest that removing,5,13,2.6,-18.2,17.04,18.0,21.2,15.92,16.52
108666,Establishing dedicated cooling centres: Cooling,5,14,2.8,-35.12,19.4,18.0,27.0,21.58,19.67
108667,“We call it a policy,5,7,1.4,83.32,2.88,10.0,-4.32,-3.86,7.04
108669,Think of it as a,5,5,1.0,117.16,-1.84,2.0,-7.8,-7.63,0.25
108670,Additionally,1,5,5.0,-217.18,43.8,40.4,24.2,35.59,19.48
108671,Green bond standards for documentation,5,10,2.0,32.56,9.96,10.0,17.72,13.1,13.36
108672,Portfolio diversification: Green bonds offer,5,14,2.8,-35.12,19.4,18.0,23.52,18.75,13.36
108673,Pension funds are particularly drawn,5,10,2.0,32.56,9.96,10.0,15.4,11.21,16.52
108674,However,1,3,3.0,-47.98,20.2,0.4,-4.8,12.04,0.05
108675,Issuers told us that the,5,7,1.4,83.32,2.88,10.0,1.48,-0.09,7.04
108676,Green bonds play a vital,5,6,1.2,100.24,0.52,2.0,1.48,-0.09,10.2
108677,The interest cost of issuing,5,8,1.6,66.4,5.24,10.0,6.12,3.68,10.2
108678,Iberdrola has its own issue,5,7,1.4,83.32,2.88,2.0,4.96,2.74,10.2
108679,The issuer often has a,5,8,1.6,66.4,5.24,10.0,-0.84,-1.97,7.04
108680,“They do try to capture,5,6,1.2,100.24,0.52,2.0,-0.84,-1.03,7.04
108681,Naming storms also improves the,5,8,1.6,66.4,5.24,2.0,9.6,6.5,13.36
108682,Each ocean basin,3,5,1.667,62.79,5.25,1.2,1.4,2.05,9.05
108683,Each year's list of names,5,5,1.0,117.16,-1.84,2.0,1.48,0.85,10.2
108684,The tropical cyclone/hurricane names,4,9,2.25,12.43,12.52,21.6,23.2,19.43,15.68
108685,When a hurricane causes significant,5,11,2.2,15.64,12.32,18.0,14.24,10.27,13.36
108686,Hurricanes and climate change: Five,5,8,1.6,66.4,5.24,10.0,13.08,10.27,10.2
108687,Hurricanes and climate change: Five,5,8,1.6,66.4,5.24,10.0,13.08,10.27,10.2
108688,Though the mechanism that is,5,8,1.6,66.4,5.24,10.0,6.12,3.68,7.04
108689,Climate Central's new hurricane attribution,5,12,2.4,-1.28,14.68,18.0,22.36,17.81,16.52
108691,By far the most comprehensive,5,8,1.6,66.4,5.24,10.0,7.28,4.62,7.04
108692,The first companies subject to,5,8,1.6,66.4,5.24,10.0,8.44,5.56,7.04
108695,This means managing and disclosing,5,9,1.8,49.48,7.6,18.0,13.08,9.33,10.2
108696,Environmental: Carbon emissions (Scope 1,5,12,2.4,-1.28,14.68,18.0,17.72,14.98,19.67
108697,EU rules require large companies,5,9,1.8,49.48,7.6,18.0,10.76,7.45,16.52
108698,Antarctica is a storage zone,5,9,1.8,49.48,7.6,10.0,6.12,3.68,13.36
108699,The Antarctic Ice Sheet,4,6,1.5,75.88,3.67,11.6,5.8,4.12,7.78
108700,The East Antarctic ice sheet,5,7,1.4,83.32,2.88,10.0,6.12,3.68,7.04
108701,The impact of climate change,5,7,1.4,83.32,2.88,2.0,6.12,3.68,10.2
108702,We've already hinted that,4,7,1.75,54.73,6.62,1.6,7.25,6.48,7.78
108703,Because the Antarctic Peninsula's maritime,5,13,2.6,-18.2,17.04,26.0,21.2,16.87,13.36
108704,An area of particular concern,5,11,2.2,15.64,12.32,18.0,7.28,4.62,13.36
108705,Melting around the grounding line,5,8,1.6,66.4,5.24,2.0,11.92,8.39,10.2
108706,Antarctica is a dynamic system,5,11,2.2,15.64,12.32,18.0,8.44,5.56,13.36
108707,And when we think about,5,6,1.2,100.24,0.52,2.0,0.32,-1.03,0.25
108708,Over thousands of years,4,6,1.5,75.88,3.67,1.6,5.8,4.12,11.73
108709,Less charming are the growlers,5,7,1.4,83.32,2.88,2.0,8.44,5.56,10.2
108710,The 20 feet of soupy,5,6,1.2,100.24,0.52,2.0,-3.16,-3.86,10.2
108711,“Another big challenge is keeping,5,9,1.8,49.48,7.6,2.0,10.76,8.39,10.2
108712,The biodiversity we see today,5,11,2.2,15.64,12.32,10.0,7.28,4.62,7.04
108713,Food production is being affected,5,10,2.0,32.56,9.96,18.0,11.92,8.39,10.2
108714,By maintaining biodiversity,3,10,3.333,-78.21,24.91,27.87,22.67,19.32,14.31
108715,Recent studies estimate that over,5,10,2.0,32.56,9.96,10.0,11.92,8.39,13.36
108716,The report delivers a stark,5,8,1.6,66.4,5.24,10.0,4.96,2.74,10.2
108717,“Those profiting from nature cannot,5,9,1.8,49.48,7.6,10.0,13.08,10.27,10.2
108718,When human activities produce greenhouse,5,11,2.2,15.64,12.32,10.0,20.04,14.98,16.52
108719,With the majority of clothing,5,9,1.8,49.48,7.6,10.0,7.28,4.62,7.04
108720,In pursuit of the latest,5,7,1.4,83.32,2.88,2.0,1.48,-0.09,10.2
108721,The race to the bottom,5,6,1.2,100.24,0.52,2.0,-0.84,-1.97,0.25
108723,19.,1,1,1.0,121.22,-3.4,0.4,-33.8,-6.8,19.48
108724,A 2018 US Department of,5,7,1.4,83.32,2.88,10.0,0.32,-1.03,10.2
108725,Fast fashion does not only,5,7,1.4,83.32,2.88,2.0,3.8,1.79,0.25
108726,One worker in India summarized,5,10,2.0,32.56,9.96,18.0,8.44,5.56,10.2
108727,On the surface,3,4,1.333,90.99,1.31,1.2,-2.47,-1.09,0.15
108728,Outsourcing garment manufacture to reduce,5,12,2.4,-1.28,14.68,18.0,21.2,15.92,16.52
108729,Child labor in cotton fields,5,7,1.4,83.32,2.88,2.0,6.12,3.68,10.2
108730,Chemical exposure represents another hidden,5,14,2.8,-35.12,19.4,26.0,23.52,17.81,13.36
108731,About 92 million tons of,5,7,1.4,83.32,2.88,2.0,1.48,-0.09,10.2
108732,A recent report from the,5,7,1.4,83.32,2.88,2.0,1.48,-0.09,7.04
108733,Poverty wages insufficient to meet,5,11,2.2,15.64,12.32,18.0,13.08,9.33,13.36
108734,Labor studies scholar Mark Anner's,5,10,2.0,32.56,9.96,10.0,11.92,9.33,16.52
108736,The consequence is that recycled,5,9,1.8,49.48,7.6,18.0,10.76,7.45,10.2
108737,Economic: We are effectively throwing,5,12,2.4,-1.28,14.68,18.0,15.4,12.16,13.36
108738,Over a third of all,5,6,1.2,100.24,0.52,2.0,-4.32,-4.8,0.25
108739,The food we waste and,5,5,1.0,117.16,-1.84,2.0,-2.0,-2.92,0.25
108740,Global food waste: ~1.05 billion,5,7,1.4,83.32,2.88,2.0,7.28,7.45,13.36
108741,Greenhouse gases are emitted at,5,9,1.8,49.48,7.6,10.0,9.6,6.5,13.36
108742,Food production has the largest,5,8,1.6,66.4,5.24,10.0,9.6,6.5,10.2
108743,These emissions are slightly higher,5,9,1.8,49.48,7.6,10.0,14.24,10.27,13.36
108744,It is the main driver,5,6,1.2,100.24,0.52,2.0,-2.0,-2.92,7.04
108745,Independent modeling warns that the,5,10,2.0,32.56,9.96,18.0,14.24,10.27,13.36
108747,Q: What is the global,5,6,1.2,100.24,0.52,2.0,-3.16,-2.92,10.2
108748,Transit remains a major blind,5,8,1.6,66.4,5.24,2.0,7.28,4.62,10.2
108749,The average US household spends,5,8,1.6,66.4,5.24,10.0,9.6,6.5,13.36
108750,Economic research: Centre for Economics,5,13,2.6,-18.2,17.04,18.0,17.72,14.04,16.52
108751,Creating more efficiency,3,8,2.667,-21.81,17.05,27.87,16.87,14.61,14.31
108752,The impact of food loss,5,6,1.2,100.24,0.52,2.0,0.32,-1.03,7.04
108753,In low-income countries,3,6,2.0,34.59,9.18,14.53,13.0,13.04,14.31
108754,60 Million Tons and Counting,5,7,1.4,83.32,2.88,2.0,6.12,3.68,13.36
108755,With this complete package,4,6,1.5,75.88,3.67,1.6,10.15,7.65,7.78
108757,Reserves protect whole ecosystems,4,9,2.25,12.43,12.52,11.6,20.3,15.9,11.73
108758,But this thick cloud isn,5,5,1.0,117.16,-1.84,2.0,1.48,-0.09,7.04
108759,Using the compiled data and,5,8,1.6,66.4,5.24,2.0,4.96,2.74,13.36
108760,They also estimated that wildfire,5,11,2.2,15.64,12.32,18.0,11.92,8.39,10.2
108761,Understanding what is in that,5,8,1.6,66.4,5.24,10.0,7.28,4.62,7.04
108762,5 exposure has also been,5,8,1.6,66.4,5.24,10.0,1.48,-0.09,10.2
108763,PM2.5 from wildfire smoke,4,6,1.5,75.88,3.67,11.6,7.25,6.48,11.73
108764,EPA researchers continue to analyze,5,11,2.2,15.64,12.32,26.0,14.24,10.27,16.52
108765,Scientists predict wildfire smoke will,5,10,2.0,32.56,9.96,18.0,17.72,13.1,13.36
108767,Rutgers researchers weigh in on,5,8,1.6,66.4,5.24,10.0,9.6,6.5,10.2
108769,1863–1864,1,1,1.0,121.22,-3.4,0.4,1.0,21.46,19.48
108770,As long as this organic,5,7,1.4,83.32,2.88,10.0,0.32,-1.03,7.04
108771,The “Thawing Arctic-Boreal Zone,4,6,1.5,75.88,3.67,1.6,14.5,13.54,15.68
108772,Permafrost Pathways Project,3,7,2.333,6.39,13.11,14.53,22.67,19.32,19.58
108774,Buckling roads,2,3,1.5,77.91,2.89,0.8,7.1,10.18,19.53
108776,Choose,1,1,1.0,121.22,-3.4,0.4,-10.6,7.33,0.05
108777,However,1,3,3.0,-47.98,20.2,0.4,-4.8,12.04,0.05
108778,Wildfire scientist Mike Flannigan has,5,11,2.2,15.64,12.32,26.0,16.56,12.16,16.52
108779,Wildfire expert Mike Flannigan says,5,10,2.0,32.56,9.96,18.0,14.24,10.27,19.67
108780,Holdover Fires: These “zombie fires,5,10,2.0,32.56,9.96,10.0,11.92,10.27,16.52
108781,In the most striking example,5,8,1.6,66.4,5.24,10.0,6.12,3.68,10.2
108782,Emissions from large wildland fires,5,9,1.8,49.48,7.6,10.0,14.24,10.27,13.36
108783,It also increases the likelihood,5,10,2.0,32.56,9.96,18.0,10.76,7.45,10.2
108784,Even far from a fire,5,7,1.4,83.32,2.88,2.0,-3.16,-3.86,0.25
108785,Which parts of Canada are,5,7,1.4,83.32,2.88,10.0,2.64,0.85,10.2
108786,Visiting the reef doesn't,4,7,1.75,54.73,6.62,11.6,7.25,6.48,11.73
108787,The Reef has a global,5,6,1.2,100.24,0.52,2.0,-2.0,-2.92,10.2
108788,The Great Barrier Reef is woven into the fabric of,10,15,1.5,69.79,6.01,8.0,5.02,2.88,10.45
108789,“Over the past four decades,5,7,1.4,83.32,2.88,2.0,3.8,2.74,7.04
108790,It is still suffering significant,5,10,2.0,32.56,9.96,18.0,11.92,8.39,10.2
108791,The cumulative effect of boat,5,9,1.8,49.48,7.6,10.0,7.28,4.62,10.2
108792,Every visitor to the Great,5,9,1.8,49.48,7.6,2.0,3.8,1.79,0.25
108793,If you want to meaningfully,5,8,1.6,66.4,5.24,10.0,4.96,2.74,7.04
108794,If you decide to visit,5,7,1.4,83.32,2.88,2.0,-0.84,-1.97,0.25
108795,The Great Pacific Garbage Patch is in the Pacific Ocean,10,16,1.6,61.33,7.19,12.0,7.92,5.24,7.29
108796,"The name ""Pacific Garbage Patch",5,8,1.6,66.4,5.24,10.0,8.44,6.5,7.04
108798,Garbage patches are large areas,5,9,1.8,49.48,7.6,10.0,9.6,6.5,10.2
108799,by Olivia Lai Global Commons,5,10,2.0,32.56,9.96,10.0,6.12,3.68,16.52
108800,The patch is the result,5,6,1.2,100.24,0.52,2.0,0.32,-1.03,7.04
108801,Because microplastics are smaller than,5,9,1.8,49.48,7.6,10.0,17.72,13.1,10.2
108802,Entanglement of Marine Life,4,8,2.0,33.58,9.57,11.6,11.6,8.83,11.73
108803,In fact they are often,5,6,1.2,100.24,0.52,2.0,-0.84,-1.97,0.25
108804,The size of the patch,5,5,1.0,117.16,-1.84,2.0,-2.0,-2.92,0.25
108805,Estimating the size of the,5,8,1.6,66.4,5.24,10.0,3.8,1.79,7.04
108806,For example,2,4,2.0,35.61,8.79,20.8,-1.6,3.12,11.63
108807,1 million seabirds and 100,5,6,1.2,100.24,0.52,2.0,3.8,1.79,13.36
108808,Fish as well can consume,5,6,1.2,100.24,0.52,2.0,1.48,-0.09,7.04
108809,Pyrometallurgy uses extremely high temperatures,5,13,2.6,-18.2,17.04,26.0,28.16,21.58,16.52
108811,Depending on the batteries shredded,5,10,2.0,32.56,9.96,18.0,14.24,10.27,13.36
108812,Li-Cycle,1,2,2.0,36.62,8.4,0.4,-4.8,16.75,19.48
108813,The transition from automotive use,5,10,2.0,32.56,9.96,18.0,13.08,9.33,10.2
108814,For example,2,4,2.0,35.61,8.79,20.8,-1.6,3.12,11.63
108815,Redwood Materials,2,6,3.0,-48.99,20.59,20.8,15.8,17.25,19.53
108816,Professional technicians use specialised equipment,5,14,2.8,-35.12,19.4,34.0,31.64,24.4,16.52
108817,Most EV manufacturers accept old,5,10,2.0,32.56,9.96,10.0,10.76,7.45,10.2
108818,By co-leading the Community,4,8,2.0,33.58,9.57,11.6,10.15,8.83,11.73
108819,OCogS,1,1,1.0,121.22,-3.4,0.4,-16.4,2.62,19.48
108821,The SAVE card is a,5,5,1.0,117.16,-1.84,2.0,-5.48,-5.74,0.25
108824,We worked closely with many,5,7,1.4,83.32,2.88,2.0,4.96,2.74,10.2
108825,The California Fire Foundation is,5,11,2.2,15.64,12.32,18.0,11.92,8.39,10.2
108826,Greyshirts volunteer on a Team,5,8,1.6,66.4,5.24,10.0,8.44,5.56,10.2
108828,While government agencies and organizations,5,13,2.6,-18.2,17.04,18.0,23.52,17.81,10.2
108829,Continue reducing potential fuel within,5,13,2.6,-18.2,17.04,26.0,18.88,14.04,16.52
108831,When the ground thaws,4,4,1.0,118.18,-2.23,1.6,2.9,1.77,7.78
108832,Although data specific to Quebec,5,10,2.0,32.56,9.96,10.0,10.76,7.45,16.52
108833,And when the permafrost thaws,5,7,1.4,83.32,2.88,10.0,7.28,4.62,10.2
108834,That figure is estimated at,5,9,1.8,49.48,7.6,10.0,4.96,2.74,7.04
108835,PCBs,1,1,1.0,121.22,-3.4,0.4,-22.2,-2.09,19.48
108836,Permafrost thaw may also lead,5,8,1.6,66.4,5.24,10.0,7.28,4.62,10.2
108837,Moreover,1,3,3.0,-47.98,20.2,40.4,1.0,16.75,19.48
108838,Finally,1,3,3.0,-47.98,20.2,0.4,-4.8,12.04,0.05
108839,In August 2016,3,4,1.333,90.99,1.31,1.2,-2.47,-1.09,9.05
108841,The warming and thaw of,5,6,1.2,100.24,0.52,2.0,0.32,-1.03,10.2
108842,In Scandinavia,2,6,3.0,-48.99,20.59,20.8,7.1,10.18,11.63
108843,Melting Siberian permafrost is turning,5,12,2.4,-1.28,14.68,18.0,17.72,13.1,16.52
108844,Indigenous lifestyles,2,6,3.0,-48.99,20.59,20.8,27.4,26.67,19.53
108845,Landslides and geological accidents,4,11,2.75,-29.87,18.42,21.6,23.2,18.25,15.68
108846,It also increases the risk,5,8,1.6,66.4,5.24,10.0,3.8,1.79,10.2
108847,This will require site-specific,4,8,2.0,33.58,9.57,21.6,15.95,13.54,11.73
108848,Nuu-chah-nulth forest garden,3,6,2.0,34.59,9.18,1.2,20.73,20.89,9.05
108850,We found gendered preferences for,5,8,1.6,66.4,5.24,10.0,11.92,8.39,10.2
108852,By combining traditional ecological knowledge,5,15,3.0,-52.04,21.76,26.0,25.84,19.69,16.52
108853,All projects were approved with,5,7,1.4,83.32,2.88,2.0,9.6,6.5,10.2
108854,The 11,2,2,1.0,120.21,-3.01,0.8,-16.1,-8.65,11.63
108855,The Reforestation Hub identifies up,5,12,2.4,-1.28,14.68,18.0,14.24,10.27,13.36
108856,In Finland,2,3,1.5,77.91,2.89,0.8,-4.5,0.77,11.63
108857,In short,2,2,1.0,120.21,-3.01,0.8,-10.3,-3.95,0.1
108858,Carbon Insetting involves financing climate,5,12,2.4,-1.28,14.68,18.0,23.52,17.81,19.67
108859,Nespresso,1,2,2.0,36.62,8.4,0.4,6.8,21.46,19.48
108861,One that breaks with the,5,5,1.0,117.16,-1.84,2.0,1.48,-0.09,7.04
108862,Technology-based removals like biochar,4,8,2.0,33.58,9.57,21.6,26.1,21.78,15.68
108863,There are a number of,5,6,1.2,100.24,0.52,2.0,-2.0,-2.92,0.25
108864,Regenerative practices (cover crops,4,11,2.75,-29.87,18.42,21.6,21.75,18.25,15.68
108865,CO₂ Emissions per Capita CO₂,5,9,1.8,49.48,7.6,18.0,6.12,3.68,19.67
108866,CO₂ Emissions per Capita 2023,5,9,1.8,49.48,7.6,18.0,7.28,4.62,19.67
108868,1) The World's Top Three,5,5,1.0,117.16,-1.84,2.0,-0.84,-0.09,10.2
108869,Since reporting began in 1990,5,8,1.6,66.4,5.24,10.0,7.28,4.62,10.2
108871,It represents the true beginning,5,9,1.8,49.48,7.6,10.0,10.76,7.45,7.04
108872,The global electric vehicle (EV,5,10,2.0,32.56,9.96,10.0,8.44,6.5,13.36
108873,For example,2,4,2.0,35.61,8.79,20.8,-1.6,3.12,11.63
108877,Used EVs have never been,5,6,1.2,100.24,0.52,2.0,1.48,-0.09,7.04
108878,How much has Lake Mead,5,5,1.0,117.16,-1.84,2.0,-0.84,-1.97,7.04
108879,Another measure of the lake's,5,8,1.6,66.4,5.24,2.0,6.12,4.62,7.04
108880,Level Base: MSL,3,4,1.333,90.99,1.31,1.2,-2.47,0.48,9.05
108881,Under a shortage declaration,4,9,2.25,12.43,12.52,11.6,13.05,10.01,11.73
108882,Federal water managers projected Lake,5,12,2.4,-1.28,14.68,26.0,16.56,12.16,13.36
108883,(feet above sea level) Full,5,7,1.4,83.32,2.88,2.0,2.64,2.74,0.25
108885,Infrastructure growth tends to lag,5,8,1.6,66.4,5.24,10.0,13.08,9.33,16.52
108886,Reliability Is Becoming the Real,5,12,2.4,-1.28,14.68,10.0,10.76,7.45,7.04
108889,By 2026,2,2,1.0,120.21,-3.01,0.8,-13.2,-6.3,11.63
108890,In 2026,2,2,1.0,120.21,-3.01,0.8,-13.2,-6.3,11.63
108892,Optimizing charging schedules based on,5,10,2.0,32.56,9.96,10.0,17.72,13.1,16.52
108893,Intelligence is creeping into every,5,12,2.4,-1.28,14.68,10.0,14.24,10.27,10.2
108894,Charging-as-a-Service (CaaS) continues to,4,10,2.5,-8.72,15.47,21.6,24.65,25.31,15.68
108896,Cost of compliance,3,5,1.667,62.79,5.25,14.53,5.27,5.19,9.05
108897,Divided into two regions; the,5,9,1.8,49.48,7.6,10.0,6.12,4.62,10.2
108898,How much plastic enters the,5,7,1.4,83.32,2.88,2.0,4.96,2.74,10.2
108899,What emerges is a reinforcing,5,10,2.0,32.56,9.96,18.0,7.28,4.62,10.2
108900,Under warmer and more variable,5,10,2.0,32.56,9.96,10.0,8.44,5.56,10.2
108901,A particularly striking example involves,5,13,2.6,-18.2,17.04,18.0,20.04,14.98,16.52
108902,Turning the Tide on Plastic,5,7,1.4,83.32,2.88,2.0,4.96,2.74,13.36
108903,Despite what many people imagine,5,10,2.0,32.56,9.96,10.0,10.76,7.45,10.2
108904,The 5 Gyres Institute estimates,5,9,1.8,49.48,7.6,18.0,9.6,6.5,16.52
108905,The most commonly found plastics,5,8,1.6,66.4,5.24,10.0,10.76,7.45,10.2
108906,The collected plastic is turned,5,8,1.6,66.4,5.24,10.0,9.6,6.5,13.36
108908,The collective impact is powerful,5,10,2.0,32.56,9.96,10.0,11.92,8.39,10.2
108909,EV vs ICE Efficiency,4,8,2.0,33.58,9.57,11.6,1.45,0.59,15.68
108910,Instant torque means they can,5,6,1.2,100.24,0.52,2.0,7.28,4.62,7.04
108911,A typical EV driver can,5,8,1.6,66.4,5.24,10.0,0.32,-1.03,10.2
108912,Since many trips in small,5,6,1.2,100.24,0.52,2.0,2.64,0.85,7.04
108913,Most current EV owners charge,5,7,1.4,83.32,2.88,2.0,7.28,4.62,13.36
108914,Home charging: EVs can easily,5,8,1.6,66.4,5.24,10.0,6.12,4.62,13.36
108915,That “electric calm” with less,5,7,1.4,83.32,2.88,2.0,6.12,5.56,7.04
108916,Additionally,1,5,5.0,-217.18,43.8,40.4,24.2,35.59,19.48
108917,The quality and origin of,5,9,1.8,49.48,7.6,18.0,2.64,0.85,10.2
108918,The motivation for following a,5,10,2.0,32.56,9.96,10.0,8.44,5.56,7.04
108919,Higher scores on the unhealthy,5,8,1.6,66.4,5.24,10.0,8.44,5.56,13.36
108920,● Improved cardiovascular health (decreased,4,11,2.75,-29.87,18.42,11.6,30.45,17.31,15.68
108921,Vegetarians and vegans typically have,5,12,2.4,-1.28,14.68,18.0,16.56,12.16,13.36
108922,It is not known why,5,5,1.0,117.16,-1.84,2.0,-4.32,-4.8,0.25
108923,Vegans may also have an,5,7,1.4,83.32,2.88,2.0,0.32,-1.03,7.04
108924,Fire hazard in Western Canada,5,10,2.0,32.56,9.96,10.0,7.28,4.62,10.2
108925,For example,2,4,2.0,35.61,8.79,20.8,-1.6,3.12,11.63
108926,These governments can implement forest,5,10,2.0,32.56,9.96,18.0,17.72,13.1,10.2
108927,At the same time,4,4,1.0,118.18,-2.23,1.6,-4.35,-4.12,0.2
108928,Through publications,2,5,2.5,-6.69,14.69,20.8,24.5,24.31,11.63
108929,B.C. invests $1 million in,5,7,1.4,83.32,2.88,2.0,0.32,1.79,13.36
108930,The Canadian wildfires can be,5,10,2.0,32.56,9.96,18.0,7.28,4.62,10.2
108931,Accelerating climate change,3,8,2.667,-21.81,17.05,14.53,22.67,19.32,14.31
108932,As larger forested areas burn,5,10,2.0,32.56,9.96,18.0,7.28,4.62,13.36
108933,Indeed,1,2,2.0,36.62,8.4,0.4,-10.6,7.33,0.05
108934,Environment and Climate Change Canada estimates that the fuel charge,10,19,1.9,35.95,10.73,16.0,15.46,11.36,10.45
108935,From the report Due North: Facing the Cost of Climate,10,13,1.3,86.71,3.65,4.0,6.18,4.29,5.71
108936,What Are Microplastics?,3,5,1.667,62.79,5.25,14.53,13.0,13.04,9.05
108937,More than two years after,5,6,1.2,100.24,0.52,2.0,2.64,0.85,7.04
108938,Endocrine,1,3,3.0,-47.98,20.2,40.4,6.8,21.46,19.48
108939,Ongoing research indicates that microplastics,5,12,2.4,-1.28,14.68,26.0,25.84,19.69,16.52
108940,Potential increased risk of cancer,5,9,1.8,49.48,7.6,10.0,13.08,9.33,16.52
108941,Microplastics are consumed by aquatic,5,10,2.0,32.56,9.96,18.0,16.56,12.16,13.36
108942,As a representative example of,5,11,2.2,15.64,12.32,18.0,8.44,5.56,10.2
108943,However,1,3,3.0,-47.98,20.2,0.4,-4.8,12.04,0.05
108944,Instead of viewing food processing,5,9,1.8,49.48,7.6,10.0,13.08,9.33,10.2
108945,Instead of letting nutrient-rich,4,8,2.0,33.58,9.57,11.6,17.4,14.72,7.78
108946,Technologies to convert these residues,5,11,2.2,15.64,12.32,18.0,17.72,13.1,13.36
108947,Key design considerations should include,5,11,2.2,15.64,12.32,10.0,20.04,14.98,13.36
108948,The integration of digital technologies,5,13,2.6,-18.2,17.04,26.0,18.88,14.04,13.36
108949,Additionally,1,5,5.0,-217.18,43.8,40.4,24.2,35.59,19.48
108950,By utilizing waste as a feedstock,6,10,1.667,59.75,6.42,9.07,6.33,3.55,9.2
108951,Among the processing discards,4,8,2.0,33.58,9.57,11.6,14.5,11.18,11.73
108952,You can read more about,5,6,1.2,100.24,0.52,2.0,0.32,-1.03,0.25
108953,The icebergs guests will see,5,6,1.2,100.24,0.52,2.0,6.12,3.68,10.2
108954,In Narsarsuaq,2,3,1.5,77.91,2.89,0.8,4.2,7.83,11.63
108955,It is,2,2,1.0,120.21,-3.01,0.8,-19.0,-11.01,0.1
108957,The amount of sunlight reflecting,5,9,1.8,49.48,7.6,10.0,11.92,8.39,7.04
108958,This creates both attractive pinnacles,5,9,1.8,49.48,7.6,10.0,17.72,13.1,13.36
108959,During my walk on the,5,6,1.2,100.24,0.52,2.0,-2.0,-2.92,0.25
108960,Be transported in an off,5,7,1.4,83.32,2.88,10.0,1.48,-0.09,7.04
108961,A carbon credit represents the,5,9,1.8,49.48,7.6,10.0,8.44,5.56,13.36
108963,"REDD stands for ""reducing emissions",5,9,1.8,49.48,7.6,18.0,13.08,10.27,16.52
108964,Planting trees or restoring forests,5,9,1.8,49.48,7.6,10.0,14.24,10.27,16.52
108965,Efficient stoves or cleaner fuels,5,9,1.8,49.48,7.6,10.0,11.92,8.39,13.36
108966,Specific examples of Regen Ag,5,10,2.0,32.56,9.96,18.0,7.28,4.62,16.52
108967,TL;DR,1,1,1.0,121.22,-3.4,0.4,-22.2,2.62,19.48
108968,For instance,2,3,1.5,77.91,2.89,0.8,1.3,5.48,11.63
108969,Direct air capture (DAC) projects,5,8,1.6,66.4,5.24,2.0,9.6,8.39,13.36
108972,Wind,1,1,1.0,121.22,-3.4,0.4,-22.2,-2.09,0.05
108973,A compliance carbon market is,5,9,1.8,49.48,7.6,10.0,7.28,4.62,10.2
108975,Latest high-resolution model data,4,9,2.25,12.43,12.52,11.6,18.85,15.9,19.62
108976,The normally circular shape centered,5,10,2.0,32.56,9.96,18.0,15.4,11.21,13.36
108977,Meteorologists said the eastern two,5,11,2.2,15.64,12.32,10.0,14.24,10.27,7.04
108978,After extensive research into all,5,10,2.0,32.56,9.96,10.0,11.92,8.39,10.2
108979,For example,2,4,2.0,35.61,8.79,20.8,-1.6,3.12,11.63
108980,Slash-and-burn - Relating,2,5,2.5,-6.69,14.69,20.8,27.4,15.68,19.53
108981,Cattle ranching is the biggest,5,8,1.6,66.4,5.24,2.0,8.44,5.56,10.2
108982,The most successful strategies have,5,9,1.8,49.48,7.6,18.0,14.24,10.27,10.2
108983,By using cutting-edge technology,4,9,2.25,12.43,12.52,11.6,17.4,14.72,15.68
108984,In a context in which,5,6,1.2,100.24,0.52,2.0,-2.0,-2.92,7.04
108985,"""Heat islands"" occur when cities",5,8,1.6,66.4,5.24,2.0,8.44,7.45,13.36
108986,Using Green Infrastructure to Reduce Heat Islands,7,13,1.857,42.62,9.05,8.51,15.6,11.0,13.01
108987,Cooling Infrastructure: Cool roofing and,5,10,2.0,32.56,9.96,10.0,18.88,14.98,13.36
108989,Debris Burning Safety Tips,4,7,1.75,54.73,6.62,1.6,10.15,7.65,15.68
108990,Don't throw fucking cigarette,4,7,1.75,54.73,6.62,1.6,13.05,11.18,7.78
108991,There are things you can,5,5,1.0,117.16,-1.84,2.0,1.48,-0.09,7.04
108992,Stay Indoors,2,3,1.5,77.91,2.89,0.8,1.3,5.48,0.1
108993,Most importantly,2,5,2.5,-6.69,14.69,20.8,12.9,14.9,11.63
108994,Portable air cleaners with HEPA,5,8,1.6,66.4,5.24,10.0,9.6,6.5,13.36
108995,If you have to go,5,5,1.0,117.16,-1.84,2.0,-6.64,-6.68,0.25
108996,Wear an appropriate mask if,5,8,1.6,66.4,5.24,10.0,4.96,2.74,7.04
108997,If in a car,4,4,1.0,118.18,-2.23,1.6,-11.6,-10.01,0.2
108998,If your system has a,5,6,1.2,100.24,0.52,2.0,-3.16,-3.86,7.04
109001,Expect the core monthly running,5,8,1.6,66.4,5.24,2.0,9.6,6.5,10.2
109002,Labor costs start at $31,5,6,1.2,100.24,0.52,2.0,0.32,-0.09,13.36
109003,TL;DR: 3 Systems,3,4,1.333,90.99,1.31,1.2,-2.47,2.05,19.58
109004,Revenue potential: 200300 heads of,5,9,1.8,49.48,7.6,18.0,11.92,9.33,16.52
109005,Fish feed: $4,3,3,1.0,119.19,-2.62,1.2,-8.27,-2.66,9.05
109007,The inaccessibility of the majority,5,14,2.8,-35.12,19.4,18.0,14.24,10.27,10.2
109008,UNCLOS provides a legal framework,5,9,1.8,49.48,7.6,2.0,11.92,8.39,16.52
109009,We recognize that the 1973,5,7,1.4,83.32,2.88,10.0,3.8,1.79,10.2
109011,The international legally binding instrument,5,14,2.8,-35.12,19.4,26.0,24.68,18.75,16.52
109012,The most effective approaches prioritize,5,12,2.4,-1.28,14.68,26.0,20.04,14.98,13.36
109013,Just like in Germany we,5,7,1.4,83.32,2.88,10.0,0.32,-1.03,7.04
109014,The risk of unsafe or,5,6,1.2,100.24,0.52,2.0,-2.0,-2.92,10.2
109015,In many areas where return,5,9,1.8,49.48,7.6,10.0,3.8,1.79,7.04
109016,While curbside recycling programs offer,5,11,2.2,15.64,12.32,10.0,18.88,14.04,13.36
109017,Bottle deposit systems collect PET,5,10,2.0,32.56,9.96,2.0,13.08,9.33,10.2
109018,There's a persistent myth that,5,7,1.4,83.32,2.88,10.0,7.28,5.56,13.36
109019,Bottle Deposit Programs Are Proven,5,10,2.0,32.56,9.96,2.0,13.08,9.33,10.2
109020,The boreal forest is the Earth's largest terrestrial carbon sink,10,16,1.6,61.33,7.19,8.0,12.56,9.48,12.03
109021,If large-scale melting occurs,4,7,1.75,54.73,6.62,1.6,13.05,11.18,15.68
109022,But most of the carbon,5,6,1.2,100.24,0.52,2.0,-0.84,-1.97,7.04
109023,These unique characteristics of boreal,5,10,2.0,32.56,9.96,10.0,17.72,13.1,13.36
109024,If the spruce forests of,5,6,1.2,100.24,0.52,2.0,1.48,-0.09,10.2
109026,Invasive forest pests like the,5,8,1.6,66.4,5.24,10.0,8.44,5.56,10.2
109027,The plan from Arizona,4,7,1.75,54.73,6.62,11.6,2.9,1.77,7.78
109028,Integrating agricultural development and methane,5,16,3.2,-68.96,24.12,26.0,29.32,22.52,16.52
109029,In flooded rice paddies,4,6,1.5,75.88,3.67,1.6,5.8,4.12,11.73
109030,These animals have a rumen,5,8,1.6,66.4,5.24,10.0,3.8,1.79,10.2
109031,Most of it comes from,5,5,1.0,117.16,-1.84,2.0,-2.0,-2.92,7.04
109032,The first chamber of the,5,6,1.2,100.24,0.52,2.0,1.48,-0.09,7.04
109033,When microbes decompose and ferment,5,9,1.8,49.48,7.6,10.0,14.24,10.27,13.36
109034,Anaerobic conditions,2,7,3.5,-91.29,26.49,40.8,24.5,24.31,19.53
109035,The methane produced by methanogens,5,9,1.8,49.48,7.6,10.0,14.24,10.27,13.36
109036,The species of ruminant,4,7,1.75,54.73,6.62,11.6,5.8,4.12,11.73
109037,Management of stored manure.,4,7,1.75,54.73,6.62,11.6,11.6,10.01,15.68
109038,In large dairy and pork,5,6,1.2,100.24,0.52,2.0,0.32,-1.03,0.25
109039,Handling manure as a solid,5,8,1.6,66.4,5.24,2.0,3.8,1.79,13.36
109040,Wet storage systems create ideal,5,9,1.8,49.48,7.6,2.0,10.76,7.45,13.36
109041,A Potential Solution: Alternate Wetting,5,12,2.4,-1.28,14.68,26.0,17.72,14.04,16.52
109042,A laboratory-certified microplastics test,4,11,2.75,-29.87,18.42,21.6,30.45,25.31,11.73
109043,Microplastics and nanoplastics act as,5,8,1.6,66.4,5.24,10.0,16.56,12.16,10.2
109044,According to some of the,5,7,1.4,83.32,2.88,10.0,1.48,-0.09,7.04
109045,Point-of-use water treatment systems are estimated to grow,8,16,2.0,29.52,11.13,13.2,16.02,12.6,11.93
109046,Each carbon filter set covers,5,8,1.6,66.4,5.24,2.0,7.28,4.62,13.36
109047,Abstract,1,2,2.0,36.62,8.4,0.4,1.0,16.75,19.48
109048,Despite its potential,3,6,2.0,34.59,9.18,14.53,11.07,9.9,14.31
109049,Several CEA systems use soilless,5,10,2.0,32.56,9.96,10.0,10.76,7.45,13.36
109050,The recent energy crisis has,5,9,1.8,49.48,7.6,10.0,6.12,3.68,13.36
109051,Indeed,1,2,2.0,36.62,8.4,0.4,-10.6,7.33,0.05
109052,The lack of economically grown,5,9,1.8,49.48,7.6,10.0,8.44,5.56,13.36
109053,Although initial investment is higher,5,11,2.2,15.64,12.32,18.0,16.56,12.16,16.52
109054,Shown synthesis highlights current limitations,5,12,2.4,-1.28,14.68,18.0,27.0,20.63,19.67
109055,Nevertheless,1,4,4.0,-132.58,32.0,40.4,24.2,35.59,19.48
109056,However,1,3,3.0,-47.98,20.2,0.4,-4.8,12.04,0.05
109057,The Difference between the Voluntary,5,11,2.2,15.64,12.32,10.0,15.4,11.21,7.04
109058,Both serve distinct purposes,4,7,1.75,54.73,6.62,11.6,13.05,10.01,11.73
109059,Allowances are issued in an amount equivalent to the budget,10,19,1.9,35.95,10.73,12.0,10.24,7.12,10.45
109060,That isn't always practical,4,8,2.0,33.58,9.57,11.6,10.15,8.83,7.78
109061,Organizations with operations that reduce,5,13,2.6,-18.2,17.04,18.0,21.2,15.92,13.36
109062,Voluntary market RECs: Electricity consumers,5,15,3.0,-52.04,21.76,18.0,23.52,18.75,13.36
109063,Companies often use voluntary carbon,5,12,2.4,-1.28,14.68,18.0,15.4,11.21,13.36
109064,The Voluntary carbon market is,5,10,2.0,32.56,9.96,10.0,8.44,5.56,10.2
109065,Because they are not federally,5,9,1.8,49.48,7.6,10.0,8.44,5.56,7.04
109066,Unlike in mandatory markets,4,9,2.25,12.43,12.52,11.6,11.6,8.83,15.68
109067,Difference Between Afforestation and Reforestation,5,16,3.2,-68.96,24.12,18.0,31.64,24.4,10.2
109068,The main goal of afforestation,5,9,1.8,49.48,7.6,10.0,8.44,5.56,10.2
109069,By 2023,2,2,1.0,120.21,-3.01,0.8,-13.2,-6.3,11.63
109070,They enhance water infiltration into,5,11,2.2,15.64,12.32,10.0,15.4,11.21,10.2
109071,When communities are involved,4,8,2.0,33.58,9.57,11.6,14.5,11.18,11.73
109072,From the carbon cycling perspective,5,10,2.0,32.56,9.96,18.0,14.24,10.27,13.36
109073,Planting trees in these regions,5,7,1.4,83.32,2.88,2.0,9.6,6.5,13.36
109074,Light-colored surfaces,2,5,2.5,-6.69,14.69,20.8,27.4,29.02,19.53
109075,Planting trees will substantially increase,5,10,2.0,32.56,9.96,10.0,22.36,16.87,16.52
109076,When properly implemented,3,8,2.667,-21.81,17.05,27.87,18.8,16.18,14.31
109077,The one-trillion tree campaign raises still more questions for,9,14,1.556,66.1,6.28,8.04,15.07,11.33,11.1
109078,But it's also a limited and unreliable way of addressing,10,19,1.9,35.95,10.73,16.0,7.92,5.71,8.87
109079,This shift represents not merely,5,8,1.6,66.4,5.24,10.0,10.76,7.45,13.36
109080,Mondi's Re/cycle FunctionalBarrier Paper,4,12,3.0,-51.02,21.37,21.6,27.55,24.14,15.68
109081,In addition to the packaging,5,9,1.8,49.48,7.6,18.0,6.12,3.68,10.2
109082,One sirloin steak contained a,5,7,1.4,83.32,2.88,2.0,7.28,4.62,10.2
109083,For instance,2,3,1.5,77.91,2.89,0.8,1.3,5.48,11.63
109084,Studies have shown that bottled,5,7,1.4,83.32,2.88,2.0,9.6,6.5,13.36
109085,Plastic Load: 11.6 billion From,5,7,1.4,85.86,1.91,1.0,1.36,5.25,13.23
109086,One study looked at 16,5,6,1.2,100.24,0.52,2.0,-0.84,-1.97,10.2
109087,Shellfish such as shrimp,4,5,1.25,97.03,0.72,1.6,7.25,5.3,11.73
109088,The difference in water purity,5,10,2.0,32.56,9.96,10.0,8.44,5.56,7.04
109089,Within the food category,4,8,2.0,33.58,9.57,11.6,7.25,5.3,11.73
109090,Preliminary research suggests that the,5,11,2.2,15.64,12.32,10.0,17.72,13.1,13.36
109092,Starting from animals such as,5,8,1.6,66.4,5.24,10.0,7.28,4.62,10.2
109093,Methane emissions from paddy rice,5,9,1.8,49.48,7.6,10.0,11.92,8.39,13.36
109094,Agriculture.,1,4,4.0,-132.58,32.0,40.4,18.4,35.59,19.48
109095,Drained organic soils.,3,5,1.667,62.79,5.25,14.53,11.07,11.47,19.58
109096,Bags provided by pharmacies for,5,9,1.8,49.48,7.6,18.0,9.6,6.5,13.36
109097,New Norms,2,2,1.0,120.21,-3.01,0.8,-7.4,-1.59,11.63
109100,For the rest of the,5,5,1.0,117.16,-1.84,2.0,-4.32,-4.8,0.25
109101,Enforcement begins January 2026 — SB,5,11,2.2,15.64,12.32,10.0,13.08,5.41,16.52
109102,For example,2,4,2.0,35.61,8.79,20.8,-1.6,3.12,11.63
109103,Methane is the main component,5,8,1.6,66.4,5.24,10.0,7.28,4.62,13.36
109104,On a global scale,4,5,1.25,97.03,0.72,1.6,-2.9,-2.95,11.73
109105,Methane is a potent greenhouse,5,8,1.6,66.4,5.24,2.0,8.44,5.56,13.36
109107,The work is especially important,5,9,1.8,49.48,7.6,10.0,10.76,7.45,7.04
109108,Share this article,3,5,1.667,62.79,5.25,14.53,5.27,5.19,9.05
109109,How is Deforestation Impacting Borneo's Wildlife?,6,13,2.167,17.45,12.32,15.73,19.87,16.11,14.46
109110,Share this article,3,5,1.667,62.79,5.25,14.53,5.27,5.19,9.05
109111,Scientists studying old-growth forest,4,10,2.5,-8.72,15.47,21.6,24.65,20.6,15.68
109112,When trees die,3,3,1.0,119.19,-2.62,1.2,-2.47,-1.09,9.05
109113,Widespread deforestation has many consequences,5,14,2.8,-35.12,19.4,18.0,27.0,20.63,13.36
109114,Electrification,1,6,6.0,-301.78,55.6,40.4,41.6,49.72,19.48
109115,Undeniably,1,5,5.0,-217.18,43.8,40.4,12.6,26.17,19.48
109116,If trends continue,3,5,1.667,62.79,5.25,14.53,5.27,5.19,14.31
109117,If a country chooses to,5,7,1.4,83.32,2.88,2.0,0.32,-1.03,7.04
109118,This means that any time,5,6,1.2,100.24,0.52,2.0,1.48,-0.09,0.25
109119,A flexible rate supports a,5,8,1.6,66.4,5.24,10.0,3.8,1.79,10.2
109120,In general,2,4,2.0,35.61,8.79,0.8,-4.5,0.77,0.1
109121,Your organization's 2026 data protection,5,12,2.4,-1.28,14.68,18.0,18.88,14.98,16.52
109122,Hide your SSID (network name,5,6,1.2,100.24,0.52,2.0,4.96,3.68,10.2
109123,They also suggest incorporating an,5,11,2.2,15.64,12.32,10.0,13.08,9.33,10.2
109124,Close accounts you no longer,5,7,1.4,83.32,2.88,2.0,6.12,3.68,10.2
109126,Here are some steps remote,5,6,1.2,100.24,0.52,2.0,3.8,1.79,10.2
109127,Hardware Disposal HIPAA: Always follow,5,10,2.0,32.56,9.96,10.0,16.56,13.1,10.2
109128,Ensure that the public and,5,7,1.4,83.32,2.88,2.0,3.8,1.79,7.04
109130,Do not assume you are,5,6,1.2,100.24,0.52,2.0,-2.0,-2.92,7.04
109131,The ECB Governing Council defines,5,9,1.8,49.48,7.6,10.0,11.92,8.39,16.52
109134,These focus on key topics,5,7,1.4,83.32,2.88,2.0,2.64,0.85,10.2
109135,Traineeships,1,3,3.0,-47.98,20.2,40.4,24.2,35.59,19.48
109136,Graduate Programme,2,5,2.5,-6.69,14.69,20.8,18.7,19.6,19.53
109137,We regularly advertise job openings,5,12,2.4,-1.28,14.68,26.0,14.24,10.27,13.36
109140,Visit us,2,3,1.5,77.91,2.89,0.8,-10.3,-3.95,0.1
109141,The Palma ratio is an,5,8,1.6,66.4,5.24,10.0,-2.0,-2.92,10.2
109142,The bottom 40% income or,5,7,1.4,83.32,2.88,2.0,0.32,-0.09,7.04
109143,Palma Ratio less than 1,5,8,1.6,66.4,5.24,10.0,0.32,-1.03,13.36
109144,Mathematically,1,6,6.0,-301.78,55.6,40.4,35.8,45.01,19.48
109145,The Palma ratio,3,6,2.0,34.59,9.18,14.53,-0.53,0.48,14.31
109146,The growing number of individuals,5,11,2.2,15.64,12.32,10.0,11.92,8.39,10.2
109147,Benefits of Working in the Gig Economy for Employees,9,17,1.889,37.9,10.21,16.93,9.27,6.1,12.86
109148,While many Americans prefer jobs,5,10,2.0,32.56,9.96,10.0,10.76,7.45,13.36
109149,Companies like Uber,3,6,2.0,34.59,9.18,14.53,7.2,6.76,14.31
109150,Gig workers can often diversify,5,10,2.0,32.56,9.96,10.0,9.6,6.5,13.36
109151,This type of arrangement also,5,8,1.6,66.4,5.24,10.0,7.28,4.62,10.2
109153,Companies are also exploring hybrid,5,11,2.2,15.64,12.32,18.0,14.24,10.27,13.36
109154,Hiring gig workers can significantly,5,11,2.2,15.64,12.32,10.0,15.4,11.21,16.52
109155,Additionally,1,5,5.0,-217.18,43.8,40.4,24.2,35.59,19.48
109156,This shift allows employers to,5,8,1.6,66.4,5.24,10.0,8.44,5.56,13.36
109157,The gig economy may soon,5,8,1.6,66.4,5.24,10.0,1.48,-0.09,10.2
109158,The economic influence of the,5,10,2.0,32.56,9.96,18.0,7.28,4.62,10.2
109159,For businesses,2,4,2.0,35.61,8.79,20.8,7.1,10.18,11.63
109160,The gig economy is often,5,9,1.8,49.48,7.6,10.0,1.48,-0.09,10.2
109161,How long might it take,5,5,1.0,117.16,-1.84,2.0,-0.84,-1.97,0.25
109162,First,1,1,1.0,121.22,-3.4,0.4,-16.4,2.62,0.05
109164,Fixed exchange rate systems represent,5,9,1.8,49.48,7.6,10.0,16.56,12.16,13.36
109165,Summary A currency peg is,5,9,1.8,49.48,7.6,18.0,2.64,0.85,10.2
109166,First,1,1,1.0,121.22,-3.4,0.4,-16.4,2.62,0.05
109167,The salience of exchange rate,5,8,1.6,66.4,5.24,10.0,7.28,4.62,7.04
109168,This states that it is,5,5,1.0,117.16,-1.84,2.0,-0.84,-1.97,0.25
109169,Therefore,1,2,2.0,36.62,8.4,0.4,6.8,21.46,19.48
109170,To maintain a desired exchange,5,9,1.8,49.48,7.6,10.0,8.44,5.56,10.2
109171,If market participants doubt the,5,9,1.8,49.48,7.6,10.0,10.76,7.45,10.2
109173,This,1,1,1.0,121.22,-3.4,0.4,-22.2,-2.09,0.05
109174,Another,1,3,3.0,-47.98,20.2,0.4,-4.8,12.04,0.05
109175,An overvalued currency prices the,5,11,2.2,15.64,12.32,18.0,11.92,8.39,13.36
109176,A currency board's foreign currency,5,10,2.0,32.56,9.96,18.0,13.08,10.27,16.52
109177,Another cost could be the,5,7,1.4,83.32,2.88,2.0,2.64,0.85,0.25
109178,A currency board does not,5,7,1.4,83.32,2.88,10.0,2.64,0.85,7.04
109179,They are often based on,5,6,1.2,100.24,0.52,2.0,0.32,-1.03,7.04
109180,Incident resolution time: This KPI,5,10,2.0,32.56,9.96,18.0,11.92,9.33,13.36
109181,Policy adherence rate: This KPI,5,9,1.8,49.48,7.6,18.0,8.44,6.5,13.36
109182,Near miss reporting is a,5,7,1.4,83.32,2.88,10.0,1.48,-0.09,7.04
109183,Additionally,1,5,5.0,-217.18,43.8,40.4,24.2,35.59,19.48
109184,Legal strategies include sourcing from,5,10,2.0,32.56,9.96,10.0,17.72,13.1,16.52
109185,If the preliminary determinations show,5,13,2.6,-18.2,17.04,18.0,17.72,13.1,10.2
109186,In that case,3,3,1.0,119.19,-2.62,1.2,-6.33,-4.23,0.15
109187,Increasing the minimum wage would,5,9,1.8,49.48,7.6,18.0,11.92,8.39,13.36
109189,A $17 minimum wage would,5,7,1.4,83.32,2.88,10.0,0.32,-0.09,13.36
109190,Because almost 60 percent of,5,8,1.6,66.4,5.24,2.0,6.12,3.68,10.2
109191,By providing families with higher,5,10,2.0,32.56,9.96,18.0,11.92,8.39,13.36
109193,Among the world's four largest,5,7,1.4,83.32,2.88,2.0,7.28,5.56,10.2
109194,As of 2026,3,3,1.0,119.19,-2.62,1.2,-10.2,-7.37,9.05
109195,India is projected to surpass,5,10,2.0,32.56,9.96,18.0,7.28,4.62,13.36
109196,The U.S. economy has consistently,5,11,2.2,15.64,12.32,18.0,9.6,8.39,10.2
109197,IMF (2026),2,2,1.0,120.21,-3.01,0.8,-10.3,0.77,19.53
109198,Goldman Sachs Research forecasts the,5,8,1.6,66.4,5.24,2.0,15.4,11.21,16.52
109199,Gross private domestic investment increased by 8.7%,7,13,1.857,42.62,9.05,14.23,15.6,12.35,17.52
109200,However,1,3,3.0,-47.98,20.2,0.4,-4.8,12.04,0.05
109201,“This supports our view that,5,7,1.4,83.32,2.88,2.0,4.96,3.68,7.04
109202,How BlackRock manages risk in,5,8,1.6,66.4,5.24,10.0,7.28,4.62,13.36
109203,Demographics; infrastructure investment; macroeconomic reform,5,19,3.8,-119.72,31.2,34.0,42.08,34.76,19.67
109204,The reason to isolate this,5,8,1.6,66.4,5.24,10.0,3.8,1.79,7.04
109205,Therefore,1,2,2.0,36.62,8.4,0.4,6.8,21.46,19.48
109206,The bottom 40% income or,5,7,1.4,83.32,2.88,2.0,0.32,-0.09,7.04
109207,Palma Ratio less than 1,5,8,1.6,66.4,5.24,10.0,0.32,-1.03,13.36
109208,Why the Palma ratio offers,5,9,1.8,49.48,7.6,10.0,3.8,1.79,13.36
109209,It concludes by exploring how,5,8,1.6,66.4,5.24,10.0,7.28,4.62,10.2
109211,But CBDCs are issued by,5,7,1.4,83.32,2.88,2.0,0.32,-1.03,10.2
109213,CBDC has the potential to,5,8,1.6,66.4,5.24,10.0,2.64,0.85,10.2
109214,The two primary categories of,5,10,2.0,32.56,9.96,18.0,7.28,4.62,10.2
109215,A central bank could issue,5,7,1.4,83.32,2.88,2.0,3.8,1.79,10.2
109216,It is seen as a,5,5,1.0,117.16,-1.84,2.0,-8.96,-8.57,0.25
109217,Access to financial services: Many,5,11,2.2,15.64,12.32,18.0,11.92,9.33,13.36
109218,Privacy is one of the,5,7,1.4,83.32,2.88,10.0,-2.0,-2.92,7.04
109219,Strongest Currencies List,3,6,2.0,34.59,9.18,14.53,18.8,16.18,14.31
109220,With many looking for the,5,7,1.4,83.32,2.88,2.0,2.64,0.85,7.04
109222,This can be seen as,5,5,1.0,117.16,-1.84,2.0,-4.32,-4.8,0.25
109223,Stablecoins currently in circulation have,5,11,2.2,15.64,12.32,18.0,21.2,15.92,13.36
109224,The Stablecoin Supply Ratio (SSR,5,9,1.8,49.48,7.6,10.0,9.6,7.45,16.52
109225,Stablecoin dominance is an indicator,5,11,2.2,15.64,12.32,18.0,15.4,11.21,13.36
109226,According to blockchain transaction data,5,11,2.2,15.64,12.32,18.0,20.04,14.98,16.52
109227,By easing access to foreign,5,8,1.6,66.4,5.24,2.0,4.96,2.74,13.36
109228,Empirical evidence from the Bank,5,10,2.0,32.56,9.96,18.0,10.76,7.45,10.2
109229,4th best: South Burlington,4,6,1.5,75.88,3.67,11.6,8.7,7.65,11.73
109230,Scottsdale ranks first overall,4,7,1.75,54.73,6.62,11.6,15.95,12.36,15.68
109231,Columbia stands out with the,5,8,1.6,66.4,5.24,10.0,6.12,3.68,10.2
109232,For example,2,4,2.0,35.61,8.79,20.8,-1.6,3.12,11.63
109233,For example,2,4,2.0,35.61,8.79,20.8,-1.6,3.12,11.63
109236,The top five remittance-receiving,4,9,2.25,12.43,12.52,11.6,18.85,15.9,7.78
109237,Cost of sending remittances,4,8,2.0,33.58,9.57,11.6,11.6,8.83,11.73
109238,Sustainable Development Goal (SDG) 10,5,11,2.2,15.64,12.32,18.0,14.24,12.16,16.52
109239,Methodology: The two main components,5,11,2.2,15.64,12.32,18.0,14.24,11.21,13.36
109240,Personal remittances comprise personal transfers,5,14,2.8,-35.12,19.4,26.0,29.32,22.52,19.67
109241,(1) “Compensation of employees,4,9,2.25,12.43,12.52,21.6,11.6,12.36,15.68
109242,More stable than capital flows,5,8,1.6,66.4,5.24,2.0,8.44,5.56,7.04
109243,The Global South,3,4,1.333,90.99,1.31,1.2,1.4,2.05,9.05
109244,In the meantime,3,4,1.333,90.99,1.31,1.2,-0.53,0.48,9.05
109245,Many Global South countries have,5,8,1.6,66.4,5.24,2.0,10.76,7.45,10.2
109246,Environmental degradation is another critical,5,16,3.2,-68.96,24.12,26.0,25.84,19.69,13.36
109247,In contrast,2,3,1.5,77.91,2.89,0.8,-1.6,3.12,11.63
109249,Reentrancy attacks are a common,5,8,1.6,66.4,5.24,2.0,9.6,6.5,13.36
109250,Pay attention to fake reports,5,8,1.6,66.4,5.24,2.0,7.28,4.62,7.04
109252,Near-zero labor force growth also has important implications for,9,17,1.889,37.9,10.21,8.04,16.36,12.38,12.86
109253,Second,1,2,2.0,36.62,8.4,0.4,-10.6,7.33,0.05
109258,Whether you're a first,4,5,1.25,97.03,0.72,1.6,2.9,2.94,7.78
109259,This guide provides a detailed,5,7,1.4,83.32,2.88,2.0,8.44,5.56,10.2
109260,There are 3 stages to,5,6,1.2,100.24,0.52,2.0,-2.0,-2.92,10.2
109261,Provide the recipient's information (Name,5,12,2.4,-1.28,14.68,18.0,18.88,15.92,13.36
109262,The sender initiates a transfer,5,10,2.0,32.56,9.96,10.0,9.6,6.5,13.36
109265,India is projected to surpass,5,10,2.0,32.56,9.96,18.0,7.28,4.62,13.36
109267,The Bank of England's March,5,6,1.2,100.24,0.52,2.0,3.8,2.74,7.04
109268,The Australian dollar,3,6,2.0,34.59,9.18,14.53,11.07,9.9,9.05
109269,Yen appears positioned for a,5,8,1.6,66.4,5.24,10.0,6.12,3.68,13.36
109270,Swiss franc (CHF) — ~$,3,3,1.0,119.19,-2.62,1.2,-0.53,-2.97,19.58
109271,After a volatile year,4,7,1.75,54.73,6.62,11.6,2.9,1.77,7.78
109272,It's like creating a digital,5,9,1.8,49.48,7.6,18.0,4.96,3.68,10.2
109273,Before diving into specific protocols,5,12,2.4,-1.28,14.68,18.0,16.56,12.16,13.36
109274,DeFi protocols are decentralized applications,5,14,2.8,-35.12,19.4,26.0,25.84,19.69,16.52
109275,In practice,2,3,1.5,77.91,2.89,0.8,-1.6,3.12,11.63
109277,Composability: Protocols interconnect like “financial,5,16,3.2,-68.96,24.12,34.0,32.8,27.23,16.52
109278,Instead of a bank deciding,5,8,1.6,66.4,5.24,10.0,3.8,1.79,7.04
109279,Dapps exist across many blockchains,5,9,1.8,49.48,7.6,2.0,14.24,10.27,13.36
109281,Decisions are made by the,5,7,1.4,83.32,2.88,10.0,2.64,0.85,7.04
109282,You may have no way,5,5,1.0,117.16,-1.84,2.0,-4.32,-4.8,0.25
109283,Total value locked (TVL) across,5,8,1.6,66.4,5.24,2.0,7.28,6.5,13.36
109284,Now suppose we can also,5,7,1.4,83.32,2.88,2.0,0.32,-1.03,0.25
109285,Comparative Advantage is an economic principle that states that an,10,20,2.0,27.49,11.91,20.0,14.3,10.42,10.45
109286,Again recall that comparative advantage,5,12,2.4,-1.28,14.68,18.0,18.88,14.04,13.36
109287,Some examples of countries with,5,8,1.6,66.4,5.24,10.0,9.6,6.5,10.2
109288,This gives the U.S a,5,5,1.0,117.16,-1.84,2.0,-4.32,-3.86,7.04
109289,Guatemala and Colombia have climates,5,12,2.4,-1.28,14.68,18.0,15.4,11.21,13.36
109290,What Are EMs?,3,3,1.0,119.19,-2.62,1.2,-6.33,-2.66,9.05
109291,The distinctive characteristics of these,5,11,2.2,15.64,12.32,18.0,20.04,14.98,10.2
109293,Demographic trends: Younger populations and,5,12,2.4,-1.28,14.68,18.0,22.36,17.81,16.52
109294,Because of their potential for,5,8,1.6,66.4,5.24,10.0,8.44,5.56,7.04
109295,Balance of payments: A summary,5,9,1.8,49.48,7.6,10.0,7.28,5.56,13.36
109296,Capital Account + Current Account = 0,5,10,2.0,32.56,9.96,2.0,11.92,1.93,10.2
109298,This situation arises only on,5,11,2.2,15.64,12.32,18.0,7.28,4.62,10.2
109300,Meanwhile,1,2,2.0,36.62,8.4,0.4,6.8,21.46,19.48
109301,Blockchain technology is at the,5,9,1.8,49.48,7.6,10.0,9.6,6.5,10.2
109302,Tokens can be programmed with,5,7,1.4,83.32,2.88,2.0,7.28,4.62,10.2
109303,You can also program advanced,5,8,1.6,66.4,5.24,2.0,7.28,4.62,10.2
109304,Furthermore,1,3,3.0,-47.98,20.2,40.4,18.4,30.88,19.48
109305,State attorneys general can play,5,9,1.8,49.48,7.6,10.0,10.76,7.45,7.04
109306,The Antitrust Division has a,5,9,1.8,49.48,7.6,18.0,6.12,3.68,10.2
109307,The Clayton Act has been,5,6,1.2,100.24,0.52,2.0,1.48,-0.09,7.04
109308,When presented with a request,5,8,1.6,66.4,5.24,10.0,7.28,4.62,10.2
109309,When presented with a request to open a grand jury,10,15,1.5,69.79,6.01,8.0,5.02,2.88,8.87
109310,A company that signs a,5,7,1.4,83.32,2.88,2.0,-0.84,-1.97,7.04
109311,The FTC's administrative complaints initiate,5,13,2.6,-18.2,17.04,18.0,23.52,18.75,16.52
109312,In some circumstances,3,6,2.0,34.59,9.18,14.53,11.07,9.9,9.05
109313,The injunction preserves the market's,5,9,1.8,49.48,7.6,10.0,15.4,12.16,13.36
109314,If the Commission's position is,5,9,1.8,49.48,7.6,18.0,8.44,6.5,10.2
109315,Private parties can also bring,5,8,1.6,66.4,5.24,2.0,8.44,5.56,10.2
109316,Despite ample state antitrust laws,5,9,1.8,49.48,7.6,10.0,13.08,9.33,16.52
109317,Research shows that the shortage,5,7,1.4,83.32,2.88,2.0,10.76,7.45,13.36
109318,“There are broad,3,3,1.0,119.19,-2.62,1.2,-0.53,2.05,0.15
109319,“Having to make those tradeoffs,5,7,1.4,83.32,2.88,2.0,8.44,6.5,7.04
109320,Stability: Child development and education,5,14,2.8,-35.12,19.4,26.0,21.2,16.87,13.36
109321,A social media platform like,5,9,1.8,49.48,7.6,10.0,6.12,3.68,10.2
109322,Left mostly unaddressed—and remaining,4,9,2.25,12.43,12.52,21.6,24.65,20.6,11.73
109323,In the antitrust realm,4,6,1.5,75.88,3.67,11.6,4.35,2.94,11.73
109324,This creates tension in markets,5,8,1.6,66.4,5.24,2.0,9.6,6.5,13.36
109325,A wide number of economic,5,9,1.8,49.48,7.6,10.0,2.64,0.85,7.04
109326,“Big Tech” shapes the information,5,8,1.6,66.4,5.24,10.0,9.6,8.39,13.36
109327,U.S. outlook for 2026: Reacceleration as 'stagflation lite' persists,9,17,1.889,37.9,10.21,12.49,16.36,14.47,14.61
109328,We anticipate that the push,5,8,1.6,66.4,5.24,10.0,4.96,2.74,7.04
109329,While narrowly targeted tariffs can,5,10,2.0,32.56,9.96,18.0,14.24,10.27,13.36
109330,The dramatic decline in immigration,5,11,2.2,15.64,12.32,18.0,14.24,10.27,13.36
109331,Wage growth,2,2,1.0,120.21,-3.01,0.8,-1.6,3.12,19.53
109332,With a global market capitalization,5,12,2.4,-1.28,14.68,10.0,14.24,10.27,10.2
109333,On July 18,3,4,1.333,90.99,1.31,1.2,-10.2,-7.37,9.05
109334,As of September 2025,4,6,1.5,75.88,3.67,1.6,1.45,0.59,7.78
109336,With a global market capitalization,5,12,2.4,-1.28,14.68,10.0,14.24,10.27,10.2
109337,Traditional payment rails are increasingly,5,12,2.4,-1.28,14.68,18.0,22.36,16.87,13.36
109338,As a collective,3,5,1.667,62.79,5.25,14.53,-0.53,0.48,9.05
109339,Market Growth,2,3,1.5,77.91,2.89,0.8,4.2,7.83,11.63
109340,According to their attested disclosures,5,11,2.2,15.64,12.32,26.0,18.88,14.04,13.36
109341,While these trends are present,5,6,1.2,100.24,0.52,2.0,8.44,5.56,7.04
109342,Stablecoins' expanding integration with traditional,5,14,2.8,-35.12,19.4,26.0,31.64,25.34,16.52
109343,Holding other factors constant,4,8,2.0,33.58,9.57,1.6,15.95,12.36,15.68
109344,Worker protection & benefits,3,8,2.667,-21.81,17.05,27.87,20.73,9.51,14.31
109345,Gig workers are frequently managed,5,9,1.8,49.48,7.6,10.0,13.08,9.33,16.52
109346,MENU 2023 Merger Guidelines,4,7,1.75,54.73,6.62,1.6,11.6,8.83,19.62
109347,These guidelines replace the 2010,5,7,1.4,83.32,2.88,2.0,11.92,8.39,13.36
109348,The structure of the draft,5,6,1.2,100.24,0.52,2.0,3.8,1.79,10.2
109349,Guideline 1: Mergers Raise a,5,7,1.4,83.32,2.88,2.0,4.96,3.68,13.36
109350,Under the new Guidelines,4,6,1.5,75.88,3.67,1.6,7.25,5.3,7.78
109351,New Guideline 2 states that,5,6,1.2,100.24,0.52,2.0,4.96,2.74,10.2
109352,The Guidelines examine whether a,5,9,1.8,49.48,7.6,10.0,10.76,7.45,13.36
109353,Harms to potential competition.,4,9,2.25,12.43,12.52,21.6,15.95,13.54,15.68
109354,In particular,2,5,2.5,-6.69,14.69,20.8,4.2,7.83,11.63
109355,Another new guideline states that,5,8,1.6,66.4,5.24,2.0,11.92,8.39,7.04
109356,As we noted when the,5,6,1.2,100.24,0.52,2.0,-3.16,-3.86,7.04
109357,The prior guidelines identified two,5,10,2.0,32.56,9.96,10.0,14.24,10.27,13.36
109358,Guideline 2: Mergers Can Violate,5,9,1.8,49.48,7.6,10.0,9.6,7.45,16.52
109359,In contrast,2,3,1.5,77.91,2.89,0.8,-1.6,3.12,11.63
109360,Economic activities are constrained by,5,12,2.4,-1.28,14.68,18.0,17.72,13.1,13.36
109361,Mostly,1,2,2.0,36.62,8.4,0.4,-10.6,7.33,0.05
109362,Related to that,3,5,1.667,62.79,5.25,14.53,-0.53,0.48,9.05
109363,The economy is viewed as,5,8,1.6,66.4,5.24,10.0,1.48,-0.09,10.2
109364,“…the physical volume of [,4,7,1.75,54.73,6.62,11.6,4.35,1.29,11.73
109365,With regard to values,4,6,1.5,75.88,3.67,1.6,2.9,1.77,11.73
109366,Differences from mainstream economics,4,11,2.75,-29.87,18.42,21.6,26.1,20.6,15.68
109367,He argued that a market,5,7,1.4,83.32,2.88,2.0,0.32,-1.03,7.04
109368,Low-paid workers not raising,4,6,1.5,75.88,3.67,1.6,11.6,10.01,15.68
109369,Double the maximum credit and,5,9,1.8,49.48,7.6,10.0,7.28,4.62,10.2
109370,It would also require the,5,8,1.6,66.4,5.24,10.0,2.64,0.85,7.04
109371,Since federal lawmakers allowed EITC,5,10,2.0,32.56,9.96,18.0,15.4,11.21,16.52
109372,Four states expanded or increased,5,8,1.6,66.4,5.24,10.0,11.92,8.39,10.2
109373,The U-6 captures those,4,5,1.25,97.03,0.72,1.6,2.9,2.94,11.73
109374,Persons employed part time for,5,7,1.4,83.32,2.88,2.0,8.44,5.56,10.2
109376,Total unemployed: This includes those,5,9,1.8,49.48,7.6,10.0,15.4,12.16,13.36
109377,Previous,1,3,3.0,-47.98,20.2,40.4,1.0,16.75,19.48
109378,At their October 2024 summit,5,8,1.6,66.4,5.24,2.0,6.12,3.68,10.2
109379,Traditional oil and gas producers,5,10,2.0,32.56,9.96,18.0,11.92,8.39,10.2
109380,Advocating for global governance reform,5,12,2.4,-1.28,14.68,18.0,18.88,14.04,16.52
109381,The BRICS founded a New,5,6,1.2,100.24,0.52,2.0,0.32,-1.03,10.2
109382,This perception aroused considerable interest,5,13,2.6,-18.2,17.04,18.0,25.84,19.69,16.52
109383,They also note significant tensions,5,10,2.0,32.56,9.96,10.0,14.24,10.27,10.2
109384,Lesson Overview,2,5,2.5,-6.69,14.69,20.8,10.0,12.54,11.63
109385,Consequently,1,4,4.0,-132.58,32.0,40.4,24.2,35.59,19.48
109386,Economists use the GDP number,5,9,1.8,49.48,7.6,10.0,7.28,4.62,10.2
109387,Output growth over time is,5,7,1.4,83.32,2.88,2.0,3.8,1.79,10.2
109388,Economists use real GDP to,5,8,1.6,66.4,5.24,10.0,3.8,1.79,10.2
109389,It is also important to,5,8,1.6,66.4,5.24,2.0,0.32,-1.03,0.25
109390,The FTC's competition mission is,5,9,1.8,49.48,7.6,10.0,9.6,7.45,13.36
109392,Federal Antitrust Laws,3,7,2.333,6.39,13.11,27.87,13.0,11.47,19.58
109393,The main regulators at the,5,8,1.6,66.4,5.24,10.0,3.8,1.79,10.2
109394,Department of Justice (DOJ) –,4,7,1.75,54.73,6.62,11.6,8.7,4.12,15.68
109395,The FTC's competition mission is,5,9,1.8,49.48,7.6,10.0,9.6,7.45,13.36
109396,Monopolization occurs when a firm,5,11,2.2,15.64,12.32,10.0,11.92,8.39,13.36
109397,Fed Holds Rates Steady for,5,6,1.2,100.24,0.52,2.0,3.8,1.79,13.36
109398,What was the latest ECB,5,6,1.2,100.24,0.52,2.0,0.32,-1.03,10.2
109399,The European Central Bank kept,5,9,1.8,49.48,7.6,10.0,8.44,5.56,10.2
109400,The ECB held its key,5,5,1.0,117.16,-1.84,2.0,-3.16,-3.86,7.04
109401,Generally,1,4,4.0,-132.58,32.0,40.4,6.8,21.46,19.48
109402,Union density is the percentage,5,10,2.0,32.56,9.96,18.0,9.6,6.5,13.36
109403,The spread of right-to,4,4,1.0,118.18,-2.23,1.6,2.9,2.94,7.78
109404,After 1960 public sector unions,5,9,1.8,49.48,7.6,2.0,9.6,6.5,13.36
109405,Manufacturing jobs,2,6,3.0,-48.99,20.59,20.8,18.7,19.6,19.53
109406,The growth of the “gig,5,5,1.0,117.16,-1.84,2.0,-2.0,-1.97,10.2
109407,Right-to-work laws allow,3,6,2.0,34.59,9.18,14.53,13.0,14.61,14.31
109408,These laws can create a,5,6,1.2,100.24,0.52,2.0,0.32,-1.03,10.2
109409,Policy and Legal Environment Affecting Union Organization,7,20,2.857,-41.98,20.85,25.66,22.23,16.39,17.52
109410,The National Labor Relations Board,5,10,2.0,32.56,9.96,18.0,13.08,9.33,13.36
109411,Organized labor saw a post,5,8,1.6,66.4,5.24,10.0,3.8,1.79,10.2
109412,It is therefore much more,5,6,1.2,100.24,0.52,2.0,2.64,0.85,7.04
109413,Starting in the 1970s,4,5,1.25,97.03,0.72,1.6,2.9,1.77,11.73
109414,President Donald Trump's tariffs,4,8,2.0,33.58,9.57,11.6,17.4,14.72,19.62
109415,The long-run decline in,4,6,1.5,75.88,3.67,1.6,4.35,4.12,11.73
109416,Under the proposal,3,6,2.0,34.59,9.18,14.53,5.27,5.19,9.05
109417,Georgia created a new nonrefundable,5,12,2.4,-1.28,14.68,18.0,14.24,10.27,13.36
109418,Connecticut boosted its EITC by,5,9,1.8,49.48,7.6,10.0,9.6,6.5,13.36
109420,Montana,1,3,3.0,-47.98,20.2,40.4,-4.8,12.04,19.48
109422,California,1,4,4.0,-132.58,32.0,40.4,12.6,26.17,19.48
109423,Vermont,1,2,2.0,36.62,8.4,0.4,-4.8,12.04,19.48
109424,Central banks and economies around,5,10,2.0,32.56,9.96,10.0,13.08,9.33,13.36
109425,But CBDC will also bring,5,7,1.4,83.32,2.88,2.0,1.48,-0.09,7.04
109426,CBDC has the potential to,5,8,1.6,66.4,5.24,10.0,2.64,0.85,10.2
109427,In a recent speech by,5,6,1.2,100.24,0.52,2.0,-2.0,-2.92,7.04
109428,Issued by a central bank,5,7,1.4,83.32,2.88,2.0,1.48,-0.09,10.2
109429,Japan has had almost no,5,7,1.4,83.32,2.88,2.0,0.32,-1.03,7.04
109430,As part of the new,5,5,1.0,117.16,-1.84,2.0,-5.48,-5.74,0.25
109431,When the supply of money,5,7,1.4,83.32,2.88,2.0,1.48,-0.09,7.04
109432,Put another way,3,5,1.667,62.79,5.25,1.2,-0.53,0.48,0.15
109433,The repercussions include less consumer,5,11,2.2,15.64,12.32,18.0,18.88,14.04,13.36
109434,Deflation occurs when prices decline,5,10,2.0,32.56,9.96,10.0,15.4,11.21,16.52
109435,Fiscal austerity.,2,6,3.0,-48.99,20.59,20.8,12.9,17.25,19.53
109436,When this happens,3,4,1.333,90.99,1.31,1.2,3.33,3.62,9.05
109437,In modern credit-based economies,4,10,2.5,-8.72,15.47,21.6,17.4,14.72,15.68
109438,Technological Advancements: Rapid advancements in,5,14,2.8,-35.12,19.4,26.0,29.32,23.46,16.52
109440,When prices are falling,4,6,1.5,75.88,3.67,1.6,5.8,4.12,11.73
109441,Falling incomes/higher unemployment: When,4,10,2.5,-8.72,15.47,21.6,29.0,25.31,15.68
109442,People typically spend less when,5,8,1.6,66.4,5.24,10.0,10.76,7.45,7.04
109443,Many people have some sort,5,7,1.4,83.32,2.88,2.0,3.8,1.79,0.25
109444,Under WTO law,3,4,1.333,90.99,1.31,1.2,-4.4,-2.66,9.05
109445,If a corporation alleges that,5,10,2.0,32.56,9.96,18.0,7.28,4.62,10.2
109446,A request for the establishment,5,9,1.8,49.48,7.6,10.0,9.6,6.5,10.2
109448,China puts heavy 75% tax,5,7,1.4,83.32,2.88,2.0,0.32,-0.09,10.2
109450,The 2023 Merger Guidelines released,5,8,1.6,66.4,5.24,2.0,14.24,10.27,16.52
109451,“The 2023 Merger Guidelines reflect,5,8,1.6,66.4,5.24,2.0,13.08,10.27,16.52
109452,Barring a bond market sell,5,7,1.4,83.32,2.88,2.0,3.8,1.79,10.2
109453,Further,1,2,2.0,36.62,8.4,0.4,-4.8,12.04,0.05
109455,In 2026,2,2,1.0,120.21,-3.01,0.8,-13.2,-6.3,11.63
109456,Long-term unemployment or labour,4,9,2.25,12.43,12.52,11.6,17.4,14.72,15.68
109457,U.S. antitrust enforcement is entering,5,11,2.2,15.64,12.32,26.0,15.4,13.1,13.36
109458,Vigorous,1,3,3.0,-47.98,20.2,40.4,1.0,16.75,19.48
109459,Rising Enforcement Pressure: Key risk,5,9,1.8,49.48,7.6,10.0,15.4,12.16,13.36
109460,The FTC since announced a,5,6,1.2,100.24,0.52,2.0,2.64,0.85,10.2
109461,However,1,3,3.0,-47.98,20.2,0.4,-4.8,12.04,0.05
109462,It prohibits certain actions that,5,9,1.8,49.48,7.6,10.0,11.92,8.39,10.2
109463,Current leadership at both agencies,5,10,2.0,32.56,9.96,18.0,14.24,10.27,13.36
109464,Labor impacts,2,4,2.0,35.61,8.79,0.8,4.2,7.83,19.53
109465,Agencies are increasingly evaluating conduct,5,15,3.0,-52.04,21.76,26.0,24.68,18.75,16.52
109466,In January,2,5,2.5,-6.69,14.69,0.8,-4.5,0.77,0.1
109467,Antitrust strategy must be grounded,5,10,2.0,32.56,9.96,18.0,14.24,10.27,13.36
109468,An antitrust enforcement policy agenda,5,13,2.6,-18.2,17.04,34.0,17.72,13.1,16.52
109469,The bill amends the Clayton,5,7,1.4,83.32,2.88,2.0,4.96,2.74,10.2
109470,For those mergers,3,4,1.333,90.99,1.31,1.2,3.33,3.62,9.05
109471,Reform Monopoly Standards,3,8,2.667,-21.81,17.05,14.53,18.8,16.18,19.58
109472,The difficulty in amassing such,5,10,2.0,32.56,9.96,18.0,9.6,6.5,10.2
109473,Still more evidence of market,5,8,1.6,66.4,5.24,10.0,7.28,4.62,7.04
109474,Dramatically increase the budgets of,5,10,2.0,32.56,9.96,10.0,15.4,11.21,13.36
109477,The Competition and Antitrust Law Enforcement Reform Act will also,10,19,1.9,35.95,10.73,16.0,14.3,10.42,10.45
109478,US Trade Deficit Widens in,5,8,1.6,66.4,5.24,10.0,3.8,1.79,10.2
109479,In practice,2,3,1.5,77.91,2.89,0.8,-1.6,3.12,11.63
109480,We subsequently show that trade,5,8,1.6,66.4,5.24,10.0,9.6,6.5,7.04
109481,Here the two series do,5,6,1.2,100.24,0.52,2.0,-0.84,-1.97,7.04
109482,Evolutionary economic theory is characterised,5,17,3.4,-85.88,26.48,26.0,25.84,19.69,16.52
109483,In the context of innovation,5,9,1.8,49.48,7.6,10.0,6.12,3.68,10.2
109484,Intentional evolution recognizes that living,5,15,3.0,-52.04,21.76,26.0,24.68,18.75,13.36
109485,May.,1,1,1.0,121.22,-3.4,0.4,-28.0,-2.09,0.05
109487,Once it starts,3,3,1.0,119.19,-2.62,1.2,-2.47,-1.09,9.05
109488,Amid ongoing trade policy shifts,5,10,2.0,32.56,9.96,18.0,10.76,7.45,16.52
109489,Results suggest that the probability,5,11,2.2,15.64,12.32,10.0,15.4,11.21,13.36
109490,The credit crunches line up,5,7,1.4,83.32,2.88,2.0,4.96,2.74,10.2
109491,We test all three predictions,5,7,1.4,83.32,2.88,10.0,7.28,4.62,7.04
109492,Fluctuations in commodity prices and,5,12,2.4,-1.28,14.68,18.0,15.4,11.21,13.36
109493,The combination of commodity price,5,11,2.2,15.64,12.32,18.0,13.08,9.33,10.2
109495,Staff working paper 2022-46,4,6,1.5,75.88,3.67,1.6,10.15,8.83,15.68
109496,We argue that severe credit,5,8,1.6,66.4,5.24,2.0,4.96,2.74,13.36
109498,Economic Effects of Raising the,5,10,2.0,32.56,9.96,10.0,9.6,6.5,13.36
109499,Increasing the minimum wage has,5,9,1.8,49.48,7.6,18.0,9.6,6.5,13.36
109501,Minimum wage increases result in,5,10,2.0,32.56,9.96,18.0,10.76,7.45,16.52
109502,Increases in product prices do,5,9,1.8,49.48,7.6,10.0,8.44,5.56,13.36
109504,Introduction,1,4,4.0,-132.58,32.0,40.4,24.2,35.59,19.48
109505,The Land Value tax is,5,6,1.2,100.24,0.52,2.0,-2.0,-2.92,0.25
109506,by Joshua Vincent,3,6,2.0,34.59,9.18,14.53,3.33,3.62,14.31
109507,It's all revenue neutral,4,7,1.75,54.73,6.62,11.6,5.8,5.3,11.73
109508,Frankly,1,2,2.0,36.62,8.4,0.4,-4.8,12.04,19.48
109509,A system that returns to,5,7,1.4,83.32,2.88,2.0,1.48,-0.09,10.2
109510,The land value tax is well suited to cities where,10,13,1.3,86.71,3.65,4.0,4.44,2.41,7.29
109511,It is not based on,5,5,1.0,117.16,-1.84,2.0,-5.48,-5.74,7.04
109512,Pair that with Japan-style,4,6,1.5,75.88,3.67,11.6,8.7,7.65,7.78
109513,How Might a Wealth Tax,5,5,1.0,117.16,-1.84,2.0,-0.84,-1.97,0.25
109515,ranging from 0.16 percent (in,5,7,1.4,85.86,1.91,1.0,-0.96,3.37,13.23
109516,According to the Tax Foundation,5,9,1.8,49.48,7.6,18.0,9.6,6.5,10.2
109517,Since 2018,2,2,1.0,120.21,-3.01,0.8,-4.5,0.77,11.63
109518,In addition,2,4,2.0,35.61,8.79,20.8,-1.6,3.12,11.63
109519,In the USA,3,5,1.667,62.79,5.25,14.53,-10.2,-7.37,9.05
109520,Brazil,1,2,2.0,36.62,8.4,0.4,-10.6,7.33,19.48
109521,This includes the total value,5,8,1.6,66.4,5.24,2.0,7.28,4.62,10.2
109522,How Might a Wealth Tax,5,5,1.0,117.16,-1.84,2.0,-0.84,-1.97,0.25
109523,Net worth is made up,5,5,1.0,117.16,-1.84,2.0,-3.16,-3.86,0.25
109524,Since 2018,2,2,1.0,120.21,-3.01,0.8,-4.5,0.77,11.63
109525,A broad-based wealth tax,4,5,1.25,97.03,0.72,1.6,5.8,5.3,7.78
109526,Source: Bankrate national survey data,5,9,1.8,49.48,7.6,10.0,15.4,12.16,19.67
109527,By using the Federal Reserve,5,9,1.8,49.48,7.6,10.0,6.12,3.68,13.36
109528,Mathematically,1,6,6.0,-301.78,55.6,40.4,35.8,45.01,19.48
109529,LIS uses the square root,5,6,1.2,100.24,0.52,2.0,1.48,-0.09,10.2
109530,Elevator pitch,2,5,2.5,-6.69,14.69,20.8,7.1,10.18,11.63
109531,It was proposed by economist,5,9,1.8,49.48,7.6,10.0,6.12,3.68,10.2
109532,Shared prosperity is still useful,5,9,1.8,49.48,7.6,10.0,11.92,8.39,10.2
109533,Given the over-sensitivity of,4,11,2.75,-29.87,18.42,11.6,13.05,11.18,7.78
109534,The 20:20 or 20,4,4,1.0,118.18,-2.23,1.6,-7.25,-5.3,11.73
109535,80-20 ratio — 80th percentile,4,8,2.0,33.58,9.57,21.6,10.15,4.12,19.62
109536,"""Shared prosperity"" is the current",5,9,1.8,49.48,7.6,10.0,10.76,9.33,13.36
109537,The reason to isolate this,5,8,1.6,66.4,5.24,10.0,3.8,1.79,7.04
109539,Higher values indicate higher inequality,5,14,2.8,-35.12,19.4,18.0,20.04,14.98,19.67
109540,An employee productivity study of,5,12,2.4,-1.28,14.68,18.0,11.92,8.39,10.2
109541,By 2021,2,2,1.0,120.21,-3.01,0.8,-13.2,-6.3,11.63
109543,You use different parts of,5,7,1.4,83.32,2.88,2.0,3.8,1.79,7.04
109544,Keep a journal for at,5,6,1.2,100.24,0.52,2.0,-2.0,-2.92,7.04
109545,Automate routine tasks,3,6,2.0,34.59,9.18,14.53,13.0,11.47,19.58
109546,Use the Eisenhower Matrix to,5,9,1.8,49.48,7.6,10.0,6.12,3.68,10.2
109547,Rapid economic growth: Many emerging,5,12,2.4,-1.28,14.68,18.0,14.24,11.21,16.52
109549,Emerging markets are countries with rapidly growing economies that are,10,20,2.0,27.49,11.91,12.0,16.62,12.3,12.03
109550,Government policy changes,3,8,2.667,-21.81,17.05,14.53,18.8,16.18,14.31
109551,These economies are shifting away,5,10,2.0,32.56,9.96,10.0,11.92,8.39,10.2
109552,Examples often include countries such,5,10,2.0,32.56,9.96,10.0,16.56,12.16,13.36
109553,We believe EM gross domestic,5,8,1.6,66.4,5.24,10.0,6.12,3.68,13.36
109555,The labor force participation rate measures the percent of people,10,18,1.8,44.41,9.55,8.0,13.72,9.95,12.03
109556,Unemployment rates1,2,5,2.5,-6.69,14.69,20.8,21.6,21.96,19.53
109559,(See Figure 1) Despite women's,5,8,1.6,66.4,5.24,2.0,4.96,5.56,13.36
109561,More than just a macroeconomic,5,10,2.0,32.56,9.96,10.0,8.44,5.56,7.04
109562,Even in the face of,5,6,1.2,100.24,0.52,2.0,-4.32,-4.8,0.25
109563,Core inflation is running above,5,9,1.8,49.48,7.6,10.0,9.6,6.5,10.2
109565,Average annualized U.S. equity returns,5,13,2.6,-18.2,17.04,26.0,15.4,13.1,16.52
109566,As RBC Wealth Management analysts,5,9,1.8,49.48,7.6,18.0,11.92,8.39,13.36
109567,Why is this important?,4,6,1.5,75.88,3.67,1.6,2.9,2.94,0.2
109568,With equity valuations already rich,5,12,2.4,-1.28,14.68,18.0,14.24,10.27,10.2
109569,Money flows into the index,5,8,1.6,66.4,5.24,2.0,3.8,1.79,10.2
109571,The AI Capex Circularity Risk,5,8,1.6,66.4,5.24,10.0,7.28,4.62,16.52
109572,Industry analysis suggests that for,5,11,2.2,15.64,12.32,18.0,14.24,10.27,13.36
109573,When U.S. index concentration is,5,9,1.8,49.48,7.6,10.0,8.44,7.45,10.2
109574,In a world of greater,5,6,1.2,100.24,0.52,2.0,-2.0,-2.92,7.04
109575,Even if governments aren't,4,8,2.0,33.58,9.57,11.6,8.7,7.65,7.78
109576,This document contains the latest,5,9,1.8,49.48,7.6,10.0,11.92,8.39,13.36
109577,The GDP Deflator measures the,5,8,1.6,66.4,5.24,10.0,7.28,4.62,13.36
109578,Stats,1,1,1.0,121.22,-3.4,0.4,-16.4,2.62,19.48
109579,Basic Info,2,4,2.0,35.61,8.79,0.8,-4.5,0.77,19.53
109580,Basic Info,2,4,2.0,35.61,8.79,0.8,-4.5,0.77,19.53
109581,Quarterly - Percent Change from Preceding,5,10,2.0,32.56,9.96,18.0,18.88,9.33,13.36
109582,What Is the Bank of Japan?,6,7,1.167,102.05,0.52,2.4,-1.4,-1.95,6.57
109583,Headquartered in Tokyo's Nihonbashi business,5,12,2.4,-1.28,14.68,26.0,23.52,18.75,13.36
109584,The Bank of Japan (日本,5,6,1.2,100.24,0.52,2.0,-3.16,-2.92,10.2
109585,As the sole issuer of,5,7,1.4,83.32,2.88,10.0,-2.0,-2.92,7.04
109586,Acting as a lender of,5,7,1.4,83.32,2.88,2.0,-2.0,-2.92,10.2
109588,Conducting monetary policy: The BOJ,5,12,2.4,-1.28,14.68,26.0,13.08,10.27,16.52
109589,On prices,2,3,1.5,77.91,2.89,0.8,-7.4,-1.59,11.63
109590,In recent years,3,4,1.333,90.99,1.31,1.2,-0.53,0.48,14.31
109591,On May 12,3,3,1.0,119.19,-2.62,1.2,-12.13,-8.94,9.05
109592,By Toru Fujioka,3,7,2.333,6.39,13.11,14.53,-0.53,0.48,14.31
109593,Economists,1,4,4.0,-132.58,32.0,40.4,12.6,26.17,19.48
109594,The primary source of inspiration,5,10,2.0,32.56,9.96,18.0,11.92,8.39,13.36
109595,The Bank of Japan (BoJ,5,6,1.2,100.24,0.52,2.0,-2.0,-1.97,10.2
109596,Upvote 1 Downvote 7 Go,5,7,1.4,83.32,2.88,2.0,-0.84,-1.97,16.52
109597,Labor productivity focuses specifically on,5,15,3.0,-52.04,21.76,26.0,22.36,16.87,16.52
109598,TFP tells us how much,5,5,1.0,117.16,-1.84,2.0,-2.0,-2.92,10.2
109599,Productivity is the key driver,5,10,2.0,32.56,9.96,10.0,8.44,5.56,7.04
109600,The longer inflation remains above,5,10,2.0,32.56,9.96,10.0,13.08,9.33,13.36
109601,The backdrop for these developments,5,9,1.8,49.48,7.6,10.0,14.24,10.27,10.2
109602,Cutting rates lowers short-term,4,7,1.75,54.73,6.62,1.6,15.95,13.54,15.68
109603,For context,2,3,1.5,77.91,2.89,0.8,-1.6,3.12,11.63
109604,Federal Reserve Issues FOMC Statement,5,10,2.0,32.56,9.96,10.0,16.56,12.16,19.67
109605,To put the cherry on,5,6,1.2,100.24,0.52,2.0,-3.16,-3.86,0.25
109606,Through Appia,2,4,2.0,35.61,8.79,20.8,4.2,7.83,11.63
109611,The findings of the exploratory,5,10,2.0,32.56,9.96,10.0,9.6,6.5,10.2
109619,EU Council approves Bulgaria's accession,5,12,2.4,-1.28,14.68,18.0,18.88,14.98,19.67
109620,European Central Bank and Reserve,5,10,2.0,32.56,9.96,10.0,11.92,8.39,13.36
109622,Key changeover milestones for Bulgaria,5,11,2.2,15.64,12.32,18.0,17.72,13.1,13.36
109623,A labor market characterized by,5,10,2.0,32.56,9.96,10.0,9.6,6.5,10.2
109624,The gig economy can also,5,9,1.8,49.48,7.6,10.0,1.48,-0.09,10.2
109625,Independent Contractor: What's the Difference,5,12,2.4,-1.28,14.68,18.0,23.52,19.69,10.2
109626,The gig economy uses digital,5,11,2.2,15.64,12.32,18.0,6.12,3.68,16.52
109627,Younger generations are driving the,5,10,2.0,32.56,9.96,10.0,14.24,10.27,13.36
109628,You can work a flexible,5,7,1.4,83.32,2.88,10.0,0.32,-1.03,7.04
109629,They may have full-time,4,5,1.25,97.03,0.72,1.6,4.35,4.12,7.78
109630,Freelancers give businesses the ability,5,12,2.4,-1.28,14.68,26.0,18.88,14.04,13.36
109631,Related: How To Develop Your,5,9,1.8,49.48,7.6,18.0,4.96,3.68,10.2
109632,The gig economy is poised,5,8,1.6,66.4,5.24,10.0,2.64,0.85,13.36
109634,What we call the gig,5,5,1.0,117.16,-1.84,2.0,-3.16,-3.86,7.04
109635,For example,2,4,2.0,35.61,8.79,20.8,-1.6,3.12,11.63
109636,A tax on accrued capital,5,8,1.6,66.4,5.24,2.0,1.48,-0.09,7.04
109637,One is to repeal the,5,6,1.2,100.24,0.52,2.0,-3.16,-3.86,7.04
109638,Also,1,2,2.0,36.62,8.4,0.4,-22.2,-2.09,0.05
109639,With policymakers at all levels,5,10,2.0,32.56,9.96,10.0,9.6,6.5,10.2
109640,Key call 2: The problem,5,6,1.2,100.24,0.52,2.0,-0.84,-1.03,10.2
109641,Inefficient land use policies make,5,10,2.0,32.56,9.96,18.0,13.08,9.33,10.2
109642,Resources exclusively for state and,5,10,2.0,32.56,9.96,18.0,14.24,10.27,10.2
109643,JP Julien,2,4,2.0,35.61,8.79,20.8,-7.4,-1.59,19.53
109645,Increasing access to affordable housing bolsters economic growth.,8,19,2.375,-2.21,15.56,18.2,21.82,16.72,17.85
109646,For rent control: it prevents,5,7,1.4,83.32,2.88,2.0,6.12,4.62,10.2
109647,“Rent regulation does not have,5,8,1.6,66.4,5.24,10.0,7.28,5.56,7.04
109648,kneemanshu,1,1,1.0,121.22,-3.4,0.4,12.6,26.17,19.48
109649,In a “scarcity market,4,7,1.75,54.73,6.62,11.6,1.45,1.77,7.78
109650,A survey by the American,5,9,1.8,49.48,7.6,2.0,1.48,-0.09,7.04
109651,Why?,1,1,1.0,121.22,-3.4,0.4,-28.0,-2.09,0.05
109652,If the rent-regulated price,4,7,1.75,54.73,6.62,11.6,10.15,8.83,7.78
109653,Vacancy decontrol allows landlords to,5,11,2.2,15.64,12.32,18.0,16.56,12.16,16.52
109655,Once known largely as “aid,5,6,1.2,100.24,0.52,2.0,2.64,1.79,7.04
109656,They also hold what the,5,6,1.2,100.24,0.52,2.0,0.32,-1.03,0.25
109657,Countries considered poor at the,5,8,1.6,66.4,5.24,10.0,10.76,7.45,10.2
109658,Trade among Global South countries,5,8,1.6,66.4,5.24,2.0,13.08,9.33,10.2
109659,It points to the fact,5,5,1.0,117.16,-1.84,2.0,-2.0,-2.92,7.04
109660,Global South nations generally are,5,10,2.0,32.56,9.96,10.0,13.08,9.33,13.36
109661,Across Southeast Asia,3,6,2.0,34.59,9.18,1.2,11.07,9.9,14.31
109662,I see at least three,5,5,1.0,117.16,-1.84,2.0,-3.16,-3.86,0.25
109663,The Global South is demanding,5,8,1.6,66.4,5.24,10.0,7.28,4.62,10.2
109664,Africa alone will be home,5,8,1.6,66.4,5.24,10.0,2.64,0.85,7.04
109665,With more than half of,5,5,1.0,117.16,-1.84,2.0,-0.84,-1.97,0.25
109666,Many of these economies still,5,9,1.8,49.48,7.6,10.0,7.28,4.62,7.04
109667,By utilizing these comprehensive security,5,14,2.8,-35.12,19.4,26.0,21.2,15.92,13.36
109668,Current isn't a bank,4,6,1.5,75.88,3.67,1.6,0.0,0.59,7.78
109669,Real-time,1,3,3.0,-47.98,20.2,40.4,1.0,21.46,19.48
109670,springy,1,1,1.0,121.22,-3.4,0.4,-4.8,12.04,19.48
109671,Avoid using public Wi-Fi,4,7,1.75,54.73,6.62,1.6,5.8,5.3,15.68
109672,I second this.,3,4,1.333,90.99,1.31,1.2,-4.4,-1.09,0.15
109673,One reason for the concern,5,7,1.4,83.32,2.88,2.0,3.8,1.79,7.04
109676,The Federal Reserve seeks to,5,8,1.6,66.4,5.24,10.0,6.12,3.68,13.36
109680,When inflation cools or economic,5,10,2.0,32.56,9.96,18.0,10.76,7.45,13.36
109683,nd downside risks to employment,5,8,1.6,66.4,5.24,10.0,9.6,6.5,16.52
109684,This post Federal Reserve Governor,5,10,2.0,32.56,9.96,18.0,13.08,9.33,13.36
109686,The first woman to win,5,6,1.2,100.24,0.52,2.0,-0.84,-1.97,0.25
109689,Overcoming the structural challenges facing,5,13,2.6,-18.2,17.04,26.0,23.52,17.81,13.36
109690,The dollar's share of global,5,7,1.4,83.32,2.88,2.0,4.96,3.68,10.2
109691,After logging in,3,5,1.667,62.79,5.25,1.2,1.4,2.05,9.05
109693,Fill out the “Industry category,5,10,2.0,32.56,9.96,18.0,8.44,6.5,10.2
109694,Based on these choices,4,5,1.25,97.03,0.72,1.6,4.35,2.94,11.73
109695,Creating a data stream depends,5,9,1.8,49.48,7.6,10.0,8.44,5.56,13.36
109696,Page view (event name: page_view,5,6,1.2,100.24,0.52,2.0,8.44,7.45,10.2
109697,On the “Add Plugins” page,5,6,1.2,100.24,0.52,2.0,0.32,0.85,7.04
109698,Then go to your Google,5,5,1.0,117.16,-1.84,2.0,-0.84,-1.97,7.04
109699,Click “Add a new tag,5,5,1.0,117.16,-1.84,2.0,-4.32,-3.86,0.25
109701,Acquisition reports: Receive insight into,5,12,2.4,-1.28,14.68,10.0,20.04,15.92,13.36
109702,Engagement reports: This report provides,5,10,2.0,32.56,9.96,10.0,18.88,14.98,13.36
109703,Meta Ads: Facebook + Instagram,4,8,2.0,33.58,9.57,11.6,11.6,5.06,19.62
109705,With Meta for Business,4,6,1.5,75.88,3.67,1.6,4.35,2.94,7.78
109706,Cost Per Lead (CPL) Trends and Benchmarks,7,8,1.143,103.04,0.63,2.8,7.31,5.62,13.01
109708,Google Ads,2,2,1.0,120.21,-3.01,0.8,-4.5,0.77,19.53
109709,Where This Tool Shines,4,4,1.0,118.18,-2.23,1.6,4.35,2.94,7.78
109713,Reddit's unique structure of niche,5,8,1.6,66.4,5.24,2.0,11.92,9.33,16.52
109714,By connecting Klaviyo with AdRoll,5,8,1.6,66.4,5.24,10.0,11.92,8.39,13.36
109715,AI Has Made MMM Accessible,5,8,1.6,66.4,5.24,10.0,3.8,1.79,13.36
109716,This measurement strategy is also,5,10,2.0,32.56,9.96,18.0,11.92,8.39,10.2
109717,Privacy Native: Third-party cookies,4,9,2.25,12.43,12.52,11.6,20.3,18.25,15.68
109718,Safari and Firefox already block,5,10,2.0,32.56,9.96,10.0,10.76,7.45,10.2
109719,Marketing mix modeling (MMM) is,5,9,1.8,49.48,7.6,18.0,7.28,6.5,13.36
109720,This next-generation MMM will,4,9,2.25,12.43,12.52,11.6,13.05,11.18,11.73
109722,Today,1,2,2.0,36.62,8.4,0.4,-16.4,2.62,0.05
109723,Modern MMM platforms use Bayesian,5,7,1.4,83.32,2.88,2.0,11.92,8.39,16.52
109725,Balance speed with actionability: understand,5,12,2.4,-1.28,14.68,10.0,23.52,18.75,10.2
109726,We'll dive into the,4,5,1.25,97.03,0.72,1.6,-1.45,-0.59,0.2
109727,With creative elements now consistently,5,12,2.4,-1.28,14.68,26.0,18.88,14.04,13.36
109728,Saturation curves show where each,5,8,1.6,66.4,5.24,10.0,11.92,8.39,10.2
109729,Ongoing model updates ensure that,5,10,2.0,32.56,9.96,10.0,11.92,8.39,16.52
109730,No matter how compelling your,5,8,1.6,66.4,5.24,10.0,7.28,4.62,7.04
109731,Your content might be exceptional,5,9,1.8,49.48,7.6,10.0,11.92,8.39,10.2
109733,We've seen cases where,4,5,1.25,97.03,0.72,1.6,2.9,2.94,7.78
109734,Mistake #5: Your site isn,5,6,1.2,100.24,0.52,2.0,0.32,0.85,13.36
109735,Multiple URL versions and indexing,5,10,2.0,32.56,9.96,18.0,13.08,9.33,16.52
109737,Learn More describes pieces of,5,7,1.4,83.32,2.88,2.0,8.44,5.56,10.2
109738,How does AI-generated content,4,8,2.0,33.58,9.57,11.6,13.05,11.18,11.73
109739,The computer is given enormous,5,10,2.0,32.56,9.96,18.0,8.44,5.56,10.2
109740,These models learn the underlying,5,9,1.8,49.48,7.6,10.0,11.92,8.39,10.2
109741,When you enter a prompt,5,6,1.2,100.24,0.52,2.0,0.32,-1.03,7.04
109742,AI-powered models can generate,4,7,1.75,54.73,6.62,11.6,14.5,12.36,15.68
109743,One of the main drawbacks,5,6,1.2,100.24,0.52,2.0,2.64,0.85,10.2
109744,Once you take responsibility for,5,10,2.0,32.56,9.96,10.0,10.76,7.45,7.04
109745,Below are five critical tactics,5,9,1.8,49.48,7.6,10.0,9.6,6.5,10.2
109746,Master Google My Business first,5,7,1.4,83.32,2.88,2.0,9.6,6.5,7.04
109747,Get Listed in Online Directories,5,10,2.0,32.56,9.96,10.0,10.76,7.45,13.36
109748,Location pages: If you serve,5,8,1.6,66.4,5.24,10.0,4.96,3.68,10.2
109749,Have you checked out BrightLocal,5,7,1.4,83.32,2.88,10.0,10.76,7.45,10.2
109750,The most effective Google Ads,5,7,1.4,83.32,2.88,10.0,7.28,4.62,13.36
109755,Now,1,1,1.0,121.22,-3.4,0.4,-28.0,-6.8,0.05
109756,Import offline conversions showing closed,5,10,2.0,32.56,9.96,10.0,21.2,15.92,19.67
109758,Hashtags are no longer just,5,7,1.4,83.32,2.88,2.0,4.96,2.74,10.2
109759,Keyword search volume is perhaps,5,8,1.6,66.4,5.24,2.0,10.76,7.45,10.2
109760,In 2026,2,2,1.0,120.21,-3.01,0.8,-13.2,-6.3,11.63
109761,Keyword difficulty (KD) is a,5,9,1.8,49.48,7.6,10.0,3.8,3.68,13.36
109762,Paid tools like Semrush,4,5,1.25,97.03,0.72,1.6,5.8,4.12,11.73
109763,High CPC keywords typically indicate,5,10,2.0,32.56,9.96,18.0,15.4,11.21,16.52
109764,Use SEO tools like Frase,5,6,1.2,100.24,0.52,2.0,1.48,-0.09,13.36
109765,This evolution means that rather,5,9,1.8,49.48,7.6,10.0,10.76,7.45,7.04
109767,"""Athenic login"" or ""ASOS",4,7,1.75,54.73,6.62,1.6,2.9,5.3,15.68
109769,Real customer language is almost,5,9,1.8,49.48,7.6,2.0,10.76,7.45,0.25
109771,"B2B often requires targeting ""zero",5,11,2.2,15.64,12.32,18.0,11.92,9.33,16.52
109772,Search engines such as Google,5,6,1.2,100.24,0.52,2.0,7.28,4.62,10.2
109773,Generative Engine Optimisation - or GEO,5,13,2.6,-18.2,17.04,18.0,16.56,7.76,13.36
109774,The Rise of Voice Search,5,5,1.0,117.16,-1.84,2.0,1.48,-0.09,0.25
109775,Keyword trends change over time,5,7,1.4,83.32,2.88,2.0,9.6,6.5,10.2
109776,In short,2,2,1.0,120.21,-3.01,0.8,-10.3,-3.95,0.1
109777,Answer: The most important factor,5,9,1.8,49.48,7.6,2.0,10.76,8.39,7.04
109778,Answer: An example of off,5,8,1.6,66.4,5.24,10.0,1.48,0.85,7.04
109780,Writing guest posts to get,5,6,1.2,100.24,0.52,2.0,3.8,1.79,7.04
109781,A few off-page link,4,4,1.0,118.18,-2.23,1.6,-1.45,-0.59,11.73
109783,It matters more that the,5,6,1.2,100.24,0.52,2.0,1.48,-0.09,7.04
109784,Content marketing,2,5,2.5,-6.69,14.69,20.8,15.8,17.25,19.53
109785,If you have unique data,5,7,1.4,83.32,2.88,2.0,0.32,-1.03,10.2
109786,If you serve specific regions,5,8,1.6,66.4,5.24,10.0,7.28,4.62,10.2
109788,They do not work in,5,5,1.0,117.16,-1.84,2.0,-4.32,-4.8,0.25
109789,Lots of nuance and strategy,5,8,1.6,66.4,5.24,10.0,4.96,2.74,13.36
109790,Then,1,1,1.0,121.22,-3.4,0.4,-22.2,-2.09,0.05
109791,Google also checks ad “quality,5,8,1.6,66.4,5.24,10.0,7.28,5.56,16.52
109793,Why is that?,3,3,1.0,119.19,-2.62,1.2,-8.27,-4.23,0.15
109797,Using AI in marketing is,5,8,1.6,66.4,5.24,10.0,1.48,-0.09,13.36
109798,A 2025 study that examined,5,8,1.6,66.4,5.24,10.0,3.8,1.79,10.2
109799,Here's a snippet from a,5,6,1.2,100.24,0.52,2.0,-0.84,-1.03,7.04
109801,06),1,1,1.0,121.22,-3.4,0.4,-33.8,-6.8,19.48
109802,The other source,3,4,1.333,90.99,1.31,1.2,1.4,2.05,9.05
109803,Mobile-first indexing is no,4,8,2.0,33.58,9.57,21.6,10.15,8.83,11.73
109804,Google's Mobile-First Indexing means,4,8,2.0,33.58,9.57,21.6,21.75,19.43,15.68
109805,The goal is parity — your,5,7,1.4,83.32,2.88,10.0,0.32,-3.23,7.04
109807,The September 2025 core update,5,8,1.6,66.4,5.24,2.0,8.44,5.56,13.36
109808,A good INP should be,5,5,1.0,117.16,-1.84,2.0,-3.16,-3.86,7.04
109811,AI powered content operations: Zapier,5,12,2.4,-1.28,14.68,18.0,15.4,12.16,19.67
109812,These workflows almost always span,5,8,1.6,66.4,5.24,2.0,13.08,9.33,10.2
109814,By analyzing behavioral,3,9,3.0,-50.01,20.98,27.87,14.93,13.04,14.31
109816,Every $1 invested in automation,5,12,2.4,-1.28,14.68,18.0,8.44,6.5,13.36
109817,Why Marketing Automation Matters for,5,11,2.2,15.64,12.32,18.0,15.4,11.21,13.36
109818,Google isn't going to,4,6,1.5,75.88,3.67,1.6,1.45,1.77,7.78
109819,Google considers anything under 2.5,5,10,2.0,32.56,9.96,10.0,13.08,10.27,13.36
109821,Monitor third-party script performance,4,9,2.25,12.43,12.52,21.6,26.1,21.78,19.62
109822,For the pass / fail mark,5,5,1.0,117.16,-1.84,2.0,-0.84,-4.02,0.25
109823,Definition in simple terms,4,8,2.0,33.58,9.57,11.6,10.15,7.65,11.73
109824,In other words,3,4,1.333,90.99,1.31,1.2,-2.47,-1.09,9.05
109825,Google started priortizing mobile devices,5,12,2.4,-1.28,14.68,18.0,21.2,15.92,19.67
109826,“Mobilegeddon” and the Push for,5,7,1.4,83.32,2.88,10.0,7.28,6.5,7.04
109827,The Mobile-Friendly update (nicknamed,4,8,2.0,33.58,9.57,11.6,23.2,20.6,15.68
109828,The company started testing the,5,9,1.8,49.48,7.6,2.0,9.6,6.5,10.2
109829,However,1,3,3.0,-47.98,20.2,0.4,-4.8,12.04,0.05
109831,November 2016: Google announced the,5,8,1.6,66.4,5.24,2.0,13.08,10.27,13.36
109832,March 2018 – Started rolling out,5,7,1.4,83.32,2.88,2.0,8.44,2.27,13.36
109833,According to John Mueller from,5,8,1.6,66.4,5.24,10.0,8.44,5.56,13.36
109834,March 2018: Google commenced the,5,6,1.2,100.24,0.52,2.0,9.6,7.45,13.36
109835,April 2015 - Google launches the,5,7,1.4,83.32,2.88,2.0,8.44,2.27,13.36
109836,By the end of 2018,5,5,1.0,117.16,-1.84,2.0,-5.48,-5.74,7.04
109837,Starting on July 1,4,6,1.5,75.88,3.67,1.6,-1.45,-1.77,11.73
109838,Since July 2019,3,4,1.333,90.99,1.31,1.2,-0.53,0.48,9.05
109839,2019 – All new websites launched,5,6,1.2,100.24,0.52,2.0,8.44,2.27,13.36
109840,The transition to mobile-first,4,8,2.0,33.58,9.57,21.6,14.5,12.36,11.73
109841,To simplify,2,4,2.0,35.61,8.79,20.8,-1.6,3.12,11.63
109843,Google's Mobile-First Indexing means,4,8,2.0,33.58,9.57,21.6,21.75,19.43,15.68
109845,Page Speed,2,2,1.0,120.21,-3.01,0.8,-4.5,0.77,0.1
109846,Core Web Vitals are a,5,6,1.2,100.24,0.52,2.0,-2.0,-2.92,10.2
109847,The number calculated by the,5,9,1.8,49.48,7.6,10.0,6.12,3.68,7.04
109849,Structured data helps search engines,5,8,1.6,66.4,5.24,2.0,15.4,11.21,16.52
109850,Google renders certain resources,4,8,2.0,33.58,9.57,11.6,18.85,14.72,15.68
109851,HTTPS and Secure Websites,4,7,1.75,54.73,6.62,1.6,8.7,6.48,15.68
109852,Security is a top priority,5,11,2.2,15.64,12.32,18.0,3.8,1.79,10.2
109853,Industry estimates suggest it could,5,10,2.0,32.56,9.96,18.0,14.24,10.27,13.36
109854,Creators who can demonstrate ROI,5,9,1.8,49.48,7.6,18.0,10.76,7.45,13.36
109855,Substack has solidified its position,5,10,2.0,32.56,9.96,18.0,15.4,11.21,13.36
109857,– Dylan Huey,2,4,2.0,35.61,8.79,0.8,-4.5,-4.73,19.53
109859,By 2026,2,2,1.0,120.21,-3.01,0.8,-13.2,-6.3,11.63
109860,Creator economy startup founders Tiffany,5,14,2.8,-35.12,19.4,26.0,20.04,14.98,19.67
109861,Gemini,1,3,3.0,-47.98,20.2,40.4,-10.6,7.33,19.48
109862,While nano-influencers (under 10K,4,8,2.0,33.58,9.57,11.6,17.4,15.9,11.73
109863,My biggest bet in 2026,5,6,1.2,100.24,0.52,2.0,-0.84,-1.97,10.2
109865,Here's the honest truth: a,5,6,1.2,100.24,0.52,2.0,1.48,1.79,0.25
109866,If you know the why,5,5,1.0,117.16,-1.84,2.0,-4.32,-4.8,0.25
109868,You can optimize your profile,5,8,1.6,66.4,5.24,10.0,7.28,4.62,10.2
109869,Chose profiles that you think,5,6,1.2,100.24,0.52,2.0,7.28,4.62,7.04
109870,Figure out your pace and,5,6,1.2,100.24,0.52,2.0,1.48,-0.09,0.25
109871,For example,2,4,2.0,35.61,8.79,20.8,-1.6,3.12,11.63
109872,I don't just ask,4,4,1.0,118.18,-2.23,1.6,-5.8,-4.12,0.2
109873,Sometimes I'll even feed,4,6,1.5,75.88,3.67,1.6,5.8,5.3,0.2
109874,Refine Your Positioning Statement,4,9,2.25,12.43,12.52,11.6,20.3,15.9,15.68
109877,At first glance,3,3,1.0,119.19,-2.62,1.2,-0.53,0.48,0.15
109878,for me the biggest bottleneck,5,8,1.6,66.4,5.24,10.0,7.28,4.62,10.2
109879,How Long Can YouTube Shorts Be in 2025?,8,9,1.125,103.54,0.8,3.2,2.98,1.41,9.95
109880,The algorithm rewards Shorts where,5,9,1.8,49.48,7.6,10.0,13.08,9.33,13.36
109881,But maximum length and ideal,5,8,1.6,66.4,5.24,10.0,6.12,3.68,7.04
109886,Using the Ad preview tool,5,7,1.4,83.32,2.88,2.0,2.64,0.85,13.36
109887,The Ad Preview & Diagnosis Tool,5,9,1.8,49.48,7.6,10.0,7.28,1.48,13.36
109888,Solution: Build traffic to grow,5,8,1.6,66.4,5.24,10.0,8.44,6.5,10.2
109891,Setting changes: It may take,5,7,1.4,83.32,2.88,2.0,4.96,3.68,7.04
109895,You can take a few,5,5,1.0,117.16,-1.84,2.0,-5.48,-5.74,0.25
109896,Minifying code means removing anything,5,11,2.2,15.64,12.32,18.0,17.72,13.1,13.36
109897,Reduce render-blocking resources​,3,8,2.667,-21.81,17.05,27.87,30.4,28.74,19.58
109898,Website owners should use a,5,7,1.4,83.32,2.88,2.0,4.96,2.74,10.2
109899,Local SEO is the process,5,8,1.6,66.4,5.24,2.0,1.48,-0.09,13.36
109900,Google Business Profiles (formerly known,5,9,1.8,49.48,7.6,10.0,18.88,14.98,13.36
109902,Your Google Business Profile (GBP,5,7,1.4,83.32,2.88,2.0,10.76,8.39,13.36
109903,Post something,2,3,1.5,77.91,2.89,0.8,7.1,10.18,0.1
109904,Enhance relevance for local searches,5,10,2.0,32.56,9.96,10.0,15.4,11.21,16.52
109905,Use keyword research tools like,5,7,1.4,83.32,2.88,2.0,9.6,6.5,13.36
109906,🔹 Use the exact same,4,5,1.25,97.03,0.72,1.6,-1.45,-4.36,0.2
109907,If it helps you stay,5,5,1.0,117.16,-1.84,2.0,-3.16,-3.86,7.04
109908,Example: “Top-Rated Electrician,3,9,3.0,-50.01,20.98,27.87,24.6,25.6,19.58
109909,Add local keywords to page,5,7,1.4,83.32,2.88,2.0,3.8,1.79,10.2
109911,Focus on creating engaging,4,9,2.25,12.43,12.52,21.6,10.15,7.65,15.68
109912,🔗 Reach out to local,4,5,1.25,97.03,0.72,1.6,-1.45,-4.36,7.78
109913,Newsletter Monetization in 2026: Multiple,5,13,2.6,-18.2,17.04,26.0,20.04,15.92,16.52
109914,The difference is community depth,5,10,2.0,32.56,9.96,10.0,11.92,8.39,10.2
109915,For digital product creators specifically,5,13,2.6,-18.2,17.04,26.0,21.2,15.92,16.52
109916,Executive Summary,2,7,3.5,-91.29,26.49,40.8,15.8,17.25,19.53
109918,The Future of Newsletters: Emerging Trends,6,11,1.833,45.65,8.38,15.73,14.07,10.62,14.46
109919,Web-native newsletters can get,4,9,2.25,12.43,12.52,21.6,14.5,12.36,11.73
109920,Building and connecting with an,5,8,1.6,66.4,5.24,10.0,9.6,6.5,7.04
109921,If people feel like they,5,6,1.2,100.24,0.52,2.0,1.48,-0.09,0.25
109922,The spray-and-pray approach,3,6,2.0,34.59,9.18,14.53,18.8,19.32,14.31
109924,Micro and nano influencers are,5,10,2.0,32.56,9.96,10.0,8.44,5.56,13.36
109925,Both @altinbubba and @plantbasedcouple use,5,9,1.8,49.48,7.6,18.0,20.04,16.87,10.2
109927,This aligns incentives and creators,5,10,2.0,32.56,9.96,18.0,14.24,10.27,13.36
109928,Brands are running influencer campaigns,5,10,2.0,32.56,9.96,10.0,18.88,14.04,13.36
109929,impact across the full funnel.,5,8,1.6,66.4,5.24,2.0,7.28,5.56,10.2
109930,UGC creators are replacing traditional,5,12,2.4,-1.28,14.68,26.0,17.72,13.1,16.52
109931,The brands seeing real ROI,5,6,1.2,100.24,0.52,2.0,3.8,1.79,10.2
109935,It should be designed for,5,6,1.2,100.24,0.52,2.0,2.64,0.85,7.04
109936,Repurposing one long-form piece,4,8,2.0,33.58,9.57,11.6,15.95,13.54,11.73
109938,LinkedIn is rolling out new,5,7,1.4,83.32,2.88,2.0,4.96,2.74,10.2
109940,Finally,1,3,3.0,-47.98,20.2,0.4,-4.8,12.04,0.05
109941,Our new Flexible Ad Creation,5,10,2.0,32.56,9.96,18.0,6.12,3.68,13.36
109942,AI Ad Variants generate fresh,5,9,1.8,49.48,7.6,18.0,7.28,4.62,16.52
109943,Similar to first-view ads,4,6,1.5,75.88,3.67,11.6,7.25,6.48,15.68
109944,This new placement option will,5,7,1.4,83.32,2.88,2.0,8.44,5.56,10.2
109945,Reserved Ads give your brand,5,6,1.2,100.24,0.52,2.0,6.12,3.68,13.36
109946,LinkedIn's updates may make it,5,7,1.4,83.32,2.88,2.0,7.28,5.56,10.2
109947,Bottom of Funnel (BOFU):,4,6,1.5,75.88,3.67,1.6,2.9,5.3,11.73
109948,With Qualified Leads Optimization (QLO,5,11,2.2,15.64,12.32,18.0,16.56,13.1,16.52
109949,LinkedIn has significantly enhanced the,5,11,2.2,15.64,12.32,10.0,18.88,14.04,13.36
109950,Measurement Insights is a centralized,5,10,2.0,32.56,9.96,18.0,16.56,12.16,13.36
109951,Learn more,2,2,1.0,120.21,-3.01,0.8,-4.5,0.77,0.1
109952,To make it easier to,5,7,1.4,83.32,2.88,10.0,-3.16,-3.86,7.04
109953,Auto bid and “maximum delivery,5,11,2.2,15.64,12.32,18.0,7.28,5.56,10.2
109954,Conduct Pinterest Keyword Research,4,8,2.0,33.58,9.57,1.6,21.75,17.07,19.62
109956,Video Pins – For tutorials and,5,10,2.0,32.56,9.96,18.0,6.12,0.7,13.36
109957,Idea Pins: Multi-page Pins,4,7,1.75,54.73,6.62,1.6,7.25,7.65,15.68
109958,Conduct research using Pinterest's search,5,9,1.8,49.48,7.6,2.0,20.04,15.92,16.52
109959,You can do this by,5,5,1.0,117.16,-1.84,2.0,-5.48,-5.74,0.25
109960,Add hashtags to your Pinterest images,6,10,1.667,59.75,6.42,9.07,10.2,6.69,11.83
109961,Optimize Pins through vertical aspect,5,10,2.0,32.56,9.96,18.0,16.56,12.16,16.52
109963,Rather than pinning 50 times,5,7,1.4,83.32,2.88,2.0,6.12,3.68,13.36
109964,Maintain both promotional boards showcasing,5,11,2.2,15.64,12.32,18.0,23.52,17.81,16.52
109966,There are different ways in,5,7,1.4,83.32,2.88,2.0,4.96,2.74,7.04
109967,Too many targeted ads can,5,8,1.6,66.4,5.24,10.0,2.64,0.85,10.2
109968,* Previous Buyers Who Have Not,5,8,1.6,66.4,5.24,10.0,6.12,0.7,10.2
109969,For ecommerce stores,3,5,1.667,62.79,5.25,14.53,9.13,8.33,14.31
109970,For example,2,4,2.0,35.61,8.79,20.8,-1.6,3.12,11.63
109972,Google Digital Marketing & E-commerce,4,10,2.5,-8.72,15.47,31.6,21.75,11.66,19.62
109973,When people search for products,5,7,1.4,83.32,2.88,2.0,9.6,6.5,7.04
109974,The main goal is to,5,5,1.0,117.16,-1.84,2.0,-4.32,-4.8,7.04
109975,What does Google's local algorithm,5,9,1.8,49.48,7.6,10.0,11.92,9.33,13.36
109977,Relevance: Google assesses how relevant,5,11,2.2,15.64,12.32,26.0,17.72,14.04,16.52
109978,Prominence: How well does your,5,7,1.4,83.32,2.88,10.0,7.28,5.56,7.04
109979,Instead of competing with every,5,10,2.0,32.56,9.96,10.0,9.6,6.5,7.04
109980,If you want to actually,5,8,1.6,66.4,5.24,10.0,0.32,-1.03,7.04
109981,A helpful tip is to,5,6,1.2,100.24,0.52,2.0,-4.32,-4.8,0.25
109982,Claim + optimize your Google Business,5,8,1.6,66.4,5.24,10.0,14.24,6.19,13.36
109983,Your business name,3,4,1.333,90.99,1.31,1.2,5.27,5.19,0.15
109984,To improve your search engine,5,7,1.4,83.32,2.88,2.0,7.28,4.62,0.25
109985,Businesses with more positive reviews,5,10,2.0,32.56,9.96,18.0,16.56,12.16,13.36
109986,Publishing local content relevant to,5,11,2.2,15.64,12.32,18.0,15.4,11.21,16.52
109987,Citations are mentions of your,5,8,1.6,66.4,5.24,10.0,8.44,5.56,10.2
109988,From chatbots to social media,5,9,1.8,49.48,7.6,10.0,7.28,4.62,13.36
109989,Here's the reality: AI projects,5,9,1.8,49.48,7.6,10.0,7.28,6.5,13.36
109990,These projects often include chatbots,5,9,1.8,49.48,7.6,2.0,16.56,12.16,13.36
109991,These include sales forecasting,4,7,1.75,54.73,6.62,11.6,17.4,13.54,15.68
109992,Expected Timeline for Seeing Results,5,10,2.0,32.56,9.96,10.0,15.4,11.21,13.36
109993,You might find that tasks,5,5,1.0,117.16,-1.84,2.0,2.64,0.85,7.04
109994,That's why timelines vary so,5,7,1.4,83.32,2.88,2.0,4.96,3.68,10.2
109995,“If agencies stop hiring junior,5,9,1.8,49.48,7.6,10.0,8.44,6.5,10.2
109999,On-page fundamentals that actually,4,11,2.75,-29.87,18.42,21.6,20.3,17.07,15.68
110000,You should also make sure,5,6,1.2,100.24,0.52,2.0,2.64,0.85,0.25
110002,I add alt text that,5,5,1.0,117.16,-1.84,2.0,-4.32,-4.8,10.2
110003,Use metadata that allows search,5,6,1.2,100.24,0.52,2.0,9.6,6.5,10.2
110004,I often use tools like,5,6,1.2,100.24,0.52,2.0,-0.84,-1.97,7.04
110005,Site architecture – there is a,5,8,1.6,66.4,5.24,10.0,6.12,0.7,10.2
110006,If you need year-over,4,4,1.0,118.18,-2.23,1.6,1.45,1.77,7.78
110007,In 2026,2,2,1.0,120.21,-3.01,0.8,-13.2,-6.3,11.63
110008,Peace of mind: Track user,5,6,1.2,100.24,0.52,2.0,1.48,0.85,7.04
110009,Use data-driven attribution to,4,8,2.0,33.58,9.57,11.6,14.5,12.36,11.73
110010,Google Analytics is a complex,5,9,1.8,49.48,7.6,10.0,7.28,4.62,13.36
110011,Summary,1,3,3.0,-47.98,20.2,40.4,-4.8,12.04,19.48
110012,GA4 web data streams are,5,6,1.2,100.24,0.52,2.0,1.48,-0.09,13.36
110013,PostHog combines web analytics with,5,10,2.0,32.56,9.96,10.0,14.24,10.27,13.36
110015,How to Choose the Right,5,5,1.0,117.16,-1.84,2.0,0.32,-1.03,0.25
110016,It supports a wide range,5,6,1.2,100.24,0.52,2.0,1.48,-0.09,10.2
110017,🚨 For regular accounts,3,6,2.0,34.59,9.18,14.53,9.13,2.44,14.31
110018,🚀 According to our findings,4,8,2.0,33.58,9.57,11.6,8.7,2.24,11.73
110019,When impressions are paired with,5,7,1.4,83.32,2.88,10.0,10.76,7.45,10.2
110020,“Under the new algorithm,4,8,2.0,33.58,9.57,11.6,5.8,5.3,7.78
110021,X requires consistent and near,5,9,1.8,49.48,7.6,18.0,8.44,5.56,13.36
110022,The media outreach landscape has,5,9,1.8,49.48,7.6,10.0,10.76,7.45,13.36
110023,Important update: HARO was originally,5,13,2.6,-18.2,17.04,10.0,15.4,12.16,13.36
110024,Tool,1,1,1.0,121.22,-3.4,0.4,-22.2,-2.09,0.05
110025,and HARO was one of,5,6,1.2,100.24,0.52,2.0,-4.32,-4.8,7.04
110026,Users can submit up to,5,7,1.4,83.32,2.88,2.0,-0.84,-1.97,10.2
110027,Traditional link building,3,7,2.333,6.39,13.11,14.53,18.8,16.18,14.31
110028,Key Takeaways: How to actually,5,8,1.6,66.4,5.24,10.0,7.28,5.56,10.2
110030,Set Up Alerts for Targeted,5,8,1.6,66.4,5.24,10.0,3.8,1.79,10.2
110031,A thoughtful reply in the,5,7,1.4,83.32,2.88,2.0,2.64,0.85,10.2
110032,X no longer measures success,5,8,1.6,66.4,5.24,2.0,6.12,3.68,16.52
110033,The reality,2,5,2.5,-6.69,14.69,20.8,-1.6,3.12,11.63
110034,Hashtags,1,2,2.0,36.62,8.4,0.4,1.0,16.75,19.48
110036,The distribution of engagement types,5,10,2.0,32.56,9.96,18.0,15.4,11.21,13.36
110037,For context on how these,5,6,1.2,100.24,0.52,2.0,1.48,-0.09,7.04
110039,The algorithm does highlight content,5,10,2.0,32.56,9.96,10.0,15.4,11.21,13.36
110040,Spaces have evolved from casual,5,9,1.8,49.48,7.6,10.0,9.6,6.5,13.36
110041,Threads on X have become,5,6,1.2,100.24,0.52,2.0,1.48,-0.09,10.2
110043,A study from Deloitte found,5,7,1.4,83.32,2.88,2.0,4.96,2.74,7.04
110044,Page speed matters even more,5,7,1.4,83.32,2.88,2.0,6.12,3.68,7.04
110045,In fact,2,2,1.0,120.21,-3.01,0.8,-13.2,-6.3,0.1
110046,Largest Contentful Paint (LCP):,4,7,1.75,54.73,6.62,11.6,13.05,13.54,15.68
110047,PSI reports real users' First,5,7,1.4,83.32,2.88,2.0,6.12,4.62,13.36
110048,Achieving 100s across the board,5,8,1.6,66.4,5.24,10.0,9.6,6.5,10.2
110049,But as soon as you,5,5,1.0,117.16,-1.84,2.0,-5.48,-5.74,0.25
110050,⚡ Quick Verdict,2,3,1.5,77.91,2.89,0.8,4.2,-0.02,11.63
110051,Comments Section,2,4,2.0,35.61,8.79,0.8,12.9,14.9,19.53
110053,The move from attention-driven,4,8,2.0,33.58,9.57,11.6,14.5,12.36,7.78
110054,Ambassador programs have become mission,5,11,2.2,15.64,12.32,10.0,18.88,14.04,13.36
110057,76% of people say that,5,6,1.2,100.24,0.52,2.0,-2.0,-1.97,7.04
110058,Engagement quality: Saves,3,7,2.333,6.39,13.11,27.87,16.87,16.18,19.58
110060,Reach niche audiences with high,5,8,1.6,66.4,5.24,10.0,9.6,6.5,10.2
110061,The results are undeniable with,5,10,2.0,32.56,9.96,10.0,9.6,6.5,10.2
110062,Today's consumers scroll past polished,5,9,1.8,49.48,7.6,10.0,16.56,13.1,16.52
110063,Journalists will also appreciate it,5,11,2.2,15.64,12.32,18.0,14.24,10.27,10.2
110064,You need data... we,4,5,1.25,97.03,0.72,1.6,-4.35,-0.59,7.78
110065,Check for Sensitivity: Ensure your,5,10,2.0,32.56,9.96,10.0,11.92,9.33,10.2
110066,“We also find that managers,5,8,1.6,66.4,5.24,10.0,3.8,2.74,7.04
110067,It is also wise to,5,6,1.2,100.24,0.52,2.0,-5.48,-5.74,0.25
110068,Unless the journalist has signed,5,8,1.6,66.4,5.24,10.0,10.76,7.45,10.2
110069,In 2026,2,2,1.0,120.21,-3.01,0.8,-13.2,-6.3,11.63
110071,Unlike Siri's monotone voice reading,5,10,2.0,32.56,9.96,10.0,14.24,11.21,13.36
110072,Drop the jargon and use,5,6,1.2,100.24,0.52,2.0,0.32,-1.03,7.04
110073,The brands that dominate online,5,8,1.6,66.4,5.24,10.0,9.6,6.5,13.36
110074,Combining the art of psychology,5,10,2.0,32.56,9.96,18.0,9.6,6.5,10.2
110075,When businesses provide helpful content,5,10,2.0,32.56,9.96,10.0,18.88,14.04,13.36
110076,When something feels limited,4,7,1.75,54.73,6.62,11.6,13.05,10.01,11.73
110077,to 0.0028.,2,2,1.0,120.21,-3.01,0.8,-10.3,0.77,11.63
110078,Tools like functional magnetic resonance,5,11,2.2,15.64,12.32,26.0,20.04,14.98,16.52
110079,These judgments happen in milliseconds,5,10,2.0,32.56,9.96,10.0,17.72,13.1,10.2
110081,Orchestrate cross-channel journeys.,3,7,2.333,6.39,13.11,14.53,34.27,31.88,19.58
110082,ConvertKit Launches Industry-First: Publicly Rebranding from ConvertKit to Kit,9,19,2.111,19.1,12.83,21.38,24.73,19.7,16.36
110083,All these initiatives get us,5,8,1.6,66.4,5.24,10.0,6.12,3.68,7.04
110084,We've grown past just,4,4,1.0,118.18,-2.23,1.6,1.45,1.77,7.78
110085,Create your site directly on,5,8,1.6,66.4,5.24,10.0,6.12,3.68,13.36
110086,Learn more about the new,5,6,1.2,100.24,0.52,2.0,1.48,-0.09,0.25
110087,With […],1,1,1.0,121.22,-3.4,0.4,-22.2,-4.45,0.05
110089,Kit Acquires SparkLoop to Double Down on Goal to Pay,10,14,1.4,78.25,4.83,8.0,6.18,3.82,8.87
110090,$79/month,1,2,2.0,36.62,8.4,0.4,-4.8,21.46,19.48
110091,KitBoard: Add CRM to your,5,6,1.2,100.24,0.52,2.0,1.48,0.85,10.2
110092,Email marketingMarket your products,4,10,2.5,-8.72,15.47,11.6,23.2,18.25,15.68
110094,Fake video play buttons that,5,8,1.6,66.4,5.24,10.0,6.12,3.68,10.2
110097,Email hashing (a way of,5,7,1.4,83.32,2.88,2.0,-0.84,-1.03,10.2
110098,Getting your emails into subscribers,5,10,2.0,32.56,9.96,10.0,15.4,11.21,10.2
110100,Agencies reduce risk through proven,5,9,1.8,49.48,7.6,10.0,14.24,10.27,16.52
110104,Leading on from the above,5,7,1.4,83.32,2.88,2.0,2.64,0.85,7.04
110105,Long-term institutional knowledge.,3,9,3.0,-50.01,20.98,14.53,32.33,30.31,19.58
110106,Many of the businesses we,5,8,1.6,66.4,5.24,10.0,2.64,0.85,7.04
110107,Facebook uses an auction system,5,9,1.8,49.48,7.6,2.0,9.6,6.5,16.52
110109,But for me,3,3,1.0,119.19,-2.62,1.2,-10.2,-7.37,0.15
110110,This feature,2,3,1.5,77.91,2.89,0.8,1.3,5.48,11.63
110111,Unlike other advertising platforms,4,10,2.5,-8.72,15.47,11.6,21.75,17.07,15.68
110113,Once you have set up,5,5,1.0,117.16,-1.84,2.0,-3.16,-3.86,0.25
110114,Budget: Daily or lifetime,4,7,1.75,54.73,6.62,1.6,7.25,6.48,11.73
110115,Ad delivery during the learning,5,10,2.0,32.56,9.96,10.0,9.6,6.5,13.36
110116,Use Lookalike Audiences,3,8,2.667,-21.81,17.05,27.87,14.93,13.04,14.31
110117,Centralized management: All campaigns are,5,10,2.0,32.56,9.96,18.0,20.04,15.92,13.36
110118,AI-powered recovery emails convert,4,8,2.0,33.58,9.57,11.6,20.3,17.07,19.62
110120,Cohort (AOV),2,3,1.5,77.91,2.89,0.8,-4.5,5.48,19.53
110121,Low AOV: under $50.,4,5,1.25,97.03,0.72,1.6,-4.35,-0.59,11.73
110125,Not everyone needs a discount,5,8,1.6,66.4,5.24,2.0,7.28,4.62,10.2
110126,GA4 uses an event-based,4,6,1.5,75.88,3.67,1.6,4.35,4.12,15.68
110127,Sign-ups: For SaaS or,4,4,1.0,118.18,-2.23,1.6,0.0,1.77,11.73
110128,Acquisition (e.g.,2,5,2.5,-6.69,14.69,20.8,7.1,17.25,19.53
110130,How to Find It in,5,5,1.0,117.16,-1.84,2.0,-6.64,-6.68,0.25
110132,The previous bounce rate measure,5,8,1.6,66.4,5.24,10.0,10.76,7.45,7.04
110134,Notice that engagement rate is,5,8,1.6,66.4,5.24,10.0,8.44,5.56,7.04
110135,The metric for average engagement,5,10,2.0,32.56,9.96,18.0,11.92,8.39,13.36
110137,“GA4's user journey module helps,5,8,1.6,66.4,5.24,2.0,8.44,7.45,16.52
110138,Rather than focusing solely on,5,9,1.8,49.48,7.6,10.0,8.44,5.56,10.2
110139,Influencer ad spend has nearly,5,9,1.8,49.48,7.6,10.0,8.44,5.56,10.2
110141,A study by Influencer Marketing,5,11,2.2,15.64,12.32,18.0,9.6,6.5,10.2
110142,Think long-term.,2,3,1.5,77.91,2.89,0.8,7.1,14.9,11.63
110143,Nano- and micro-creators often,4,10,2.5,-8.72,15.47,11.6,13.05,12.36,11.73
110144,Engagement rates,2,4,2.0,35.61,8.79,20.8,12.9,14.9,19.53
110145,At the end of,4,4,1.0,118.18,-2.23,1.6,-8.7,-7.65,0.2
110146,We're talking 20 influencer,4,8,2.0,33.58,9.57,11.6,10.15,8.83,15.68
110147,Depending on your goals,4,6,1.5,75.88,3.67,11.6,5.8,4.12,11.73
110148,On Pinterest,2,3,1.5,77.91,2.89,0.8,1.3,5.48,11.63
110149,Pinterest now has over 480,5,7,1.4,83.32,2.88,2.0,3.8,1.79,10.2
110150,“Unlike other platforms,3,6,2.0,34.59,9.18,1.2,13.0,13.04,14.31
110151,Pinterest users are planners,4,7,1.75,54.73,6.62,1.6,13.05,10.01,15.68
110152,The Real Problem (It's Not,5,6,1.2,100.24,0.52,2.0,1.48,1.79,7.04
110153,Compare that to platforms where,5,7,1.4,83.32,2.88,2.0,9.6,6.5,7.04
110154,Unlike Instagram or TikTok—where,4,9,2.25,12.43,12.52,21.6,17.4,14.72,15.68
110155,Unlike content that disappears within,5,10,2.0,32.56,9.96,10.0,16.56,12.16,16.52
110156,Pinterest is built for discovery,5,9,1.8,49.48,7.6,10.0,10.76,7.45,10.2
110157,Even better,2,4,2.0,35.61,8.79,0.8,-1.6,3.12,0.1
110158,For Bloggers and Content Creators,5,9,1.8,49.48,7.6,10.0,11.92,8.39,13.36
110159,Even better,2,4,2.0,35.61,8.79,0.8,-1.6,3.12,0.1
110160,The good news is that,5,5,1.0,117.16,-1.84,2.0,-2.0,-2.92,0.25
110161,Target audiences of all ages,5,10,2.0,32.56,9.96,10.0,6.12,3.68,13.36
110162,Pins can drive users to,5,6,1.2,100.24,0.52,2.0,0.32,-1.03,10.2
110163,Insight #1: Pinterest Is a,5,7,1.4,83.32,2.88,2.0,1.48,1.79,13.36
110164,As our featured choice,4,6,1.5,75.88,3.67,1.6,4.35,2.94,7.78
110165,Most ecommerce brands (83%),4,6,1.5,75.88,3.67,11.6,7.25,8.83,15.68
110166,"Subject: ""Your first [outcome",4,6,1.5,75.88,3.67,1.6,10.15,11.18,7.78
110167,SPF + DKIM + DMARC - non,4,4,1.0,118.18,-2.23,1.6,-1.45,-7.32,19.62
110169,Thus,1,1,1.0,121.22,-3.4,0.4,-22.2,-2.09,19.48
110170,Optimizing your captions,3,7,2.333,6.39,13.11,14.53,16.87,14.61,14.31
110171,Don't neglect the importance,4,7,1.75,54.73,6.62,11.6,11.6,10.01,11.73
110172,And the honest answer is,5,7,1.4,83.32,2.88,2.0,1.48,-0.09,0.25
110173,One early video hit 100k,5,8,1.6,66.4,5.24,10.0,1.48,-0.09,10.2
110174,They started with secondary accounts,5,10,2.0,32.56,9.96,10.0,15.4,11.21,13.36
110175,Before posting anything,3,7,2.333,6.39,13.11,1.2,14.93,13.04,9.05
110176,Once warmed up,3,3,1.0,119.19,-2.62,1.2,-2.47,-1.09,9.05
110177,Another way to balance your,5,8,1.6,66.4,5.24,2.0,4.96,2.74,7.04
110178,If your brand ends up,5,5,1.0,117.16,-1.84,2.0,-2.0,-2.92,10.2
110180,I've had this conversation,4,7,1.75,54.73,6.62,11.6,8.7,7.65,7.78
110181,Communication,1,5,5.0,-217.18,43.8,40.4,30.0,40.3,19.48
110182,AI agents will get new,5,6,1.2,100.24,0.52,2.0,-0.84,-1.97,10.2
110183,By 2026,2,2,1.0,120.21,-3.01,0.8,-13.2,-6.3,11.63
110184,Artificial intelligence elevates productivity but,5,17,3.4,-85.88,26.48,34.0,30.48,23.46,16.52
110185,AI will transform personalization in,5,11,2.2,15.64,12.32,10.0,15.4,11.21,13.36
110186,For public-serving organizations like,4,10,2.5,-8.72,15.47,21.6,24.65,20.6,11.73
110187,Google and other search engines,5,7,1.4,83.32,2.88,2.0,9.6,6.5,10.2
110188,Organizations can stand out by,5,9,1.8,49.48,7.6,10.0,8.44,5.56,7.04
110189,One of the most exciting,5,7,1.4,83.32,2.88,2.0,1.48,-0.09,0.25
110191,In 2026,2,2,1.0,120.21,-3.01,0.8,-13.2,-6.3,11.63
110192,The fundamental shift is from,5,8,1.6,66.4,5.24,10.0,7.28,4.62,10.2
110193,With the introduction of Google's,5,8,1.6,66.4,5.24,10.0,10.76,8.39,10.2
110197,"B2B often requires targeting ""zero",5,11,2.2,15.64,12.32,18.0,11.92,9.33,16.52
110199,In 2026,2,2,1.0,120.21,-3.01,0.8,-13.2,-6.3,11.63
110200,Structure content for AI extraction,5,9,1.8,49.48,7.6,10.0,14.24,10.27,16.52
110202,Societies and individuals have the,5,12,2.4,-1.28,14.68,18.0,13.08,9.33,10.2
110203,Most marketers choose keywords based,5,8,1.6,66.4,5.24,10.0,15.4,11.21,13.36
110204,In case it wasn't,4,5,1.25,97.03,0.72,1.6,-4.35,-2.95,0.2
110205,In the SEO example,4,7,1.75,54.73,6.62,11.6,-1.45,-1.77,11.73
110206,Resource-Intensive Content Creation: Building,4,11,2.75,-29.87,18.42,21.6,34.8,30.02,15.68
110207,Conversion rate: Searchers with high,5,8,1.6,66.4,5.24,10.0,14.24,11.21,10.2
110209,Once you have identified suitable,5,10,2.0,32.56,9.96,18.0,11.92,8.39,10.2
110210,Crawlability: Understand how search engines,5,11,2.2,15.64,12.32,10.0,22.36,17.81,10.2
110211,_designrush,1,1,1.0,121.22,-3.4,0.4,18.4,30.88,19.48
110214,Once you locate your sitemap,5,6,1.2,100.24,0.52,2.0,6.12,3.68,10.2
110216,Check with your hosting provider,5,8,1.6,66.4,5.24,10.0,10.76,7.45,10.2
110219,Site structure - your URLS and,5,6,1.2,100.24,0.52,2.0,6.12,0.7,13.36
110220,Breadcrumbs navigation automatically adds internal,5,15,3.0,-52.04,21.76,26.0,31.64,24.4,19.67
110221,Clear relationships between pages also,5,11,2.2,15.64,12.32,10.0,17.72,13.1,10.2
110222,Structured data and schema markup,5,8,1.6,66.4,5.24,2.0,11.92,8.39,16.52
110223,Use canonical tags to avoid,5,9,1.8,49.48,7.6,10.0,4.96,2.74,13.36
110224,The best platform is the,5,6,1.2,100.24,0.52,2.0,1.48,-0.09,0.25
110230,Without vesting,2,4,2.0,35.61,8.79,0.8,10.0,12.54,11.63
110231,What is Founder Vesting?,4,6,1.5,75.88,3.67,1.6,5.8,5.3,11.73
110232,First,1,1,1.0,121.22,-3.4,0.4,-16.4,2.62,0.05
110233,It is often issued for,5,7,1.4,83.32,2.88,2.0,-0.84,-1.97,7.04
110234,Restricted stock means the founder,5,8,1.6,66.4,5.24,10.0,13.08,9.33,10.2
110235,Often but not always the,5,7,1.4,83.32,2.88,2.0,1.48,-0.09,0.25
110236,Founders' stock with vesting is,5,7,1.4,83.32,2.88,2.0,8.44,6.5,10.2
110238,A vesting cliff is a,5,6,1.2,100.24,0.52,2.0,-3.16,-3.86,7.04
110239,Month 0-12: 0%,3,3,1.0,119.19,-2.62,1.2,-8.27,-1.09,14.31
110240,At the one-year mark,4,5,1.25,97.03,0.72,1.6,0.0,0.59,7.78
110241,If a founder leaves before,5,7,1.4,83.32,2.88,2.0,3.8,1.79,10.2
110242,Some vesting schedules include an,5,8,1.6,66.4,5.24,2.0,11.92,8.39,13.36
110243,An 83(b) election is,4,6,1.5,75.88,3.67,11.6,-1.45,0.59,11.73
110246,AI Service Price Range: $19,5,6,1.2,100.24,0.52,2.0,2.64,2.74,13.36
110247,It's easier to understand with,5,9,1.8,49.48,7.6,10.0,7.28,5.56,7.04
110248,If the founder leaves the,5,6,1.2,100.24,0.52,2.0,2.64,0.85,10.2
110249,Total vesting term: 4 years,5,7,1.4,83.32,2.88,2.0,3.8,2.74,16.52
110250,When are they released?,4,5,1.25,97.03,0.72,1.6,4.35,4.12,7.78
110251,Under a four-year schedule,4,6,1.5,75.88,3.67,1.6,8.7,7.65,11.73
110252,Under a four-year schedule,4,6,1.5,75.88,3.67,1.6,8.7,7.65,11.73
110253,more deals,2,2,1.0,120.21,-3.01,0.8,-4.5,0.77,11.63
110254,"""This year""",2,2,1.0,120.21,-3.01,0.8,-7.4,3.12,0.1
110255,How BANT Works and Why,5,5,1.0,117.16,-1.84,2.0,-0.84,-1.97,10.2
110256,They ask about the problem's,5,7,1.4,83.32,2.88,2.0,4.96,3.68,7.04
110259,Asking questions about Budget,4,8,2.0,33.58,9.57,1.6,14.5,11.18,15.68
110261,MEDDIC sales methodology FAQs,4,9,2.25,12.43,12.52,11.6,14.5,11.18,19.62
110262,MEDDIC Definition: The MEDDIC sales,5,10,2.0,32.56,9.96,10.0,13.08,10.27,16.52
110264,It creates a common language,5,8,1.6,66.4,5.24,2.0,6.12,3.68,10.2
110265,Originating in the high-tech,4,9,2.25,12.43,12.52,11.6,11.6,10.01,11.73
110267,For instance,2,3,1.5,77.91,2.89,0.8,1.3,5.48,11.63
110268,Decision Process: How the customer,5,10,2.0,32.56,9.96,10.0,11.92,9.33,10.2
110269,What is a secondary market transaction?,6,12,2.0,31.55,10.35,15.73,11.17,8.26,9.2
110270,Secondary share sales or secondaries,5,11,2.2,15.64,12.32,18.0,15.4,11.21,13.36
110271,The private secondary market is,5,10,2.0,32.56,9.96,10.0,9.6,6.5,10.2
110272,Generally,1,4,4.0,-132.58,32.0,40.4,6.8,21.46,19.48
110273,LP-led Secondaries,2,5,2.5,-6.69,14.69,20.8,15.8,19.6,19.53
110274,GP-led secondaries via continuation,4,12,3.0,-51.02,21.37,21.6,21.75,18.25,19.62
110275,Company-sponsored secondary sales (we,4,9,2.25,12.43,12.52,21.6,23.2,20.6,15.68
110276,Tender Offers,2,4,2.0,35.61,8.79,0.8,4.2,7.83,19.53
110277,Of significance to all parties,5,9,1.8,49.48,7.6,10.0,8.44,5.56,10.2
110278,AI and technology are forcing,5,9,1.8,49.48,7.6,10.0,7.28,4.62,13.36
110279,One estimate places the amount,5,9,1.8,49.48,7.6,10.0,8.44,5.56,10.2
110280,The combination of improving valuations,5,13,2.6,-18.2,17.04,26.0,18.88,14.04,13.36
110281,The post-pandemic era produced,4,9,2.25,12.43,12.52,11.6,14.5,12.36,15.68
110282,For smaller market and Main,5,7,1.4,83.32,2.88,2.0,4.96,2.74,10.2
110283,As industry observers have noted,5,10,2.0,32.56,9.96,18.0,10.76,7.45,13.36
110284,SPAC addresses major barriers in,5,10,2.0,32.56,9.96,18.0,10.76,7.45,13.36
110286,The numbers tell a compelling,5,8,1.6,66.4,5.24,10.0,7.28,4.62,10.2
110287,Think about sequencing like building,5,9,1.8,49.48,7.6,10.0,15.4,11.21,7.04
110288,Job descriptions now frequently include,5,10,2.0,32.56,9.96,18.0,18.88,14.04,13.36
110289,AI literacy is no longer,5,9,1.8,49.48,7.6,10.0,1.48,-0.09,13.36
110290,In 2026,2,2,1.0,120.21,-3.01,0.8,-13.2,-6.3,11.63
110293,RANK,1,1,1.0,121.22,-3.4,0.4,-22.2,-2.09,19.48
110295,Morgan Stanley Private Wealth Management,5,10,2.0,32.56,9.96,10.0,20.04,14.98,16.52
110298,Mercer Advisors is a top,5,8,1.6,66.4,5.24,10.0,1.48,-0.09,10.2
110300,As we approach 2026,4,5,1.25,97.03,0.72,1.6,0.0,-0.59,11.73
110302,The following are four major,5,8,1.6,66.4,5.24,2.0,6.12,3.68,0.25
110303,Generative AI integration: VDRs now,5,11,2.2,15.64,12.32,18.0,13.08,10.27,16.52
110304,Predictive analytics: Modern platforms like,5,12,2.4,-1.28,14.68,18.0,22.36,17.81,16.52
110306,On the security side,4,7,1.75,54.73,6.62,11.6,1.45,0.59,7.78
110307,One-size-fits-all,1,4,4.0,-132.58,32.0,40.4,35.8,59.14,19.48
110310,Benchmarkit's 2025 report covering 2024,5,9,1.8,49.48,7.6,10.0,17.72,14.04,16.52
110311,NRR is the most important,5,7,1.4,83.32,2.88,2.0,2.64,0.85,7.04
110312,In 2026,2,2,1.0,120.21,-3.01,0.8,-13.2,-6.3,11.63
110313,What Is Expansion Revenue - and Why It's 40% of New,10,14,1.4,78.25,4.83,12.0,3.28,1.13,8.87
110314,What matters is the delta,5,7,1.4,83.32,2.88,2.0,2.64,0.85,10.2
110317,To be frank,3,3,1.0,119.19,-2.62,1.2,-8.27,-5.8,9.05
110318,Standard Vesting Schedules,3,6,2.0,34.59,9.18,1.2,20.73,17.75,19.58
110321,The standard practice for equity,5,9,1.8,49.48,7.6,10.0,10.76,7.45,13.36
110322,One final (and potentially very,5,10,2.0,32.56,9.96,10.0,8.44,6.5,10.2
110323,If a founder leaves before,5,7,1.4,83.32,2.88,2.0,3.8,1.79,10.2
110324,With an acceleration clause,4,8,2.0,33.58,9.57,11.6,11.6,8.83,11.73
110325,By engaging with the product,5,8,1.6,66.4,5.24,10.0,6.12,3.68,10.2
110326,Splunk,1,1,1.0,121.22,-3.4,0.4,-10.6,7.33,19.48
110328,In-product onboarding: Seamless onboarding,4,10,2.5,-8.72,15.47,21.6,30.45,26.49,19.62
110329,Allowing customers to experience the,5,12,2.4,-1.28,14.68,26.0,15.4,11.21,13.36
110330,One limitation of a sales,5,8,1.6,66.4,5.24,10.0,2.64,0.85,10.2
110331,Sales-Led Growth: While SLG,4,4,1.0,118.18,-2.23,1.6,8.7,8.83,15.68
110332,The macro context makes this,5,7,1.4,83.32,2.88,2.0,6.12,3.68,13.36
110333,Vendors face variable infrastructure costs,5,12,2.4,-1.28,14.68,18.0,22.36,16.87,16.52
110334,In 2026,2,2,1.0,120.21,-3.01,0.8,-13.2,-6.3,11.63
110335,This makes value-based B2B,4,5,1.25,97.03,0.72,1.6,8.7,7.65,15.68
110337,Complex B2B environments where value,5,10,2.0,32.56,9.96,10.0,15.4,11.21,13.36
110338,A case statement should clearly,5,7,1.4,83.32,2.88,2.0,9.6,6.5,10.2
110340,To set effective goals,4,6,1.5,75.88,3.67,11.6,4.35,2.94,11.73
110341,Specific: Make your fundraising goal,5,9,1.8,49.48,7.6,18.0,14.24,11.21,10.2
110342,This might include reaching a,5,7,1.4,83.32,2.88,2.0,7.28,4.62,10.2
110343,Relevant: Connect your fundraising goal,5,10,2.0,32.56,9.96,18.0,17.72,14.04,10.2
110345,Since the most successful donation,5,9,1.8,49.48,7.6,18.0,13.08,9.33,10.2
110346,Many fundraisers believe major donors,5,11,2.2,15.64,12.32,10.0,16.56,12.16,10.2
110347,Include names,2,3,1.5,77.91,2.89,0.8,4.2,7.83,19.53
110348,A business growth strategy isn,5,8,1.6,66.4,5.24,10.0,8.44,5.56,13.36
110349,Article Overview,2,6,3.0,-48.99,20.59,40.8,12.9,14.9,19.53
110350,Market penetration is another marketing,5,13,2.6,-18.2,17.04,18.0,18.88,14.04,10.2
110351,Market Development – Expanding Into New,5,12,2.4,-1.28,14.68,18.0,16.56,7.76,10.2
110353,Emerging markets.,2,5,2.5,-6.69,14.69,20.8,12.9,17.25,19.53
110354,This means evolving functions to,5,8,1.6,66.4,5.24,10.0,10.76,7.45,10.2
110355,A budget can help you,5,6,1.2,100.24,0.52,2.0,-2.0,-2.92,7.04
110356,Building an emergency fund will,5,9,1.8,49.48,7.6,10.0,9.6,6.5,10.2
110357,Two of the most popular,5,7,1.4,83.32,2.88,10.0,0.32,-1.03,7.04
110358,Revisiting your finances at the,5,10,2.0,32.56,9.96,18.0,9.6,6.5,10.2
110359,A 409A Refresh is the,5,6,1.2,100.24,0.52,2.0,-2.0,-2.92,10.2
110360,A 409A valuation is an,5,8,1.6,66.4,5.24,10.0,-0.84,-1.97,10.2
110362,The consequences are real.,4,7,1.75,54.73,6.62,11.6,8.7,7.65,7.78
110364,Companies must update their 409A,5,8,1.6,66.4,5.24,10.0,10.76,7.45,13.36
110366,Carta integrates 409A valuations directly,5,13,2.6,-18.2,17.04,26.0,21.2,15.92,19.67
110368,Get started with Wise Business,5,7,1.4,83.32,2.88,2.0,8.44,5.56,7.04
110369,A new fundraising round is,5,7,1.4,83.32,2.88,10.0,3.8,1.79,7.04
110370,IPO Preparation: As a company,5,10,2.0,32.56,9.96,10.0,6.12,4.62,10.2
110371,The income approach values your,5,8,1.6,66.4,5.24,2.0,9.6,6.5,10.2
110372,Calm's core tradeoff: category-leading,4,7,1.75,54.73,6.62,11.6,23.2,21.78,19.62
110373,Strategic Partnerships: Calm has expanded,5,11,2.2,15.64,12.32,26.0,20.04,15.92,16.52
110374,Day-to-day skews to,3,3,1.0,119.19,-2.62,1.2,3.33,6.76,14.31
110375,steep increases in healthcare costs.,5,8,1.6,66.4,5.24,10.0,14.24,11.21,13.36
110376,For example,2,4,2.0,35.61,8.79,20.8,-1.6,3.12,11.63
110377,A quiet,2,3,1.5,77.91,2.89,0.8,-13.2,-6.3,0.1
110378,Key Features of Calm Technology,5,9,1.8,49.48,7.6,10.0,9.6,6.5,13.36
110379,It's about the feeling of,5,7,1.4,83.32,2.88,2.0,1.48,0.85,7.04
110380,Train employees to know the,5,7,1.4,83.32,2.88,10.0,4.96,2.74,7.04
110381,Managers must learn how to,5,7,1.4,83.32,2.88,10.0,3.8,1.79,7.04
110382,More than half of survey,5,6,1.2,100.24,0.52,2.0,1.48,-0.09,7.04
110383,Similarly,1,4,4.0,-132.58,32.0,40.4,6.8,21.46,19.48
110384,In 2026,2,2,1.0,120.21,-3.01,0.8,-13.2,-6.3,11.63
110385,“In 2026,2,2,1.0,120.21,-3.01,0.8,-13.2,-3.95,11.63
110387,How real-time orchestration works,4,9,2.25,12.43,12.52,21.6,18.85,15.9,15.68
110388,Consumers want relief from digital,5,10,2.0,32.56,9.96,18.0,13.08,9.33,13.36
110389,In 2026,2,2,1.0,120.21,-3.01,0.8,-13.2,-6.3,11.63
110390,Shoppers still prefer the omnichannel,5,10,2.0,32.56,9.96,10.0,16.56,12.16,13.36
110391,By leveraging their platforms and,5,8,1.6,66.4,5.24,10.0,11.92,8.39,10.2
110392,Creators,1,3,3.0,-47.98,20.2,40.4,1.0,16.75,19.48
110393,Yet control and transparency remain,5,10,2.0,32.56,9.96,10.0,14.24,10.27,10.2
110396,Benefits: For enterprise SaaS with,5,9,1.8,49.48,7.6,18.0,11.92,9.33,13.36
110397,What is an Employer of Record (EOR)?,7,10,1.429,78.87,4.0,8.51,2.34,2.26,8.5
110398,The EOR serves as the,5,5,1.0,117.16,-1.84,2.0,-2.0,-2.92,10.2
110399,Speed up time to hire,5,6,1.2,100.24,0.52,2.0,-2.0,-2.92,0.25
110400,The EOR allows businesses to,5,8,1.6,66.4,5.24,10.0,6.12,3.68,13.36
110401,They become the legal employer,5,9,1.8,49.48,7.6,10.0,8.44,5.56,10.2
110402,Paylocity is not an EOR,5,7,1.4,83.32,2.88,10.0,0.32,-1.03,10.2
110403,independent contractors,2,7,3.5,-91.29,26.49,40.8,33.2,31.38,19.53
110404,In contrast,2,3,1.5,77.91,2.89,0.8,-1.6,3.12,11.63
110405,In a PEO arrangement,4,6,1.5,75.88,3.67,11.6,1.45,0.59,11.73
110406,This means you and the,5,5,1.0,117.16,-1.84,2.0,-0.84,-1.97,0.25
110408,The transition from Series A,5,8,1.6,66.4,5.24,10.0,6.12,3.68,10.2
110409,Additionally,1,5,5.0,-217.18,43.8,40.4,24.2,35.59,19.48
110410,Purpose: Founders typically use Series,5,10,2.0,32.56,9.96,10.0,16.56,13.1,16.52
110411,To avoid this,3,4,1.333,90.99,1.31,1.2,-4.4,-2.66,9.05
110413,BANT focuses on four critical,5,9,1.8,49.48,7.6,18.0,7.28,4.62,13.36
110414,Step 1: Choose the BANT,5,5,1.0,117.16,-1.84,2.0,-0.84,-1.03,10.2
110415,This review provides a comprehensive,5,10,2.0,32.56,9.96,10.0,15.4,11.21,10.2
110416,The 10% LATP PCSE membrane,5,7,1.4,83.32,2.88,2.0,2.64,1.79,16.52
110417,As a result,3,4,1.333,90.99,1.31,1.2,-8.27,-5.8,9.05
110418,From the application standpoint,4,8,2.0,33.58,9.57,11.6,17.4,13.54,11.73
110419,Given the local mobility enhancement,5,12,2.4,-1.28,14.68,18.0,15.4,11.21,13.36
110421,In addition,2,4,2.0,35.61,8.79,20.8,-1.6,3.12,11.63
110422,To overcome these limitations,4,9,2.25,12.43,12.52,21.6,14.5,11.18,11.73
110423,Rouse-mode analysis,2,6,3.0,-48.99,20.59,20.8,18.7,21.96,19.53
110424,The volume-over-precision model,3,6,2.0,34.59,9.18,14.53,26.53,25.6,14.31
110426,Many outbound sales teams now,5,7,1.4,83.32,2.88,2.0,7.28,4.62,13.36
110427,By analyzing buyer behavior,4,10,2.5,-8.72,15.47,21.6,11.6,8.83,15.68
110429,Your monthly churn rate would,5,6,1.2,100.24,0.52,2.0,7.28,4.62,7.04
110430,Ideal Ratio: An LTV:CAC,4,7,1.75,54.73,6.62,11.6,2.9,4.12,11.73
110432,The risks of not having a founders' agreement in place,10,14,1.4,78.25,4.83,8.0,6.76,4.77,8.87
110433,You figure out the hard,5,6,1.2,100.24,0.52,2.0,0.32,-1.03,0.25
110434,Founders often create valuable intellectual,5,14,2.8,-35.12,19.4,10.0,23.52,17.81,13.36
110435,Early-stage businesses often operate,4,10,2.5,-8.72,15.47,21.6,23.2,19.43,15.68
110436,In the context of a funding round,7,9,1.286,90.96,2.31,2.8,2.34,0.24,8.5
110437,WACC for a small private,5,6,1.2,100.24,0.52,2.0,1.48,-0.09,10.2
110438,Terminal value estimates what the,5,10,2.0,32.56,9.96,18.0,11.92,8.39,10.2
110439,The PV of discrete cash,5,6,1.2,100.24,0.52,2.0,0.32,-1.03,10.2
110440,Terminal Value = FCFₙ × (1,4,7,1.75,54.73,6.62,11.6,2.9,-2.95,15.68
110441,The two most common methods,5,7,1.4,83.32,2.88,2.0,4.96,2.74,10.2
110442,Legal Obligation: The UK's transfer,5,10,2.0,32.56,9.96,10.0,11.92,10.27,16.52
110443,The “arm's-length standard”,3,4,1.333,90.99,1.31,1.2,14.93,19.32,14.31
110444,Transfer Pricing Models: Utilize advanced,5,11,2.2,15.64,12.32,10.0,20.04,15.92,19.67
110445,Transactions with Low-Tax Jurisdictions,4,9,2.25,12.43,12.52,21.6,27.55,22.96,15.68
110446,By setting prices that align,5,8,1.6,66.4,5.24,2.0,6.12,3.68,10.2
110447,Advance Pricing Agreements offer a,5,10,2.0,32.56,9.96,10.0,13.08,9.33,13.36
110448,This often includes a Master,5,8,1.6,66.4,5.24,2.0,6.12,3.68,7.04
110450,Benchmarking data from companies in,5,10,2.0,32.56,9.96,18.0,14.24,10.27,13.36
110451,Risk Management: Effective transfer pricing,5,11,2.2,15.64,12.32,18.0,22.36,17.81,19.67
110452,9 Strategies That Actually Work,5,10,2.0,32.56,9.96,18.0,9.6,6.5,13.36
110454,Flag accounts when they cross,5,6,1.2,100.24,0.52,2.0,7.28,4.62,7.04
110455,These numbers can help form,5,6,1.2,100.24,0.52,2.0,4.96,2.74,7.04
110456,A trustee,2,3,1.5,77.91,2.89,0.8,-7.4,-1.59,11.63
110457,Then,1,1,1.0,121.22,-3.4,0.4,-22.2,-2.09,0.05
110458,The Oversimplification Problem,3,10,3.333,-78.21,24.91,14.53,28.47,24.03,14.31
110459,The Oversimplification Problem,3,10,3.333,-78.21,24.91,14.53,28.47,24.03,14.31
110461,Convertible note became preferred fundraising,5,12,2.4,-1.28,14.68,18.0,25.84,19.69,13.36
110462,Typical Convertible Note Terms,4,9,2.25,12.43,12.52,21.6,15.95,12.36,15.68
110463,Conversion Discount: When the convertible,5,11,2.2,15.64,12.32,18.0,20.04,15.92,13.36
110464,At this point,3,3,1.0,119.19,-2.62,1.2,-4.4,-2.66,0.15
110465,Valuation Cap: In addition to,5,10,2.0,32.56,9.96,18.0,6.12,4.62,10.2
110466,Developed by business experts Matthew,5,10,2.0,32.56,9.96,10.0,16.56,12.16,13.36
110467,A Challenger rep earns attention,5,9,1.8,49.48,7.6,10.0,10.76,7.45,13.36
110468,Offering equity to attract high,5,10,2.0,32.56,9.96,18.0,9.6,6.5,13.36
110469,This is one of the,5,5,1.0,117.16,-1.84,2.0,-5.48,-5.74,0.25
110470,Reward contributors: By offering shares,5,11,2.2,15.64,12.32,18.0,17.72,14.04,13.36
110471,To encourage long-term advisor,4,9,2.25,12.43,12.52,21.6,14.5,12.36,15.68
110472,It is used to incentivize,5,7,1.4,83.32,2.88,10.0,2.64,0.85,7.04
110473,The question of startup advisor,5,9,1.8,49.48,7.6,10.0,9.6,6.5,10.2
110474,This price is set on,5,5,1.0,117.16,-1.84,2.0,-3.16,-3.86,0.25
110475,The fair market value is,5,7,1.4,83.32,2.88,2.0,1.48,-0.09,0.25
110476,This vesting schedule means that,5,7,1.4,83.32,2.88,2.0,10.76,7.45,10.2
110477,By circumventing the traditional IPO,5,11,2.2,15.64,12.32,18.0,15.4,11.21,13.36
110478,Abstract,1,2,2.0,36.62,8.4,0.4,1.0,16.75,19.48
110479,Based on an unsupervised machine learning algorithm,7,15,2.143,18.44,12.43,14.23,17.26,12.35,13.01
110480,Additionally,1,5,5.0,-217.18,43.8,40.4,24.2,35.59,19.48
110481,Recent advancements include real estate,5,10,2.0,32.56,9.96,10.0,18.88,14.04,16.52
110483,Using market-adjusted returns across,4,12,3.0,-51.02,21.37,11.6,23.2,19.43,15.68
110484,Churn rate benchmarks vary dramatically,5,10,2.0,32.56,9.96,10.0,18.88,14.04,13.36
110485,Involuntary Churn is peaking: About,5,11,2.2,15.64,12.32,10.0,13.08,10.27,10.2
110487,Flexibility and Control,3,8,2.667,-21.81,17.05,14.53,14.93,13.04,14.31
110488,If the user doesn't,4,6,1.5,75.88,3.67,1.6,-1.45,-0.59,7.78
110489,"What Is a ""Good"" Churn Rate?",6,6,1.0,116.15,-1.45,2.4,-1.4,-0.38,0.3
110490,The boundaries between humans and,5,9,1.8,49.48,7.6,10.0,11.92,8.39,10.2
110491,honestly the jobs disappearing fastest,5,11,2.2,15.64,12.32,18.0,17.72,13.1,16.52
110492,think SEO analysts,3,6,2.0,34.59,9.18,14.53,5.27,5.19,14.31
110493,Imagine a world where machines,5,8,1.6,66.4,5.24,10.0,8.44,5.56,10.2
110494,AI accelerates career growth: AI,5,9,1.8,49.48,7.6,10.0,9.6,7.45,19.67
110495,AI boosts individual engagement: We,5,11,2.2,15.64,12.32,18.0,13.08,10.27,16.52
110496,Financial services: Advisors and analysts,5,13,2.6,-18.2,17.04,34.0,20.04,15.92,16.52
110497,This is where vendor performance,5,8,1.6,66.4,5.24,10.0,10.76,7.45,10.2
110498,In cases of underperformance,4,9,2.25,12.43,12.52,11.6,13.05,10.01,11.73
110500,This is the most aspirational,5,9,1.8,49.48,7.6,10.0,7.28,4.62,7.04
110502,By tracking vendor risk management,5,9,1.8,49.48,7.6,10.0,13.08,9.33,16.52
110503,Product-led growth uses your,4,6,1.5,75.88,3.67,1.6,11.6,10.01,15.68
110504,While a strong value proposition,5,9,1.8,49.48,7.6,10.0,10.76,7.45,7.04
110507,Imagine your product was so,5,8,1.6,66.4,5.24,10.0,4.96,2.74,10.2
110508,Identify key metrics like net,5,9,1.8,49.48,7.6,10.0,7.28,4.62,10.2
110509,The organizations that succeed will,5,10,2.0,32.56,9.96,10.0,14.24,10.27,10.2
110510,The valuation method chosen will,5,10,2.0,32.56,9.96,10.0,10.76,7.45,10.2
110511,Evaluating your 409A valuation: Red,5,12,2.4,-1.28,14.68,18.0,13.08,10.27,13.36
110512,The 409A safe harbor has,5,6,1.2,100.24,0.52,2.0,1.48,-0.09,7.04
110513,Most companies treat a 409A,5,7,1.4,83.32,2.88,10.0,4.96,2.74,10.2
110514,Valuations must also be refreshed,5,10,2.0,32.56,9.96,10.0,11.92,8.39,10.2
110515,A practical rule founders use,5,8,1.6,66.4,5.24,10.0,7.28,4.62,10.2
110516,You close a new financing,5,7,1.4,83.32,2.88,10.0,2.64,0.85,7.04
110517,Material events that can trigger,5,10,2.0,32.56,9.96,10.0,10.76,7.45,13.36
110518,A good provider should explain,5,8,1.6,66.4,5.24,10.0,8.44,5.56,7.04
110519,Factor,1,2,2.0,36.62,8.4,0.4,-10.6,7.33,19.48
110520,The consequences of non-compliance,4,10,2.5,-8.72,15.47,21.6,20.3,17.07,11.73
110522,Non-compliance triggers immediate taxation,4,13,3.25,-72.17,24.32,31.6,31.9,26.49,19.62
110523,The Global Value Chains Outlook 2026,6,9,1.5,73.85,4.45,2.4,9.23,5.91,14.46
110524,Supply chains have become instruments,5,9,1.8,49.48,7.6,10.0,16.56,12.16,13.36
110525,Economic policies are created to,5,12,2.4,-1.28,14.68,26.0,10.76,7.45,13.36
110526,Whereas companies previously created long,5,13,2.6,-18.2,17.04,26.0,21.2,15.92,16.52
110527,Total Value as a strategic,5,9,1.8,49.48,7.6,10.0,3.8,1.79,10.2
110528,The traditional metrics that once,5,9,1.8,49.48,7.6,10.0,11.92,8.39,10.2
110529,Among the challenges is the,5,8,1.6,66.4,5.24,10.0,4.96,2.74,7.04
110531,In 2026,2,2,1.0,120.21,-3.01,0.8,-13.2,-6.3,11.63
110533,Multi-tier transparency is becoming,4,13,3.25,-72.17,24.32,21.6,21.75,18.25,11.73
110534,Circularity,1,4,4.0,-132.58,32.0,40.4,18.4,30.88,19.48
110535,Large technology companies securing priority,5,15,3.0,-52.04,21.76,34.0,24.68,18.75,16.52
110536,Strike price setting,3,4,1.333,90.99,1.31,1.2,9.13,8.33,9.05
110537,Valuation professionals apply allocation methods,5,16,3.2,-68.96,24.12,26.0,29.32,22.52,19.67
110538,Because preferred shares carry special,5,9,1.8,49.48,7.6,2.0,17.72,13.1,13.36
110539,common,1,2,2.0,36.62,8.4,0.4,-10.6,7.33,19.48
110540,A significant new source of,5,8,1.6,66.4,5.24,10.0,4.96,2.74,10.2
110541,However,1,3,3.0,-47.98,20.2,0.4,-4.8,12.04,0.05
110542,Understand regulatory and reporting requirements,5,15,3.0,-52.04,21.76,26.0,29.32,22.52,13.36
110543,A vast majority of so,5,8,1.6,66.4,5.24,10.0,-2.0,-2.92,10.2
110545,A critical aspect of establishing,5,11,2.2,15.64,12.32,18.0,11.92,8.39,13.36
110546,Preliminary valuations do not have,5,12,2.4,-1.28,14.68,18.0,13.08,9.33,10.2
110547,The consultant,2,4,2.0,35.61,8.79,20.8,7.1,10.18,11.63
110549,Working together you should be,5,8,1.6,66.4,5.24,2.0,8.44,5.56,7.04
110550,Shares in the trust are,5,5,1.0,117.16,-1.84,2.0,0.32,-1.03,7.04
110551,As employees accumulate seniority with,5,13,2.6,-18.2,17.04,26.0,17.72,13.1,13.36
110552,ESOP Rules,2,2,1.0,120.21,-3.01,0.8,-4.5,0.77,19.53
110553,In either case,3,4,1.333,90.99,1.31,1.2,-2.47,-1.09,0.15
110554,When you start an ESOP,5,5,1.0,117.16,-1.84,2.0,-0.84,-1.97,7.04
110555,Vesting and Monitoring: Throughout the,5,10,2.0,32.56,9.96,10.0,16.56,13.1,13.36
110556,ESOPs can be used in,5,6,1.2,100.24,0.52,2.0,-3.16,-3.86,7.04
110557,The framework spread across the,5,7,1.4,83.32,2.88,2.0,9.6,6.5,7.04
110558,Turn qualification into a visual,5,12,2.4,-1.28,14.68,18.0,10.76,7.45,10.2
110559,TL;DR: BANT (Budget,3,4,1.333,90.99,1.31,1.2,1.4,6.76,19.58
110560,Today's buyers have moved from,5,7,1.4,83.32,2.88,2.0,7.28,5.56,13.36
110561,Platforms like Salesmotion monitor over,5,11,2.2,15.64,12.32,18.0,18.88,14.04,13.36
110562,Unlike more complex frameworks like,5,8,1.6,66.4,5.24,2.0,14.24,10.27,13.36
110563,The Verdict: Is BANT Qualified,5,8,1.6,66.4,5.24,10.0,7.28,5.56,13.36
110564,Through this Research Journey,4,6,1.5,75.88,3.67,1.6,14.5,11.18,7.78
110566,Pecan uses automated machine learning,5,12,2.4,-1.28,14.68,10.0,16.56,12.16,16.52
110567,Unlike traditional tools that rely,5,10,2.0,32.56,9.96,10.0,13.08,9.33,16.52
110568,To calculate a customer engagement,5,11,2.2,15.64,12.32,18.0,13.08,9.33,10.2
110569,Customer Churn Rate measures actual,5,10,2.0,32.56,9.96,10.0,14.24,10.27,10.2
110570,You might notice usage declining,5,9,1.8,49.48,7.6,10.0,10.76,7.45,10.2
110571,The formula for NPS looks,5,7,1.4,83.32,2.88,10.0,2.64,0.85,13.36
110574,By evaluating thoughtful projections,4,11,2.75,-29.87,18.42,21.6,24.65,19.43,15.68
110575,Before shares are put into,5,7,1.4,83.32,2.88,2.0,3.8,1.79,7.04
110576,You can increase the vesting,5,7,1.4,83.32,2.88,2.0,6.12,3.68,10.2
110577,The company must formally adopt,5,10,2.0,32.56,9.96,10.0,9.6,6.5,10.2
110579,And the companies that understand,5,9,1.8,49.48,7.6,10.0,11.92,8.39,7.04
110580,They're among the first,4,5,1.25,97.03,0.72,1.6,4.35,4.12,0.2
110581,By 2026,2,2,1.0,120.21,-3.01,0.8,-13.2,-6.3,11.63
110584,#4 n8n — Best for technical,5,7,1.4,83.32,2.88,10.0,1.48,-1.66,13.36
110585,Days 61–90: Execute key,4,6,1.5,75.88,3.67,11.6,2.9,4.12,15.68
110586,If a seller isn't,4,6,1.5,75.88,3.67,1.6,-4.35,-2.95,7.78
110587,Six weeks later,3,4,1.333,90.99,1.31,1.2,-0.53,0.48,14.31
110588,Training is only effective when,5,9,1.8,49.48,7.6,10.0,9.6,6.5,10.2
110591,Recognize the diverse needs of partners by,7,11,1.571,66.79,5.68,8.51,9.8,6.29,13.01
110593,Training and certification programs that build product,7,14,2.0,30.53,10.74,8.51,19.74,14.37,13.01
110594,AI personalizes training based on partner skill,7,13,1.857,42.62,9.05,8.51,13.94,9.66,15.26
110596,Reduce friction by engaging partners through the,7,12,1.714,54.7,7.37,8.51,14.77,10.33,13.01
110598,Pick a concise set of key performance,7,10,1.429,78.87,4.0,8.51,5.66,2.93,8.5
110599,Liquidation Value / Book Value,4,9,2.25,12.43,12.52,11.6,13.05,5.06,7.78
110600,Discounted Cash Flows,3,5,1.667,62.79,5.25,14.53,11.07,9.9,14.31
110601,It involves projecting the future,5,9,1.8,49.48,7.6,10.0,11.92,8.39,13.36
110602,DCF = CF1 / (1,3,3,1.0,119.19,-2.62,1.2,-12.13,-10.51,19.58
110603,Comparable Company Analysis,3,11,3.667,-106.41,28.85,27.87,22.67,19.32,14.31
110605,Calculate Valuation Multiples: Determine relevant,5,16,3.2,-68.96,24.12,42.0,29.32,23.46,19.67
110606,The Earnings Multiplier method,4,9,2.25,12.43,12.52,11.6,15.95,12.36,15.68
110607,Precedent Transactions Analysis involves looking,5,14,2.8,-35.12,19.4,26.0,29.32,22.52,19.67
110608,Market capitalization is the simplest,5,12,2.4,-1.28,14.68,10.0,16.56,12.16,10.2
110609,Market Cap is a simple,5,7,1.4,83.32,2.88,2.0,-0.84,-1.97,0.25
110610,Asset-Based Valuation is a,4,9,2.25,12.43,12.52,21.6,8.7,7.65,11.73
110611,The formula is simple—net,4,9,2.25,12.43,12.52,21.6,7.25,6.48,11.73
110612,Rather than valuing a company,5,10,2.0,32.56,9.96,10.0,7.28,4.62,7.04
110613,Finally,1,3,3.0,-47.98,20.2,0.4,-4.8,12.04,0.05
110614,Develop an AI-enhanced operating,4,10,2.5,-8.72,15.47,21.6,17.4,14.72,15.68
110615,Creating an environment where security,5,13,2.6,-18.2,17.04,26.0,17.72,13.1,13.36
110616,Redesign performance evaluations and recognition,5,16,3.2,-68.96,24.12,34.0,29.32,22.52,16.52
110617,He dedicated 20% of payroll,5,9,1.8,49.48,7.6,10.0,3.8,2.74,13.36
110619,By understanding the nuances of,5,10,2.0,32.56,9.96,18.0,9.6,6.5,10.2
110621,The role of the advisor,5,7,1.4,83.32,2.88,10.0,0.32,-1.03,10.2
110622,Roth catch-up contributions for,4,8,2.0,33.58,9.57,11.6,15.95,13.54,15.68
110623,Beginning January 1,3,8,2.667,-21.81,17.05,1.2,7.2,6.76,9.05
110624,Fueling this hyper-personalization is,4,12,3.0,-51.02,21.37,11.6,24.65,20.6,11.73
110625,More predictable bond markets allow,5,10,2.0,32.56,9.96,10.0,14.24,10.27,13.36
110626,Considering part-time or “phased,4,8,2.0,33.58,9.57,11.6,15.95,14.72,15.68
110627,In a tech startup,4,5,1.25,97.03,0.72,1.6,-2.9,-2.95,11.73
110628,Contribution Factors for Equity Split,5,11,2.2,15.64,12.32,18.0,16.56,12.16,16.52
110629,When both founders are committing,5,8,1.6,66.4,5.24,10.0,11.92,8.39,10.2
110631,By Series B,3,4,1.333,90.99,1.31,1.2,-8.27,-5.8,14.31
110632,A successful transition into the,5,10,2.0,32.56,9.96,18.0,10.76,7.45,10.2
110633,Scale-wise,1,1,1.0,121.22,-3.4,0.4,6.8,26.17,19.48
110634,The U.S. has a huge,5,5,1.0,117.16,-1.84,2.0,-6.64,-4.8,0.25
110635,A predictable and repeatable go,5,11,2.2,15.64,12.32,18.0,9.6,6.5,10.2
110637,A committed leadership team,4,8,2.0,33.58,9.57,21.6,11.6,8.83,11.73
110639,Too general: Writing 'Explain the,5,9,1.8,49.48,7.6,2.0,9.6,8.39,0.25
110640,#5 Retrieval-Augmented Generation,3,10,3.333,-78.21,24.91,27.87,30.4,28.74,19.58
110641,This forces the model to,5,7,1.4,83.32,2.88,2.0,1.48,-0.09,10.2
110643,Privacy,1,3,3.0,-47.98,20.2,40.4,-4.8,12.04,19.48
110644,Some models,2,3,1.5,77.91,2.89,0.8,-1.6,3.12,11.63
110645,A multi-model AI platform provides enterprises with unified access,9,19,2.111,19.1,12.83,16.93,17.64,13.42,14.61
110646,January 20,2,5,2.5,-6.69,14.69,0.8,-4.5,0.77,11.63
110647,For example,2,4,2.0,35.61,8.79,20.8,-1.6,3.12,11.63
110648,A three-minute narrative short,4,8,2.0,33.58,9.57,21.6,14.5,12.36,11.73
110649,Platform,1,2,2.0,36.62,8.4,0.4,1.0,16.75,0.05
110651,The best AI video generators at a glance,8,13,1.625,61.24,6.71,13.2,4.43,2.0,9.95
110652,Topaz Video AI is the,5,8,1.6,66.4,5.24,10.0,-2.0,-2.92,13.36
110656,Production Considerations,2,8,4.0,-133.59,32.39,40.8,39.0,36.09,19.53
110657,Document Store / Knowledge Base,4,7,1.75,54.73,6.62,11.6,14.5,6.0,11.73
110658,Ragas is the most widely,5,7,1.4,83.32,2.88,2.0,1.48,-0.09,10.2
110660,Besides training-efficiency,2,5,2.5,-6.69,14.69,20.8,41.9,40.8,11.63
110661,PEFT: The Only Fine-Tuning,4,7,1.75,54.73,6.62,11.6,7.25,7.65,11.73
110662,By adjusting only a small,5,8,1.6,66.4,5.24,10.0,2.64,0.85,7.04
110663,LoRA (Low-Rank Adaptation),3,7,2.333,6.39,13.11,14.53,14.93,17.75,19.58
110664,Each task gets its own,5,5,1.0,117.16,-1.84,2.0,-0.84,-1.97,7.04
110666,It's free lunch for well,5,5,1.0,117.16,-1.84,2.0,0.32,-0.09,0.25
110667,Unlike sparse or linear attention,5,10,2.0,32.56,9.96,10.0,11.92,8.39,13.36
110668,Flash Attention is an exact,5,8,1.6,66.4,5.24,2.0,4.96,2.74,0.25
110669,Flash Attention avoids this by,5,8,1.6,66.4,5.24,2.0,8.44,5.56,7.04
110670,Fast — excerpt from the paper,5,7,1.4,83.32,2.88,2.0,4.96,-0.09,7.04
110671,Memory-efficient — compared to vanilla,4,9,2.25,12.43,12.52,21.6,23.2,12.6,15.68
110672,This capability is a major,5,10,2.0,32.56,9.96,10.0,3.8,1.79,7.04
110673,There is no impact.,4,5,1.25,97.03,0.72,1.6,-1.45,-0.59,7.78
110675,Warp-Level Primitives: Flash Attention,4,9,2.25,12.43,12.52,11.6,24.65,21.78,11.73
110678,When operating in BF16 or,5,8,1.6,66.4,5.24,10.0,2.64,0.85,10.2
110679,This paper provides the first,5,7,1.4,83.32,2.88,2.0,7.28,4.62,7.04
110680,By storing the output O,5,7,1.4,83.32,2.88,2.0,0.32,-1.03,13.36
110681,Flash attention does not pre,5,7,1.4,83.32,2.88,2.0,6.12,3.68,7.04
110683,Context,1,2,2.0,36.62,8.4,0.4,-4.8,12.04,19.48
110686,OpenAI's charter defines AGI as,5,7,1.4,83.32,2.88,2.0,8.44,6.5,16.52
110687,At the very center of,5,7,1.4,83.32,2.88,2.0,-2.0,-2.92,0.25
110688,What Is Google DeepMind's Cognitive,5,8,1.6,66.4,5.24,10.0,13.08,10.27,13.36
110689,Each dimension maps to a,5,7,1.4,83.32,2.88,10.0,1.48,-0.09,10.2
110690,A framework for classifying AGI,5,9,1.8,49.48,7.6,10.0,9.6,6.5,13.36
110691,What is artificial general intelligence,5,13,2.6,-18.2,17.04,18.0,18.88,14.04,10.2
110692,Unlike artificial narrow intelligence (ANI,5,13,2.6,-18.2,17.04,18.0,21.2,16.87,16.52
110693,"""Artificial General Intelligence"" (AGI",4,12,3.0,-51.02,21.37,21.6,23.2,21.78,15.68
110695,ARC-AGI-3 Preview (,2,5,2.5,-6.69,14.69,20.8,10.0,6.26,19.53
110696,The ARC AGI benchmark measures,5,7,1.4,83.32,2.88,2.0,8.44,5.56,16.52
110697,A New Challenge for Frontier,5,7,1.4,83.32,2.88,2.0,6.12,3.68,10.2
110698,Compete to open source solutions,5,9,1.8,49.48,7.6,10.0,10.76,7.45,13.36
110699,The explicit point is to,5,7,1.4,83.32,2.88,10.0,1.48,-0.09,7.04
110700,[François Chollet] ARC-4,3,5,1.667,62.79,5.25,1.2,11.07,14.61,19.58
110701,When he is no longer,5,6,1.2,100.24,0.52,2.0,-3.16,-3.86,7.04
110702,“In 2025,2,2,1.0,120.21,-3.01,0.8,-13.2,-3.95,11.63
110703,That covers techniques like test,5,7,1.4,83.32,2.88,2.0,10.76,7.45,10.2
110704,ARC Prize 2026 - $2,4,4,1.0,118.18,-2.23,1.6,-4.35,-5.3,15.68
110706,Bi-encoders encode two text,4,7,1.75,54.73,6.62,11.6,10.15,8.83,15.68
110707,Training: Similar to bi-encoders,4,9,2.25,12.43,12.52,21.6,15.95,14.72,15.68
110709,The major advantages are high,5,9,1.8,49.48,7.6,10.0,7.28,4.62,7.04
110710,But: no query-doc interaction,4,8,2.0,33.58,9.57,11.6,11.6,11.18,11.73
110712,Bi-encoder (Retriever) →,2,6,3.0,-48.99,20.59,40.8,21.6,14.11,19.53
110713,Post-retrieval optimizations focus on,4,11,2.75,-29.87,18.42,21.6,24.65,20.6,15.68
110715,The most recent evolution is,5,9,1.8,49.48,7.6,10.0,6.12,3.68,10.2
110717,Use Outpainting to Expand the,5,8,1.6,66.4,5.24,10.0,7.28,4.62,10.2
110718,Outpainting: Expanding an image's canvas,5,11,2.2,15.64,12.32,18.0,17.72,14.98,16.52
110719,Iterate with confidence: You might,5,9,1.8,49.48,7.6,18.0,11.92,9.33,10.2
110721,Hybrid search usually does better,5,10,2.0,32.56,9.96,10.0,11.92,8.39,10.2
110724,If you have a large,5,5,1.0,117.16,-1.84,2.0,-4.32,-4.8,0.25
110725,Weaviate uses different types of,5,10,2.0,32.56,9.96,10.0,10.76,7.45,13.36
110727,Flat index RQ quantization support,5,10,2.0,32.56,9.96,10.0,13.08,9.33,16.52
110728,My schema rules are practical,5,7,1.4,83.32,2.88,10.0,7.28,4.62,13.36
110729,Getting Started with Pika 1.0,5,7,1.4,83.32,2.88,2.0,6.12,4.62,13.36
110730,Generating Videos from Reference Images,5,14,2.8,-35.12,19.4,34.0,18.88,14.04,16.52
110734,You can edit the text,5,6,1.2,100.24,0.52,2.0,-2.0,-2.92,10.2
110735,Resize and move the tool,5,6,1.2,100.24,0.52,2.0,1.48,-0.09,7.04
110737,A bi-encoder can't,3,5,1.667,62.79,5.25,14.53,1.4,5.19,9.05
110741,What the Gemini…,3,5,1.667,62.79,5.25,14.53,-0.53,2.05,9.05
110742,It was built from the,5,5,1.0,117.16,-1.84,2.0,-2.0,-2.92,0.25
110743,An agentic model that autonomously,5,12,2.4,-1.28,14.68,18.0,13.08,9.33,13.36
110744,Gemini AI model versions,4,8,2.0,33.58,9.57,11.6,7.25,5.3,19.62
110745,Until now,2,3,1.5,77.91,2.89,0.8,-7.4,-1.59,0.1
110746,In addition to a transformer,5,9,1.8,49.48,7.6,18.0,6.12,3.68,10.2
110747,On TPUs,2,2,1.0,120.21,-3.01,0.8,-13.2,-6.3,11.63
110748,Features a 1 million token,5,8,1.6,66.4,5.24,2.0,3.8,1.79,13.36
110749,Understanding text,2,5,2.5,-6.69,14.69,20.8,18.7,19.6,19.53
110750,preview Gemini 3.1 Flash Image,5,9,1.8,52.02,6.63,9.0,1.36,4.31,16.39
110751,We've conducted novel research,4,8,2.0,33.58,9.57,11.6,14.5,12.36,15.68
110752,For a personal art project,5,8,1.6,66.4,5.24,10.0,3.8,1.79,10.2
110753,This lack of control is,5,6,1.2,100.24,0.52,2.0,0.32,-1.03,10.2
110754,Where It Falls Short: Short,5,5,1.0,117.16,-1.84,2.0,3.8,2.74,7.04
110755,The bad: Where Pika AI doesn't make the cut,9,10,1.111,103.7,1.03,3.6,2.18,1.39,7.59
110756,Is there any Free image,5,7,1.4,83.32,2.88,2.0,0.32,-1.03,7.04
110757,Pika Labs does not price,5,5,1.0,117.16,-1.84,2.0,1.48,-0.09,10.2
110758,Basic Plan,2,3,1.5,77.91,2.89,0.8,-4.5,0.77,11.63
110759,Pika Labs charges by credits,5,7,1.4,83.32,2.88,2.0,6.12,3.68,16.52
110760,Users consistently report two huge,5,10,2.0,32.56,9.96,10.0,13.08,9.33,10.2
110763,What are the best MCP,5,5,1.0,117.16,-1.84,2.0,-2.0,-2.92,7.04
110768,Web Search & Browsing,3,4,1.333,90.99,1.31,1.2,7.2,1.27,9.05
110771,that's real,2,2,1.0,120.21,-3.01,0.8,-4.5,3.12,0.1
110772,Charging sooner than you're,4,6,1.5,75.88,3.67,1.6,10.15,8.83,11.73
110773,The first quarter of 2026,5,6,1.2,100.24,0.52,2.0,2.64,0.85,7.04
110775,Filed for IPO in April,5,6,1.2,100.24,0.52,2.0,-0.84,-1.97,10.2
110776,This sparsity is achieved through,5,6,1.2,100.24,0.52,2.0,11.92,8.39,10.2
110777,A gate network or router,5,7,1.4,83.32,2.88,2.0,1.48,-0.09,10.2
110778,Specialization and Adaptability: Each expert,5,15,3.0,-52.04,21.76,18.0,23.52,18.75,13.36
110779,If that's the case,4,4,1.0,118.18,-2.23,1.6,-2.9,-1.77,0.2
110781,Facial Template: Another template is,5,10,2.0,32.56,9.96,2.0,14.24,11.21,13.36
110782,As many have pointed out,5,7,1.4,83.32,2.88,2.0,1.48,-0.09,7.04
110784,There are certain things it,5,6,1.2,100.24,0.52,2.0,4.96,2.74,7.04
110785,I should also mention that,5,7,1.4,83.32,2.88,2.0,3.8,1.79,7.04
110786,OpenAI has protocols to stop,5,7,1.4,83.32,2.88,10.0,6.12,3.68,10.2
110787,DALL·E 3 is designed,4,5,1.25,97.03,0.72,1.6,0.0,0.59,15.68
110788,The image generator on ChatGPT,5,11,2.2,15.64,12.32,18.0,8.44,5.56,13.36
110789,The literature reveals several consistent,5,12,2.4,-1.28,14.68,18.0,21.2,15.92,13.36
110790,For instance,2,3,1.5,77.91,2.89,0.8,1.3,5.48,11.63
110791,The release of Claude Opus,5,7,1.4,83.32,2.88,2.0,3.8,1.79,13.36
110794,InternVL3 is an advanced series,5,9,1.8,49.48,7.6,10.0,9.6,6.5,13.36
110795,256K tokens natively,3,5,1.667,62.79,5.25,1.2,9.13,8.33,19.58
110798,The hottest AI startups of,5,7,1.4,83.32,2.88,2.0,3.8,1.79,13.36
110799,The best AI startup ideas 2026 are vertical-specific — one,9,16,1.778,47.3,8.9,12.49,11.2,6.15,12.86
110800,AI startups trade at a 3.2x valuation premium over,9,16,1.778,51.87,7.14,10.69,4.04,2.8,12.63
110801,xAI,1,1,1.0,121.22,-3.4,0.4,-28.0,-6.8,19.48
110802,His new company AMI Labs,5,8,1.6,66.4,5.24,2.0,1.48,-0.09,10.2
110803,Data is king - I can,5,6,1.2,100.24,0.52,2.0,-5.48,-7.15,7.04
110804,Iterative Process: Fine-tuning is,4,10,2.5,-8.72,15.47,21.6,17.4,15.9,15.68
110805,Understand Your Objectives: Before gathering,5,12,2.4,-1.28,14.68,18.0,23.52,18.75,10.2
110806,Proper data curation and evaluation,5,13,2.6,-18.2,17.04,18.0,14.24,10.27,13.36
110807,For example,2,4,2.0,35.61,8.79,20.8,-1.6,3.12,11.63
110809,It's hard to tell if,5,5,1.0,117.16,-1.84,2.0,-4.32,-3.86,0.25
110810,This latest iteration improves upon,5,11,2.2,15.64,12.32,10.0,14.24,10.27,13.36
110812,MidJourney has weaker adherence,4,9,2.25,12.43,12.52,21.6,17.4,13.54,15.68
110815,Section 1.,2,3,1.5,77.91,2.89,0.8,-7.4,0.77,19.53
110818,The Executive Order empowers the,5,11,2.2,15.64,12.32,18.0,10.76,7.45,10.2
110823,Released in March 2025,4,5,1.25,97.03,0.72,1.6,4.35,2.94,11.73
110824,6LlamaIndex is the strongest,4,8,2.0,33.58,9.57,11.6,13.05,10.01,11.73
110825,The 8 AI Agent Frameworks,5,7,1.4,83.32,2.88,2.0,2.64,0.85,16.52
110827,LangGraph treats agent behavior as,5,9,1.8,49.48,7.6,10.0,13.08,9.33,16.52
110828,CrewAI,1,2,2.0,36.62,8.4,0.4,-10.6,7.33,19.48
110829,Tasks are assigned to agents,5,7,1.4,83.32,2.88,2.0,6.12,3.68,13.36
110830,Now every major AI lab,5,8,1.6,66.4,5.24,2.0,-0.84,-1.97,10.2
110831,2CrewAI is the fastest,4,6,1.5,75.88,3.67,1.6,4.35,2.94,11.73
110834,OpenAI launched its Agents SDK,5,6,1.2,100.24,0.52,2.0,8.44,5.56,16.52
110835,modern Transformers achieve better training,5,11,2.2,15.64,12.32,10.0,23.52,17.81,16.52
110836,Training Stability: As models grow,5,10,2.0,32.56,9.96,10.0,11.92,9.33,13.36
110838,RMSNorm: Some variants replace LayerNorm,5,11,2.2,15.64,12.32,18.0,18.88,14.98,16.52
110839,In a vanilla Transformer using,5,10,2.0,32.56,9.96,18.0,8.44,5.56,13.36
110840,This rough calculation shows why,5,8,1.6,66.4,5.24,10.0,10.76,7.45,10.2
110841,Supported backends (as of now,5,8,1.6,66.4,5.24,10.0,6.12,4.62,10.2
110842,These models divide the feedforward,5,9,1.8,49.48,7.6,10.0,14.24,10.27,10.2
110843,Mixture of Experts has evolved,5,8,1.6,66.4,5.24,2.0,8.44,5.56,13.36
110844,Overview,1,3,3.0,-47.98,20.2,40.4,1.0,16.75,19.48
110845,The Efficiency Problem That MoE,5,9,1.8,49.48,7.6,10.0,9.6,6.5,13.36
110846,"The Router decides which ""Expert",5,8,1.6,66.4,5.24,2.0,9.6,7.45,13.36
110848,Why 128?,2,2,1.0,120.21,-3.01,0.8,-13.2,-3.95,11.63
110851,Gemma 4's Mixture of Experts (MoE) architecture is Google's answer,10,17,1.7,52.87,8.37,8.0,11.98,10.42,15.19
110852,Mixture of Experts has evolved,5,8,1.6,66.4,5.24,2.0,8.44,5.56,13.36
110854,Regarding the credits you lost,5,8,1.6,66.4,5.24,10.0,8.44,5.56,10.2
110858,AWS (SageMaker,2,3,1.5,77.91,2.89,0.8,4.2,10.18,19.53
110859,TPU v5p and TPU v6e,5,5,1.0,117.16,-1.84,2.0,-4.32,-4.8,16.52
110860,Azure ties for the broadest,5,7,1.4,83.32,2.88,2.0,4.96,2.74,13.36
110864,Green policies are influencing market,5,11,2.2,15.64,12.32,18.0,16.56,12.16,10.2
110865,Hallucination,1,5,5.0,-217.18,43.8,40.4,30.0,40.3,19.48
110867,Concentration of Power,3,7,2.333,6.39,13.11,14.53,13.0,11.47,9.05
110869,Creating and storing these vectors,5,9,1.8,49.48,7.6,10.0,13.08,9.33,13.36
110870,Find somewhere quiet.,3,5,1.667,62.79,5.25,1.2,9.13,9.9,0.15
110872,🗣️ Speech: Speak naturally and,4,7,1.75,54.73,6.62,11.6,10.15,5.06,7.78
110873,Step 1: Get to the,5,5,1.0,117.16,-1.84,2.0,-6.64,-5.74,7.04
110875,It already sounded exactly like,5,10,2.0,32.56,9.96,10.0,9.6,6.5,10.2
110876,Voice cloning is a powerful,5,8,1.6,66.4,5.24,2.0,4.96,2.74,7.04
110877,These enhancements push RAG from,5,7,1.4,83.32,2.88,10.0,10.76,7.45,7.04
110878,“The era of 'Fire and,5,7,1.4,83.32,2.88,2.0,-4.32,-2.92,7.04
110881,GraphRAG combines vector search with,5,8,1.6,66.4,5.24,2.0,15.4,11.21,13.36
110883,This makes RAG highly scalable,5,7,1.4,83.32,2.88,2.0,8.44,5.56,13.36
110884,Docling chunker with chunk fusion,5,7,1.4,83.32,2.88,2.0,11.92,8.39,16.52
110886,Few-shot learning is challenging,4,7,1.75,54.73,6.62,11.6,17.4,14.72,15.68
110887,In this paper,3,4,1.333,90.99,1.31,1.2,-4.4,-2.66,0.15
110888,Model-agnostic meta-learning (,2,5,2.5,-6.69,14.69,20.8,41.9,23.53,19.53
110889,We consider a base dataset,5,8,1.6,66.4,5.24,10.0,3.8,1.79,10.2
110890,Zhenguo Li,2,3,1.5,77.91,2.89,0.8,-4.5,0.77,19.53
110891,2025 was the debut year,5,6,1.2,100.24,0.52,2.0,0.32,-1.03,10.2
110892,As someone building in this,5,7,1.4,83.32,2.88,2.0,4.96,2.74,0.25
110893,Meanwhile,1,2,2.0,36.62,8.4,0.4,6.8,21.46,19.48
110894,In your prompt,3,3,1.0,119.19,-2.62,1.2,-2.47,-1.09,9.05
110895,Pleasant-Contact-556,1,4,4.0,-132.58,32.0,40.4,59.0,73.27,19.48
110896,Tip: if you want Gemini,5,7,1.4,83.32,2.88,10.0,-0.84,-1.03,7.04
110898,In that case,3,3,1.0,119.19,-2.62,1.2,-6.33,-4.23,0.15
110899,Create a tuning job,4,6,1.5,75.88,3.67,1.6,0.0,-0.59,11.73
110900,On Vertex AI,3,4,1.333,90.99,1.31,1.2,-6.33,-4.23,14.31
110903,Architecture,1,4,4.0,-132.58,32.0,40.4,24.2,35.59,19.48
110904,Multiple decoder blocks are stacked,5,9,1.8,49.48,7.6,18.0,14.24,10.27,16.52
110905,Why Tokenization?,2,5,2.5,-6.69,14.69,20.8,12.9,17.25,11.63
110908,One subtle but important point,5,8,1.6,66.4,5.24,2.0,8.44,5.56,7.04
110909,We want tokens to communicate,5,9,1.8,49.48,7.6,10.0,7.28,4.62,10.2
110910,Since the model does not,5,6,1.2,100.24,0.52,2.0,1.48,-0.09,7.04
110911,Add & Norm: The attention output,5,8,1.6,66.4,5.24,2.0,7.28,2.27,10.2
110912,Multi-Head Attention: Allows the,4,9,2.25,12.43,12.52,11.6,15.95,14.72,11.73
110913,In / Out,2,2,1.0,120.21,-3.01,0.8,-16.1,-11.01,0.1
110914,In an auto-regressive generation,4,9,2.25,12.43,12.52,21.6,17.4,14.72,11.73
110915,The 2023 Executive Order on,5,9,1.8,49.48,7.6,10.0,4.96,2.74,10.2
110916,On Tuesday October 4,4,7,1.75,54.73,6.62,1.6,1.45,0.59,7.78
110918,New York Times: 7 A.I.,5,5,1.0,117.16,-1.84,2.0,-4.32,-1.97,16.52
110919,Use the PDF linked in,5,5,1.0,117.16,-1.84,2.0,-2.0,-2.92,10.2
110921,In addition,2,4,2.0,35.61,8.79,20.8,-1.6,3.12,11.63
110924,Creates a White House AI,5,6,1.2,100.24,0.52,2.0,1.48,-0.09,10.2
110925,Signed on October 30,4,6,1.5,75.88,3.67,1.6,1.45,0.59,11.73
110927,Hence,1,1,1.0,121.22,-3.4,0.4,-16.4,2.62,19.48
110928,The results of this study,5,7,1.4,83.32,2.88,2.0,2.64,0.85,7.04
110929,However,1,3,3.0,-47.98,20.2,0.4,-4.8,12.04,0.05
110931,An extensive set of experiments,5,10,2.0,32.56,9.96,18.0,9.6,6.5,10.2
110932,The results reveal that Indic,5,8,1.6,66.4,5.24,2.0,7.28,4.62,13.36
110933,Nischal Karki,2,3,1.5,77.91,2.89,0.8,4.2,7.83,19.53
110934,We investigated the potential of,5,11,2.2,15.64,12.32,18.0,10.76,7.45,10.2
110935,This study assesses the performance,5,10,2.0,32.56,9.96,18.0,14.24,10.27,10.2
110936,When the American artificial-intelligence,4,14,3.5,-93.32,27.27,11.6,30.45,25.31,7.78
110937,The dual-use nature of,4,7,1.75,54.73,6.62,11.6,2.9,2.94,11.73
110938,"Use verbs like ""running",4,5,1.25,97.03,0.72,1.6,4.35,4.12,7.78
110939,Zero-Shot Learning: The Ultimate,4,8,2.0,33.58,9.57,11.6,15.95,14.72,15.68
110940,RemarkableGuidance44,1,4,4.0,-132.58,32.0,40.4,70.6,73.27,19.48
110941,How does GPT-4 achieve,4,5,1.25,97.03,0.72,1.6,2.9,2.94,11.73
110942,Report issue for preceding element,5,11,2.2,15.64,12.32,18.0,13.08,9.33,13.36
110943,domain-specific fine-tuning.,2,8,4.0,-133.59,32.39,40.8,39.0,43.16,19.53
110944,Start by sketching out a,5,6,1.2,100.24,0.52,2.0,1.48,-0.09,7.04
110948,If you happen to need,5,6,1.2,100.24,0.52,2.0,-2.0,-2.92,0.25
110949,Alongside its text or image,5,8,1.6,66.4,5.24,10.0,4.96,2.74,13.36
110951,Pikaffects: The viral effects suite,5,8,1.6,66.4,5.24,2.0,13.08,10.27,16.52
110952,HeyGen is an AI-powered,4,5,1.25,97.03,0.72,1.6,4.35,4.12,11.73
110953,This coincided with increased popularity,5,13,2.6,-18.2,17.04,18.0,20.04,14.98,13.36
110956,This study aims to evaluate,5,9,1.8,49.48,7.6,10.0,4.96,2.74,10.2
110957,This study aims to evaluate,5,9,1.8,49.48,7.6,10.0,4.96,2.74,10.2
110958,The two LLMs demonstrated high,5,8,1.6,66.4,5.24,10.0,8.44,5.56,10.2
110959,The results show that while,5,6,1.2,100.24,0.52,2.0,4.96,2.74,7.04
110960,1596 characters,2,4,2.0,35.61,8.79,20.8,10.0,12.54,19.53
110961,ChatGPT,1,3,3.0,-47.98,20.2,40.4,-4.8,12.04,19.48
110962,ChatGPT-4o extracted a total,4,9,2.25,12.43,12.52,21.6,11.6,10.01,15.68
110963,The study utilized ChatGPT‐4o,4,9,2.25,12.43,12.52,21.6,13.05,11.18,11.73
110964,Use a language model such,5,7,1.4,83.32,2.88,2.0,2.64,0.85,7.04
110965,A vector database is a,5,8,1.6,66.4,5.24,10.0,-0.84,-1.97,10.2
110966,NET and OpenAI,3,3,1.0,119.19,-2.62,1.2,-2.47,-1.09,9.05
110967,The real magic happens when,5,7,1.4,83.32,2.88,2.0,4.96,2.74,7.04
110968,Since GPQA questions are multiple,5,8,1.6,66.4,5.24,10.0,11.92,8.39,13.36
110969,As of May 11,4,4,1.0,118.18,-2.23,1.6,-10.15,-8.83,7.78
110970,What GPQA Gets Right That,5,5,1.0,117.16,-1.84,2.0,2.64,0.85,10.2
110971,GPQA-Diamond emerged from the,4,7,1.75,54.73,6.62,11.6,13.05,11.18,11.73
110972,The motivation,2,5,2.5,-6.69,14.69,20.8,7.1,10.18,11.63
110973,GPQA diamond therefore remains one,5,8,1.6,66.4,5.24,2.0,13.08,9.33,13.36
110975,Similarly,1,4,4.0,-132.58,32.0,40.4,6.8,21.46,19.48
110976,Though fine-tuning can be,4,6,1.5,75.88,3.67,11.6,7.25,6.48,7.78
110977,The model is trained to,5,6,1.2,100.24,0.52,2.0,0.32,-1.03,10.2
110978,The structured review characterises instruction,5,12,2.4,-1.28,14.68,18.0,28.16,21.58,13.36
110979,Most production programs need both,5,8,1.6,66.4,5.24,10.0,13.08,9.33,10.2
110980,For example,2,4,2.0,35.61,8.79,20.8,-1.6,3.12,11.63
110981,No I use Gemini for,5,7,1.4,83.32,2.88,10.0,-4.32,-4.8,7.04
110982,The overwhelming consensus is to,5,10,2.0,32.56,9.96,18.0,10.76,7.45,10.2
110984,Understanding Why This Happens,4,8,2.0,33.58,9.57,11.6,15.95,12.36,11.73
110985,For anyone building with AI,5,8,1.6,66.4,5.24,2.0,4.96,2.74,7.04
110986,Performance,1,3,3.0,-47.98,20.2,40.4,18.4,30.88,19.48
110987,When you compare AI models,5,7,1.4,83.32,2.88,2.0,3.8,1.79,10.2
110989,Qdrant has emerged as the,5,6,1.2,100.24,0.52,2.0,2.64,0.85,10.2
110990,The pipeline extracts the ArXiv,5,8,1.6,66.4,5.24,2.0,9.6,6.5,13.36
110992,The Economics: When Self-Hosting Beats API Calls,7,12,1.714,54.7,7.37,14.23,13.11,10.33,15.26
110993,By early 2026,3,4,1.333,90.99,1.31,1.2,-4.4,-2.66,9.05
110994,The pattern is clear.,4,5,1.25,97.03,0.72,1.6,1.45,1.77,7.78
110995,The Economics: When Self-Hosting Beats API Calls,7,12,1.714,54.7,7.37,14.23,13.11,10.33,15.26
110996,"What most people call ""open",5,7,1.4,83.32,2.88,2.0,3.8,2.74,0.25
110997,The Open Source Initiative (OSI,5,9,1.8,49.48,7.6,10.0,8.44,6.5,13.36
110998,Unlike traditional SEO tracking (which,5,11,2.2,15.64,12.32,10.0,16.56,13.1,16.52
110999,A mention happens when an,5,7,1.4,83.32,2.88,2.0,2.64,0.85,10.2
111002,Brand mention visibility in AI,5,10,2.0,32.56,9.96,10.0,8.44,5.56,16.52
111003,Google SEO is about earning,5,8,1.6,66.4,5.24,2.0,4.96,2.74,13.36
111004,The best tools show head,5,5,1.0,117.16,-1.84,2.0,1.48,-0.09,7.04
111005,Mentions: How many times your,5,7,1.4,83.32,2.88,2.0,6.12,4.62,10.2
111007,The conversational interface is designed,5,12,2.4,-1.28,14.68,18.0,20.04,14.98,13.36
111008,The value of AI visibility,5,10,2.0,32.56,9.96,10.0,3.8,1.79,10.2
111011,E-E-A-T is no longer a,5,6,1.2,100.24,0.52,2.0,-4.32,-1.97,10.2
111012,With AI systems pulling from,5,7,1.4,83.32,2.88,2.0,6.12,3.68,13.36
111013,Content including statistics sees a,5,10,2.0,32.56,9.96,18.0,14.24,10.27,16.52
111014,For what's working right now,5,6,1.2,100.24,0.52,2.0,4.96,3.68,7.04
111015,Traditional KPIs like click-thru rate,5,9,1.8,49.48,7.6,10.0,15.4,12.16,13.36
111016,Trend #2: Zero-Click,3,4,1.333,90.99,1.31,1.2,3.33,8.33,19.58
111018,Its metadata filtering features and,5,8,1.6,66.4,5.24,10.0,14.24,10.27,13.36
111019,Each platform represents a distinct,5,9,1.8,49.48,7.6,10.0,14.24,10.27,10.2
111020,They help the AI decide,5,6,1.2,100.24,0.52,2.0,0.32,-1.03,7.04
111021,This distinction is important.,4,8,2.0,33.58,9.57,11.6,14.5,12.36,7.78
111022,But AI-generated search experiences,4,11,2.75,-29.87,18.42,21.6,21.75,18.25,11.73
111023,AI systems prefer content that,5,8,1.6,66.4,5.24,2.0,8.44,5.56,16.52
111028,AI search optimization tools are,5,9,1.8,49.48,7.6,10.0,10.76,7.45,13.36
111029,Even if it doesn't,4,6,1.5,75.88,3.67,1.6,-2.9,-1.77,0.2
111032,Schema is a type of,5,5,1.0,117.16,-1.84,2.0,-4.32,-4.8,10.2
111035,Visual search often involves tools,5,9,1.8,49.48,7.6,10.0,13.08,9.33,13.36
111036,For marketers,2,4,2.0,35.61,8.79,20.8,4.2,7.83,11.63
111039,For e-commerce,2,4,2.0,35.61,8.79,20.8,4.2,10.18,11.63
111040,Alt text isn't just,4,5,1.25,97.03,0.72,1.6,-1.45,-0.59,11.73
111041,webp) and alt text give,5,5,1.0,117.16,-1.84,2.0,-0.84,-1.03,13.36
111042,It helps screen readers describe,5,7,1.4,83.32,2.88,2.0,10.76,7.45,10.2
111043,Including relevant surrounding copy (like,5,12,2.4,-1.28,14.68,26.0,20.04,15.92,13.36
111045,Schema markup is a type,5,6,1.2,100.24,0.52,2.0,0.32,-1.03,13.36
111046,Effective compression techniques reduce the,5,11,2.2,15.64,12.32,18.0,23.52,17.81,16.52
111047,Before you upload,3,5,1.667,62.79,5.25,1.2,3.33,3.62,9.05
111048,So users can clearly see,5,7,1.4,83.32,2.88,2.0,1.48,-0.09,10.2
111049,Compress image files without sacrificing,5,11,2.2,15.64,12.32,10.0,20.04,14.98,16.52
111053,When I gave the instruction,5,7,1.4,83.32,2.88,10.0,4.96,2.74,7.04
111054,Here are some practical tips,5,7,1.4,83.32,2.88,10.0,6.12,3.68,10.2
111055,Yet,1,1,1.0,121.22,-3.4,0.4,-28.0,-6.8,0.05
111056,Having agate means you can,5,7,1.4,83.32,2.88,2.0,3.8,1.79,7.04
111057,This sign can easily blend,5,7,1.4,83.32,2.88,10.0,3.8,1.79,10.2
111058,The biggest recent changes include,5,9,1.8,49.48,7.6,2.0,13.08,9.33,16.52
111059,Pro splits into two tiers,5,6,1.2,100.24,0.52,2.0,2.64,0.85,13.36
111061,OpenAI offers a set of,5,6,1.2,100.24,0.52,2.0,-0.84,-1.97,10.2
111062,A brand-new $100 Pro,4,5,1.25,97.03,0.72,1.6,-1.45,0.59,15.68
111063,ChatGPT pricing ranges from $0,5,9,1.8,49.48,7.6,10.0,7.28,5.56,16.52
111064,Pro $100 gives you the,5,5,1.0,117.16,-1.84,2.0,-2.0,-1.97,13.36
111066,Discussion,1,3,3.0,-47.98,20.2,40.4,12.6,26.17,19.48
111067,Discussion,1,3,3.0,-47.98,20.2,40.4,12.6,26.17,19.48
111068,The API Services are accessed,5,8,1.6,66.4,5.24,10.0,7.28,4.62,13.36
111069,While not strictly a throttle,5,7,1.4,83.32,2.88,2.0,7.28,4.62,10.2
111071,Identify repetitive tasks in my,5,11,2.2,15.64,12.32,18.0,9.6,6.5,13.36
111074,SE Visible offers three paid,5,9,1.8,49.48,7.6,10.0,6.12,3.68,13.36
111075,Best for: Agencies managing AI,5,9,1.8,49.48,7.6,18.0,7.28,5.56,13.36
111077,Best for: Brand mention discovery,5,9,1.8,49.48,7.6,10.0,10.76,8.39,13.36
111079,View PDF HTML (experimental) As,5,9,1.8,49.48,7.6,10.0,7.28,6.5,13.36
111080,contribute the Data Moat Framework,5,9,1.8,49.48,7.6,10.0,13.08,9.33,16.52
111081,This disparity persists in identical,5,12,2.4,-1.28,14.68,18.0,15.4,11.21,13.36
111082,contribute the Data Moat Framework,5,9,1.8,49.48,7.6,10.0,13.08,9.33,16.52
111083,This review paper delves into,5,8,1.6,66.4,5.24,2.0,7.28,4.62,7.04
111084,This review explores techniques and,5,8,1.6,66.4,5.24,2.0,14.24,10.27,10.2
111085,(2024) identified that AI improves,5,9,1.8,49.48,7.6,10.0,10.76,9.33,16.52
111086,With a sample of 382,5,6,1.2,100.24,0.52,2.0,-3.16,-3.86,10.2
111087,Findings imply that brands can,5,7,1.4,83.32,2.88,2.0,8.44,5.56,13.36
111088,Huang Junyao,2,3,1.5,77.91,2.89,0.8,1.3,5.48,19.53
111089,This paper investigates the impact,5,10,2.0,32.56,9.96,10.0,13.08,9.33,10.2
111090,Intelligent systems can be subject,5,10,2.0,32.56,9.96,10.0,13.08,9.33,10.2
111091,While their capabilities are promising,5,11,2.2,15.64,12.32,18.0,17.72,13.1,10.2
111093,Poor system design and inadequate,5,10,2.0,32.56,9.96,10.0,11.92,8.39,13.36
111094,AI models are only as,5,7,1.4,83.32,2.88,2.0,-2.0,-2.92,10.2
111095,This perspective examines vulnerabilities in,5,14,2.8,-35.12,19.4,26.0,24.68,18.75,13.36
111096,For very heavy users and,5,8,1.6,66.4,5.24,2.0,1.48,-0.09,7.04
111097,$20 for Pro,3,3,1.0,119.19,-2.62,1.2,-10.2,-5.8,14.31
111100,They engage in “Intent Chains”—long dialogues where,7,11,1.571,66.79,5.68,8.51,14.77,12.35,13.01
111102,Since then,2,2,1.0,120.21,-3.01,0.8,-4.5,0.77,0.1
111104,To complete the initial set up voice,7,10,1.429,78.87,4.0,8.51,4.83,2.26,8.5
111106,to a competitor whose site is “agent-ready.”,7,11,1.571,66.79,5.68,8.51,8.14,7.64,10.75
111107,Discrepancies in your address or hours across,7,13,1.857,42.62,9.05,8.51,12.29,8.31,8.5
111108,Start with the 5 Ws (and one,7,10,1.429,78.87,4.0,8.51,-2.63,-3.13,8.5
111112,6) Pinterest Visual Search,4,7,1.75,54.73,6.62,11.6,8.7,7.65,15.68
111113,ai search,2,2,1.0,120.21,-3.01,0.8,-7.4,-1.59,11.63
111114,80% of sources cited by,5,7,1.4,83.32,2.88,2.0,-0.84,-1.03,13.36
111115,That's a structural shift in,5,7,1.4,83.32,2.88,10.0,4.96,3.68,10.2
111116,‍This made me dive deep,5,5,1.0,117.16,-1.84,2.0,-0.84,-1.03,0.25
111117,The average age of URLs,5,7,1.4,83.32,2.88,10.0,0.32,-1.03,10.2
111118,As mentioned before,3,5,1.667,62.79,5.25,1.2,7.2,6.76,9.05
111119,Freshness plus clean structure is,5,7,1.4,83.32,2.88,2.0,11.92,8.39,13.36
111120,‍The mechanics are straightforward.,4,8,2.0,33.58,9.57,21.6,20.3,18.25,11.73
111121,freshness signals seem to matter,5,8,1.6,66.4,5.24,2.0,10.76,7.45,10.2
111122,Start important sections with clear,5,8,1.6,66.4,5.24,2.0,14.24,10.27,7.04
111123,Use clear sections,3,4,1.333,90.99,1.31,1.2,5.27,5.19,9.05
111124,It's freshness plus clear structure,5,7,1.4,83.32,2.88,2.0,13.08,10.27,13.36
111126,Google Analytics can't tell,4,7,1.75,54.73,6.62,11.6,10.15,8.83,11.73
111127,While most AI tracking tools,5,6,1.2,100.24,0.52,2.0,6.12,3.68,13.36
111128,Evertune is the only platform,5,8,1.6,66.4,5.24,2.0,7.28,4.62,7.04
111129,Where most tools stop at,5,5,1.0,117.16,-1.84,2.0,1.48,-0.09,7.04
111130,YouScan is an AI-powered,4,4,1.0,118.18,-2.23,1.6,5.8,5.3,11.73
111131,Talkwalker is an AI-driven,4,8,2.0,33.58,9.57,21.6,8.7,7.65,11.73
111132,Source Attribution at Scale: The,5,8,1.6,66.4,5.24,10.0,9.6,7.45,13.36
111133,It was reported in 2024,5,7,1.4,83.32,2.88,10.0,0.32,-1.03,10.2
111135,This year will mark three,5,5,1.0,117.16,-1.84,2.0,2.64,0.85,0.25
111136,While self-reported data provides,4,9,2.25,12.43,12.52,11.6,18.85,15.9,15.68
111138,Zero-party data (ZPD),3,5,1.667,62.79,5.25,1.2,5.27,9.9,19.58
111139,TLDR: Studies show traffic can,5,7,1.4,83.32,2.88,2.0,7.28,5.56,13.36
111140,AI will listen to your,5,6,1.2,100.24,0.52,2.0,-0.84,-1.97,7.04
111142,"search engines can't ""watch",4,5,1.25,97.03,0.72,1.6,8.7,8.83,7.78
111143,Publishing AI transcripts without editing,5,11,2.2,15.64,12.32,18.0,21.2,15.92,16.52
111144,One thing that made a,5,5,1.0,117.16,-1.84,2.0,-2.0,-2.92,0.25
111145,Being cited builds authority even,5,11,2.2,15.64,12.32,10.0,11.92,8.39,13.36
111146,AI pulls from pages that,5,6,1.2,100.24,0.52,2.0,1.48,-0.09,13.36
111147,AI systems parse structured content,5,8,1.6,66.4,5.24,2.0,14.24,10.27,19.67
111148,Page structure – Clear heading hierarchy,5,10,2.0,32.56,9.96,10.0,17.72,8.54,13.36
111150,Use numbered lists for processes,5,8,1.6,66.4,5.24,10.0,10.76,7.45,13.36
111151,if it's fluffy,3,4,1.333,90.99,1.31,1.2,-4.4,-1.09,9.05
111153,Warning cues (“Be cautious of,5,7,1.4,83.32,2.88,2.0,4.96,4.62,13.36
111154,Ensure content is citation-worthy,4,8,2.0,33.58,9.57,11.6,18.85,15.9,15.68
111156,Additionally,1,5,5.0,-217.18,43.8,40.4,24.2,35.59,19.48
111158,With AI and voice search,5,5,1.0,117.16,-1.84,2.0,1.48,-0.09,7.04
111159,Make sure your SEO is,5,6,1.2,100.24,0.52,2.0,-2.0,-2.92,7.04
111160,iPhones Apple settles Siri class action for $250m over,9,14,1.556,66.1,6.28,3.6,9.91,7.14,12.86
111161,The first piece of good,5,5,1.0,117.16,-1.84,2.0,0.32,-1.03,0.25
111163,Macworld reports that iOS 27,5,8,1.6,66.4,5.24,2.0,6.12,3.68,16.52
111165,When LLMs systematically consume relevant,5,12,2.4,-1.28,14.68,18.0,21.2,15.92,16.52
111166,Two years and two model,5,6,1.2,100.24,0.52,2.0,0.32,-1.03,10.2
111167,19 Similarly,2,5,2.5,-6.69,14.69,20.8,1.3,5.48,19.53
111168,Citation accuracy is another well,5,12,2.4,-1.28,14.68,18.0,11.92,8.39,10.2
111169,Submissions that are heavily AI,5,9,1.8,49.48,7.6,18.0,9.6,6.5,13.36
111170,What we find is sobering,5,7,1.4,83.32,2.88,10.0,1.48,-0.09,7.04
111172,Moreover,1,3,3.0,-47.98,20.2,40.4,1.0,16.75,19.48
111174,A systems design diagnosis of,5,10,2.0,32.56,9.96,10.0,7.28,4.62,13.36
111175,In February 2025,3,6,2.0,34.59,9.18,1.2,1.4,2.05,9.05
111177,Transform vague headers into specific,5,10,2.0,32.56,9.96,10.0,16.56,12.16,16.52
111178,Each header should preview exactly,5,9,1.8,49.48,7.6,10.0,13.08,9.33,13.36
111179,No proof of first-hand,4,5,1.25,97.03,0.72,1.6,2.9,2.94,11.73
111180,Reinforcing trust through bios,4,8,2.0,33.58,9.57,11.6,15.95,12.36,11.73
111181,But avoid generic “click here,5,8,1.6,66.4,5.24,10.0,6.12,4.62,10.2
111182,AI systems check content freshness,5,8,1.6,66.4,5.24,2.0,13.08,9.33,16.52
111183,No internal linking between related,5,11,2.2,15.64,12.32,18.0,14.24,10.27,13.36
111184,Clean navigation,2,5,2.5,-6.69,14.69,20.8,12.9,14.9,11.63
111185,When content is written in,5,7,1.4,83.32,2.88,2.0,3.8,1.79,7.04
111186,Google's decision to overhaul the,5,9,1.8,49.48,7.6,18.0,10.76,8.39,13.36
111187,Abner Li | May 3 2026,5,6,1.2,100.24,0.52,2.0,-4.32,-6.37,16.52
111188,The homepage sees Gemini switch,5,7,1.4,83.32,2.88,10.0,9.6,6.5,13.36
111189,Elsewhere on the homepage,4,5,1.25,97.03,0.72,1.6,8.7,6.48,7.78
111190,Frequently Asked Questions,3,6,2.0,34.59,9.18,14.53,20.73,17.75,19.58
111191,Google developed a native macOS,5,9,1.8,49.48,7.6,10.0,9.6,6.5,16.52
111192,The new desktop app is,5,6,1.2,100.24,0.52,2.0,-0.84,-1.97,10.2
111193,Native macOS App: Closing the Desktop Gap,7,11,1.571,66.79,5.68,2.8,8.14,5.62,17.52
111194,Major Interface Overhaul: Gemini App,5,12,2.4,-1.28,14.68,26.0,14.24,11.21,16.52
111196,You can find Files,4,4,1.0,118.18,-2.23,1.6,-1.45,-1.77,7.78
111197,Visualize complex concepts with Gemini,5,11,2.2,15.64,12.32,18.0,17.72,13.1,16.52
111198,Google is slowly changing Android,5,8,1.6,66.4,5.24,2.0,11.92,8.39,13.36
111199,Gemini can reportedly find a,5,10,2.0,32.56,9.96,18.0,6.12,3.68,10.2
111200,Aria gives you answers,4,7,1.75,54.73,6.62,11.6,4.35,2.94,15.68
111201,Aria brings your words to,5,7,1.4,83.32,2.88,10.0,2.64,0.85,13.36
111202,ARIA's Features: Roles,3,4,1.333,90.99,1.31,1.2,9.13,11.47,19.58
111203,You grant to us a,5,5,1.0,117.16,-1.84,2.0,-6.64,-6.68,7.04
111204,In June 2011,3,3,1.0,119.19,-2.62,1.2,-6.33,-4.23,9.05
111205,Quora launches Embedded Quotes feature,5,9,1.8,49.48,7.6,10.0,17.72,13.1,19.67
111206,Until 2016,2,3,1.5,77.91,2.89,0.8,-4.5,0.77,11.63
111207,In addition,2,4,2.0,35.61,8.79,20.8,-1.6,3.12,11.63
111208,We equip the agent with,5,7,1.4,83.32,2.88,2.0,0.32,-1.03,10.2
111209,Generative retrieval is an emerging,5,12,2.4,-1.28,14.68,26.0,14.24,10.27,13.36
111210,At its core,3,3,1.0,119.19,-2.62,1.2,-8.27,-5.8,9.05
111211,To address this,3,4,1.333,90.99,1.31,1.2,-0.53,0.48,0.15
111212,By offloading visual assets to,5,11,2.2,15.64,12.32,18.0,8.44,5.56,13.36
111213,Transformers are particularly revolutionary,4,15,3.75,-114.47,30.22,31.6,34.8,27.67,15.68
111214,As a result,3,4,1.333,90.99,1.31,1.2,-8.27,-5.8,9.05
111215,On top of this,4,4,1.0,118.18,-2.23,1.6,-7.25,-6.48,0.2
111216,Computer Science > Computer Vision and,5,11,2.2,15.64,12.32,18.0,15.4,6.98,16.52
111217,Dongzhi Jiang,2,3,1.5,77.91,2.89,0.8,4.2,7.83,19.53
111218,However,1,3,3.0,-47.98,20.2,0.4,-4.8,12.04,0.05
111219,This paper introduces techniques for,5,10,2.0,32.56,9.96,10.0,15.4,11.21,10.2
111220,Now let's focus on the,5,6,1.2,100.24,0.52,2.0,-2.0,-1.97,7.04
111221,The other one is something,5,7,1.4,83.32,2.88,2.0,3.8,1.79,0.25
111222,Psychosis: A Stanford study found,5,9,1.8,49.48,7.6,10.0,10.76,8.39,10.2
111224,Using AI to acquire knowledge,5,9,1.8,49.48,7.6,10.0,7.28,4.62,16.52
111225,Security and data leakage,4,9,2.25,12.43,12.52,11.6,8.7,6.48,15.68
111227,Publishers optimizing for Bing AI,5,10,2.0,32.56,9.96,18.0,11.92,8.39,16.52
111228,Optimizing for Bing Copilot is,5,10,2.0,32.56,9.96,18.0,8.44,5.56,13.36
111229,If your page about energy,5,8,1.6,66.4,5.24,10.0,2.64,0.85,7.04
111231,Use headings that are phrased,5,6,1.2,100.24,0.52,2.0,7.28,4.62,10.2
111232,Clarity and Structure: Well-structured,4,9,2.25,12.43,12.52,21.6,24.65,21.78,15.68
111233,Instead,1,2,2.0,36.62,8.4,0.4,-4.8,12.04,0.05
111235,NOARCHIVE prevents content from being,5,8,1.6,66.4,5.24,2.0,16.56,12.16,13.36
111236,What Is FAQ Schema Markup,5,6,1.2,100.24,0.52,2.0,2.64,0.85,13.36
111237,Audit your existing FAQs for,5,8,1.6,66.4,5.24,10.0,6.12,3.68,13.36
111238,Think of schema markup as,5,6,1.2,100.24,0.52,2.0,2.64,0.85,10.2
111239,The reason is simple: AI,5,7,1.4,83.32,2.88,2.0,0.32,-0.09,7.04
111240,FAQ structured data has one,5,7,1.4,83.32,2.88,2.0,4.96,2.74,13.36
111241,The reason is simple: AI,5,7,1.4,83.32,2.88,2.0,0.32,-0.09,7.04
111242,The Question type defines a,5,7,1.4,83.32,2.88,2.0,4.96,2.74,10.2
111243,When implemented correctly,3,8,2.667,-21.81,17.05,27.87,20.73,17.75,14.31
111245,Open Settings.,2,4,2.0,35.61,8.79,0.8,4.2,10.18,11.63
111246,You can assign Gemini to,5,8,1.6,66.4,5.24,10.0,1.48,-0.09,10.2
111247,There are two main ways,5,5,1.0,117.16,-1.84,2.0,0.32,-1.03,10.2
111248,Disable Siri access completely,4,10,2.5,-8.72,15.47,21.6,15.95,12.36,19.62
111250,Luckily,1,3,3.0,-47.98,20.2,40.4,-4.8,12.04,19.48
111251,How to block Siri from,5,6,1.2,100.24,0.52,2.0,-0.84,-1.97,7.04
111252,Then scroll down to Analytics,5,8,1.6,66.4,5.24,10.0,7.28,4.62,10.2
111253,Go to Settings > Privacy & Security,5,11,2.2,15.64,12.32,18.0,9.6,0.58,13.36
111254,Turning off Siri can impact,5,8,1.6,66.4,5.24,2.0,4.96,2.74,13.36
111255,Track how AI crawlers access,5,7,1.4,83.32,2.88,2.0,6.12,3.68,13.36
111256,Understanding AI Bot Traffic Patterns,5,10,2.0,32.56,9.96,10.0,16.56,12.16,19.67
111257,Although data on AI search,5,7,1.4,83.32,2.88,2.0,3.8,1.79,13.36
111258,There are several types of,5,6,1.2,100.24,0.52,2.0,3.8,1.79,7.04
111259,2) Analysing the Data,4,7,1.75,54.73,6.62,11.6,1.45,1.77,15.68
111262,You can filter to show,5,6,1.2,100.24,0.52,2.0,-0.84,-1.97,7.04
111265,According to insights from Seer,5,8,1.6,66.4,5.24,10.0,9.6,6.5,13.36
111266,Bandwidth and Carbon Impact,4,7,1.75,54.73,6.62,1.6,11.6,8.83,15.68
111267,If these crawlers don't,4,5,1.25,97.03,0.72,1.6,4.35,4.12,7.78
111268,Step 3: Capture and Categorize,5,9,1.8,49.48,7.6,10.0,7.28,5.56,13.36
111269,On the safety side,4,5,1.25,97.03,0.72,1.6,-1.45,-1.77,0.2
111270,Start by listing the kinds,5,6,1.2,100.24,0.52,2.0,3.8,1.79,10.2
111271,Step 2: Test Across Major,5,7,1.4,83.32,2.88,2.0,1.48,0.85,7.04
111272,A structured audit includes prompt,5,8,1.6,66.4,5.24,2.0,13.08,9.33,16.52
111273,"Perplexity calls itself a ""Swiss",5,9,1.8,49.48,7.6,10.0,9.6,7.45,13.36
111274,From checking facts to finding,5,7,1.4,83.32,2.88,2.0,8.44,5.56,13.36
111275,Every response comes with clear,5,8,1.6,66.4,5.24,2.0,9.6,6.5,10.2
111276,Perplexity AI is better for,5,9,1.8,49.48,7.6,10.0,4.96,2.74,10.2
111277,Perplexity's architecture combines multiple AI,5,13,2.6,-18.2,17.04,26.0,25.84,20.63,19.67
111278,To use Perplexity AI,4,7,1.75,54.73,6.62,11.6,1.45,0.59,11.73
111279,Perplexity research mode performs deeper,5,11,2.2,15.64,12.32,10.0,20.04,14.98,19.67
111280,Another exciting aspect of Perplexity,5,13,2.6,-18.2,17.04,10.0,16.56,12.16,10.2
111282,Just click a link within,5,6,1.2,100.24,0.52,2.0,1.48,-0.09,10.2
111283,Conversational interface: You can ask,5,11,2.2,15.64,12.32,18.0,15.4,12.16,10.2
111287,"""Zero-party data is that",4,6,1.5,75.88,3.67,1.6,4.35,5.3,11.73
111288,Zero-party data doesn't,3,6,2.0,34.59,9.18,1.2,11.07,13.04,14.31
111289,Zero-party data refers to,4,7,1.75,54.73,6.62,1.6,7.25,6.48,15.68
111290,The term “zero party”says,4,5,1.25,97.03,0.72,1.6,5.8,6.48,11.73
111291,Zero-party data is information,4,9,2.25,12.43,12.52,11.6,14.5,12.36,15.68
111293,Intro,1,2,2.0,36.62,8.4,0.4,-16.4,2.62,19.48
111294,Prompt to try: “Turn the,5,5,1.0,117.16,-1.84,2.0,-0.84,-0.09,7.04
111295,Why it's viral: It mimics,5,7,1.4,83.32,2.88,2.0,0.32,0.85,10.2
111296,After years of ultra-smooth,4,6,1.5,75.88,3.67,1.6,10.15,8.83,11.73
111299,– step by step plan,4,4,1.0,118.18,-2.23,1.6,-2.9,-5.3,0.2
111301,By using this model,4,6,1.5,75.88,3.67,1.6,0.0,-0.59,11.73
111302,How Search Behavior Is Changing,5,8,1.6,66.4,5.24,10.0,9.6,6.5,10.2
111303,Users are combining text,4,7,1.75,54.73,6.62,11.6,7.25,5.3,15.68
111304,The feature integrates voice input,5,9,1.8,49.48,7.6,10.0,13.08,9.33,13.36
111305,A homeowner can show their,5,7,1.4,83.32,2.88,10.0,3.8,1.79,7.04
111306,Rather than pattern-matching visual,4,10,2.5,-8.72,15.47,21.6,21.75,18.25,11.73
111307,Landmark and place recognition.,4,8,2.0,33.58,9.57,11.6,15.95,13.54,11.73
111308,Understanding E-E-A-T: The Cornerstone of,5,10,2.0,32.56,9.96,18.0,16.56,15.92,13.36
111309,Experience: First-Hand Involvement,3,9,3.0,-50.01,20.98,27.87,32.33,30.31,19.58
111311,Verified customer reviews with accompanying,5,14,2.8,-35.12,19.4,18.0,23.52,17.81,13.36
111312,First-person narratives with specific,4,10,2.5,-8.72,15.47,31.6,24.65,20.6,15.68
111315,E-E-A-T isn't a single,4,6,1.5,75.88,3.67,1.6,-1.45,2.94,7.78
111316,Topical clusters: Content organized around,5,12,2.4,-1.28,14.68,18.0,21.2,16.87,16.52
111317,Include subject-matter experts: Have,4,9,2.25,12.43,12.52,11.6,21.75,19.43,15.68
111320,"Google's Search Quality Rater Guidelines explicitly state that ""Trust is",10,17,1.7,52.87,8.37,12.0,16.62,13.24,12.03
111322,The U.S. Army has launched,5,6,1.2,100.24,0.52,2.0,1.48,1.79,7.04
111323,“By working with the nation's,5,7,1.4,83.32,2.88,2.0,4.96,4.62,10.2
111324,Team Gray is creating agentic,5,9,1.8,49.48,7.6,18.0,7.28,4.62,10.2
111325,Team Black is developing a,5,8,1.6,66.4,5.24,10.0,3.8,1.79,7.04
111326,Team Yellowstone is using AI,5,8,1.6,66.4,5.24,10.0,6.12,3.68,13.36
111327,Quick Facts,2,2,1.0,120.21,-3.01,0.8,-1.6,3.12,11.63
111328,ARIA's Activation Partners program recruits,5,11,2.2,15.64,12.32,10.0,22.36,17.81,19.67
111329,The National Institute of Standards,5,10,2.0,32.56,9.96,18.0,14.24,10.27,13.36
111330,Model testing assesses whether a,5,10,2.0,32.56,9.96,10.0,10.76,7.45,16.52
111331,The initial evaluation (ARIA) was,5,13,2.6,-18.2,17.04,26.0,9.6,8.39,13.36
111332,13th International Conference on Artificial,5,14,2.8,-35.12,19.4,26.0,23.52,17.81,16.52
111333,AI and Machine Learning,4,6,1.5,75.88,3.67,1.6,5.8,4.12,11.73
111334,The findings indicate a shift,5,8,1.6,66.4,5.24,10.0,7.28,4.62,13.36
111335,However,1,3,3.0,-47.98,20.2,0.4,-4.8,12.04,0.05
111336,Focusing on the emerging concept,5,10,2.0,32.56,9.96,18.0,10.76,7.45,13.36
111337,Sentiment and Context,3,6,2.0,34.59,9.18,14.53,11.07,9.9,14.31
111338,Step 1: Feeding Questions to,5,7,1.4,83.32,2.88,2.0,4.96,3.68,13.36
111339,Step 1: Identify your key,5,8,1.6,66.4,5.24,10.0,1.48,0.85,10.2
111343,Google's AI Overviews might mention,5,8,1.6,66.4,5.24,10.0,13.08,10.27,16.52
111344,Sentiment weight — positive mentions score,5,10,2.0,32.56,9.96,18.0,20.04,10.12,16.52
111345,For example,2,4,2.0,35.61,8.79,20.8,-1.6,3.12,11.63
111347,databases,1,4,4.0,-132.58,32.0,40.4,6.8,21.46,19.48
111348,If you're less technical,4,6,1.5,75.88,3.67,11.6,5.8,5.3,7.78
111349,databases,1,4,4.0,-132.58,32.0,40.4,6.8,21.46,19.48
111350,Unlike most AI assistants that,5,8,1.6,66.4,5.24,10.0,8.44,5.56,13.36
111351,Google Gemini has one big,5,7,1.4,83.32,2.88,10.0,2.64,0.85,10.2
111352,Its Claude Code terminal is,5,7,1.4,83.32,2.88,10.0,4.96,2.74,13.36
111353,Build topical authority,3,8,2.667,-21.81,17.05,27.87,14.93,13.04,14.31
111354,Focus on quality over quantity,5,11,2.2,15.64,12.32,18.0,8.44,5.56,13.36
111355,analytics,1,4,4.0,-132.58,32.0,40.4,6.8,21.46,19.48
111356,Abstract,1,2,2.0,36.62,8.4,0.4,1.0,16.75,19.48
111357,Achieving a 99.61% accuracy rate,5,10,2.0,35.1,8.99,17.0,2.52,6.2,13.23
111358,Given the increasing role of,5,8,1.6,66.4,5.24,10.0,6.12,3.68,10.2
111359,Our findings contribute to research,5,10,2.0,32.56,9.96,10.0,14.24,10.27,13.36
111360,JSON (JavaScript Object Notation) is,5,10,2.0,32.56,9.96,18.0,13.08,11.21,16.52
111361,Our findings reveal trade-offs,4,8,2.0,33.58,9.57,1.6,14.5,12.36,15.68
111362,Deep research agents extend RAG,5,8,1.6,66.4,5.24,2.0,9.6,6.5,13.36
111363,In this paper,3,4,1.333,90.99,1.31,1.2,-4.4,-2.66,0.15
111364,While synthetic structured data may,5,9,1.8,49.48,7.6,10.0,14.24,10.27,13.36
111365,AI generated synthetic data also,5,12,2.4,-1.28,14.68,18.0,10.76,7.45,16.52
111366,This document identifies actions that,5,11,2.2,15.64,12.32,18.0,16.56,12.16,13.36
111367,Consider ethical implications beyond legal,5,14,2.8,-35.12,19.4,26.0,22.36,16.87,19.67
111368,Overview: The Apache 2.0 license,5,10,2.0,32.56,9.96,18.0,8.44,7.45,16.52
111369,Data is structured,3,5,1.667,62.79,5.25,1.2,5.27,5.19,14.31
111370,It is the legal position,5,8,1.6,66.4,5.24,10.0,1.48,-0.09,10.2
111371,Bottom Line: Privacy is no,5,8,1.6,66.4,5.24,10.0,2.64,1.79,7.04
111372,But that relief obscures the,5,7,1.4,83.32,2.88,2.0,6.12,3.68,10.2
111373,Data that a customer intentionally and proactively shares with a,10,20,2.0,27.49,11.91,12.0,13.14,9.48,10.45
111374,Clean,1,1,1.0,121.22,-3.4,0.4,-16.4,2.62,0.05
111375,Consumer expectations for transparency keep,5,13,2.6,-18.2,17.04,26.0,23.52,17.81,13.36
111376,First-party data shows what,4,6,1.5,75.88,3.67,1.6,10.15,8.83,15.68
111377,You see,2,2,1.0,120.21,-3.01,0.8,-13.2,-6.3,0.1
111378,Because the data is collected,5,9,1.8,49.48,7.6,10.0,7.28,4.62,10.2
111379,What You Need,3,3,1.0,119.19,-2.62,1.2,-4.4,-2.66,0.15
111380,There are currently thousands of,5,8,1.6,66.4,5.24,10.0,10.76,7.45,10.2
111381,At their simplest,3,4,1.333,90.99,1.31,1.2,3.33,3.62,9.05
111382,Also,1,2,2.0,36.62,8.4,0.4,-22.2,-2.09,0.05
111383,What is the Alexa Skills,5,7,1.4,83.32,2.88,10.0,1.48,-0.09,10.2
111384,This gives you the ability,5,8,1.6,66.4,5.24,10.0,3.8,1.79,10.2
111385,Some skills are geared towards,5,6,1.2,100.24,0.52,2.0,8.44,5.56,10.2
111386,With Alexa,2,4,2.0,35.61,8.79,20.8,-4.5,0.77,11.63
111387,Yes,1,1,1.0,121.22,-3.4,0.4,-28.0,-6.8,0.05
111388,AI Mode Uses a Different Ranking System Than Traditional Search,10,18,1.8,44.41,9.55,8.0,12.56,9.0,13.61
111390,Suggest follow-up questions or,4,8,2.0,33.58,9.57,11.6,14.5,12.36,15.68
111391,If you're working in,4,5,1.25,97.03,0.72,1.6,0.0,0.59,7.78
111393,Use structured data markup: Product,5,9,1.8,49.48,7.6,2.0,13.08,10.27,16.52
111394,Stick to formats crawlable by,5,7,1.4,83.32,2.88,2.0,7.28,4.62,10.2
111395,Establish and reinforce your entity,5,11,2.2,15.64,12.32,26.0,14.24,10.27,13.36
111396,An implicit bias may counter,5,9,1.8,49.48,7.6,10.0,6.12,3.68,10.2
111397,Challenge your thinking: Implicit personality,5,13,2.6,-18.2,17.04,18.0,24.68,19.69,16.52
111398,Implied links are references or,5,9,1.8,49.48,7.6,10.0,9.6,6.5,13.36
111399,Source Prioritization & Ranking: Crucially,4,12,3.0,-51.02,21.37,21.6,29.0,16.37,19.62
111400,Perplexity Pro excels at fact,5,9,1.8,49.48,7.6,10.0,7.28,4.62,13.36
111401,AI citation tracking is the,5,8,1.6,66.4,5.24,10.0,4.96,2.74,13.36
111402,If users ask about your,5,7,1.4,83.32,2.88,2.0,0.32,-1.03,7.04
111403,Its Prompt Tracking feature is,5,7,1.4,83.32,2.88,2.0,8.44,5.56,13.36
111404,A Google AI Mode visibility,5,9,1.8,49.48,7.6,10.0,4.96,2.74,16.52
111405,Brand mentions — Does the AI,5,6,1.2,100.24,0.52,2.0,3.8,-0.88,13.36
111409,What are Podcast Transcriptions?,4,7,1.75,54.73,6.62,11.6,17.4,14.72,11.73
111410,Audio Isn't Searchable: Search,4,8,2.0,33.58,9.57,11.6,13.05,12.36,11.73
111411,By adding the transcript to,5,7,1.4,83.32,2.88,2.0,4.96,2.74,10.2
111412,Every Word Becomes Searchable: That,5,9,1.8,49.48,7.6,2.0,13.08,10.27,10.2
111413,The AI-generated transcripts are,4,8,2.0,33.58,9.57,11.6,17.4,14.72,11.73
111414,Page Structure: [Episode Title],4,8,2.0,33.58,9.57,11.6,13.05,13.54,11.73
111415,YouTube - In my opinion,4,7,1.75,54.73,6.62,11.6,2.9,-1.53,11.73
111416,Your episode page on your,5,7,1.4,83.32,2.88,10.0,2.64,0.85,7.04
111417,Create topic clusters around key,5,9,1.8,49.48,7.6,2.0,10.76,7.45,13.36
111418,Google can't read your audio or video files,8,12,1.5,71.82,5.23,13.2,5.88,3.77,11.93
111419,Minimal Internal,2,6,3.0,-48.99,20.59,40.8,12.9,14.9,19.53
111421,According to verified pricing data,5,11,2.2,15.64,12.32,18.0,13.08,9.33,16.52
111422,For months,2,2,1.0,120.21,-3.01,0.8,-4.5,0.77,11.63
111423,Adding chapters to your YouTube,5,8,1.6,66.4,5.24,2.0,9.6,6.5,13.36
111424,As YouTube and Google Search,5,6,1.2,100.24,0.52,2.0,6.12,3.68,10.2
111426,Step 1: In your video,5,7,1.4,83.32,2.88,10.0,-3.16,-2.92,10.2
111428,Did you know that chapters,5,6,1.2,100.24,0.52,2.0,3.8,1.79,7.04
111432,Why Manual Chapters Still Matter,5,9,1.8,49.48,7.6,10.0,10.76,7.45,10.2
111433,Use Schema Markup,3,4,1.333,90.99,1.31,1.2,3.33,3.62,14.31
111434,Focus on comprehensive topic coverage,5,12,2.4,-1.28,14.68,18.0,16.56,12.16,16.52
111435,If you see a spike,5,5,1.0,117.16,-1.84,2.0,-5.48,-5.74,0.25
111436,Search engines prioritize quality content,5,12,2.4,-1.28,14.68,18.0,21.2,15.92,16.52
111437,People don't read transcripts,4,6,1.5,75.88,3.67,1.6,13.05,11.18,7.78
111441,Natural Keyword Inclusion: Your transcript,5,11,2.2,15.64,12.32,18.0,21.2,16.87,16.52
111442,Create topic clusters around key,5,9,1.8,49.48,7.6,2.0,10.76,7.45,13.36
111445,AEO targets featured snippets,4,7,1.75,54.73,6.62,1.6,14.5,11.18,19.62
111446,Businesses with strong reputations are,5,10,2.0,32.56,9.96,18.0,17.72,13.1,10.2
111447,So far,2,2,1.0,120.21,-3.01,0.8,-16.1,-8.65,0.1
111448,From what I've seen,4,4,1.0,118.18,-2.23,1.6,-1.45,-0.59,0.2
111449,If you answer a super,5,7,1.4,83.32,2.88,2.0,-2.0,-2.92,7.04
111451,Structured Data: Implementing schema markup,5,11,2.2,15.64,12.32,10.0,22.36,17.81,19.67
111452,It's no longer just about,5,7,1.4,83.32,2.88,2.0,1.48,0.85,7.04
111455,If your brand consistently appears,5,9,1.8,49.48,7.6,10.0,13.08,9.33,13.36
111456,Yes - in the same way,5,5,1.0,117.16,-1.84,2.0,-4.32,-6.37,0.25
111457,Mentions confirm your brand outside,5,8,1.6,66.4,5.24,2.0,14.24,10.27,13.36
111458,Consistent language,2,5,2.5,-6.69,14.69,20.8,21.6,21.96,11.63
111459,"AI models are essentially ""data",5,10,2.0,32.56,9.96,10.0,8.44,6.5,16.52
111461,• Factual Density > Word Count,4,8,2.0,33.58,9.57,21.6,10.15,0.2,11.73
111462,Place expert perspectives in bylines,5,9,1.8,49.48,7.6,10.0,15.4,11.21,13.36
111465,Like traditional search engines,4,8,2.0,33.58,9.57,11.6,17.4,13.54,11.73
111467,"Use question-based headings (""",3,6,2.0,34.59,9.18,14.53,20.73,11.86,14.31
111470,The more frequently your content,5,8,1.6,66.4,5.24,10.0,10.76,7.45,10.2
111471,Ensure your brand is mentioned,5,7,1.4,83.32,2.88,2.0,8.44,5.56,13.36
111472,You can work on building,5,6,1.2,100.24,0.52,2.0,1.48,-0.09,0.25
111473,Precise,1,2,2.0,36.62,8.4,0.4,-4.8,12.04,19.48
111474,Start Manual or Use Advanced,5,8,1.6,66.4,5.24,10.0,6.12,3.68,10.2
111475,As noted by users,4,6,1.5,75.88,3.67,1.6,-2.9,-2.95,11.73
111476,Proactive: It can reach out,5,7,1.4,83.32,2.88,10.0,3.8,2.74,7.04
111477,What is Clawdbot?,3,4,1.333,90.99,1.31,1.2,1.4,3.62,9.05
111479,Tech leaders like David Sacks,5,7,1.4,83.32,2.88,2.0,7.28,4.62,16.52
111480,Manage files,2,3,1.5,77.91,2.89,0.8,1.3,5.48,19.53
111481,Unlike cloud-based,2,4,2.0,35.61,8.79,0.8,15.8,19.6,19.53
111482,Rules and permissions are fully,5,8,1.6,66.4,5.24,10.0,9.6,6.5,10.2
111483,It's being hailed as the,5,6,1.2,100.24,0.52,2.0,0.32,-0.09,7.04
111484,Don't try Clawdbot without,4,6,1.5,75.88,3.67,1.6,8.7,7.65,7.78
111485,The only way to spot,5,6,1.2,100.24,0.52,2.0,-3.16,-3.86,0.25
111487,Data from The Register found,5,8,1.6,66.4,5.24,10.0,6.12,3.68,10.2
111488,Search engine bots are often,5,7,1.4,83.32,2.88,2.0,6.12,3.68,7.04
111490,GrayGalahadReturns,1,6,6.0,-301.78,55.6,40.4,59.0,63.85,19.48
111491,Locate the app you want,5,6,1.2,100.24,0.52,2.0,0.32,-1.03,10.2
111494,Comments Section,2,4,2.0,35.61,8.79,0.8,12.9,14.9,19.53
111495,Select Unrestricted.,2,6,3.0,-48.99,20.59,20.8,21.6,24.31,11.63
111496,The Whisper AI model is,5,7,1.4,83.32,2.88,2.0,0.32,-1.03,10.2
111497,To help you understand how,5,7,1.4,83.32,2.88,2.0,3.8,1.79,0.25
111499,Intent Confidence indicates how well,5,10,2.0,32.56,9.96,18.0,15.4,11.21,13.36
111500,For smart home,3,3,1.0,119.19,-2.62,1.2,-2.47,-1.09,0.15
111501,Podcast transcriptions make it easier,5,10,2.0,32.56,9.96,18.0,16.56,12.16,13.36
111502,Audio is not an ideal,5,8,1.6,66.4,5.24,10.0,-2.0,-2.92,7.04
111503,Topical authority means becoming the,5,12,2.4,-1.28,14.68,18.0,15.4,11.21,10.2
111509,Frase (Best for Answer-First,4,6,1.5,75.88,3.67,11.6,10.15,10.01,11.73
111510,Schema implementation creates a content,5,11,2.2,15.64,12.32,10.0,18.88,14.04,16.52
111512,Unstructured data does not have,5,8,1.6,66.4,5.24,10.0,9.6,6.5,10.2
111513,AI tools don't “read,4,4,1.0,118.18,-2.23,1.6,-1.45,0.59,11.73
111514,You have no way to,5,5,1.0,117.16,-1.84,2.0,-5.48,-5.74,0.25
111515,This is one way you,5,5,1.0,117.16,-1.84,2.0,-4.32,-4.8,0.25
111516,Schema markup provides explicit,4,8,2.0,33.58,9.57,11.6,17.4,13.54,19.62
111517,Generative Engine Optimization (GEO) makes,5,14,2.8,-35.12,19.4,18.0,20.04,16.87,16.52
111518,The chunking problem gets worse,5,6,1.2,100.24,0.52,2.0,9.6,6.5,13.36
111519,AI learns patterns faster and,5,7,1.4,83.32,2.88,2.0,7.28,4.62,16.52
111520,Responses become reliable instead of,5,12,2.4,-1.28,14.68,18.0,15.4,11.21,10.2
111521,To make the transition from,5,7,1.4,83.32,2.88,10.0,4.96,2.74,7.04
111523,The Wolfram plugin is a,5,7,1.4,83.32,2.88,2.0,0.32,-1.03,10.2
111525,Consensus GPT – Replaces the now,5,9,1.8,49.48,7.6,18.0,8.44,2.27,13.36
111526,Canva GPTs take what you,5,5,1.0,117.16,-1.84,2.0,1.48,-0.09,10.2
111527,Zapier's ChatGPT integration is one,5,13,2.6,-18.2,17.04,26.0,13.08,10.27,13.36
111529,To use one of the,5,5,1.0,117.16,-1.84,2.0,-6.64,-6.68,0.25
111530,Link to GPThttps://chat.openai.com/g,3,5,1.667,62.79,5.25,14.53,28.47,33.45,14.31
111531,ChatGPT plugins were fully shut,5,9,1.8,49.48,7.6,10.0,9.6,6.5,10.2
111532,Additionally,1,5,5.0,-217.18,43.8,40.4,24.2,35.59,19.48
111533,It employs various NLP methods,5,9,1.8,49.48,7.6,10.0,8.44,5.56,16.52
111534,In this paper,3,4,1.333,90.99,1.31,1.2,-4.4,-2.66,0.15
111535,Project Euphonia,2,4,2.0,35.61,8.79,0.8,12.9,14.9,19.53
111536,Project Euphonia,2,4,2.0,35.61,8.79,0.8,12.9,14.9,19.53
111537,This research paper introduces a novel approach that leverages machine,10,19,1.9,35.95,10.73,8.0,16.62,12.3,12.03
111538,What powers Alexa+ is a,5,8,1.6,66.4,5.24,10.0,-0.84,-1.03,10.2
111539,Alexa+ can pick up where,5,7,1.4,83.32,2.88,10.0,0.32,-0.09,7.04
111540,For Planning and Scheduling,4,7,1.75,54.73,6.62,11.6,11.6,8.83,11.73
111541,The Alexa Skill Development Service,5,11,2.2,15.64,12.32,18.0,14.24,10.27,13.36
111542,Available in the Analytics section,5,12,2.4,-1.28,14.68,18.0,13.08,9.33,13.36
111543,The next time someone asks,5,6,1.2,100.24,0.52,2.0,3.8,1.79,7.04
111544,LLMs prioritize semantic relevance and,5,12,2.4,-1.28,14.68,26.0,17.72,13.1,16.52
111545,Content structure is critical.,4,8,2.0,33.58,9.57,11.6,14.5,12.36,15.68
111546,what's working for us is,5,6,1.2,100.24,0.52,2.0,0.32,-0.09,7.04
111547,two things that moved the,5,5,1.0,117.16,-1.84,2.0,2.64,0.85,10.2
111549,Reddit,1,2,2.0,36.62,8.4,0.4,-10.6,7.33,19.48
111550,Modern AI models use Retrieval,5,9,1.8,49.48,7.6,10.0,8.44,5.56,16.52
111551,Share of Voice in AI,5,5,1.0,117.16,-1.84,2.0,-3.16,-3.86,7.04
111553,AI share of voice refers,5,6,1.2,100.24,0.52,2.0,1.48,-0.09,10.2
111554,Optimize for citation-worthiness: Create,4,11,2.75,-29.87,18.42,21.6,27.55,24.14,15.68
111555,Improving your brand's AI share,5,7,1.4,83.32,2.88,10.0,8.44,6.5,13.36
111556,Capturing screenshots at this stage,5,8,1.6,66.4,5.24,10.0,14.24,10.27,10.2
111557,Use specialized tools to measure,5,8,1.6,66.4,5.24,10.0,10.76,7.45,10.2
111558,One of the most overlooked,5,7,1.4,83.32,2.88,10.0,3.8,1.79,7.04
111559,You might notice that competitors,5,9,1.8,49.48,7.6,10.0,11.92,8.39,7.04
111560,Many brands write hundreds of,5,7,1.4,83.32,2.88,2.0,7.28,4.62,10.2
111562,Growing your cross-channel visibility,4,10,2.5,-8.72,15.47,11.6,24.65,20.6,15.68
111563,Strategies for improving share of voice,6,10,1.667,59.75,6.42,15.73,12.13,8.26,9.2
111564,To find your topic gaps,5,6,1.2,100.24,0.52,2.0,0.32,-1.03,10.2
111566,NetRanks helps enterprises improve AI,5,9,1.8,49.48,7.6,10.0,16.56,12.16,16.52
111567,HubSpot AEO is the AI,5,6,1.2,100.24,0.52,2.0,-2.0,-2.92,13.36
111568,Improve anchor texts in your,5,7,1.4,83.32,2.88,2.0,6.12,3.68,10.2
111569,It involves running a fixed,5,7,1.4,83.32,2.88,2.0,4.96,2.74,10.2
111570,Step 1: Build your prompt,5,5,1.0,117.16,-1.84,2.0,1.48,0.85,10.2
111572,For the complete methodology including,5,12,2.4,-1.28,14.68,18.0,17.72,13.1,13.36
111573,Cited? (Yes/No),2,3,1.5,77.91,2.89,0.8,-1.6,12.54,19.53
111574,Use monitoring tools (Geneo,4,7,1.75,54.73,6.62,11.6,10.15,8.83,15.68
111575,ChatGPT citation mechanics,3,9,3.0,-50.01,20.98,41.2,20.73,17.75,19.58
111576,Implement at minimum: Organization schema,5,13,2.6,-18.2,17.04,26.0,20.04,15.92,16.52
111577,Remember,1,3,3.0,-47.98,20.2,0.4,1.0,16.75,0.05
111578,Gemini is bad for research,5,8,1.6,66.4,5.24,10.0,3.8,1.79,10.2
111579,“Do not enter anything you,5,8,1.6,66.4,5.24,2.0,2.64,1.79,0.25
111580,Key Takeaways,2,2,1.0,120.21,-3.01,0.8,4.2,7.83,11.63
111581,From legal contracts and personal,5,9,1.8,49.48,7.6,10.0,11.92,8.39,13.36
111584,Photographs and other visual records,5,11,2.2,15.64,12.32,18.0,15.4,11.21,13.36
111585,diaries,1,3,3.0,-47.98,20.2,40.4,-4.8,12.04,19.48
111586,How and why to prioritize brand mentions,7,11,1.571,66.79,5.68,8.51,8.14,4.95,10.75
111587,Linked Mentions – A linked mention,5,7,1.4,83.32,2.88,2.0,10.76,3.83,16.52
111588,“comprehensive and trusted” — shapes,4,8,2.0,33.58,9.57,11.6,18.85,10.71,15.68
111589,Resource roundups and listicles: Make,5,7,1.4,83.32,2.88,2.0,15.4,12.16,13.36
111591,Data Freshness: While older models,5,9,1.8,49.48,7.6,2.0,11.92,9.33,16.52
111592,All information in Wikidata (and,5,8,1.6,66.4,5.24,10.0,9.6,7.45,10.2
111593,A triple can be viewed,5,6,1.2,100.24,0.52,2.0,-0.84,-1.97,10.2
111594,For example,2,4,2.0,35.61,8.79,20.8,-1.6,3.12,11.63
111599,What it is: Treat each,5,5,1.0,117.16,-1.84,2.0,-2.0,-1.97,0.25
111600,Under Settings > General,3,7,2.333,6.39,13.11,1.2,13.0,4.8,9.05
111601,Browse to Gemini's Memory Import,5,10,2.0,32.56,9.96,18.0,9.6,7.45,16.52
111602,Google Gemini Shortcuts remove friction,5,10,2.0,32.56,9.96,10.0,18.88,14.04,16.52
111603,Google Gemini Shortcuts include pro,5,9,1.8,49.48,7.6,10.0,14.24,10.27,19.67
111604,Prompt to turn PDFs into Games,6,8,1.333,87.95,2.48,2.4,3.43,1.2,11.83
111605,Research specific questions in your,5,9,1.8,49.48,7.6,10.0,14.24,10.27,13.36
111606,Write Comprehensive Answers to Common Questions,6,12,2.0,31.55,10.35,9.07,19.87,14.54,14.46
111607,Map your content into distinct,5,8,1.6,66.4,5.24,2.0,8.44,5.56,10.2
111608,You can block bots by,5,5,1.0,117.16,-1.84,2.0,-2.0,-2.92,7.04
111609,Google Extended is a control,5,8,1.6,66.4,5.24,10.0,6.12,3.68,13.36
111610,Glenn Gabe posted a screenshot,5,7,1.4,83.32,2.88,2.0,8.44,5.56,16.52
111611,Google explained that SGE is,5,6,1.2,100.24,0.52,2.0,6.12,3.68,13.36
111612,If Gemini has already trained,5,9,1.8,49.48,7.6,10.0,7.28,4.62,10.2
111613,The VR scenarios were designed,5,9,1.8,49.48,7.6,10.0,8.44,5.56,13.36
111614,Unlike older generations who experienced,5,13,2.6,-18.2,17.04,18.0,20.04,14.98,16.52
111615,Third,1,1,1.0,121.22,-3.4,0.4,-16.4,2.62,0.05
111616,The Paper-based Health Information,4,8,2.0,33.58,9.57,11.6,20.3,17.07,11.73
111618,The Business in 60 Seconds,5,7,1.4,83.32,2.88,2.0,3.8,1.79,10.2
111619,CEO Steve Huffman described the,5,7,1.4,83.32,2.88,2.0,9.6,6.5,16.52
111621,GummySearch's shutdown in November 2025,5,8,1.6,66.4,5.24,2.0,17.72,14.04,13.36
111622,Leading with a clear answer,5,7,1.4,83.32,2.88,2.0,4.96,2.74,7.04
111623,I optimize for AI search,5,7,1.4,83.32,2.88,10.0,1.48,-0.09,10.2
111624,NeedleworkerSmart486,1,4,4.0,-132.58,32.0,40.4,70.6,73.27,19.48
111625,Penji-marketing,1,4,4.0,-132.58,32.0,40.4,35.8,49.72,19.48
111626,Basically,1,3,3.0,-47.98,20.2,40.4,6.8,21.46,19.48
111627,In the ChatGPT Search analysis,5,10,2.0,32.56,9.96,18.0,8.44,5.56,10.2
111628,Brand mentions drive visibility.,4,9,2.25,12.43,12.52,11.6,17.4,14.72,15.68
111630,Use tools like Wortliga or,5,6,1.2,100.24,0.52,2.0,3.8,1.79,10.2
111632,Key Takeaways,2,2,1.0,120.21,-3.01,0.8,4.2,7.83,11.63
111633,I also strengthen entity and,5,9,1.8,49.48,7.6,10.0,6.12,3.68,10.2
111634,• 2mo ago,2,3,1.5,77.91,2.89,0.8,-13.2,-9.44,11.63
111635,If you've spent any,4,5,1.25,97.03,0.72,1.6,-1.45,-0.59,0.2
111637,A screenshot of the Claude,5,6,1.2,100.24,0.52,2.0,3.8,1.79,10.2
111638,Claude Cowork is Anthropic's answer,5,8,1.6,66.4,5.24,10.0,13.08,10.27,13.36
111639,And if it's not longer,5,6,1.2,100.24,0.52,2.0,-2.0,-1.97,7.04
111640,Back in 2013 featured snippets,5,7,1.4,83.32,2.88,2.0,8.44,5.56,13.36
111641,"Officially ""Featured Snippets""",3,8,2.667,-21.81,17.05,14.53,24.6,24.03,19.58
111643,Google also explained that featured,5,8,1.6,66.4,5.24,2.0,14.24,10.27,13.36
111644,In January 2020,3,6,2.0,34.59,9.18,1.2,-0.53,0.48,9.05
111645,Unlike traditional featured snippets that,5,11,2.2,15.64,12.32,10.0,21.2,15.92,16.52
111646,Perplexity citations aren't just,4,10,2.5,-8.72,15.47,21.6,17.4,14.72,11.73
111647,If you implement these steps,5,7,1.4,83.32,2.88,10.0,6.12,3.68,10.2
111648,Perplexity can cite new content,5,9,1.8,49.48,7.6,10.0,9.6,6.5,13.36
111649,Content freshness is arguably the,5,10,2.0,32.56,9.96,10.0,11.92,8.39,13.36
111650,A trial can begin only,5,8,1.6,66.4,5.24,2.0,-0.84,-1.97,7.04
111651,In that environment,3,6,2.0,34.59,9.18,14.53,7.2,6.76,9.05
111653,Clients often face difficult situations,5,12,2.4,-1.28,14.68,18.0,18.88,14.04,13.36
111654,While broad terms like “family,5,7,1.4,83.32,2.88,2.0,7.28,5.56,7.04
111655,Because the majority of the,5,9,1.8,49.48,7.6,10.0,4.96,2.74,7.04
111656,Optimizing GBP's to Address Proximity,5,12,2.4,-1.28,14.68,18.0,15.4,12.16,13.36
111657,We have,2,2,1.0,120.21,-3.01,0.8,-13.2,-6.3,0.1
111659,Law is a Your Money,5,6,1.2,100.24,0.52,2.0,-4.32,-4.8,0.25
111660,Through our search analysis for,5,9,1.8,49.48,7.6,10.0,9.6,6.5,7.04
111661,Effective Content Strategies,3,8,2.667,-21.81,17.05,27.87,24.6,20.89,19.58
111662,What technical SEO aspects are,5,9,1.8,49.48,7.6,10.0,8.44,5.56,13.36
111664,Family law is mobile-heavy,4,8,2.0,33.58,9.57,11.6,8.7,7.65,7.78
111665,If you win an award,5,6,1.2,100.24,0.52,2.0,-4.32,-4.8,7.04
111666,When approaching legal awards,4,8,2.0,33.58,9.57,11.6,14.5,11.18,15.68
111668,Judging panels of awarding bodies,5,10,2.0,32.56,9.96,10.0,11.92,8.39,13.36
111670,Specific Achievements: Highlight particular cases,5,14,2.8,-35.12,19.4,26.0,29.32,23.46,19.67
111673,Claude (Anthropic) has a similar,5,9,1.8,49.48,7.6,18.0,8.44,7.45,13.36
111674,The AI tool can outline,5,6,1.2,100.24,0.52,2.0,0.32,-1.03,7.04
111675,Lawyers can use it to,5,6,1.2,100.24,0.52,2.0,-2.0,-2.92,7.04
111676,Pros and Cons of Using Gemini for Legal Workflows,9,14,1.556,66.1,6.28,8.04,7.33,4.53,14.61
111677,Gemini can enhance legal workflows,5,10,2.0,32.56,9.96,10.0,13.08,9.33,16.52
111678,It can also adjust tone,5,7,1.4,83.32,2.88,2.0,0.32,-1.03,7.04
111680,Book,1,1,1.0,121.22,-3.4,0.4,-22.2,-2.09,0.05
111681,Various factors influence how quickly,5,11,2.2,15.64,12.32,18.0,16.56,12.16,13.36
111682,If your law firm has,5,5,1.0,117.16,-1.84,2.0,-3.16,-3.86,7.04
111685,Populate it even for service,5,9,1.8,49.48,7.6,10.0,6.12,3.68,7.04
111686,Google Business Profile creation has,5,9,1.8,49.48,7.6,10.0,15.4,11.21,13.36
111687,Record one continuous,3,7,2.333,6.39,13.11,14.53,11.07,9.9,9.05
111688,You can talk about FAQs,5,6,1.2,100.24,0.52,2.0,0.32,-1.03,7.04
111689,By 2026,2,2,1.0,120.21,-3.01,0.8,-13.2,-6.3,11.63
111691,The next evolution in legal,5,9,1.8,49.48,7.6,10.0,4.96,2.74,10.2
111692,“In 2026,2,2,1.0,120.21,-3.01,0.8,-13.2,-3.95,11.63
111693,As Samuel Smolkin,3,4,1.333,90.99,1.31,1.2,3.33,3.62,14.31
111694,Legal research tools have advanced,5,8,1.6,66.4,5.24,2.0,13.08,9.33,16.52
111695,By 2026,2,2,1.0,120.21,-3.01,0.8,-13.2,-6.3,11.63
111697,In Europe,2,3,1.5,77.91,2.89,0.8,-7.4,-1.59,11.63
111699,85% of legal departments now,5,8,1.6,66.4,5.24,10.0,4.96,3.68,13.36
111700,For each pillar,3,4,1.333,90.99,1.31,1.2,-0.53,0.48,9.05
111701,The Setup: Create one massive,5,8,1.6,66.4,5.24,2.0,6.12,4.62,13.36
111703,If you specialize in personal,5,9,1.8,49.48,7.6,18.0,7.28,4.62,10.2
111704,Action: Use structured data and,5,8,1.6,66.4,5.24,2.0,8.44,6.5,13.36
111706,Google Screened is a badge,5,5,1.0,117.16,-1.84,2.0,3.8,1.79,10.2
111707,Why Content Creation Frequency Matters,5,11,2.2,15.64,12.32,18.0,17.72,13.1,16.52
111708,Maintaining a consistent posting schedule,5,11,2.2,15.64,12.32,18.0,21.2,15.92,16.52
111709,It goes back to site,5,5,1.0,117.16,-1.84,2.0,-3.16,-3.86,7.04
111710,99% of all private practice,5,7,1.4,83.32,2.88,2.0,3.8,2.74,13.36
111711,The more content you create,5,7,1.4,83.32,2.88,2.0,4.96,2.74,10.2
111712,Perplexity AI has entered the,5,9,1.8,49.48,7.6,10.0,7.28,4.62,13.36
111713,Unlike ChatGPT (which generates answers,5,11,2.2,15.64,12.32,18.0,17.72,14.04,16.52
111714,High-Risk Non-Compliant Actions,3,7,2.333,6.39,13.11,14.53,26.53,25.6,19.58
111716,What makes Perplexity uniquely valuable,5,12,2.4,-1.28,14.68,18.0,18.88,14.04,13.36
111717,Our testing indicates that explicit,5,11,2.2,15.64,12.32,18.0,14.24,10.27,13.36
111718,Perplexity might attribute a dissent's,5,11,2.2,15.64,12.32,18.0,16.56,13.1,13.36
111719,Team Scaling: Enterprise users add,5,9,1.8,49.48,7.6,10.0,11.92,9.33,13.36
111721,Supervisory Liability When Using Perplexity,5,17,3.4,-85.88,26.48,26.0,23.52,17.81,16.52
111722,Perplexity helps attorneys quickly orient,5,13,2.6,-18.2,17.04,26.0,21.2,15.92,16.52
111723,LSAs capture trust-driven leads,4,6,1.5,75.88,3.67,1.6,15.95,13.54,19.62
111724,Pay for Leads,3,3,1.0,119.19,-2.62,1.2,-4.4,-2.66,9.05
111725,Google Screened is a program,5,6,1.2,100.24,0.52,2.0,6.12,3.68,13.36
111726,Law firms must register as,5,7,1.4,83.32,2.88,10.0,3.8,1.79,10.2
111727,Pay-Per-Lead Model –,2,4,2.0,35.61,8.79,0.8,12.9,7.83,19.53
111728,Whether you specialize in personal,5,10,2.0,32.56,9.96,18.0,13.08,9.33,13.36
111729,The smart approach is using,5,7,1.4,83.32,2.88,2.0,4.96,2.74,10.2
111730,Think of retargeting like putting,5,9,1.8,49.48,7.6,10.0,11.92,8.39,7.04
111731,Work with ad vendors who,5,6,1.2,100.24,0.52,2.0,1.48,-0.09,10.2
111732,LinkedIn Ads is a powerful,5,8,1.6,66.4,5.24,2.0,3.8,1.79,10.2
111733,LinkedIn Ads are tailored for,5,7,1.4,83.32,2.88,2.0,7.28,4.62,13.36
111735,LinkedIn advertising works so well,5,9,1.8,49.48,7.6,10.0,13.08,9.33,13.36
111736,While other social networks are,5,8,1.6,66.4,5.24,2.0,9.6,6.5,10.2
111737,Builds Credibility: Regularly publishing legal,5,15,3.0,-52.04,21.76,26.0,25.84,20.63,19.67
111738,Message ads can also be,5,7,1.4,83.32,2.88,2.0,0.32,-1.03,7.04
111739,Website retargeting: Serve ads to,5,9,1.8,49.48,7.6,10.0,10.76,8.39,13.36
111740,These allow users to submit,5,8,1.6,66.4,5.24,2.0,4.96,2.74,10.2
111741,Short-form video: Lawyers who,4,8,2.0,33.58,9.57,11.6,11.6,11.18,15.68
111742,For law firms whose ideal,5,6,1.2,100.24,0.52,2.0,2.64,0.85,7.04
111743,Target Specific Demographics: LinkedIn Ads,5,12,2.4,-1.28,14.68,18.0,21.2,16.87,19.67
111744,One of the primary drawbacks,5,8,1.6,66.4,5.24,10.0,6.12,3.68,10.2
111745,LinkedIn Ads for Law Firms,5,6,1.2,100.24,0.52,2.0,3.8,1.79,13.36
111748,If reach is what you,5,5,1.0,117.16,-1.84,2.0,-3.16,-3.86,0.25
111749,Use the Facebook Pixel on,5,7,1.4,83.32,2.88,2.0,2.64,0.85,10.2
111750,Don't do data entry,4,6,1.5,75.88,3.67,1.6,-1.45,-0.59,11.73
111751,Automated data integration: Patient information,5,16,3.2,-68.96,24.12,26.0,27.0,21.58,19.67
111752,Twitter for lawyers is a little more informal than LinkedIn,10,16,1.6,61.33,7.19,8.0,10.24,7.12,10.45
111753,Your message will depend on,5,7,1.4,83.32,2.88,2.0,4.96,2.74,0.25
111754,For instance,2,3,1.5,77.91,2.89,0.8,1.3,5.48,11.63
111755,We recommend building real relationships,5,11,2.2,15.64,12.32,18.0,20.04,14.98,10.2
111757,Finally,1,3,3.0,-47.98,20.2,0.4,-4.8,12.04,0.05
111759,In the legal sector,4,6,1.5,75.88,3.67,1.6,0.0,-0.59,11.73
111760,Speed-to-Lead – Research,2,3,1.5,77.91,2.89,0.8,24.5,14.11,19.53
111761,A firm may spend thousands,5,6,1.2,100.24,0.52,2.0,3.8,1.79,10.2
111762,LinkedIn Ads for Law Firms,5,6,1.2,100.24,0.52,2.0,3.8,1.79,13.36
111763,LinkedIn Ads is a powerful,5,8,1.6,66.4,5.24,2.0,3.8,1.79,10.2
111764,For law firms whose ideal,5,6,1.2,100.24,0.52,2.0,2.64,0.85,7.04
111765,Company size: Target SMEs with,5,8,1.6,66.4,5.24,2.0,7.28,5.56,10.2
111766,You can target based on job experience,7,11,1.571,66.79,5.68,8.51,6.49,3.6,10.75
111767,Promote High-Value Content: Use,4,7,1.75,54.73,6.62,1.6,14.5,13.54,15.68
111769,Create your first document carousel,5,10,2.0,32.56,9.96,18.0,14.24,10.27,13.36
111770,Short-form video: Lawyers who,4,8,2.0,33.58,9.57,11.6,11.6,11.18,15.68
111771,One niche scholarship we assist,5,8,1.6,66.4,5.24,10.0,9.6,6.5,13.36
111772,In addition,2,4,2.0,35.61,8.79,20.8,-1.6,3.12,11.63
111773,Increased regulation and transparency requirements,5,14,2.8,-35.12,19.4,26.0,31.64,24.4,16.52
111774,Under the law,3,4,1.333,90.99,1.31,1.2,-4.4,-2.66,0.15
111775,Marketers are encouraged to ensure,5,10,2.0,32.56,9.96,18.0,13.08,9.33,13.36
111776,The Algorithmic Pricing Disclosure Act,5,9,1.8,49.48,7.6,10.0,17.72,13.1,13.36
111777,Standards are evolving,3,6,2.0,34.59,9.18,14.53,13.0,11.47,14.31
111778,Companies are offering consumers an,5,11,2.2,15.64,12.32,26.0,14.24,10.27,13.36
111779,The ethical concerns around AI,5,9,1.8,49.48,7.6,10.0,8.44,5.56,13.36
111780,Hold Platforms Accountable,3,7,2.333,6.39,13.11,14.53,20.73,17.75,14.31
111781,Surveys that do not replicate,5,8,1.6,66.4,5.24,10.0,7.28,4.62,10.2
111782,In 2026,2,2,1.0,120.21,-3.01,0.8,-13.2,-6.3,11.63
111783,The FTC's Consumer Review Rule,5,8,1.6,66.4,5.24,10.0,7.28,5.56,10.2
111784,The platform tracks how law,5,6,1.2,100.24,0.52,2.0,4.96,2.74,7.04
111785,Generative Engine Optimization for law,5,13,2.6,-18.2,17.04,18.0,17.72,13.1,10.2
111786,The key difference from traditional,5,10,2.0,32.56,9.96,10.0,14.24,10.27,7.04
111787,That means law firm marketing,5,7,1.4,83.32,2.88,10.0,7.28,4.62,10.2
111788,AI platforms build their understanding,5,9,1.8,49.48,7.6,10.0,17.72,13.1,13.36
111789,But AI also looks at,5,6,1.2,100.24,0.52,2.0,-3.16,-3.86,10.2
111790,Established trust within the legal,5,9,1.8,49.48,7.6,10.0,13.08,9.33,13.36
111791,Unlike traditional search engines that,5,10,2.0,32.56,9.96,10.0,17.72,13.1,13.36
111792,But emerging research and observed,5,9,1.8,49.48,7.6,10.0,13.08,9.33,13.36
111793,Smaller or under-resourced firms,4,8,2.0,33.58,9.57,11.6,17.4,14.72,15.68
111794,Ultimately,1,4,4.0,-132.58,32.0,40.4,12.6,26.17,19.48
111795,Mobile Optimization is,3,8,2.667,-21.81,17.05,14.53,13.0,11.47,14.31
111796,Search engine algorithms favor fast,5,10,2.0,32.56,9.96,10.0,14.24,10.27,7.04
111797,Google's mobile-first indexing means,4,8,2.0,33.58,9.57,21.6,21.75,19.43,15.68
111798,Websites that are not optimizing,5,9,1.8,49.48,7.6,10.0,10.76,7.45,10.2
111799,Our cost-per-lead dropped,3,6,2.0,34.59,9.18,14.53,14.93,16.18,14.31
111800,The website also states that,5,7,1.4,83.32,2.88,2.0,6.12,3.68,7.04
111801,When a potential client asks ChatGPT,6,11,1.833,45.65,8.38,15.73,9.23,5.91,14.46
111802,Verison,1,3,3.0,-47.98,20.2,40.4,-4.8,12.04,19.48
111803,The Enterprise level also offers,5,10,2.0,32.56,9.96,10.0,10.76,7.45,10.2
111804,Gemini for Workspace: This is,5,8,1.6,66.4,5.24,10.0,6.12,4.62,10.2
111806,The most common are skippable,5,7,1.4,83.32,2.88,2.0,7.28,4.62,10.2
111807,Call Forward Lawyer Marketing To,5,9,1.8,49.48,7.6,10.0,10.76,7.45,7.04
111808,For legal professionals,3,7,2.333,6.39,13.11,14.53,14.93,13.04,14.31
111809,You've probably used Claude,4,6,1.5,75.88,3.67,11.6,10.15,8.83,11.73
111810,Heppner,1,2,2.0,36.62,8.4,0.4,-4.8,12.04,19.48
111811,These features,2,3,1.5,77.91,2.89,0.8,7.1,10.18,11.63
111812,Professional-grade AI solutions like CoCounsel Legal recognize that legal,9,20,2.222,9.7,14.14,16.93,22.16,17.09,16.36
111813,Perhaps you work in the,5,6,1.2,100.24,0.52,2.0,0.32,-1.03,0.25
111815,Clients and attorneys should refrain,5,9,1.8,49.48,7.6,10.0,15.4,11.21,13.36
111817,These experiences are accelerating the,5,13,2.6,-18.2,17.04,18.0,17.72,13.1,10.2
111818,GEO isn't just another,4,8,2.0,33.58,9.57,1.6,2.9,2.94,7.78
111819,Humanity is Your Competitive Advantage,5,13,2.6,-18.2,17.04,26.0,17.72,13.1,13.36
111820,Social Media,2,5,2.5,-6.69,14.69,20.8,1.3,5.48,19.53
111821,Video is the New Search,5,7,1.4,83.32,2.88,10.0,0.32,-1.03,7.04
111823,62% of legal departments believe,5,9,1.8,49.48,7.6,10.0,9.6,7.45,13.36
111824,Abstract,1,2,2.0,36.62,8.4,0.4,1.0,16.75,19.48
111825,We find that a zero,5,6,1.2,100.24,0.52,2.0,-4.32,-4.8,7.04
111826,Zero pricing triggers both positive,5,10,2.0,32.56,9.96,10.0,14.24,10.27,16.52
111827,The boomerang effect of zero,5,9,1.8,49.48,7.6,10.0,6.12,3.68,13.36
111828,Culturally relevant messaging,3,10,3.333,-78.21,24.91,41.2,26.53,22.46,19.58
111830,That is,2,2,1.0,120.21,-3.01,0.8,-13.2,-6.3,0.1
111831,Deborah Williamson quoted in the,5,10,2.0,32.56,9.96,18.0,10.76,7.45,13.36
111832,Electronic filing: Transmit documents digitally,5,15,3.0,-52.04,21.76,26.0,27.0,21.58,19.67
111834,The failure to perfect a,5,7,1.4,83.32,2.88,2.0,1.48,-0.09,10.2
111835,Additionally,1,5,5.0,-217.18,43.8,40.4,24.2,35.59,19.48
111836,Bankruptcy activity is expected to remain elevated in 2026 as,10,21,2.1,19.03,13.09,20.0,11.4,8.06,12.03
111837,Mortgage defaults are not expected,5,9,1.8,49.48,7.6,10.0,13.08,9.33,13.36
111839,LawRank: Known for a “pure,5,5,1.0,117.16,-1.84,2.0,1.48,1.79,7.04
111840,AttorneySync: Focuses heavily on “Truth,5,12,2.4,-1.28,14.68,26.0,16.56,14.04,13.36
111841,The most important part of,5,7,1.4,83.32,2.88,2.0,3.8,1.79,0.25
111842,Building a high-performance law,4,8,2.0,33.58,9.57,11.6,15.95,13.54,7.78
111843,Surgical Keyword Targeting,3,8,2.667,-21.81,17.05,27.87,20.73,17.75,19.58
111844,To make a contact button,5,7,1.4,83.32,2.88,2.0,1.48,-0.09,7.04
111845,One accessibility point most law,5,10,2.0,32.56,9.96,10.0,10.76,7.45,7.04
111846,To avoid paying for junk,5,7,1.4,83.32,2.88,2.0,1.48,-0.09,10.2
111847,A modern PPC agency for,5,8,1.6,66.4,5.24,10.0,0.32,-1.03,13.36
111851,Conclusion,1,3,3.0,-47.98,20.2,40.4,12.6,26.17,19.48
111852,It can help with writer's,5,6,1.2,100.24,0.52,2.0,1.48,0.85,7.04
111853,ChatGPT for Lawyers: Maximize Your Time,6,11,1.833,45.65,8.38,15.73,11.17,8.26,11.83
111854,Sign up for WhatMatters to,5,7,1.4,83.32,2.88,10.0,3.8,1.79,7.04
111855,Another hurdle is understanding how,5,11,2.2,15.64,12.32,10.0,14.24,10.27,10.2
111856,For instance,2,3,1.5,77.91,2.89,0.8,1.3,5.48,11.63
111857,Jurisdiction confusion - Like the spelling,5,11,2.2,15.64,12.32,18.0,20.04,10.12,10.2
111858,Search engines need weeks or,5,6,1.2,100.24,0.52,2.0,6.12,3.68,10.2
111859,QualifyAI (Beta) for AI lead,5,8,1.6,66.4,5.24,10.0,3.8,3.68,13.36
111861,7:15 – Send one link,4,4,1.0,118.18,-2.23,1.6,-2.9,-4.36,11.73
111863,Archie AI can help lawyers,5,7,1.4,83.32,2.88,2.0,3.8,1.79,13.36
111865,Table of contents,3,5,1.667,62.79,5.25,1.2,3.33,3.62,9.05
111867,The Biggest Mistake in Law Firm Video Marketing,8,14,1.75,50.67,8.18,13.2,9.5,6.12,11.93
111868,The strategy is the script,5,7,1.4,83.32,2.88,10.0,3.8,1.79,10.2
111869,YouTube is the second largest,5,8,1.6,66.4,5.24,2.0,7.28,4.62,10.2
111870,FAQ videos,2,4,2.0,35.61,8.79,20.8,-4.5,0.77,19.53
111871,Creating a Video Strategy That Actually Works,7,16,2.286,6.36,14.11,25.66,12.29,8.31,15.26
111872,A scripted attorney reads like,5,8,1.6,66.4,5.24,10.0,8.44,5.56,13.36
111873,Seth Horowitz,2,4,2.0,35.61,8.79,20.8,4.2,7.83,19.53
111875,In exchange for bidding on,5,7,1.4,83.32,2.88,2.0,3.8,1.79,7.04
111877,Twitter for lawyers is a little more informal than LinkedIn,10,16,1.6,61.33,7.19,8.0,10.24,7.12,10.45
111878,It is also very brand,5,7,1.4,83.32,2.88,2.0,-2.0,-2.92,7.04
111879,One way to think of,5,5,1.0,117.16,-1.84,2.0,-4.32,-4.8,0.25
111880,The platform also enables firms,5,9,1.8,49.48,7.6,10.0,9.6,6.5,10.2
111881,A personal tweet,3,5,1.667,62.79,5.25,14.53,1.4,2.05,14.31
111882,For instance,2,3,1.5,77.91,2.89,0.8,1.3,5.48,11.63
111883,Conduct Competitor Analysis: Twitter allows,5,14,2.8,-35.12,19.4,18.0,22.36,17.81,19.67
111884,Generative Engine Optimization for law,5,13,2.6,-18.2,17.04,18.0,17.72,13.1,10.2
111885,Chambers,1,2,2.0,36.62,8.4,0.4,1.0,16.75,19.48
111886,Ratings – authoritative professional scores on,5,13,2.6,-18.2,17.04,18.0,24.68,13.25,16.52
111887,Recognitions – peer-awarded legal honors,4,11,2.75,-29.87,18.42,21.6,26.1,14.48,19.62
111888,Maintain consistent information – Keep your,5,11,2.2,15.64,12.32,18.0,21.2,10.9,13.36
111889,Make Your Content More Retrievable,5,8,1.6,66.4,5.24,10.0,13.08,9.33,10.2
111890,Write explicit answers near the,5,8,1.6,66.4,5.24,10.0,9.6,6.5,10.2
111891,Implementing FAQ schema,3,6,2.0,34.59,9.18,14.53,14.93,13.04,19.58
111892,From a retrieval standpoint,4,7,1.75,54.73,6.62,11.6,11.6,8.83,11.73
111893,A firm with a Knowledge,5,6,1.2,100.24,0.52,2.0,0.32,-1.03,10.2
111894,In 2026,2,2,1.0,120.21,-3.01,0.8,-13.2,-6.3,11.63
111895,If someone is injured or,5,7,1.4,83.32,2.88,2.0,1.48,-0.09,7.04
111896,In Vermont you can be,5,6,1.2,100.24,0.52,2.0,-2.0,-2.92,7.04
111897,Section 12 of the Legal,5,7,1.4,83.32,2.88,2.0,0.32,-1.03,13.36
111898,One of the most popular,5,7,1.4,83.32,2.88,10.0,0.32,-1.03,7.04
111899,law,1,1,1.0,121.22,-3.4,0.4,-28.0,-6.8,0.05
111900,Hosted by practicing trial lawyer,5,10,2.0,32.56,9.96,10.0,11.92,8.39,13.36
111902,The show where I dig,5,5,1.0,117.16,-1.84,2.0,-3.16,-3.86,0.25
111904,YouTube Subscribers 1.4MTwitter,3,8,2.667,-21.81,17.05,27.87,28.47,25.6,19.58
111907,Employee Advocacy: Multiplying Your Reach,5,13,2.6,-18.2,17.04,26.0,20.04,15.92,13.36
111908,A firm with the better,5,6,1.2,100.24,0.52,2.0,-0.84,-1.97,7.04
111909,GBP visibility is based on,5,9,1.8,49.48,7.6,10.0,3.8,1.79,13.36
111910,The businesses at the biggest,5,8,1.6,66.4,5.24,10.0,7.28,4.62,10.2
111913,Often,1,2,2.0,36.62,8.4,0.4,-16.4,2.62,0.05
111915,Ensure your profile includes accurate,5,10,2.0,32.56,9.96,10.0,16.56,12.16,16.52
111917,Photos and videos,3,6,2.0,34.59,9.18,14.53,3.33,3.62,14.31
111918,They don't just think,4,4,1.0,118.18,-2.23,1.6,1.45,1.77,0.2
111919,How often you post content,5,7,1.4,83.32,2.88,2.0,3.8,1.79,7.04
111920,Structured data ensures that your,5,8,1.6,66.4,5.24,2.0,11.92,8.39,13.36
111921,Action: Use structured data and,5,8,1.6,66.4,5.24,2.0,8.44,6.5,13.36
111922,Long-Form,1,2,2.0,36.62,8.4,0.4,1.0,21.46,19.48
111923,Since keyword efficacy can vary,5,10,2.0,32.56,9.96,10.0,9.6,6.5,13.36
111924,If you aren't on,4,5,1.25,97.03,0.72,1.6,-5.8,-4.12,0.2
111925,Even if a piece of,5,6,1.2,100.24,0.52,2.0,-5.48,-5.74,0.25
111926,Law firms use digital tools,5,7,1.4,83.32,2.88,10.0,4.96,2.74,13.36
111927,Boosting SEO value,3,6,2.0,34.59,9.18,1.2,5.27,5.19,14.31
111928,Review Velocity—the frequency at,4,9,2.25,12.43,12.52,21.6,17.4,14.72,11.73
111930,Price Sensitivity: Clients are willing,5,11,2.2,15.64,12.32,10.0,16.56,13.1,10.2
111931,Social Proof.,2,3,1.5,77.91,2.89,0.8,1.3,7.83,19.53
111932,Social Proof.,2,3,1.5,77.91,2.89,0.8,1.3,7.83,19.53
111933,It includes review generation and,5,10,2.0,32.56,9.96,10.0,11.92,8.39,10.2
111934,We call this reputation insurance,5,10,2.0,32.56,9.96,18.0,11.92,8.39,10.2
111935,Lawyer reputation management is a,5,11,2.2,15.64,12.32,18.0,11.92,8.39,10.2
111936,Under Model Rule 1.6 (Confidentiality,5,13,2.6,-18.2,17.04,10.0,14.24,12.16,13.36
111937,Writing review responses that build,5,9,1.8,49.48,7.6,10.0,14.24,10.27,7.04
111939,In some states,3,3,1.0,119.19,-2.62,1.2,-2.47,-1.09,0.15
111940,Overview Summary,2,6,3.0,-48.99,20.59,40.8,12.9,14.9,19.53
111943,Where do I sign up,5,5,1.0,117.16,-1.84,2.0,-5.48,-5.74,0.25
111944,This can sound daunting,4,5,1.25,97.03,0.72,1.6,5.8,4.12,7.78
111945,You can follow hashtags on,5,7,1.4,83.32,2.88,2.0,3.8,1.79,7.04
111946,There are no ads and,5,5,1.0,117.16,-1.84,2.0,-3.16,-3.86,7.04
111947,For multiple word hashtags,4,7,1.75,54.73,6.62,11.6,10.15,7.65,11.73
111948,StreetPass,1,2,2.0,36.62,8.4,0.4,12.6,26.17,19.48
111950,LocalBusiness: This one is essential,5,10,2.0,32.56,9.96,18.0,14.24,11.21,10.2
111952,Basic Onboarding,2,5,2.5,-6.69,14.69,20.8,12.9,14.9,19.53
111953,This means that if you,5,5,1.0,117.16,-1.84,2.0,-0.84,-1.97,0.25
111954,It can be helpful to,5,6,1.2,100.24,0.52,2.0,-3.16,-3.86,0.25
111955,Drive Audience Engagement: Twitter allows,5,11,2.2,15.64,12.32,18.0,20.04,15.92,16.52
111956,X encourages rapid-fire,3,8,2.667,-21.81,17.05,27.87,13.0,13.04,19.58
111958,Twitter is free.,3,4,1.333,90.99,1.31,1.2,-0.53,2.05,9.05
111960,And,1,1,1.0,121.22,-3.4,0.4,-28.0,-6.8,0.05
111961,In addition,2,4,2.0,35.61,8.79,20.8,-1.6,3.12,11.63
111962,Yes!,1,1,1.0,121.22,-3.4,0.4,-28.0,-2.09,0.05
111963,Please review all contact and,5,7,1.4,83.32,2.88,2.0,7.28,4.62,7.04
111964,If your profile page does,5,6,1.2,100.24,0.52,2.0,2.64,0.85,7.04
111965,How Can I Add/Update,4,6,1.5,75.88,3.67,11.6,0.0,0.59,7.78
111966,The Rising Stars selection process,5,9,1.8,49.48,7.6,10.0,13.08,9.33,13.36
111967,No.,1,1,1.0,121.22,-3.4,0.4,-33.8,-6.8,0.05
111968,Attorney selected to a Super Lawyers list,7,13,1.857,42.62,9.05,14.23,8.97,5.62,13.01
111969,An estate plan should contain,5,7,1.4,83.32,2.88,2.0,7.28,4.62,10.2
111970,A last will and testament,5,7,1.4,83.32,2.88,10.0,2.64,0.85,7.04
111971,A POA is an important,5,7,1.4,83.32,2.88,2.0,-2.0,-2.92,7.04
111972,Step 1: Set your estate,5,6,1.2,100.24,0.52,2.0,-0.84,-1.03,10.2
111973,By specifying beneficiaries,3,11,3.667,-106.41,28.85,27.87,22.67,19.32,14.31
111976,By taking stock of everything,5,8,1.6,66.4,5.24,2.0,7.28,4.62,0.25
111977,Working with an estate planning attorney and a financial advisor,10,19,1.9,35.95,10.73,16.0,13.14,9.48,13.61
111979,In the realm of legal,5,6,1.2,100.24,0.52,2.0,-2.0,-2.92,10.2
111981,3 - How-to Schema,3,4,1.333,90.99,1.31,1.2,-2.47,-3.45,19.58
111982,Become the go-to voice,4,6,1.5,75.88,3.67,1.6,2.9,2.94,7.78
111983,The Reply Strategy: How Lawyers,5,9,1.8,49.48,7.6,10.0,8.44,6.5,13.36
111984,Create a page for your,5,6,1.2,100.24,0.52,2.0,-0.84,-1.97,7.04
111986,All those potential clients,4,7,1.75,54.73,6.62,11.6,11.6,8.83,11.73
111987,Lawyers often say they don,5,7,1.4,83.32,2.88,2.0,3.8,1.79,10.2
111988,Your plan will pay for,5,5,1.0,117.16,-1.84,2.0,-0.84,-1.97,0.25
111989,To make the ads you,5,5,1.0,117.16,-1.84,2.0,-4.32,-4.8,7.04
111991,Quick Answer,2,3,1.5,77.91,2.89,0.8,1.3,5.48,0.1
111992,Typically,1,3,3.0,-47.98,20.2,40.4,6.8,21.46,19.48
111993,Key Takeaways,2,2,1.0,120.21,-3.01,0.8,4.2,7.83,11.63
111994,Most contingency fees are 25,5,8,1.6,66.4,5.24,10.0,6.12,3.68,13.36
111995,According to the American Bar,5,10,2.0,32.56,9.96,10.0,7.28,4.62,7.04
111997,Most first-time buyers and,4,6,1.5,75.88,3.67,1.6,8.7,7.65,11.73
111999,After the Ink Dries,4,5,1.25,97.03,0.72,1.6,0.0,-0.59,7.78
112001,Legal and Regulatory Issues can,5,11,2.2,15.64,12.32,10.0,9.6,6.5,13.36
112002,Legal directories: When potential clients,5,12,2.4,-1.28,14.68,18.0,20.04,15.92,16.52
112003,If you ever decide to,5,7,1.4,83.32,2.88,2.0,-2.0,-2.92,0.25
112004,FindLaw Has Serious Conflicts of,5,9,1.8,49.48,7.6,10.0,10.76,7.45,13.36
112006,Some judges sentence people to,5,8,1.6,66.4,5.24,2.0,8.44,5.56,7.04
112008,Alternative sentencing for DUI in,5,12,2.4,-1.28,14.68,26.0,11.92,8.39,13.36
112009,If the Court was going,5,6,1.2,100.24,0.52,2.0,-0.84,-1.97,0.25
112010,If you are granted Mental,5,7,1.4,83.32,2.88,2.0,2.64,0.85,10.2
112011,To qualify for Military Diversion,5,12,2.4,-1.28,14.68,26.0,11.92,8.39,13.36
112012,Common DUI Sentencing Alternatives in,5,13,2.6,-18.2,17.04,26.0,16.56,12.16,16.52
112013,Each county has different rules,5,8,1.6,66.4,5.24,2.0,9.6,6.5,7.04
112014,This example illustrates the risks,5,9,1.8,49.48,7.6,18.0,13.08,9.33,13.36
112015,Is it ethical for lawyers,5,8,1.6,66.4,5.24,10.0,2.64,0.85,10.2
112016,Endeavor to correct errors proactively,5,12,2.4,-1.28,14.68,18.0,17.72,13.1,13.36
112017,Perplexity might attribute a dissent's,5,11,2.2,15.64,12.32,18.0,16.56,13.1,13.36
112018,The peril was exposed in,5,7,1.4,83.32,2.88,2.0,1.48,-0.09,10.2
112019,Orient: Use Perplexity to synthesize,5,12,2.4,-1.28,14.68,26.0,14.24,11.21,13.36
112021,Some courts have issued standing,5,7,1.4,83.32,2.88,2.0,10.76,7.45,13.36
112022,These hyperlinks,2,4,2.0,35.61,8.79,20.8,12.9,14.9,11.63
112023,Simple: For law firms,4,5,1.25,97.03,0.72,1.6,1.45,1.77,7.78
112024,That said,2,2,1.0,120.21,-3.01,0.8,-7.4,-1.59,0.1
112025,Create definitive content that answers,5,11,2.2,15.64,12.32,10.0,17.72,13.1,16.52
112026,Google treats backlinks as a,5,6,1.2,100.24,0.52,2.0,6.12,3.68,13.36
112028,Link building plays a key,5,6,1.2,100.24,0.52,2.0,2.64,0.85,10.2
112029,The more signals pointing to,5,7,1.4,83.32,2.88,2.0,6.12,3.68,10.2
112031,Suppose you don't have,4,5,1.25,97.03,0.72,1.6,2.9,2.94,0.2
112032,Contributing articles to reputable guest,5,13,2.6,-18.2,17.04,26.0,20.04,14.98,13.36
112034,In applying the First Amendment,5,9,1.8,49.48,7.6,18.0,9.6,6.5,10.2
112035,Canon 27 of the 1908,5,6,1.2,100.24,0.52,2.0,-3.16,-3.86,13.36
112036,Legal advertising was prohibited by,5,12,2.4,-1.28,14.68,18.0,14.24,10.27,13.36
112037,The Supreme Court held in,5,6,1.2,100.24,0.52,2.0,2.64,0.85,7.04
112038,The State Bar of California's Comment [4] to the new,10,14,1.4,78.25,4.83,8.0,4.44,3.82,8.87
112039,A truthful statement is also,5,8,1.6,66.4,5.24,2.0,6.12,3.68,10.2
112040,Words matter,2,3,1.5,77.91,2.89,0.8,1.3,5.48,11.63
112041,The Court held that in,5,5,1.0,117.16,-1.84,2.0,-0.84,-1.97,0.25
112043,On your business profile page,5,7,1.4,83.32,2.88,2.0,7.28,4.62,7.04
112044,Your profile is your first,5,6,1.2,100.24,0.52,2.0,3.8,1.79,7.04
112045,Aim for 2 short videos,5,7,1.4,83.32,2.88,10.0,-0.84,-1.97,10.2
112047,You must maintain client confidentiality,5,13,2.6,-18.2,17.04,10.0,20.04,14.98,13.36
112050,67% of legal clients base,5,7,1.4,83.32,2.88,2.0,1.48,0.85,13.36
112052,Legal keywords are the most,5,7,1.4,83.32,2.88,2.0,4.96,2.74,10.2
112053,Marketing Strategy: Evaluate how Super,5,13,2.6,-18.2,17.04,26.0,16.56,13.1,16.52
112054,I asked 10 different attorneys,5,9,1.8,49.48,7.6,10.0,8.44,5.56,13.36
112055,AEO designs pages,3,5,1.667,62.79,5.25,1.2,3.33,3.62,19.58
112056,The bottom line: Answer engine,5,8,1.6,66.4,5.24,2.0,7.28,5.56,0.25
112057,The goal is establishing your,5,8,1.6,66.4,5.24,10.0,7.28,4.62,7.04
112058,Around 60% of searches end,5,7,1.4,83.32,2.88,2.0,2.64,1.79,10.2
112059,By showcasing deep expertise in,5,9,1.8,49.48,7.6,18.0,9.6,6.5,10.2
112060,FAQs for the AI Search,5,5,1.0,117.16,-1.84,2.0,-0.84,-1.97,10.2
112061,A: AI models rely on,5,7,1.4,83.32,2.88,2.0,-4.32,-3.86,13.36
112063,We don't just optimize,4,6,1.5,75.88,3.67,11.6,2.9,2.94,7.78
112064,Instead of overly formal or,5,9,1.8,49.48,7.6,10.0,4.96,2.74,10.2
112065,AI answer engines are meticulously,5,11,2.2,15.64,12.32,10.0,13.08,9.33,13.36
112067,Use conversational language—write like,4,10,2.5,-8.72,15.47,21.6,26.1,21.78,11.73
112068,AI Content Mapping: Identifying the,5,11,2.2,15.64,12.32,10.0,13.08,10.27,16.52
112070,For law firms,3,3,1.0,119.19,-2.62,1.2,-4.4,-2.66,9.05
112072,That's why firms serious about,5,8,1.6,66.4,5.24,10.0,7.28,5.56,10.2
112073,Firms with a documented trail,5,8,1.6,66.4,5.24,10.0,7.28,4.62,13.36
112074,Instead of typing keywords into,5,9,1.8,49.48,7.6,2.0,9.6,6.5,10.2
112075,Equally striking,2,5,2.5,-6.69,14.69,20.8,12.9,14.9,19.53
112077,At the end of this,5,5,1.0,117.16,-1.84,2.0,-5.48,-5.74,0.25
112079,These are the pages AI,5,6,1.2,100.24,0.52,2.0,-0.84,-1.97,10.2
112080,Claude (Anthropic) has a similar,5,9,1.8,49.48,7.6,18.0,8.44,7.45,13.36
112081,Former Head of,3,4,1.333,90.99,1.31,1.2,-2.47,-1.09,9.05
112082,AI systems will increasingly recommend,5,11,2.2,15.64,12.32,18.0,17.72,13.1,16.52
112083,Every second you aren't,4,8,2.0,33.58,9.57,1.6,4.35,4.12,0.2
112084,And 25% now respond in,5,6,1.2,100.24,0.52,2.0,-2.0,-1.97,10.2
112086,If you think social media,5,8,1.6,66.4,5.24,10.0,2.64,0.85,10.2
112087,With Meta cost-per-leads,3,6,2.0,34.59,9.18,14.53,13.0,14.61,14.31
112088,80% of solo practitioners do,5,9,1.8,49.48,7.6,10.0,4.96,3.68,13.36
112089,• 8mo ago,2,3,1.5,77.91,2.89,0.8,-13.2,-9.44,11.63
112090,Speed-to-Lead – Research,2,3,1.5,77.91,2.89,0.8,24.5,14.11,19.53
112091,Being The First Contact – 74,5,7,1.4,83.32,2.88,2.0,3.8,-0.88,10.2
112092,Asking for too much information,5,9,1.8,49.48,7.6,10.0,9.6,6.5,10.2
112094,Be sure it is mobile,5,6,1.2,100.24,0.52,2.0,-3.16,-3.86,7.04
112095,The attorney photos create a,5,9,1.8,49.48,7.6,10.0,6.12,3.68,13.36
112096,Welcome to the quiet crisis,5,8,1.6,66.4,5.24,2.0,4.96,2.74,7.04
112097,Professional Intake Process – Firms using,5,11,2.2,15.64,12.32,10.0,18.88,9.33,19.67
112099,Using Customer Relationship Management (CRM,5,13,2.6,-18.2,17.04,18.0,22.36,17.81,16.52
112101,Several elements can either positively,5,12,2.4,-1.28,14.68,18.0,17.72,13.1,10.2
112102,Prioritize Above-the-Fold Content,3,8,2.667,-21.81,17.05,14.53,30.4,28.74,19.58
112104,Use a Content Delivery Network,5,10,2.0,32.56,9.96,10.0,8.44,5.56,13.36
112105,Coding files like CSS and,5,6,1.2,100.24,0.52,2.0,2.64,0.85,13.36
112106,Similarly,1,4,4.0,-132.58,32.0,40.4,6.8,21.46,19.48
112108,Owned by Thomson Reuters,4,6,1.5,75.88,3.67,1.6,7.25,5.3,15.68
112109,Cons:,1,1,1.0,121.22,-3.4,0.4,-22.2,2.62,19.48
112110,Avvo: Avvo offers directory listings,5,10,2.0,32.56,9.96,10.0,14.24,11.21,19.67
112111,Avvo,1,1,1.0,121.22,-3.4,0.4,-22.2,-2.09,19.48
112112,#3: FindLaw,2,3,1.5,77.91,2.89,0.8,-7.4,3.12,19.53
112113,Individual attorneys and law firms,5,11,2.2,15.64,12.32,18.0,13.08,9.33,13.36
112114,1 Martindale-Hubbell,2,5,2.5,-6.69,14.69,20.8,21.6,24.31,19.53
112117,Good Core Web Vitals and,5,6,1.2,100.24,0.52,2.0,1.48,-0.09,10.2
112118,Check the Core Web Vitals,5,6,1.2,100.24,0.52,2.0,2.64,0.85,10.2
112120,Optimize Images: Ensure that images,5,12,2.4,-1.28,14.68,26.0,13.08,10.27,16.52
112121,6 Law Firm Best Practices,5,7,1.4,83.32,2.88,10.0,2.64,0.85,13.36
112123,Search Engine Optimization (SEO) continues,5,13,2.6,-18.2,17.04,18.0,20.04,16.87,13.36
112125,Given their tremendous visibility,4,11,2.75,-29.87,18.42,21.6,20.3,15.9,11.73
112126,FindLaw,1,2,2.0,36.62,8.4,0.4,-4.8,12.04,19.48
112128,According to Legal Leads Lab's,5,8,1.6,66.4,5.24,10.0,7.28,5.56,16.52
112129,Here's the thing: the role,5,5,1.0,117.16,-1.84,2.0,1.48,1.79,7.04
112131,honestly you don't need,4,6,1.5,75.88,3.67,11.6,4.35,4.12,7.78
112132,Facebook ads for lawyers function,5,8,1.6,66.4,5.24,2.0,11.92,8.39,16.52
112133,Unlike search ads,3,4,1.333,90.99,1.31,1.2,3.33,3.62,14.31
112134,MyCase highlights life event targeting,5,10,2.0,32.56,9.96,10.0,17.72,13.1,16.52
112135,Location & Demographic Targeting,3,10,3.333,-78.21,24.91,41.2,28.47,14.22,19.58
112136,It looks at not only,5,6,1.2,100.24,0.52,2.0,-3.16,-3.86,7.04
112137,Retargeting power: Facebook's pixel allows,5,12,2.4,-1.28,14.68,10.0,20.04,16.87,16.52
112138,Lower cost per lead: Facebook,5,7,1.4,83.32,2.88,2.0,6.12,4.62,13.36
112139,Advertising on Facebook makes for,5,9,1.8,49.48,7.6,10.0,11.92,8.39,13.36
112141,Content for law firms should,5,6,1.2,100.24,0.52,2.0,6.12,3.68,10.2
112142,Nowadays,1,3,3.0,-47.98,20.2,40.4,1.0,16.75,19.48
112144,Your profile is your first,5,6,1.2,100.24,0.52,2.0,3.8,1.79,7.04
112145,There's also the option to,5,7,1.4,83.32,2.88,2.0,2.64,1.79,10.2
112146,For example,2,4,2.0,35.61,8.79,20.8,-1.6,3.12,11.63
112147,You must maintain client confidentiality,5,13,2.6,-18.2,17.04,10.0,20.04,14.98,13.36
112148,This is an efficient strategy,5,9,1.8,49.48,7.6,18.0,7.28,4.62,10.2
112150,Preparing Your DWI Case For Trial,6,13,2.167,17.45,12.32,15.73,6.33,3.55,11.83
112151,When considering this defense tactic,5,10,2.0,32.56,9.96,10.0,15.4,11.21,10.2
112152,Alcohol takes time to absorb,5,8,1.6,66.4,5.24,10.0,6.12,3.68,13.36
112156,Contingency Fee: You pay nothing,5,9,1.8,49.48,7.6,10.0,9.6,7.45,10.2
112157,Many lawyers charge for their,5,7,1.4,83.32,2.88,2.0,7.28,4.62,7.04
112159,Some lawyers will consider reduced,5,9,1.8,49.48,7.6,10.0,13.08,9.33,13.36
112160,You may also ask to,5,6,1.2,100.24,0.52,2.0,-4.32,-4.8,0.25
112161,If you agree to a,5,6,1.2,100.24,0.52,2.0,-6.64,-6.68,0.25
112162,You and your lawyer should,5,6,1.2,100.24,0.52,2.0,3.8,1.79,0.25
112163,The size of the contingency fee should be based on,10,13,1.3,86.71,3.65,8.0,5.02,2.88,8.87
112164,American Bar Association free legal,5,13,2.6,-18.2,17.04,10.0,14.24,10.27,10.2
112165,They'd handle ongoing monitoring,4,10,2.5,-8.72,15.47,21.6,17.4,14.72,11.73
112166,Understanding your current online reputation,5,13,2.6,-18.2,17.04,18.0,24.68,18.75,16.52
112167,Monitor Online Mentions and Social,5,10,2.0,32.56,9.96,10.0,13.08,9.33,16.52
112168,Here are the top 3,5,5,1.0,117.16,-1.84,2.0,-5.48,-5.74,7.04
112169,Be Professional and Empathetic: Use,5,11,2.2,15.64,12.32,18.0,13.08,10.27,10.2
112170,There are plenty of rules,5,6,1.2,100.24,0.52,2.0,2.64,0.85,7.04
112172,Invest in Thought Leadership: Publishing,5,10,2.0,32.56,9.96,18.0,18.88,14.98,13.36
112173,Use location based keywords and,5,8,1.6,66.4,5.24,10.0,9.6,6.5,13.36
112174,A strong Google Business Profile,5,7,1.4,83.32,2.88,2.0,10.76,7.45,10.2
112175,Nearly 70% of lawyers use,5,7,1.4,83.32,2.88,2.0,1.48,0.85,10.2
112177,The goal of your content,5,6,1.2,100.24,0.52,2.0,1.48,-0.09,7.04
112178,Take a position.,3,5,1.667,62.79,5.25,14.53,-0.53,2.05,9.05
112181,Create a target list of,5,7,1.4,83.32,2.88,2.0,0.32,-1.03,10.2
112182,Best Ad Formats for Law,5,6,1.2,100.24,0.52,2.0,0.32,-1.03,10.2
112183,A law firm that posts,5,5,1.0,117.16,-1.84,2.0,-2.0,-2.92,10.2
112184,A Harvard Business School study,5,8,1.6,66.4,5.24,2.0,9.6,6.5,7.04
112185,Data shows that 93% of,5,6,1.2,100.24,0.52,2.0,-2.0,-1.97,13.36
112186,Data shows that 93% of,5,6,1.2,100.24,0.52,2.0,-2.0,-1.97,13.36
112187,Yes.,1,1,1.0,121.22,-3.4,0.4,-28.0,-2.09,0.05
112188,One bad review can deter,5,7,1.4,83.32,2.88,2.0,1.48,-0.09,7.04
112189,In this article,3,5,1.667,62.79,5.25,14.53,-0.53,0.48,9.05
112191,Answer engines are already influencing,5,12,2.4,-1.28,14.68,10.0,17.72,13.1,10.2
112192,✓ 50-60% reduction in,3,5,1.667,62.79,5.25,14.53,3.33,1.27,14.31
112196,When your past clients look,5,6,1.2,100.24,0.52,2.0,4.96,2.74,7.04
112197,When allowed by your state's,5,6,1.2,100.24,0.52,2.0,4.96,3.68,10.2
112198,And in today's digital world,5,8,1.6,66.4,5.24,10.0,4.96,3.68,10.2
112199,Address common legal questions: Create,5,10,2.0,32.56,9.96,2.0,16.56,13.1,16.52
112200,Video testimonials are preferred by,5,12,2.4,-1.28,14.68,18.0,14.24,10.27,13.36
112201,In fact,2,2,1.0,120.21,-3.01,0.8,-13.2,-6.3,0.1
112202,By creating videos,3,7,2.333,6.39,13.11,27.87,5.27,5.19,14.31
112204,This can boost engagement and,5,7,1.4,83.32,2.88,10.0,7.28,4.62,10.2
112205,Super Lawyers,2,4,2.0,35.61,8.79,0.8,4.2,7.83,19.53
112206,Ultimately,1,4,4.0,-132.58,32.0,40.4,12.6,26.17,19.48
112207,Fast track your lawyer search,5,6,1.2,100.24,0.52,2.0,7.28,4.62,0.25
112208,Within the Super Lawyers®,4,7,1.75,54.73,6.62,1.6,7.25,6.48,15.68
112209,Top 5: 2026 Family Law,5,7,1.4,83.32,2.88,2.0,-2.0,-1.97,10.2
112210,McNulty,1,3,3.0,-47.98,20.2,40.4,-4.8,12.04,19.48
112212,Super Lawyers selects attorneys using,5,11,2.2,15.64,12.32,10.0,16.56,12.16,19.67
112213,Some of the rankings/lists,4,5,1.25,97.03,0.72,1.6,8.7,7.65,7.78
112214,Choosing the best CRM for,5,6,1.2,100.24,0.52,2.0,2.64,0.85,10.2
112215,Clio: The Industry-Leading All,4,7,1.75,54.73,6.62,11.6,13.05,12.36,11.73
112217,Why It Stands Out: It,5,5,1.0,117.16,-1.84,2.0,-3.16,-2.92,7.04
112218,Clio is the most widely,5,7,1.4,83.32,2.88,2.0,0.32,-1.03,10.2
112219,Lawmatics is designed for law,5,8,1.6,66.4,5.24,10.0,7.28,4.62,10.2
112220,Why It's Popular,3,5,1.667,62.79,5.25,14.53,-0.53,2.05,9.05
112221,Best for: Large,3,3,1.0,119.19,-2.62,1.2,-2.47,0.48,0.15
112222,Super Lawyers is responsible for,5,10,2.0,32.56,9.96,10.0,10.76,7.45,13.36
112223,First and foremost,3,4,1.333,90.99,1.31,1.2,5.27,5.19,9.05
112224,Every state has its own,5,7,1.4,83.32,2.88,2.0,0.32,-1.03,0.25
112225,There are 12 indicators in,5,8,1.6,66.4,5.24,10.0,3.8,1.79,10.2
112226,Final Internet searches are performed,5,10,2.0,32.56,9.96,10.0,16.56,12.16,16.52
112227,The lists are published annually,5,9,1.8,49.48,7.6,10.0,10.76,7.45,13.36
112228,Tips for How Lawyers Can,5,6,1.2,100.24,0.52,2.0,1.48,-0.09,10.2
112230,Other suggestions for better recognition,5,12,2.4,-1.28,14.68,18.0,20.04,14.98,10.2
112231,Find selection information for your,5,10,2.0,32.56,9.96,18.0,14.24,10.27,10.2
112232,According to Google's SEO starter,5,9,1.8,49.48,7.6,10.0,10.76,8.39,16.52
112233,Want to turn search traffic into meaningful cases?,8,13,1.625,61.24,6.71,8.2,10.95,7.89,9.95
112234,Effective search engine optimization allows,5,13,2.6,-18.2,17.04,18.0,23.52,17.81,13.36
112235,A more effective family law,5,9,1.8,49.48,7.6,10.0,4.96,2.74,7.04
112236,All content you include on,5,7,1.4,83.32,2.88,2.0,3.8,1.79,10.2
112237,When a person types “divorce,5,7,1.4,83.32,2.88,2.0,4.96,3.68,10.2
112238,In order to determine the,5,8,1.6,66.4,5.24,10.0,2.64,0.85,7.04
112239,Building High-Quality Backlinks,3,6,2.0,34.59,9.18,1.2,28.47,25.6,14.31
112240,Paid ads drain your budget,5,6,1.2,100.24,0.52,2.0,3.8,1.79,10.2
112241,It's not rented attention—it's,4,8,2.0,33.58,9.57,11.6,11.6,12.36,11.73
112242,Clients come from targeted geographic,5,11,2.2,15.64,12.32,18.0,16.56,12.16,13.36
112243,You set SMART goals and,5,5,1.0,117.16,-1.84,2.0,0.32,-1.03,7.04
112244,Local SEO allows a business,5,9,1.8,49.48,7.6,2.0,4.96,2.74,13.36
112245,Encourage satisfied clients to leave,5,10,2.0,32.56,9.96,18.0,15.4,11.21,13.36
112246,Level playing field – Small or,5,7,1.4,83.32,2.88,2.0,6.12,0.7,7.04
112247,When users like the content,5,7,1.4,83.32,2.88,2.0,4.96,2.74,10.2
112248,Ensure your name,3,4,1.333,90.99,1.31,1.2,1.4,2.05,9.05
112249,As Benjamin Gold of Lawyer,5,8,1.6,66.4,5.24,10.0,3.8,1.79,7.04
112252,To make a contact button,5,7,1.4,83.32,2.88,2.0,1.48,-0.09,7.04
112253,Asking for too much information,5,9,1.8,49.48,7.6,10.0,9.6,6.5,10.2
112254,Detailed service pages clarify precisely,5,12,2.4,-1.28,14.68,18.0,20.04,14.98,16.52
112256,Data suggests that responding to,5,9,1.8,49.48,7.6,10.0,10.76,7.45,13.36
112259,Also,1,2,2.0,36.62,8.4,0.4,-22.2,-2.09,0.05
112261,So if there are nuances,5,7,1.4,83.32,2.88,10.0,0.32,-1.03,7.04
112262,Lately we've had several,4,6,1.5,75.88,3.67,1.6,5.8,5.3,7.78
112263,I've started including a,4,7,1.75,54.73,6.62,11.6,5.8,5.3,11.73
112264,Approved use cases and prohibited,5,10,2.0,32.56,9.96,10.0,11.92,8.39,13.36
112265,Risk of data breach: Choose,5,6,1.2,100.24,0.52,2.0,3.8,2.74,13.36
112266,What Should You Know if,5,5,1.0,117.16,-1.84,2.0,0.32,-1.03,0.25
112267,Common mistakes to avoid with,5,8,1.6,66.4,5.24,2.0,7.28,4.62,13.36
112268,Another killer: incorrect practice area,5,13,2.6,-18.2,17.04,18.0,17.72,14.04,16.52
112269,Web developers can implement basic,5,11,2.2,15.64,12.32,18.0,13.08,9.33,13.36
112271,Law firms need to make,5,5,1.0,117.16,-1.84,2.0,-0.84,-1.97,7.04
112272,For example,2,4,2.0,35.61,8.79,20.8,-1.6,3.12,11.63
112275,We have,2,2,1.0,120.21,-3.01,0.8,-13.2,-6.3,0.1
112276,One consistent name/address/phone,3,8,2.667,-21.81,17.05,27.87,30.4,28.74,14.31
112277,If a custody guide does,5,7,1.4,83.32,2.88,10.0,0.32,-1.03,7.04
112278,Effective Content Strategies,3,8,2.667,-21.81,17.05,27.87,24.6,20.89,19.58
112279,Example: A divorce page should,5,8,1.6,66.4,5.24,10.0,7.28,5.56,10.2
112280,Build service pages like intake,5,8,1.6,66.4,5.24,2.0,9.6,6.5,10.2
112281,Because the majority of the,5,9,1.8,49.48,7.6,10.0,4.96,2.74,7.04
112283,Family law is mobile-heavy,4,8,2.0,33.58,9.57,11.6,8.7,7.65,7.78
112285,Link building strategies,3,6,2.0,34.59,9.18,14.53,16.87,14.61,14.31
112287,As AI adoption accelerates,4,9,2.25,12.43,12.52,21.6,10.15,7.65,15.68
112288,For most legal professionals,4,8,2.0,33.58,9.57,11.6,13.05,10.01,11.73
112289,The billable hour is being,5,9,1.8,49.48,7.6,10.0,3.8,1.79,7.04
112291,Emma Alves,2,4,2.0,35.61,8.79,0.8,-4.5,0.77,19.53
112292,Even small and midsize firms,5,7,1.4,83.32,2.88,2.0,6.12,3.68,10.2
112294,Between state-level legislation like,4,9,2.25,12.43,12.52,11.6,23.2,19.43,11.73
112295,State bars are increasingly recognizing,5,11,2.2,15.64,12.32,18.0,18.88,14.04,13.36
112298,Optimize Images: Ensure that images,5,12,2.4,-1.28,14.68,26.0,13.08,10.27,16.52
112299,Specify Size Attributes: Always include,5,11,2.2,15.64,12.32,18.0,17.72,14.04,13.36
112300,Cumulative Layout Shift,3,7,2.333,6.39,13.11,14.53,14.93,13.04,19.58
112302,To check a website's scores,5,6,1.2,100.24,0.52,2.0,3.8,2.74,10.2
112304,Our dedicated Customer Support team,5,12,2.4,-1.28,14.68,10.0,14.24,10.27,10.2
112306,Include a quality headshot:Your,4,9,2.25,12.43,12.52,21.6,15.95,13.54,15.68
112308,Take control of your profiles,5,7,1.4,83.32,2.88,2.0,7.28,4.62,10.2
112312,Professional Intake Process – Firms using,5,11,2.2,15.64,12.32,10.0,18.88,9.33,19.67
112313,But we've also,3,4,1.333,90.99,1.31,1.2,-4.4,-1.09,0.15
112314,For a law firm,4,4,1.0,118.18,-2.23,1.6,-7.25,-6.48,7.78
112315,Speed-to-Lead – Research,2,3,1.5,77.91,2.89,0.8,24.5,14.11,19.53
112316,Being The First Contact – 74,5,7,1.4,83.32,2.88,2.0,3.8,-0.88,10.2
112317,Displaying strong social proof can,5,8,1.6,66.4,5.24,10.0,13.08,9.33,13.36
112319,Skip the “Best Firm” claims to fame,7,7,1.0,115.13,-1.06,2.8,2.34,1.58,10.75
112320,According to the opinion,4,8,2.0,33.58,9.57,21.6,7.25,5.3,11.73
112321,Cost Per Click (CPC):,4,4,1.0,118.18,-2.23,1.6,-1.45,1.77,11.73
112322,You've likely seen Google's,4,5,1.25,97.03,0.72,1.6,8.7,8.83,7.78
112323,In 2026,2,2,1.0,120.21,-3.01,0.8,-13.2,-6.3,11.63
112324,Your target lead response time,5,7,1.4,83.32,2.88,2.0,8.44,5.56,10.2
112325,Call ads (call-only ads,4,5,1.25,97.03,0.72,1.6,2.9,4.12,15.68
112326,Consider GEO-specific technical implementation,4,15,3.75,-114.47,30.22,41.6,37.7,31.2,19.62
112327,AI-Ready,1,2,2.0,36.62,8.4,0.4,-4.8,16.75,19.48
112328,Deploy a “Negative Keyword Fortress,5,10,2.0,32.56,9.96,10.0,13.08,10.27,16.52
112329,Establishing a consistent NAP (Name,5,10,2.0,32.56,9.96,18.0,13.08,10.27,10.2
112330,For law firms,3,3,1.0,119.19,-2.62,1.2,-4.4,-2.66,9.05
112331,So yes — directories can absolutely,5,11,2.2,15.64,12.32,18.0,11.92,4.62,10.2
112332,PBN-adjacent networks dressed up,4,9,2.25,12.43,12.52,11.6,17.4,14.72,15.68
112333,If your website has received,5,7,1.4,83.32,2.88,2.0,6.12,3.68,10.2
112334,Such discrepancies cause algorithmic confusion,5,11,2.2,15.64,12.32,18.0,27.0,20.63,13.36
112335,Mobile Optimization,2,7,3.5,-91.29,26.49,20.8,21.6,21.96,19.53
112336,Mobile users are often on,5,8,1.6,66.4,5.24,2.0,2.64,0.85,10.2
112337,When breaking up content,4,6,1.5,75.88,3.67,1.6,7.25,5.3,11.73
112338,To achieve a fluid layout,5,8,1.6,66.4,5.24,2.0,2.64,0.85,13.36
112339,Creating streamlined forms can significantly,5,12,2.4,-1.28,14.68,18.0,24.68,18.75,16.52
112340,Claim and optimize your Google,5,7,1.4,83.32,2.88,10.0,8.44,5.56,13.36
112341,Try optimizing keywords for voice,5,9,1.8,49.48,7.6,10.0,11.92,8.39,10.2
112342,Many people are intimidated by,5,11,2.2,15.64,12.32,10.0,8.44,5.56,7.04
112343,Get Personal,2,4,2.0,35.61,8.79,20.8,1.3,5.48,11.63
112344,Educational Posts: Share valuable legal,5,12,2.4,-1.28,14.68,10.0,17.72,14.04,13.36
112345,These days when people need,5,6,1.2,100.24,0.52,2.0,4.96,2.74,7.04
112346,Running Instagram ads allows law,5,9,1.8,49.48,7.6,10.0,10.76,7.45,13.36
112347,Instagram's Unique Benefits for Lawyers,5,11,2.2,15.64,12.32,18.0,17.72,14.04,16.52
112348,For example,2,4,2.0,35.61,8.79,20.8,-1.6,3.12,11.63
112349,If you or your team,5,5,1.0,117.16,-1.84,2.0,-4.32,-4.8,0.25
112350,Another issue has come to,5,8,1.6,66.4,5.24,2.0,2.64,0.85,7.04
112351,As a result,3,4,1.333,90.99,1.31,1.2,-8.27,-5.8,9.05
112352,To avoid confusion about a,5,9,1.8,49.48,7.6,10.0,3.8,1.79,10.2
112353,Google's quality guidelines also place,5,9,1.8,49.48,7.6,10.0,16.56,13.1,13.36
112355,Toxic backlinks: Those originate from,5,10,2.0,32.56,9.96,10.0,15.4,12.16,13.36
112357,In traditional SEO,3,7,2.333,6.39,13.11,14.53,5.27,5.19,14.31
112358,A firm with the better,5,6,1.2,100.24,0.52,2.0,-0.84,-1.97,7.04
112359,In a click study we,5,6,1.2,100.24,0.52,2.0,-4.32,-4.8,0.25
112360,The Results,2,3,1.5,77.91,2.89,0.8,-1.6,3.12,11.63
112361,The “#1” result –,3,4,1.333,90.99,1.31,1.2,-6.33,-3.45,14.31
112362,Still Burning Money?,3,5,1.667,62.79,5.25,1.2,7.2,8.33,9.05
112364,Google now claims the right,5,5,1.0,117.16,-1.84,2.0,4.96,2.74,10.2
112366,Legal providers should note that,5,8,1.6,66.4,5.24,10.0,10.76,7.45,10.2
112367,Update: Enhancements to LSA Message,5,9,1.8,49.48,7.6,10.0,13.08,10.27,13.36
112369,Own the entire first page,5,7,1.4,83.32,2.88,10.0,2.64,0.85,7.04
112370,It is important to note,5,7,1.4,83.32,2.88,2.0,0.32,-1.03,0.25
112371,If your budget allows,4,6,1.5,75.88,3.67,1.6,2.9,1.77,11.73
112372,Google Display Network—The Google,4,6,1.5,75.88,3.67,1.6,18.85,15.9,19.62
112373,Personal Injury,2,6,3.0,-48.99,20.59,40.8,10.0,12.54,19.53
112374,Anonymous Tagging: As people visit,5,11,2.2,15.64,12.32,10.0,11.92,9.33,10.2
112375,Instead of shouting into the,5,8,1.6,66.4,5.24,2.0,6.12,3.68,7.04
112376,Set Frequency Caps,3,5,1.667,62.79,5.25,14.53,5.27,5.19,14.31
112378,Sometimes a complete and thorough,5,8,1.6,66.4,5.24,2.0,11.92,8.39,10.2
112379,by Petra Pasternak,3,6,2.0,34.59,9.18,14.53,5.27,5.19,14.31
112380,Relying on unverified AI output,5,11,2.2,15.64,12.32,18.0,9.6,6.5,16.52
112381,Lawyers being subjected to threats,5,9,1.8,49.48,7.6,10.0,13.08,9.33,13.36
112382,Consider what steps can be,5,7,1.4,83.32,2.88,10.0,3.8,1.79,10.2
112383,What happened is social commerce,5,8,1.6,66.4,5.24,2.0,10.76,7.45,13.36
112384,TikTok Shop flips this model,5,7,1.4,83.32,2.88,2.0,6.12,3.68,13.36
112385,Every time you encounter something,5,10,2.0,32.56,9.96,10.0,13.08,9.33,7.04
112386,Trigger #3: Social Proof Cascades,5,8,1.6,66.4,5.24,2.0,9.6,8.39,19.67
112387,This marketing is different from,5,9,1.8,49.48,7.6,10.0,10.76,7.45,7.04
112388,When a creator with 50,5,7,1.4,83.32,2.88,10.0,-0.84,-1.97,10.2
112389,TikTok users are often in,5,8,1.6,66.4,5.24,2.0,2.64,0.85,10.2
112390,"There's a reason ""TikTok Made",5,7,1.4,83.32,2.88,2.0,4.96,4.62,10.2
112391,However,1,3,3.0,-47.98,20.2,0.4,-4.8,12.04,0.05
112392,Someone comments on your IG,5,7,1.4,83.32,2.88,2.0,4.96,2.74,10.2
112393,A Business Account: You must,5,7,1.4,83.32,2.88,2.0,4.96,3.68,0.25
112394,Another important limitation: Instagram Shop,5,14,2.8,-35.12,19.4,18.0,23.52,18.75,10.2
112395,To sell through Instagram Shop,5,7,1.4,83.32,2.88,10.0,8.44,5.56,7.04
112398,Inventory status,2,6,3.0,-48.99,20.59,20.8,12.9,14.9,19.53
112399,This step is required before,5,8,1.6,66.4,5.24,10.0,6.12,3.68,7.04
112400,Connect an E-commerce Platform,4,8,2.0,33.58,9.57,11.6,14.5,12.36,7.78
112401,Shopify/WooCommerce (recommended): Install,3,11,3.667,-106.41,28.85,27.87,43.93,42.87,19.58
112403,Meta's eligibility docs emphasize accurate,5,14,2.8,-35.12,19.4,26.0,21.2,16.87,19.67
112404,Before your shop can go,5,6,1.2,100.24,0.52,2.0,0.32,-1.03,0.25
112406,2026 Update: Instagram now requires,5,10,2.0,32.56,9.96,18.0,13.08,10.27,16.52
112407,Why Choose Yotpo as Your,5,5,1.0,117.16,-1.84,2.0,1.48,-0.09,7.04
112408,Why Choose Yotpo as Your,5,5,1.0,117.16,-1.84,2.0,1.48,-0.09,7.04
112409,Get your program live in,5,6,1.2,100.24,0.52,2.0,1.48,-0.09,7.04
112410,Build a Program Timeline,4,6,1.5,75.88,3.67,1.6,7.25,5.3,11.73
112412,Create a soft launch strategy,5,8,1.6,66.4,5.24,10.0,7.28,4.62,13.36
112413,Platforms like Yotpo offer different plans to fit various business,10,17,1.7,52.87,8.37,8.0,14.3,10.42,10.45
112415,Self-managed: connect Shopify or,4,8,2.0,33.58,9.57,11.6,15.95,14.72,11.73
112416,The way these generative models,5,9,1.8,49.48,7.6,10.0,9.6,6.5,10.2
112417,The biggest risk at scale,5,6,1.2,100.24,0.52,2.0,2.64,0.85,13.36
112418,The hybrid approach makes the,5,7,1.4,83.32,2.88,2.0,7.28,4.62,13.36
112419,You just upload the flat,5,6,1.2,100.24,0.52,2.0,1.48,-0.09,7.04
112420,general purpose generators are built,5,11,2.2,15.64,12.32,10.0,15.4,11.21,10.2
112421,wtfiswrong_withme,1,1,1.0,121.22,-3.4,0.4,53.2,59.14,19.48
112422,That's why it's important to,5,7,1.4,83.32,2.88,2.0,3.8,3.68,0.25
112425,The Funnel Exploration report (found,5,10,2.0,32.56,9.96,10.0,14.24,11.21,10.2
112426,GA4 eCommerce tracking covers the,5,9,1.8,49.48,7.6,10.0,11.92,8.39,16.52
112427,Once you're collecting ecommerce,4,8,2.0,33.58,9.57,21.6,17.4,14.72,11.73
112429,Protecting your deliverability ensures the,5,13,2.6,-18.2,17.04,18.0,22.36,16.87,13.36
112430,Knowing when to stop sending,5,7,1.4,83.32,2.88,2.0,6.12,3.68,10.2
112431,A clear sunset strategy helps,5,8,1.6,66.4,5.24,10.0,7.28,4.62,10.2
112432,Refresher Winback Email Example: To,5,11,2.2,15.64,12.32,18.0,13.08,10.27,16.52
112433,Compared to someone discovering your,5,10,2.0,32.56,9.96,10.0,15.4,11.21,10.2
112434,Accelerate conversions and revenue.,4,11,2.75,-29.87,18.42,31.6,21.75,18.25,15.68
112435,UGC can be integrated just,5,8,1.6,66.4,5.24,10.0,3.8,1.79,10.2
112437,When you have a steady,5,6,1.2,100.24,0.52,2.0,-0.84,-1.97,7.04
112438,Carbon-neutral shipping means balancing,4,10,2.5,-8.72,15.47,21.6,27.55,22.96,15.68
112439,Companies first track emissions,4,8,2.0,33.58,9.57,21.6,17.4,13.54,11.73
112440,Step #1 – Measure: Assess,4,6,1.5,75.88,3.67,1.6,2.9,0.35,11.73
112441,The company uses plastic-free,4,8,2.0,33.58,9.57,1.6,13.05,11.18,11.73
112443,Distribute your inventory to multiple,5,12,2.4,-1.28,14.68,26.0,16.56,12.16,13.36
112444,Eco-friendly packaging: Use minimal,4,9,2.25,12.43,12.52,21.6,20.3,18.25,15.68
112445,One of the most convenient,5,7,1.4,83.32,2.88,10.0,3.8,1.79,7.04
112446,Integrate Route Optimization and Smart,5,11,2.2,15.64,12.32,18.0,17.72,13.1,10.2
112447,Purchase Verified Carbon Credits: Buy,5,10,2.0,32.56,9.96,10.0,15.4,12.16,16.52
112449,Order Status Page Information,4,9,2.25,12.43,12.52,11.6,14.5,11.18,11.73
112450,Customizations that require access to,5,12,2.4,-1.28,14.68,18.0,16.56,12.16,13.36
112451,"""Checkout Extensibility is a suite",5,10,2.0,32.56,9.96,10.0,11.92,9.33,13.36
112452,Checkout Extensibility moves all of,5,10,2.0,32.56,9.96,10.0,14.24,10.27,13.36
112454,Checkout UI Extensions control what,5,9,1.8,49.48,7.6,10.0,14.24,10.27,16.52
112455,Extension points are the defined,5,8,1.6,66.4,5.24,10.0,10.76,7.45,13.36
112456,Anchor to SecuritySecurity,3,8,2.667,-21.81,17.05,14.53,20.73,17.75,14.31
112457,The Fix: Checkout Extensibility runs,5,10,2.0,32.56,9.96,10.0,14.24,11.21,13.36
112458,Shopify Functions allow developers to,5,11,2.2,15.64,12.32,10.0,16.56,12.16,13.36
112459,This could be customised discount,5,8,1.6,66.4,5.24,10.0,11.92,8.39,10.2
112460,And finally,2,4,2.0,35.61,8.79,0.8,-1.6,3.12,0.1
112461,So we built a way,5,5,1.0,117.16,-1.84,2.0,-6.64,-6.68,0.25
112462,Help convert your listings into,5,8,1.6,66.4,5.24,2.0,9.6,6.5,10.2
112463,eBay Quietly Tests AI Fashion,5,8,1.6,66.4,5.24,10.0,7.28,4.62,16.52
112464,The line chart shows its,5,5,1.0,117.16,-1.84,2.0,1.48,-0.09,7.04
112465,Ranking #1-100,2,3,1.5,77.91,2.89,0.8,1.3,10.18,19.53
112466,There are plenty of casual,5,8,1.6,66.4,5.24,10.0,3.8,1.79,7.04
112468,Find high-potential categories — marked,4,10,2.5,-8.72,15.47,21.6,24.65,13.54,15.68
112470,Accurate and transparent forecasting: Our,5,12,2.4,-1.28,14.68,26.0,20.04,15.92,13.36
112471,Imagine,1,3,3.0,-47.98,20.2,40.4,-4.8,12.04,19.48
112474,Coming soon: GeoLift Incrementality,4,10,2.5,-8.72,15.47,11.6,21.75,18.25,11.73
112476,In 2009,2,2,1.0,120.21,-3.01,0.8,-13.2,-6.3,11.63
112477,Jet.com founder Marc Lore,4,6,1.5,75.88,3.67,1.6,7.25,6.48,19.62
112478,In January 2017,3,6,2.0,34.59,9.18,1.2,-0.53,0.48,9.05
112479,Since it's native to Shopify,5,7,1.4,83.32,2.88,2.0,4.96,3.68,10.2
112480,Log in to your Shopify,5,6,1.2,100.24,0.52,2.0,-0.84,-1.97,7.04
112481,The dashboard includes customizable metric,5,11,2.2,15.64,12.32,10.0,22.36,16.87,16.52
112482,According to Shopify's pricing page,5,9,1.8,49.48,7.6,10.0,13.08,10.27,13.36
112483,Before you can start gathering,5,8,1.6,66.4,5.24,10.0,8.44,5.56,7.04
112484,To activate Google Analytics 4,5,10,2.0,32.56,9.96,18.0,8.44,5.56,16.52
112485,Install the Google & YouTube App,5,7,1.4,83.32,2.88,2.0,8.44,2.27,16.52
112486,Connect your Google Analytics 4 property.,6,12,2.0,31.55,10.35,15.73,13.1,9.83,14.46
112487,Google Analytics can't track,4,7,1.75,54.73,6.62,11.6,11.6,10.01,11.73
112488,Thus,1,1,1.0,121.22,-3.4,0.4,-22.2,-2.09,19.48
112489,First-party data refers to,4,7,1.75,54.73,6.62,1.6,8.7,7.65,15.68
112490,It's collected with direct consumer,5,10,2.0,32.56,9.96,18.0,13.08,10.27,10.2
112491,Marketing resilience: Due to the,5,10,2.0,32.56,9.96,18.0,9.6,7.45,10.2
112492,Precise personalization: First-party data,4,12,3.0,-51.02,21.37,11.6,29.0,25.31,19.62
112493,Uploading first party data should,5,9,1.8,49.48,7.6,10.0,11.92,8.39,10.2
112495,Smartphone cameras win for convenience,5,10,2.0,32.56,9.96,18.0,17.72,13.1,13.36
112496,Three-point lighting consists of,4,7,1.75,54.73,6.62,1.6,17.4,14.72,15.68
112497,The first is the key,5,5,1.0,117.16,-1.84,2.0,-3.16,-3.86,0.25
112498,The three-point lighting technique is incomplete without the often,9,16,1.778,47.3,8.9,8.04,17.64,13.42,11.1
112499,When selecting your lighting,4,7,1.75,54.73,6.62,11.6,13.05,10.01,11.73
112500,Build the core video first,5,7,1.4,83.32,2.88,10.0,3.8,1.79,10.2
112502,A large share of social,5,6,1.2,100.24,0.52,2.0,0.32,-1.03,7.04
112504,If a product video autoplays,5,9,1.8,49.48,7.6,10.0,6.12,3.68,13.36
112506,While Shopify Markets provides the,5,8,1.6,66.4,5.24,2.0,13.08,9.33,13.36
112507,With Shopify Markets,3,5,1.667,62.79,5.25,1.2,9.13,8.33,14.31
112509,A transaction fee:,3,5,1.667,62.79,5.25,14.53,3.33,5.19,14.31
112510,By utilizing Shopify Markets Pro,5,10,2.0,32.56,9.96,10.0,10.76,7.45,16.52
112511,All-Inclusive Duties & Tax Compliance,4,9,2.25,12.43,12.52,21.6,21.75,11.66,15.68
112513,Information like size,3,6,2.0,34.59,9.18,14.53,11.07,9.9,9.05
112514,The most important thing to,5,7,1.4,83.32,2.88,2.0,4.96,2.74,0.25
112515,Many people ultimately quit their,5,10,2.0,32.56,9.96,10.0,11.92,8.39,7.04
112516,This awesome feature is called,5,7,1.4,83.32,2.88,2.0,8.44,5.56,13.36
112517,YouTube Shopping and product discovery,5,11,2.2,15.64,12.32,10.0,17.72,13.1,13.36
112519,YouTube integrates with Google Merchant,5,9,1.8,49.48,7.6,10.0,18.88,14.04,16.52
112521,By increasing visibility,3,9,3.0,-50.01,20.98,27.87,16.87,14.61,14.31
112522,One of the primary benefits,5,9,1.8,49.48,7.6,18.0,4.96,2.74,10.2
112523,The ability to directly target,5,11,2.2,15.64,12.32,18.0,8.44,5.56,13.36
112524,By investing in PPC ads,5,7,1.4,83.32,2.88,10.0,0.32,-1.03,13.36
112525,PPC campaigns can directly impact,5,9,1.8,49.48,7.6,10.0,11.92,8.39,16.52
112526,As your ads drive more,5,5,1.0,117.16,-1.84,2.0,-0.84,-1.97,7.04
112527,This increased visibility often translates,5,12,2.4,-1.28,14.68,10.0,22.36,16.87,13.36
112528,Amazon PPC can target specific,5,10,2.0,32.56,9.96,18.0,8.44,5.56,16.52
112530,You're in control,3,4,1.333,90.99,1.31,1.2,1.4,3.62,9.05
112531,Amazon Ads provides marketers with,5,10,2.0,32.56,9.96,18.0,13.08,9.33,16.52
112532,This increased visibility can result,5,11,2.2,15.64,12.32,10.0,15.4,11.21,13.36
112533,New Customer Accounts,3,6,2.0,34.59,9.18,1.2,11.07,9.9,9.05
112534,While you won't have,4,4,1.0,118.18,-2.23,1.6,0.0,0.59,0.2
112535,bkseen,1,1,1.0,121.22,-3.4,0.4,-10.6,7.33,19.48
112536,Wholesale Pricing Apps: For merchants,5,8,1.6,66.4,5.24,2.0,15.4,12.16,16.52
112537,Wholesale Pricing Apps: Tools like,5,7,1.4,83.32,2.88,2.0,11.92,9.33,16.52
112538,Topic summary,2,5,2.5,-6.69,14.69,20.8,4.2,7.83,19.53
112539,A really strong option to,5,7,1.4,83.32,2.88,2.0,2.64,0.85,7.04
112540,"The last few ""trade"" stores",5,5,1.0,117.16,-1.84,2.0,2.64,2.74,7.04
112541,Your first message should hit,5,6,1.2,100.24,0.52,2.0,7.28,4.62,0.25
112542,Make money your way with,5,6,1.2,100.24,0.52,2.0,1.48,-0.09,0.25
112544,You are in the YouTube,5,6,1.2,100.24,0.52,2.0,-0.84,-1.97,7.04
112545,You are in the YouTube Partner Program.,7,10,1.429,78.87,4.0,2.8,6.49,4.27,8.5
112546,We're unlocking more ways,4,6,1.5,75.88,3.67,11.6,7.25,6.48,11.73
112548,If the channel meets the,5,6,1.2,100.24,0.52,2.0,1.48,-0.09,10.2
112551,Sign in to YouTube Studio,5,8,1.6,66.4,5.24,10.0,2.64,0.85,10.2
112552,The result?,2,3,1.5,77.91,2.89,0.8,-4.5,3.12,11.63
112553,Influencer & Affiliate Analysis,3,12,4.0,-134.61,32.78,41.2,26.53,13.04,19.58
112555,Sonar Send with Klaviyo generated,5,9,1.8,49.48,7.6,10.0,11.92,8.39,13.36
112556,Solution,1,3,3.0,-47.98,20.2,40.4,1.0,16.75,19.48
112557,Close Modal×,2,3,1.5,77.91,2.89,0.8,-1.6,5.48,11.63
112558,Triple Whale has dramatically improved,5,10,2.0,32.56,9.96,10.0,17.72,13.1,13.36
112559,Dixxon Flannel Company achieved a,5,9,1.8,49.48,7.6,2.0,11.92,8.39,13.36
112560,UX (User Experience): Helps,4,8,2.0,33.58,9.57,11.6,7.25,8.83,19.62
112563,In parallel,2,4,2.0,35.61,8.79,20.8,-1.6,3.12,11.63
112564,The trend towards personalized and,5,9,1.8,49.48,7.6,10.0,13.08,9.33,10.2
112565,As AI gathers,3,4,1.333,90.99,1.31,1.2,-4.4,-2.66,14.31
112566,Perceived value emerged as the,5,8,1.6,66.4,5.24,2.0,8.44,5.56,10.2
112567,Artificial intelligence (AI) is transforming,5,13,2.6,-18.2,17.04,26.0,22.36,18.75,16.52
112568,By analyzing consumer behavior and,5,12,2.4,-1.28,14.68,26.0,13.08,9.33,13.36
112571,But today,2,3,1.5,77.91,2.89,0.8,-7.4,-1.59,0.1
112572,One recent trend I've,4,5,1.25,97.03,0.72,1.6,1.45,1.77,11.73
112573,In the post-purchase space,4,6,1.5,75.88,3.67,11.6,8.7,7.65,7.78
112574,Using historical data,3,8,2.667,-21.81,17.05,14.53,11.07,9.9,19.58
112575,AI tools learn from data,5,6,1.2,100.24,0.52,2.0,1.48,-0.09,13.36
112576,AI takes it to the,5,5,1.0,117.16,-1.84,2.0,-5.48,-5.74,10.2
112578,This means cracking down on,5,6,1.2,100.24,0.52,2.0,4.96,2.74,7.04
112579,Brands that offer carbon-neutral shipping without proof risk being,9,16,1.778,47.3,8.9,8.04,17.64,13.42,12.86
112580,Over 85 leading companies including,5,11,2.2,15.64,12.32,18.0,14.24,10.27,16.52
112582,A global marine fuel standard,5,9,1.8,49.48,7.6,2.0,7.28,4.62,13.36
112583,Methanol Pathways Continue Expanding,4,11,2.75,-29.87,18.42,31.6,24.65,19.43,19.62
112584,Electric battery packs and shoreside,5,9,1.8,49.48,7.6,10.0,15.4,11.21,13.36
112585,Overheating and thermal runaway present,5,12,2.4,-1.28,14.68,18.0,18.88,14.04,13.36
112586,[11] The regulation will require,5,10,2.0,32.56,9.96,18.0,8.44,7.45,13.36
112587,While keywords might help your,5,6,1.2,100.24,0.52,2.0,8.44,5.56,7.04
112588,Once it happens,3,4,1.333,90.99,1.31,1.2,-0.53,0.48,9.05
112589,Amazon SEO Checklist Item #2,5,10,2.0,32.56,9.96,10.0,4.96,3.68,19.67
112590,Furthermore,1,3,3.0,-47.98,20.2,40.4,18.4,30.88,19.48
112591,Furthermore,1,3,3.0,-47.98,20.2,40.4,18.4,30.88,19.48
112592,When your product listings are,5,7,1.4,83.32,2.88,2.0,8.44,5.56,10.2
112593,Search visibility is now truly,5,10,2.0,32.56,9.96,10.0,8.44,5.56,7.04
112594,Now,1,1,1.0,121.22,-3.4,0.4,-28.0,-6.8,0.05
112595,These are subtle but effective,5,8,1.6,66.4,5.24,10.0,8.44,5.56,10.2
112596,Sometimes,1,2,2.0,36.62,8.4,0.4,6.8,21.46,0.05
112597,Buy things right when you,5,5,1.0,117.16,-1.84,2.0,2.64,0.85,7.04
112598,April 29,2,3,1.5,77.91,2.89,0.8,-10.3,-3.95,11.63
112599,Mercari allows up to 12,5,7,1.4,83.32,2.88,2.0,0.32,-1.03,13.36
112600,Start your title with the,5,6,1.2,100.24,0.52,2.0,2.64,0.85,0.25
112603,Another cool feature I haven,5,9,1.8,49.48,7.6,2.0,6.12,3.68,10.2
112604,We'll also add items,4,6,1.5,75.88,3.67,1.6,0.0,0.59,7.78
112606,When one of your items,5,6,1.2,100.24,0.52,2.0,-0.84,-1.97,7.04
112607,Buyer fees and pricing impact,5,8,1.6,66.4,5.24,2.0,7.28,4.62,16.52
112608,Once the item is delivered,5,8,1.6,66.4,5.24,10.0,3.8,1.79,10.2
112610,Whether you're decluttering your,4,8,2.0,33.58,9.57,11.6,17.4,14.72,11.73
112611,You cannot drop ship on,5,6,1.2,100.24,0.52,2.0,0.32,-1.03,0.25
112612,It wouldn't be well,4,5,1.25,97.03,0.72,1.6,-1.45,-0.59,0.2
112613,Do some reputable short courses,5,9,1.8,49.48,7.6,10.0,9.6,6.5,10.2
112614,Product view (someone sees a,5,7,1.4,83.32,2.88,2.0,4.96,3.68,10.2
112615,Use heatmaps to see where,5,6,1.2,100.24,0.52,2.0,2.64,0.85,7.04
112616,Use funnels and heatmaps to,5,7,1.4,83.32,2.88,2.0,4.96,2.74,10.2
112618,Add dynamic elements like “X,5,9,1.8,49.48,7.6,18.0,4.96,3.68,13.36
112619,The most effective CRO programs,5,8,1.6,66.4,5.24,10.0,9.6,6.5,13.36
112620,It's important to benchmark your,5,8,1.6,66.4,5.24,2.0,9.6,7.45,7.04
112621,Based on our analysis,4,8,2.0,33.58,9.57,11.6,2.9,1.77,11.73
112622,The brand leans into geo,5,7,1.4,83.32,2.88,2.0,1.48,-0.09,13.36
112623,We've found that while,4,4,1.0,118.18,-2.23,1.6,2.9,2.94,0.2
112624,RCS is what your customers,5,7,1.4,83.32,2.88,10.0,3.8,1.79,10.2
112625,In our analysis,3,7,2.333,6.39,13.11,14.53,-0.53,0.48,9.05
112628,SMS flows generate ~8×,4,6,1.5,75.88,3.67,11.6,1.45,2.94,19.62
112629,The top 10% of SMS,5,5,1.0,117.16,-1.84,2.0,-6.64,-5.74,10.2
112630,For example: Does sending a,5,8,1.6,66.4,5.24,10.0,3.8,2.74,10.2
112631,In: changing moods.,3,4,1.333,90.99,1.31,1.2,3.33,6.76,14.31
112633,This year's report reveals an,5,7,1.4,83.32,2.88,2.0,6.12,4.62,10.2
112634,Why it's trending: Gen Z,5,8,1.6,66.4,5.24,10.0,-0.84,-0.09,13.36
112635,What it is: The return,5,6,1.2,100.24,0.52,2.0,-2.0,-1.97,0.25
112636,"""The decade of decadence is",5,8,1.6,66.4,5.24,10.0,3.8,2.74,10.2
112637,The doily makes its big,5,6,1.2,100.24,0.52,2.0,0.32,-1.03,10.2
112638,The doily makes its big,5,6,1.2,100.24,0.52,2.0,0.32,-1.03,10.2
112639,penpal ideas,2,5,2.5,-6.69,14.69,20.8,1.3,5.48,19.53
112640,Shop the Look allows you,5,6,1.2,100.24,0.52,2.0,1.48,-0.09,7.04
112641,On Pinterest,2,3,1.5,77.91,2.89,0.8,1.3,5.48,11.63
112642,This is the season of,5,6,1.2,100.24,0.52,2.0,-2.0,-2.92,0.25
112643,Millennials and Gen Z continue,5,12,2.4,-1.28,14.68,26.0,8.44,5.56,16.52
112644,2026 will bring a fusion,5,6,1.2,100.24,0.52,2.0,1.48,-0.09,10.2
112646,The search becomes more of,5,6,1.2,100.24,0.52,2.0,3.8,1.79,7.04
112647,Prioritize your marketing by making,5,11,2.2,15.64,12.32,18.0,14.24,10.27,10.2
112648,3) Conversational Keywords,3,8,2.667,-21.81,17.05,14.53,18.8,17.75,19.58
112649,Co-locate related information on,4,9,2.25,12.43,12.52,21.6,17.4,14.72,15.68
112650,From keyword-stuffed articles and,4,7,1.75,54.73,6.62,11.6,18.85,15.9,11.73
112651,Brand authority now outperforms link,5,10,2.0,32.56,9.96,18.0,15.4,11.21,16.52
112652,AI systems thrive on clear,5,6,1.2,100.24,0.52,2.0,3.8,1.79,13.36
112655,The best AI tools support,5,6,1.2,100.24,0.52,2.0,2.64,0.85,13.36
112656,AI product description generators work the same way other copy,10,18,1.8,44.41,9.55,12.0,11.98,8.53,10.45
112657,Preparing Your Product Information,4,10,2.5,-8.72,15.47,21.6,21.75,17.07,15.68
112658,AI requires specific instructions to,5,11,2.2,15.64,12.32,26.0,15.4,11.21,16.52
112659,Even if you use an,5,6,1.2,100.24,0.52,2.0,-5.48,-5.74,0.25
112661,The best AI writing platforms,5,7,1.4,83.32,2.88,2.0,7.28,4.62,10.2
112662,“The IMO's Net-Zero Framework,4,6,1.5,75.88,3.67,1.6,10.15,11.18,15.68
112664,Claid leads for high-volume,4,5,1.25,97.03,0.72,1.6,10.15,8.83,15.68
112665,Core to Claid is AI,5,5,1.0,117.16,-1.84,2.0,-4.32,-4.8,13.36
112668,Photoroom also leans into marketplace,5,11,2.2,15.64,12.32,18.0,16.56,12.16,13.36
112671,Firefly focuses on tasks like,5,9,1.8,49.48,7.6,18.0,7.28,4.62,13.36
112672,How Good Is the Quality,5,7,1.4,83.32,2.88,10.0,0.32,-1.03,7.04
112673,Firefly Image Model 5,4,8,2.0,33.58,9.57,11.6,2.9,1.77,19.62
112674,Ideogram for Typography and Promotional,5,12,2.4,-1.28,14.68,18.0,18.88,14.04,13.36
112675,How to Make Jamstack eCommerce,5,8,1.6,66.4,5.24,10.0,8.44,5.56,10.2
112676,The estimated cost for this project is an average of,10,16,1.6,61.33,7.19,12.0,6.18,3.82,8.87
112677,Snapchat is taking a bold,5,6,1.2,100.24,0.52,2.0,2.64,0.85,7.04
112678,You can connect products from,5,7,1.4,83.32,2.88,2.0,7.28,4.62,7.04
112680,Realism and Dynamics: The 3D,5,9,1.8,49.48,7.6,18.0,4.96,3.68,13.36
112681,Dedicated Try-On Toolset: Lens,4,9,2.25,12.43,12.52,11.6,13.05,12.36,19.62
112682,This feature allows brands to,5,7,1.4,83.32,2.88,2.0,7.28,4.62,13.36
112683,Dynamically updated product information: Shopping,5,15,3.0,-52.04,21.76,26.0,29.32,23.46,16.52
112684,For example,2,4,2.0,35.61,8.79,20.8,-1.6,3.12,11.63
112686,Place a branded tile in,5,6,1.2,100.24,0.52,2.0,0.32,-1.03,10.2
112687,Snapchat Dynamic Product Ads are,5,8,1.6,66.4,5.24,10.0,10.76,7.45,16.52
112688,Allows you to reach consumers,5,8,1.6,66.4,5.24,10.0,7.28,4.62,10.2
112689,A single image or video,5,9,1.8,49.48,7.6,10.0,0.32,-1.03,10.2
112690,Snapchat Dynamic Product Ads automatically,5,12,2.4,-1.28,14.68,18.0,22.36,16.87,19.67
112691,Snap has looked to make,5,5,1.0,117.16,-1.84,2.0,0.32,-1.03,7.04
112692,Continuously assessing the results of,5,12,2.4,-1.28,14.68,18.0,16.56,12.16,13.36
112693,Open the Moby Command Center,5,9,1.8,49.48,7.6,2.0,6.12,3.68,10.2
112694,The free Founders Dash is,5,6,1.2,100.24,0.52,2.0,2.64,0.85,7.04
112696,Triple Whale's platform includes eight,5,8,1.6,66.4,5.24,2.0,16.56,13.1,13.36
112697,With Moby,2,3,1.5,77.91,2.89,0.8,-7.4,-1.59,11.63
112698,This section helps you uncover,5,8,1.6,66.4,5.24,10.0,8.44,5.56,13.36
112699,Fast go‑live with MTA,4,4,1.0,118.18,-2.23,1.6,1.45,1.77,11.73
112700,Using a full zero-party,4,6,1.5,75.88,3.67,1.6,4.35,4.12,11.73
112701,From first click to repeat,5,6,1.2,100.24,0.52,2.0,3.8,1.79,0.25
112703,Product Bundles: The option to,5,8,1.6,66.4,5.24,2.0,7.28,5.56,13.36
112704,Follow @OctaneAI on Twitter to,5,7,1.4,83.32,2.88,2.0,7.28,5.56,10.2
112705,Partner Spotlight: SMCA Creative's Strategy,5,11,2.2,15.64,12.32,18.0,21.2,17.81,16.52
112706,Data Syncing: Octane AI seamlessly,5,9,1.8,49.48,7.6,10.0,11.92,9.33,19.67
112708,Our CORE-1 AI learns,4,5,1.25,97.03,0.72,1.6,0.0,0.59,15.68
112709,Connect 200+ data sources including,5,10,2.0,32.56,9.96,10.0,13.08,10.27,16.52
112710,An unexpected spike in online,5,9,1.8,49.48,7.6,10.0,7.28,4.62,10.2
112711,Your online store conversion rate,5,8,1.6,66.4,5.24,10.0,11.92,8.39,10.2
112712,Bots can perform actions much,5,7,1.4,83.32,2.88,2.0,7.28,4.62,13.36
112713,Data discrepancies can arise when,5,10,2.0,32.56,9.96,10.0,11.92,8.39,10.2
112715,a bounce looks the same,5,5,1.0,117.16,-1.84,2.0,0.32,-1.03,7.04
112718,This creates what many sellers,5,8,1.6,66.4,5.24,2.0,8.44,5.56,10.2
112722,While keywords might help your,5,6,1.2,100.24,0.52,2.0,8.44,5.56,7.04
112723,Competitive pricing - Products priced significantly,5,14,2.8,-35.12,19.4,18.0,30.48,17.18,19.67
112724,High-resolution main image on,4,7,1.75,54.73,6.62,11.6,13.05,11.18,15.68
112725,As a result,3,4,1.333,90.99,1.31,1.2,-8.27,-5.8,9.05
112726,In your Mercari account,4,6,1.5,75.88,3.67,1.6,5.8,4.12,7.78
112727,Email type,2,3,1.5,77.91,2.89,0.8,-4.5,0.77,19.53
112728,The strategy you choose should,5,7,1.4,83.32,2.88,10.0,8.44,5.56,7.04
112730,Open rate,2,3,1.5,77.91,2.89,0.8,-7.4,-1.59,0.1
112733,The Advantage+ Shopping Campaign Factor,5,10,2.0,32.56,9.96,10.0,17.72,14.04,13.36
112734,Data from Nest Commerce shows,5,7,1.4,83.32,2.88,2.0,7.28,4.62,13.36
112735,Organize your campaigns into three,5,9,1.8,49.48,7.6,10.0,13.08,9.33,10.2
112736,Here are the four pillars,5,6,1.2,100.24,0.52,2.0,2.64,0.85,7.04
112737,User-generated content (UGC),3,6,2.0,34.59,9.18,14.53,18.8,20.89,19.58
112738,A genuine testimonial from someone,5,12,2.4,-1.28,14.68,18.0,13.08,9.33,10.2
112743,Photos are your first impression,5,8,1.6,66.4,5.24,10.0,10.76,7.45,10.2
112744,#1 List your item.,4,5,1.25,97.03,0.72,1.6,-4.35,-1.77,11.73
112745,Take photos near a window,5,7,1.4,83.32,2.88,2.0,2.64,0.85,7.04
112746,Use bright natural light: Natural,5,9,1.8,49.48,7.6,18.0,10.76,8.39,10.2
112747,Include accurate measurements: List exact,5,11,2.2,15.64,12.32,18.0,20.04,15.92,13.36
112749,Use great photos,3,4,1.333,90.99,1.31,1.2,1.4,2.05,9.05
112750,I don't have a,4,4,1.0,118.18,-2.23,1.6,-8.7,-6.48,0.2
112751,To ensure your items remain,5,8,1.6,66.4,5.24,2.0,4.96,2.74,10.2
112752,This is just a personal,5,7,1.4,83.32,2.88,10.0,0.32,-1.03,7.04
112753,💡 Pro tip: If your,4,4,1.0,118.18,-2.23,1.6,-5.8,-6.24,7.78
112754,BigCommerce is an open SaaS,5,8,1.6,66.4,5.24,10.0,4.96,2.74,10.2
112755,"BigCommerce: The ""Open SaaS""",4,7,1.75,54.73,6.62,11.6,8.7,10.01,11.73
112756,WizShop is a wholesale-native,4,8,2.0,33.58,9.57,11.6,13.05,11.18,11.73
112757,Adobe Commerce (formerly known as,5,10,2.0,32.56,9.96,18.0,10.76,8.39,13.36
112758,Purpose-built for B2B — not,4,6,1.5,75.88,3.67,11.6,7.25,2.24,11.73
112761,The most commonly used AI,5,7,1.4,83.32,2.88,10.0,2.64,0.85,10.2
112764,Preventing Frauds and Boosting Security,5,11,2.2,15.64,12.32,18.0,18.88,14.04,16.52
112765,Through smarter searches,3,5,1.667,62.79,5.25,1.2,16.87,14.61,14.31
112766,The July 2026 shift for low-value parcels into the,9,13,1.444,75.5,4.96,3.6,7.33,5.05,11.1
112767,DDP (Delivered Duty Paid) means,5,8,1.6,66.4,5.24,10.0,7.28,6.5,10.2
112768,August 22,2,3,1.5,77.91,2.89,0.8,-7.4,-1.59,11.63
112769,How can UK exporters protect,5,8,1.6,66.4,5.24,10.0,6.12,3.68,10.2
112770,Under Option 2,3,5,1.667,62.79,5.25,1.2,-2.47,-1.09,14.31
112771,The January 30,3,6,2.0,34.59,9.18,1.2,-2.47,-1.09,9.05
112772,Working with the wider postal,5,8,1.6,66.4,5.24,2.0,7.28,4.62,13.36
112773,Delivery should be trackable.,4,8,2.0,33.58,9.57,11.6,13.05,11.18,11.73
112774,A resilience layer of carrier,5,11,2.2,15.64,12.32,18.0,7.28,4.62,13.36
112775,DDP is an investment,4,6,1.5,75.88,3.67,11.6,1.45,0.59,11.73
112778,Obtain explicit consent: Get clear,5,9,1.8,49.48,7.6,10.0,11.92,9.33,13.36
112779,Direct sharing methods,3,6,2.0,34.59,9.18,1.2,13.0,11.47,14.31
112780,Launched in 2000,3,3,1.0,119.19,-2.62,1.2,1.4,2.05,14.31
112781,Seller Central helps in empowering,5,10,2.0,32.56,9.96,10.0,13.08,9.33,16.52
112782,From this single platform,4,6,1.5,75.88,3.67,1.6,8.7,6.48,0.2
112783,Analytics & Reports: Accessing insights on,5,12,2.4,-1.28,14.68,18.0,18.88,10.12,16.52
112784,In 2006,2,2,1.0,120.21,-3.01,0.8,-13.2,-6.3,11.63
112785,Launched on June 5,4,4,1.0,118.18,-2.23,1.6,-1.45,-1.77,11.73
112787,Our testing shows that 42,5,7,1.4,83.32,2.88,2.0,2.64,0.85,13.36
112788,The Sticky TOC,3,4,1.333,90.99,1.31,1.2,-2.47,-1.09,9.05
112789,In 2026,2,2,1.0,120.21,-3.01,0.8,-13.2,-6.3,11.63
112790,Tap targets should be easy,5,7,1.4,83.32,2.88,2.0,3.8,1.79,7.04
112791,Full-width product image carousel,4,9,2.25,12.43,12.52,11.6,18.85,15.9,19.62
112795,Minimum 1500x1500px for zoom functionality,5,11,2.2,15.64,12.32,18.0,22.36,16.87,16.52
112796,For sites with thousands of,5,6,1.2,100.24,0.52,2.0,4.96,2.74,10.2
112797,Conversational,1,5,5.0,-217.18,43.8,40.4,35.8,45.01,19.48
112799,Four Ways to Structure Your,5,6,1.2,100.24,0.52,2.0,4.96,2.74,10.2
112800,Your customers can receive an,5,8,1.6,66.4,5.24,10.0,7.28,4.62,7.04
112801,Shopify B2B is a suite,5,6,1.2,100.24,0.52,2.0,-0.84,-1.97,13.36
112802,Learn more about choosing the,5,7,1.4,83.32,2.88,2.0,7.28,4.62,7.04
112803,Option 1: Set up companies,5,8,1.6,66.4,5.24,10.0,2.64,1.79,13.36
112804,Catalogs determine the pricing and,5,10,2.0,32.56,9.96,18.0,13.08,9.33,13.36
112805,Step 1: Create a B2B,5,6,1.2,100.24,0.52,2.0,-4.32,-3.86,13.36
112806,The corporation gets the invoice,5,9,1.8,49.48,7.6,10.0,10.76,7.45,13.36
112809,Create a company.,3,6,2.0,34.59,9.18,1.2,1.4,3.62,9.05
112810,Here are some best practices,5,7,1.4,83.32,2.88,10.0,6.12,3.68,7.04
112811,Shopify's B2B-optimized theme,3,7,2.333,6.39,13.11,14.53,22.67,22.46,19.58
112812,For free Shopify themes (version,5,7,1.4,83.32,2.88,2.0,9.6,7.45,13.36
112813,Time-to-market for a,3,5,1.667,62.79,5.25,14.53,5.27,8.33,9.05
112814,Where the time actually goes,5,8,1.6,66.4,5.24,10.0,6.12,3.68,7.04
112816,Quick Answer,2,3,1.5,77.91,2.89,0.8,1.3,5.48,0.1
112817,If you are the type,5,5,1.0,117.16,-1.84,2.0,-4.32,-4.8,7.04
112818,Additional fee resources,3,8,2.667,-21.81,17.05,27.87,16.87,14.61,19.58
112819,Important: Starting April 17,4,8,2.0,33.58,9.57,1.6,11.6,10.01,11.73
112820,What this means for sellers,5,6,1.2,100.24,0.52,2.0,4.96,2.74,7.04
112821,For more details,3,4,1.333,90.99,1.31,1.2,1.4,2.05,9.05
112822,If sellers ship to just,5,6,1.2,100.24,0.52,2.0,0.32,-1.03,7.04
112824,European Union: EU finance ministers,5,12,2.4,-1.28,14.68,18.0,14.24,11.21,19.67
112825,The July 2026 shift for low-value parcels into the,9,13,1.444,75.5,4.96,3.6,7.33,5.05,11.1
112826,Delivery should be trackable.,4,8,2.0,33.58,9.57,11.6,13.05,11.18,11.73
112829,Cart abandonment rises with DAP,5,9,1.8,49.48,7.6,10.0,9.6,6.5,13.36
112830,DDP shipments clear customs faster,5,8,1.6,66.4,5.24,2.0,13.08,9.33,16.52
112831,In the EU and UK,5,5,1.0,117.16,-1.84,2.0,-7.8,-7.63,10.2
112834,Powerful AI features that drive,5,8,1.6,66.4,5.24,2.0,9.6,6.5,10.2
112835,Real-Time Personalization With Shopper,4,12,3.0,-51.02,21.37,21.6,26.1,21.78,15.68
112836,Brand Center lets you train,5,6,1.2,100.24,0.52,2.0,4.96,2.74,10.2
112837,This is where Postscript separates,5,8,1.6,66.4,5.24,10.0,13.08,9.33,10.2
112839,Branded,1,2,2.0,36.62,8.4,0.4,-4.8,12.04,19.48
112840,Postscript supports Rich Communication Services,5,13,2.6,-18.2,17.04,18.0,28.16,21.58,16.52
112841,Postscript acquired Fondue and integrated,5,12,2.4,-1.28,14.68,18.0,21.2,15.92,16.52
112842,Postscript killed the $200 credits,5,7,1.4,83.32,2.88,2.0,11.92,9.33,13.36
112843,Postscript is purpose-built for,4,7,1.75,54.73,6.62,11.6,15.95,13.54,11.73
112844,For brands wanting one tool,5,6,1.2,100.24,0.52,2.0,4.96,2.74,10.2
112845,How long does a typical,5,7,1.4,83.32,2.88,10.0,0.32,-1.03,7.04
112846,Starting with the French market,5,7,1.4,83.32,2.88,2.0,9.6,6.5,7.04
112847,A process that once took,5,6,1.2,100.24,0.52,2.0,1.48,-0.09,7.04
112848,However,1,3,3.0,-47.98,20.2,0.4,-4.8,12.04,0.05
112849,Amazon's A9 algorithm decides which,5,11,2.2,15.64,12.32,18.0,13.08,10.27,16.52
112850,Just like traditional SEO,4,8,2.0,33.58,9.57,11.6,8.7,6.48,11.73
112851,– Product Description: The product description,5,11,2.2,15.64,12.32,18.0,23.52,13.25,16.52
112852,– Conversion Rate: Your conversion rate,5,9,1.8,49.48,7.6,18.0,15.4,7.76,10.2
112853,– Product Reviews & Star Ratings:,4,7,1.75,54.73,6.62,1.6,13.05,2.55,15.68
112854,To ensure sales,3,4,1.333,90.99,1.31,1.2,-0.53,0.48,14.31
112855,Keyword research and targeting: Identifying,5,13,2.6,-18.2,17.04,18.0,22.36,17.81,16.52
112856,Research shows that free shipping,5,7,1.4,83.32,2.88,2.0,11.92,8.39,13.36
112857,Perhaps the most common marketing,5,9,1.8,49.48,7.6,10.0,11.92,8.39,10.2
112858,Dynamic Thresholds – Apply different thresholds,5,12,2.4,-1.28,14.68,10.0,25.84,14.04,16.52
112859,You will eventually hit the,5,9,1.8,49.48,7.6,10.0,4.96,2.74,7.04
112861,The bump in sales usually,5,8,1.6,66.4,5.24,10.0,2.64,0.85,10.2
112862,This encourages customers to add,5,10,2.0,32.56,9.96,18.0,10.76,7.45,10.2
112863,Reduces Cart Abandonment when customers,5,12,2.4,-1.28,14.68,26.0,18.88,14.04,13.36
112864,Why White Backgrounds Matter,4,6,1.5,75.88,3.67,1.6,13.05,10.01,7.78
112865,It's gray because that's what,5,6,1.2,100.24,0.52,2.0,4.96,4.62,0.25
112867,Over-lighting the background: Creates,4,8,2.0,33.58,9.57,11.6,23.2,20.6,11.73
112868,Try not to use multiple,5,7,1.4,83.32,2.88,10.0,0.32,-1.03,7.04
112870,Understand Flow Skip Reasons: Investigate,5,11,2.2,15.64,12.32,10.0,20.04,15.92,10.2
112871,SECOND STEP : Second go & find,5,7,1.4,83.32,2.88,2.0,3.8,-2.78,0.25
112872,Domain Issues: If your sending,5,8,1.6,66.4,5.24,2.0,7.28,5.56,13.36
112873,If flow messages are not,5,7,1.4,83.32,2.88,10.0,1.48,-0.09,7.04
112874,Click on the trigger of the flow in the flow,10,11,1.1,103.62,1.29,4.0,1.54,0.05,5.71
112875,Since category pages are broader,5,10,2.0,32.56,9.96,10.0,10.76,7.45,13.36
112876,Overloading your category pages with,5,12,2.4,-1.28,14.68,18.0,15.4,11.21,13.36
112877,For example,2,4,2.0,35.61,8.79,20.8,-1.6,3.12,11.63
112881,Customers reports: This helps understand,5,10,2.0,32.56,9.96,10.0,18.88,14.98,13.36
112882,Shopify Analytics Dashboard offers basic,5,12,2.4,-1.28,14.68,10.0,20.04,14.98,19.67
112883,Cart Analysis,2,5,2.5,-6.69,14.69,20.8,4.2,7.83,11.63
112884,The default Shopify reporting categories,5,12,2.4,-1.28,14.68,18.0,20.04,14.98,16.52
112887,This helps you see where,5,5,1.0,117.16,-1.84,2.0,1.48,-0.09,7.04
112889,Shopify displays this to help,5,7,1.4,83.32,2.88,2.0,7.28,4.62,10.2
112890,Marketing reports: Evaluate the effectiveness,5,14,2.8,-35.12,19.4,26.0,24.68,19.69,16.52
112892,Fraud reports: Monitor and analyze,5,10,2.0,32.56,9.96,18.0,11.92,9.33,16.52
112893,That's where Stay AI stands,5,5,1.0,117.16,-1.84,2.0,3.8,2.74,10.2
112896,Pricing Structure (2026),3,5,1.667,62.79,5.25,1.2,13.0,14.61,19.58
112897,Many merchants choose Stay AI,5,7,1.4,83.32,2.88,2.0,7.28,4.62,10.2
112898,In fact,2,2,1.0,120.21,-3.01,0.8,-13.2,-6.3,0.1
112900,*Ratings approximate based on latest,5,10,2.0,32.56,9.96,10.0,14.24,11.21,16.52
112901,You gain access to tools,5,6,1.2,100.24,0.52,2.0,1.48,-0.09,10.2
112902,Another pro to Amazon Brand,5,9,1.8,49.48,7.6,10.0,4.96,2.74,13.36
112904,For many brands,3,4,1.333,90.99,1.31,1.2,-0.53,0.48,9.05
112905,The following marketing and advertising,5,12,2.4,-1.28,14.68,18.0,18.88,14.04,10.2
112906,Increase sales,2,3,1.5,77.91,2.89,0.8,7.1,10.18,19.53
112907,Brand Stores,2,2,1.0,120.21,-3.01,0.8,1.3,5.48,19.53
112908,Not to mention the added,5,7,1.4,83.32,2.88,2.0,1.48,-0.09,10.2
112909,Who's eligible for Amazon Brand,5,10,2.0,32.56,9.96,18.0,8.44,6.5,13.36
112910,After your trademark's verified,4,8,2.0,33.58,9.57,11.6,15.95,13.54,11.73
112911,Important note: Amazon Brand Registry,5,11,2.2,15.64,12.32,18.0,15.4,12.16,13.36
112914,First,1,1,1.0,121.22,-3.4,0.4,-16.4,2.62,0.05
112915,If you possess an image,5,7,1.4,83.32,2.88,2.0,0.32,-1.03,10.2
112916,Provide your trademark information which,5,10,2.0,32.56,9.96,10.0,20.04,14.98,13.36
112918,Once you send this verification,5,9,1.8,49.48,7.6,10.0,9.6,6.5,7.04
112920,Tools and setup: Fairing and,5,7,1.4,83.32,2.88,2.0,4.96,3.68,13.36
112921,Our attribution survey solution,4,11,2.75,-29.87,18.42,21.6,17.4,13.54,15.68
112922,Setup is done in minutes,5,7,1.4,83.32,2.88,2.0,1.48,-0.09,10.2
112923,Merge attribution responses with behavioral,5,13,2.6,-18.2,17.04,26.0,23.52,17.81,16.52
112924,The team shows how to,5,5,1.0,117.16,-1.84,2.0,-2.0,-2.92,7.04
112925,EnquireLabs is an attribution survey,5,11,2.2,15.64,12.32,18.0,15.4,11.21,13.36
112926,How did you first hear about us? (free text,9,10,1.111,103.7,1.03,3.6,2.18,1.39,5.84
112927,How did you first hear about us? (free text,9,10,1.111,103.7,1.03,3.6,2.18,1.39,5.84
112928,"You can also include ""other",5,8,1.6,66.4,5.24,2.0,3.8,2.74,7.04
112929,A user may have heard,5,6,1.2,100.24,0.52,2.0,-2.0,-2.92,7.04
112930,A study published in the,5,7,1.4,83.32,2.88,2.0,1.48,-0.09,7.04
112932,In 2026,2,2,1.0,120.21,-3.01,0.8,-13.2,-6.3,11.63
112933,The “it” destination for Gen,5,10,2.0,32.56,9.96,18.0,3.8,3.68,10.2
112935,DIME Rewards,2,3,1.5,77.91,2.89,0.8,1.3,5.48,11.63
112936,Girlfriend Collective is a green,5,8,1.6,66.4,5.24,10.0,10.76,7.45,10.2
112937,Last updated on April 19,5,8,1.6,66.4,5.24,10.0,1.48,-0.09,10.2
112938,Powered with Yotpo's tools,4,6,1.5,75.88,3.67,1.6,8.7,7.65,15.68
112939,Doughp's Spoonlickers Club is a,5,8,1.6,66.4,5.24,10.0,8.44,6.5,10.2
112940,The go-to brand for,4,5,1.25,97.03,0.72,1.6,-1.45,-0.59,11.73
112941,Stix's loyalty program builds customer,5,10,2.0,32.56,9.96,10.0,16.56,13.1,16.52
112942,Nuun+ Rewards offers loyalty members,5,10,2.0,32.56,9.96,10.0,14.24,11.21,19.67
112943,You should have the ability,5,8,1.6,66.4,5.24,10.0,4.96,2.74,7.04
112944,Identify your “High Potential” segment,5,11,2.2,15.64,12.32,18.0,15.4,13.1,13.36
112946,The strategy is straightforward: offer,5,10,2.0,32.56,9.96,18.0,16.56,13.1,10.2
112947,If a customer is subscribed,5,8,1.6,66.4,5.24,2.0,4.96,2.74,7.04
112948,Synergy is Essential: Your loyalty,5,11,2.2,15.64,12.32,26.0,11.92,9.33,13.36
112951,Members who reach Emerald status,5,8,1.6,66.4,5.24,2.0,10.76,7.45,13.36
112952,Club Homeworx is a tier,5,6,1.2,100.24,0.52,2.0,0.32,-1.03,10.2
112953,This growth adds more than,5,5,1.0,117.16,-1.84,2.0,3.8,1.79,10.2
112954,As businesses of all sizes,5,8,1.6,66.4,5.24,10.0,3.8,1.79,10.2
112955,ATLANTA,1,3,3.0,-47.98,20.2,40.4,-4.8,12.04,19.48
112956,Shoppers can find Return Bar,5,7,1.4,83.32,2.88,2.0,6.12,3.68,7.04
112957,“Our Return Bar® network,4,7,1.75,54.73,6.62,1.6,4.35,5.3,7.78
112958,Store manager Shawn Reese (right,5,7,1.4,83.32,2.88,2.0,9.6,7.45,10.2
112959,At drop off,3,3,1.0,119.19,-2.62,1.2,-8.27,-5.8,0.15
112960,It also compares the image,5,8,1.6,66.4,5.24,2.0,3.8,1.79,10.2
112961,The Happy Returns AI system,5,8,1.6,66.4,5.24,2.0,4.96,2.74,13.36
112962,“We think that the more,5,5,1.0,117.16,-1.84,2.0,-0.84,-1.03,0.25
112963,Relying on UPS's integrated logistics,5,13,2.6,-18.2,17.04,26.0,15.4,12.16,16.52
112964,According to 2025 data from,5,8,1.6,66.4,5.24,10.0,4.96,2.74,13.36
112965,While its core features are,5,6,1.2,100.24,0.52,2.0,4.96,2.74,10.2
112966,On AI tools,3,3,1.0,119.19,-2.62,1.2,-8.27,-5.8,14.31
112967,Conversion remains the ultimate metric,5,11,2.2,15.64,12.32,18.0,17.72,13.1,16.52
112968,BigCommerce natively supports up to,5,9,1.8,49.48,7.6,10.0,14.24,10.27,13.36
112969,The choice in the bigcommerce,5,7,1.4,83.32,2.88,10.0,7.28,4.62,7.04
112970,A critical pricing rule: Shopify,5,9,1.8,49.48,7.6,10.0,9.6,7.45,13.36
112971,When comparing Shopify pricing 2026,5,9,1.8,49.48,7.6,10.0,14.24,10.27,16.52
112972,Shopify's infrastructure is battle-tested,4,9,2.25,12.43,12.52,11.6,29.0,25.31,15.68
112973,Choose BigCommerce if your D2C,5,7,1.4,83.32,2.88,10.0,8.44,5.56,10.2
112974,Flat URL structures reduce crawl,5,7,1.4,83.32,2.88,2.0,10.76,7.45,13.36
112976,The maximum length of a,5,7,1.4,83.32,2.88,10.0,0.32,-1.03,7.04
112979,Start with a short summary,5,7,1.4,83.32,2.88,10.0,3.8,1.79,7.04
112980,Include an FAQ section: Answer,5,8,1.6,66.4,5.24,2.0,7.28,5.56,13.36
112982,Once you've identified your,4,7,1.75,54.73,6.62,11.6,10.15,8.83,7.78
112983,On both CLP and PLP,5,5,1.0,117.16,-1.84,2.0,-4.32,-4.8,10.2
112984,Instead of just targeting automotive,5,11,2.2,15.64,12.32,18.0,15.4,11.21,10.2
112985,Market Demand: Automatically raising prices,5,13,2.6,-18.2,17.04,10.0,22.36,17.81,16.52
112986,How easily customers can find,5,9,1.8,49.48,7.6,18.0,7.28,4.62,10.2
112987,At the same time,4,4,1.0,118.18,-2.23,1.6,-4.35,-4.12,0.2
112988,While such errors may seem,5,6,1.2,100.24,0.52,2.0,3.8,1.79,7.04
112989,Some brands have experienced up,5,8,1.6,66.4,5.24,10.0,9.6,6.5,10.2
112990,Within e-commerce,2,5,2.5,-6.69,14.69,20.8,12.9,17.25,19.53
112991,AI models prioritize factual consensus,5,13,2.6,-18.2,17.04,26.0,17.72,13.1,19.67
112992,Whether it's a missing checkout,5,8,1.6,66.4,5.24,2.0,8.44,6.5,13.36
112994,roughly 11,2,3,1.5,77.91,2.89,0.8,-4.5,0.77,19.53
112995,Basic product photography (white background,5,11,2.2,15.64,12.32,10.0,22.36,17.81,13.36
112997,Studio rental adds $500-2,4,7,1.75,54.73,6.62,11.6,5.8,6.48,19.62
112999,Amazon Listing Packages,3,8,2.667,-21.81,17.05,27.87,14.93,13.04,19.58
113001,Sponsored Product Ads are the,5,7,1.4,83.32,2.88,2.0,7.28,4.62,13.36
113002,Sponsored Products – keyword- and ASIN,5,9,1.8,49.48,7.6,2.0,14.24,6.98,16.52
113003,This type of ad uses,5,6,1.2,100.24,0.52,2.0,-3.16,-3.86,13.36
113004,Sponsored Product Ads – These are,5,7,1.4,83.32,2.88,2.0,9.6,3.05,13.36
113005,Sponsored Brand Ads (formerly known,5,8,1.6,66.4,5.24,10.0,13.08,10.27,16.52
113006,Sponsored Brand Ads are an,5,6,1.2,100.24,0.52,2.0,3.8,1.79,13.36
113007,Sponsored Display Ads – These ads,5,7,1.4,83.32,2.88,2.0,9.6,3.05,16.52
113008,Amazon Sponsored Display Ads,4,8,2.0,33.58,9.57,11.6,13.05,10.01,19.62
113009,They help sellers retarget shoppers,5,9,1.8,49.48,7.6,10.0,14.24,10.27,13.36
113013,Of these,2,2,1.0,120.21,-3.01,0.8,-10.3,-3.95,0.1
113014,Consent is crucial: Always obtain,5,9,1.8,49.48,7.6,2.0,10.76,8.39,13.36
113016,Automate unsubscribe requests,3,8,2.667,-21.81,17.05,27.87,26.53,22.46,19.58
113017,After a subscriber joins your,5,8,1.6,66.4,5.24,10.0,7.28,4.62,10.2
113019,State Laws Add Specific Timing,5,8,1.6,66.4,5.24,10.0,8.44,5.56,13.36
113020,Outgoing text messages must include,5,10,2.0,32.56,9.96,18.0,14.24,10.27,16.52
113021,Explicit Prior Consent and Data,5,10,2.0,32.56,9.96,10.0,9.6,6.5,16.52
113022,Fairing a surface removes the,5,8,1.6,66.4,5.24,2.0,7.28,4.62,10.2
113023,Developing a Fairing Plan,4,8,2.0,33.58,9.57,11.6,8.7,6.48,11.73
113024,By laying a flexible stick,5,8,1.6,66.4,5.24,10.0,3.8,1.79,10.2
113025,Another way to see a,5,7,1.4,83.32,2.88,2.0,-3.16,-3.86,0.25
113026,Determining the profile,3,7,2.333,6.39,13.11,14.53,14.93,13.04,14.31
113027,By Greg Bull – GBI Technical,5,7,1.4,83.32,2.88,10.0,3.8,-0.88,13.36
113028,Apply it in thin,4,5,1.25,97.03,0.72,1.6,-4.35,-4.12,7.78
113029,If a simple dual-action,4,7,1.75,54.73,6.62,11.6,4.35,4.12,7.78
113030,Sign in to YouTube Studio,5,8,1.6,66.4,5.24,10.0,2.64,0.85,10.2
113032,Content creators must be in,5,8,1.6,66.4,5.24,10.0,4.96,2.74,10.2
113035,Inside YouTube Shopping,3,6,2.0,34.59,9.18,1.2,14.93,13.04,9.05
113036,You can use expanded reports,5,8,1.6,66.4,5.24,10.0,6.12,3.68,10.2
113037,Adding variations to your listings,5,10,2.0,32.56,9.96,10.0,13.08,9.33,13.36
113038,When you make a listing,5,6,1.2,100.24,0.52,2.0,0.32,-1.03,7.04
113039,Fairing is the first company,5,8,1.6,66.4,5.24,2.0,6.12,3.68,7.04
113041,Ease of Setup and Use,5,6,1.2,100.24,0.52,2.0,-2.0,-2.92,10.2
113042,Moreover,1,3,3.0,-47.98,20.2,40.4,1.0,16.75,19.48
113043,Often times this survey presents,5,8,1.6,66.4,5.24,2.0,10.76,7.45,13.36
113044,Enhancing your conversions means giving,5,10,2.0,32.56,9.96,18.0,18.88,14.04,10.2
113045,This means that for every,5,7,1.4,83.32,2.88,2.0,2.64,0.85,0.25
113046,2.2 Better measurement → better,4,8,2.0,33.58,9.57,11.6,13.05,6.0,11.73
113047,Important: Enhanced conversions for web,5,10,2.0,32.56,9.96,10.0,17.72,14.04,10.2
113051,You'll also have the,4,5,1.25,97.03,0.72,1.6,0.0,0.59,0.2
113052,Built for Shopify badge,4,5,1.25,97.03,0.72,1.6,5.8,4.12,7.78
113054,Integration: Apps use Shopify's latest,5,10,2.0,32.56,9.96,10.0,15.4,13.1,16.52
113055,Enhancing your conversions means giving,5,10,2.0,32.56,9.96,18.0,18.88,14.04,10.2
113056,They use hashed first-party,4,5,1.25,97.03,0.72,1.6,10.15,8.83,11.73
113057,Regardless of the event type,5,8,1.6,66.4,5.24,10.0,6.12,3.68,13.36
113059,In my experience,3,6,2.0,34.59,9.18,14.53,1.4,2.05,9.05
113060,Server-side Enhanced Conversions use,4,8,2.0,33.58,9.57,11.6,23.2,19.43,15.68
113061,Numbers went up?,3,4,1.333,90.99,1.31,1.2,-0.53,2.05,9.05
113062,After you implement,3,6,2.0,34.59,9.18,14.53,7.2,6.76,9.05
113063,This is why Enhanced Conversions,5,8,1.6,66.4,5.24,10.0,10.76,7.45,10.2
113064,You should also ensure your,5,7,1.4,83.32,2.88,2.0,4.96,2.74,7.04
113065,This guide from the Shopify,5,6,1.2,100.24,0.52,2.0,4.96,2.74,7.04
113066,The Fix: Go to Settings,5,6,1.2,100.24,0.52,2.0,-0.84,-1.03,7.04
113067,The Fix: Checkout Extensibility runs,5,10,2.0,32.56,9.96,10.0,14.24,11.21,13.36
113068,Custom pixel logic — rebuild this,5,9,1.8,49.48,7.6,2.0,9.6,3.05,13.36
113069,The Web Pixel API gives,5,6,1.2,100.24,0.52,2.0,0.32,-1.03,13.36
113070,The Fix: Checkout Extensibility runs,5,10,2.0,32.56,9.96,10.0,14.24,11.21,13.36
113072,In the Checkout customisation section,5,10,2.0,32.56,9.96,10.0,16.56,12.16,13.36
113074,Second,1,2,2.0,36.62,8.4,0.4,-10.6,7.33,0.05
113075,A dynamic programming model is,5,10,2.0,32.56,9.96,18.0,8.44,5.56,13.36
113076,Abstract,1,2,2.0,36.62,8.4,0.4,1.0,16.75,19.48
113077,For 2026,2,2,1.0,120.21,-3.01,0.8,-10.3,-3.95,11.63
113078,Exchange-First Workflows: U.S. retail,4,8,2.0,33.58,9.57,11.6,20.3,20.6,15.68
113080,I like the customization capabilities,5,13,2.6,-18.2,17.04,18.0,16.56,12.16,10.2
113081,ReturnLogic empowers retailers to accept,5,12,2.4,-1.28,14.68,26.0,20.04,14.98,13.36
113083,ReturnLogic is a Returns Management,5,10,2.0,32.56,9.96,18.0,14.24,10.27,13.36
113084,How else will the A10,5,5,1.0,117.16,-1.84,2.0,-2.0,-2.92,7.04
113087,Amazon's own search bar is,5,7,1.4,83.32,2.88,10.0,2.64,1.79,7.04
113088,Include three to four of,5,6,1.2,100.24,0.52,2.0,1.48,-0.09,7.04
113089,The optimal range tends to,5,7,1.4,83.32,2.88,10.0,3.8,1.79,13.36
113090,Don't Repeat Keywords: Keywords,4,7,1.75,54.73,6.62,1.6,14.5,13.54,11.73
113091,Title Optimization: Craft compelling,4,11,2.75,-29.87,18.42,21.6,23.2,19.43,15.68
113096,Add product inserts with a,5,7,1.4,83.32,2.88,2.0,3.8,1.79,10.2
113097,Checkout Extensibility is the modern,5,11,2.2,15.64,12.32,10.0,15.4,11.21,13.36
113098,It includes a suite of,5,6,1.2,100.24,0.52,2.0,-0.84,-1.97,10.2
113099,Discover a new level of,5,8,1.6,66.4,5.24,2.0,0.32,-1.03,0.25
113101,These blocks can display additional,5,9,1.8,49.48,7.6,10.0,14.24,10.27,13.36
113102,2 - Add Checkout UI Extensions,5,8,1.6,66.4,5.24,10.0,6.12,0.7,16.52
113103,Checkout Extensions,2,5,2.5,-6.69,14.69,20.8,21.6,21.96,19.53
113104,Anchor to SecuritySecurity,3,8,2.667,-21.81,17.05,14.53,20.73,17.75,14.31
113105,Remember,1,3,3.0,-47.98,20.2,0.4,1.0,16.75,0.05
113106,Shopify Functions allow developers to,5,11,2.2,15.64,12.32,10.0,16.56,12.16,13.36
113107,For example,2,4,2.0,35.61,8.79,20.8,-1.6,3.12,11.63
113108,Ecommerce development agencies can use,5,12,2.4,-1.28,14.68,26.0,17.72,13.1,13.36
113109,To resolve this issue,4,6,1.5,75.88,3.67,1.6,2.9,1.77,11.73
113110,You install an app or,5,6,1.2,100.24,0.52,2.0,-2.0,-2.92,10.2
113111,It might be important for,5,7,1.4,83.32,2.88,2.0,2.64,0.85,0.25
113114,This is a standard security,5,9,1.8,49.48,7.6,10.0,4.96,2.74,10.2
113115,Collecting payment for orders on payment terms,7,12,1.714,54.7,7.37,8.51,13.11,8.98,10.75
113116,The available terms are net,5,8,1.6,66.4,5.24,10.0,4.96,2.74,10.2
113117,For merchants looking to bypass,5,8,1.6,66.4,5.24,2.0,9.6,6.5,13.36
113119,AI Overview,2,4,2.0,35.61,8.79,20.8,-1.6,3.12,19.53
113120,Promotional Campaigns: Announce product launches,5,12,2.4,-1.28,14.68,10.0,28.16,22.52,19.67
113121,Toll-free numbers are the,4,6,1.5,75.88,3.67,1.6,7.25,6.48,11.73
113124,Welcome Flows: Send new subscribers,5,8,1.6,66.4,5.24,10.0,13.08,10.27,10.2
113125,Understand SMS consent: It requires,5,10,2.0,32.56,9.96,10.0,13.08,10.27,13.36
113127,Overview Installing Stay AI to,5,9,1.8,49.48,7.6,18.0,8.44,5.56,13.36
113128,Find the Stay AI app,5,5,1.0,117.16,-1.84,2.0,-3.16,-3.86,10.2
113132,No-code customer portal: easy,4,8,2.0,33.58,9.57,1.6,11.6,11.18,11.73
113135,If you are not using,5,6,1.2,100.24,0.52,2.0,-3.16,-3.86,7.04
113136,Whether you're customizing emails,4,9,2.25,12.43,12.52,11.6,18.85,15.9,15.68
113138,A web developer,3,6,2.0,34.59,9.18,14.53,-0.53,0.48,9.05
113140,Make your product photos easily,5,9,1.8,49.48,7.6,10.0,9.6,6.5,13.36
113141,We recommend that you post,5,7,1.4,83.32,2.88,10.0,3.8,1.79,7.04
113142,You may participate in the,5,8,1.6,66.4,5.24,10.0,3.8,1.79,7.04
113143,The key is to showcase,5,6,1.2,100.24,0.52,2.0,-0.84,-1.97,7.04
113144,Tip 2: Use multiple,4,6,1.5,75.88,3.67,11.6,-1.45,-0.59,11.73
113145,Try to use as many,5,6,1.2,100.24,0.52,2.0,-5.48,-5.74,0.25
113146,Rating: 4.8 stars (320+,4,5,1.25,97.03,0.72,1.6,0.0,4.12,19.62
113149,Aimerce.ai ensures your conversion,4,9,2.25,12.43,12.52,21.6,20.3,17.07,15.68
113150,Lucky Orange Heatmaps and Replay,5,9,1.8,49.48,7.6,2.0,10.76,7.45,10.2
113151,There's also a data accuracy,5,10,2.0,32.56,9.96,10.0,4.96,3.68,13.36
113152,Loyalty Program For Ecommerce Loyalty,5,12,2.4,-1.28,14.68,26.0,16.56,12.16,16.52
113153,These points can then be,5,5,1.0,117.16,-1.84,2.0,1.48,-0.09,7.04
113155,Yotpo Loyalty and Referrals offers,5,10,2.0,32.56,9.96,18.0,13.08,9.33,16.52
113156,Making Purchases: This is the,5,8,1.6,66.4,5.24,10.0,6.12,4.62,7.04
113157,Reward shoppers for more than,5,7,1.4,83.32,2.88,2.0,7.28,4.62,7.04
113158,Incentivize High-Quality Reviews: Reward,4,9,2.25,12.43,12.52,11.6,27.55,24.14,15.68
113159,Core Features: What You Actually,5,9,1.8,49.48,7.6,10.0,9.6,7.45,13.36
113161,Tiered programs add a level,5,7,1.4,83.32,2.88,2.0,4.96,2.74,10.2
113162,You can define 2-5,4,5,1.25,97.03,0.72,1.6,-2.9,-1.77,11.73
113163,When you move up to,5,5,1.0,117.16,-1.84,2.0,-4.32,-4.8,0.25
113164,Manage Your Loyalty Program,4,8,2.0,33.58,9.57,11.6,11.6,8.83,15.68
113165,Once you are in {{,4,4,1.0,118.18,-2.23,1.6,-5.8,-6.24,0.2
113166,Tight Shopify integration: Yotpo is,5,9,1.8,49.48,7.6,10.0,13.08,10.27,13.36
113167,It has made a huge,5,5,1.0,117.16,-1.84,2.0,-5.48,-5.74,0.25
113168,Launch your rewards program with,5,7,1.4,83.32,2.88,2.0,10.76,7.45,13.36
113169,Points-based loyalty programs (earn,4,8,2.0,33.58,9.57,11.6,20.3,18.25,15.68
113170,Yotpo checks IP addresses and,5,7,1.4,83.32,2.88,10.0,7.28,4.62,16.52
113171,If you're already using,4,7,1.75,54.73,6.62,1.6,4.35,4.12,7.78
113172,Manage your monthly subscription box,5,9,1.8,49.48,7.6,10.0,15.4,11.21,13.36
113173,Here are just a few,5,5,1.0,117.16,-1.84,2.0,-4.32,-4.8,0.25
113174,Determine the products you want,5,8,1.6,66.4,5.24,10.0,9.6,6.5,10.2
113177,Telephone Consumer Protection Act (TPCA,5,11,2.2,15.64,12.32,18.0,17.72,14.04,13.36
113180,Specifically,1,4,4.0,-132.58,32.0,40.4,24.2,35.59,19.48
113181,If your business sends text,5,6,1.2,100.24,0.52,2.0,4.96,2.74,10.2
113182,Calls to Action: A call,5,6,1.2,100.24,0.52,2.0,-0.84,-1.03,10.2
113186,Burying or skipping opt-out,4,8,2.0,33.58,9.57,11.6,10.15,8.83,15.68
113187,Messages must be sent only,5,8,1.6,66.4,5.24,10.0,3.8,1.79,7.04
113188,The 5.0 rating across 234,5,7,1.4,83.32,2.88,2.0,1.48,0.85,13.36
113189,I spent over six months,5,6,1.2,100.24,0.52,2.0,0.32,-1.03,7.04
113190,This is the feature that,5,6,1.2,100.24,0.52,2.0,1.48,-0.09,7.04
113191,Passwordless login is a genuine,5,10,2.0,32.56,9.96,18.0,9.6,6.5,13.36
113193,"When a subscriber hits ""cancel",5,8,1.6,66.4,5.24,10.0,7.28,5.56,13.36
113194,Subscription Adjustments,2,6,3.0,-48.99,20.59,40.8,36.1,33.73,19.53
113195,The subscriber portal is fully,5,9,1.8,49.48,7.6,10.0,8.44,5.56,10.2
113196,It is built for Shopify,5,6,1.2,100.24,0.52,2.0,0.32,-1.03,7.04
113197,Recharge has a long history,5,8,1.6,66.4,5.24,2.0,4.96,2.74,7.04
113198,The rapid growth of e-commerce has increased the demand,9,14,1.556,66.1,6.28,8.04,10.56,7.67,12.86
113199,In the e-commerce domain,4,7,1.75,54.73,6.62,11.6,5.8,5.3,11.73
113200,By modeling users and their actions as a graph structure,10,15,1.5,69.79,6.01,8.0,8.5,5.71,12.03
113201,This study introduces MARL-GNN,4,8,2.0,33.58,9.57,11.6,14.5,12.36,11.73
113202,We introduce a novel framework,5,9,1.8,49.48,7.6,10.0,8.44,5.56,13.36
113204,Enhancing E-Commerce Innovation with,4,11,2.75,-29.87,18.42,31.6,23.2,19.43,15.68
113206,Shopify's evolution in 2026 is,5,9,1.8,49.48,7.6,10.0,7.28,5.56,13.36
113207,By 2026,2,2,1.0,120.21,-3.01,0.8,-13.2,-6.3,11.63
113208,Tinker is a new AI,5,6,1.2,100.24,0.52,2.0,-5.48,-5.74,10.2
113209,Shopify has already structured more,5,9,1.8,49.48,7.6,2.0,14.24,10.27,10.2
113210,Sidekick becomes a true business,5,8,1.6,66.4,5.24,2.0,10.76,7.45,10.2
113211,Shopify's SimGym introduces a new,5,10,2.0,32.56,9.96,10.0,10.76,8.39,13.36
113212,Shopify is Leaning Harder into,5,9,1.8,49.48,7.6,2.0,8.44,5.56,13.36
113213,Shopify has expanded key B2B,5,8,1.6,66.4,5.24,10.0,6.12,3.68,13.36
113214,Shopify supports AR natively through,5,8,1.6,66.4,5.24,2.0,15.4,11.21,16.52
113215,Micro-Interactions: Small details make,4,9,2.25,12.43,12.52,11.6,24.65,21.78,11.73
113216,Shopify Markets adds support for,5,8,1.6,66.4,5.24,2.0,10.76,7.45,16.52
113217,Unparalleled Flexibility: With headless commerce,5,14,2.8,-35.12,19.4,18.0,28.16,22.52,16.52
113218,Custom catalogs: Presenting only relevant,5,13,2.6,-18.2,17.04,26.0,20.04,15.92,16.52
113219,Unlike traditional sales channels that,5,10,2.0,32.56,9.96,10.0,17.72,13.1,16.52
113220,Rather than having to manually,5,10,2.0,32.56,9.96,10.0,8.44,5.56,7.04
113223,B2B wholesale marketplaces: Platforms like,5,10,2.0,32.56,9.96,10.0,21.2,16.87,16.52
113224,If your products have a,5,6,1.2,100.24,0.52,2.0,0.32,-1.03,7.04
113225,By utilizing a B2B marketplace,5,10,2.0,32.56,9.96,18.0,8.44,5.56,13.36
113226,SMS,1,1,1.0,121.22,-3.4,0.4,-28.0,-6.8,19.48
113228,MessageFlow empowers you to create,5,10,2.0,32.56,9.96,18.0,13.08,9.33,13.36
113229,For example,2,4,2.0,35.61,8.79,20.8,-1.6,3.12,11.63
113230,The most effective CRO programs,5,8,1.6,66.4,5.24,10.0,9.6,6.5,13.36
113231,These changes typically show measurable results within 2–4 weeks.,9,17,1.889,37.9,10.21,12.49,16.36,12.9,16.36
113232,The fastest ways to improve,5,7,1.4,83.32,2.88,2.0,4.96,2.74,10.2
113233,One clear primary metric (e.g.,5,8,1.6,66.4,5.24,10.0,4.96,5.56,13.36
113234,Carbon neutral shipping is typically,5,10,2.0,32.56,9.96,10.0,15.4,11.21,16.52
113235,Carbon neutral is when an,5,7,1.4,83.32,2.88,2.0,2.64,0.85,10.2
113236,Companies first track emissions,4,8,2.0,33.58,9.57,21.6,17.4,13.54,11.73
113237,Utilizing Modes of Transport with,5,9,1.8,49.48,7.6,10.0,11.92,8.39,13.36
113238,Plus,1,1,1.0,121.22,-3.4,0.4,-22.2,-2.09,19.48
113239,Take route optimisation.,3,6,2.0,34.59,9.18,14.53,14.93,14.61,9.05
113240,Did you know that switching,5,6,1.2,100.24,0.52,2.0,4.96,2.74,7.04
113241,ShipBob partners with Ecocart so,5,8,1.6,66.4,5.24,2.0,10.76,7.45,13.36
113242,Purchase Verified Carbon Credits: Buy,5,10,2.0,32.56,9.96,10.0,15.4,12.16,16.52
113243,By integrating with Shopify,4,8,2.0,33.58,9.57,11.6,11.6,8.83,11.73
113244,On high-finish projects,3,5,1.667,62.79,5.25,1.2,13.0,13.04,14.31
113245,In a refit yard,4,5,1.25,97.03,0.72,1.6,-5.8,-5.3,7.78
113246,weld distortion and insert-plate,4,9,2.25,12.43,12.52,21.6,17.4,14.72,15.68
113249,82% of consumers prefer free shipping over expedited delivery options,10,22,2.2,10.56,14.27,16.0,15.46,11.83,15.19
113250,There's a significant disconnect between,5,11,2.2,15.64,12.32,18.0,18.88,14.98,13.36
113253,Actual historical income data for,5,12,2.4,-1.28,14.68,18.0,11.92,8.39,13.36
113255,Market Insights: Tap into Rabbu's,5,9,1.8,49.48,7.6,2.0,9.6,8.39,10.2
113256,DSCR lenders: Access financing that,5,9,1.8,49.48,7.6,10.0,13.08,10.27,16.52
113258,Proven Results and Growing Community,5,11,2.2,15.64,12.32,10.0,15.4,11.21,16.52
113259,Still low?,2,2,1.0,120.21,-3.01,0.8,-7.4,0.77,0.1
113260,You may think that means,5,5,1.0,117.16,-1.84,2.0,1.48,-0.09,0.25
113261,The lender's policy protects the,5,9,1.8,49.48,7.6,10.0,9.6,7.45,13.36
113262,A lender's policy,3,6,2.0,34.59,9.18,14.53,1.4,3.62,14.31
113263,Raw land loans are hardest,5,6,1.2,100.24,0.52,2.0,3.8,1.79,10.2
113264,"""The primary reasons why potential",5,10,2.0,32.56,9.96,18.0,11.92,9.33,13.36
113265,Starting March 1,3,4,1.333,90.99,1.31,1.2,1.4,2.05,14.31
113266,Forfeiture of down payment and,5,8,1.6,66.4,5.24,10.0,8.44,5.56,7.04
113267,Proponents of land contracts argue,5,9,1.8,49.48,7.6,10.0,13.08,9.33,13.36
113268,If you're embarking on,4,6,1.5,75.88,3.67,11.6,2.9,2.94,7.78
113269,If you don't buy,4,4,1.0,118.18,-2.23,1.6,-5.8,-4.12,0.2
113270,If you sign a form,5,5,1.0,117.16,-1.84,2.0,-5.48,-5.74,0.25
113271,The average home price across,5,8,1.6,66.4,5.24,10.0,7.28,4.62,7.04
113272,How We Ranked the Best,5,5,1.0,117.16,-1.84,2.0,-0.84,-1.97,7.04
113274,AirDNA identifies five U.S. college,5,9,1.8,49.48,7.6,10.0,11.92,10.27,10.2
113276,At $574 ADR -- the,4,4,1.0,118.18,-2.23,1.6,-7.25,-6.24,11.73
113277,Charleston posts the highest occupancy,5,10,2.0,32.56,9.96,10.0,17.72,13.1,16.52
113278,These markets average about $40.5,5,9,1.8,49.48,7.6,10.0,9.6,8.39,13.36
113280,We're seeing that reflected,4,7,1.75,54.73,6.62,11.6,10.15,8.83,7.78
113281,Even though mortgage rates have,5,7,1.4,83.32,2.88,2.0,9.6,6.5,10.2
113282,For those looking to buy,5,6,1.2,100.24,0.52,2.0,1.48,-0.09,7.04
113283,As of early May 2026,5,6,1.2,100.24,0.52,2.0,-3.16,-3.86,7.04
113285,The Federal Reserve's Next Moves,5,8,1.6,66.4,5.24,10.0,9.6,7.45,13.36
113287,Higher energy prices translate to,5,10,2.0,32.56,9.96,10.0,11.92,8.39,16.52
113288,Pros of Seller Financing,4,7,1.75,54.73,6.62,11.6,7.25,5.3,15.68
113289,In a seller financing arrangement,5,10,2.0,32.56,9.96,18.0,11.92,8.39,13.36
113290,It is not uncommon for,5,7,1.4,83.32,2.88,10.0,-0.84,-1.97,7.04
113291,A real estate syndication is,5,9,1.8,49.48,7.6,10.0,6.12,3.68,10.2
113292,Multiple investors pool their resources,5,11,2.2,15.64,12.32,26.0,18.88,14.04,13.36
113293,Returns on Real Estate Syndications,5,10,2.0,32.56,9.96,10.0,14.24,10.27,13.36
113295,Real estate syndications are typically,5,11,2.2,15.64,12.32,18.0,17.72,13.1,13.36
113296,One of the most common,5,6,1.2,100.24,0.52,2.0,-0.84,-1.97,7.04
113297,Enjoy the benefits of real,5,8,1.6,66.4,5.24,10.0,3.8,1.79,7.04
113298,While a 70/30 split,4,4,1.0,118.18,-2.23,1.6,-1.45,-0.59,11.73
113299,You live in one unit,5,6,1.2,100.24,0.52,2.0,-3.16,-3.86,7.04
113300,You purchase a single-family,4,7,1.75,54.73,6.62,11.6,11.6,10.01,11.73
113301,That's six years of saving,5,6,1.2,100.24,0.52,2.0,2.64,1.79,10.2
113302,When you live in a,5,5,1.0,117.16,-1.84,2.0,-5.48,-5.74,0.25
113303,The classic: buy a 2,5,6,1.2,100.24,0.52,2.0,-4.32,-3.86,10.2
113305,The income potential is real,5,8,1.6,66.4,5.24,10.0,6.12,3.68,7.04
113306,There are also off-market,4,7,1.75,54.73,6.62,11.6,7.25,6.48,7.78
113307,The bottom line: The MLS,5,6,1.2,100.24,0.52,2.0,0.32,-0.09,7.04
113308,It's also a time-sensitive,4,9,2.25,12.43,12.52,11.6,7.25,7.65,7.78
113309,Data that is not publicly,5,8,1.6,66.4,5.24,10.0,2.64,0.85,10.2
113311,They can then create a,5,6,1.2,100.24,0.52,2.0,-0.84,-1.97,7.04
113312,For instance,2,3,1.5,77.91,2.89,0.8,1.3,5.48,11.63
113313,While this may sound like,5,5,1.0,117.16,-1.84,2.0,2.64,0.85,0.25
113314,ARV reflects what the property,5,8,1.6,66.4,5.24,10.0,8.44,5.56,13.36
113315,Experienced flippers know that renovations,5,12,2.4,-1.28,14.68,18.0,22.36,16.87,13.36
113316,In expensive markets where home,5,8,1.6,66.4,5.24,10.0,9.6,6.5,10.2
113317,In many markets,3,5,1.667,62.79,5.25,1.2,-0.53,0.48,9.05
113319,skilled teams get more,4,4,1.0,118.18,-2.23,1.6,4.35,2.94,11.73
113321,Yes.,1,1,1.0,121.22,-3.4,0.4,-28.0,-2.09,0.05
113322,Housing shortages,2,5,2.5,-6.69,14.69,20.8,15.8,17.25,19.53
113323,Prefab addresses these challenges by,5,10,2.0,32.56,9.96,18.0,15.4,11.21,13.36
113324,Factories reuse materials,3,9,3.0,-50.01,20.98,27.87,18.8,16.18,19.58
113325,Traditional construction projects often experience,5,15,3.0,-52.04,21.76,26.0,31.64,24.4,16.52
113326,As a durable,3,5,1.667,62.79,5.25,14.53,-6.33,-4.23,9.05
113327,Long-Term ROI and Property,4,7,1.75,54.73,6.62,11.6,8.7,7.65,15.68
113328,The idea of an investment,5,9,1.8,49.48,7.6,10.0,2.64,0.85,7.04
113329,One big reason for the,5,6,1.2,100.24,0.52,2.0,-0.84,-1.97,0.25
113330,Homebuilder sentiment is closely monitored by economists,7,17,2.429,-5.73,15.8,25.66,21.4,15.71,15.26
113331,Each month,2,2,1.0,120.21,-3.01,0.8,-4.5,0.77,0.1
113332,Homebuilder sentiment refers to the,5,10,2.0,32.56,9.96,18.0,14.24,10.27,13.36
113333,The NAHB/Wells Fargo Housing,4,7,1.75,54.73,6.62,1.6,11.6,10.01,15.68
113335,Based on this calculation,4,7,1.75,54.73,6.62,11.6,8.7,6.48,11.73
113336,Each of these components is,5,7,1.4,83.32,2.88,10.0,4.96,2.74,7.04
113337,An index of 50 implies,5,7,1.4,83.32,2.88,2.0,-0.84,-1.97,13.36
113338,“Market conditions remain challenging with,5,11,2.2,15.64,12.32,18.0,21.2,16.87,10.2
113339,The HMI captures the perceptions,5,8,1.6,66.4,5.24,10.0,10.76,7.45,13.36
113340,Several factors impact builder sentiment,5,11,2.2,15.64,12.32,10.0,20.04,14.98,16.52
113341,However,1,3,3.0,-47.98,20.2,0.4,-4.8,12.04,0.05
113342,Material costs and supply chain,5,9,1.8,49.48,7.6,10.0,9.6,6.5,13.36
113343,By Snejana Farberov,3,5,1.667,62.79,5.25,1.2,7.2,6.76,14.31
113344,Builder confidence in the market,5,9,1.8,49.48,7.6,10.0,10.76,7.45,10.2
113345,Land has always been considered,5,8,1.6,66.4,5.24,10.0,9.6,6.5,7.04
113346,Remote land still appeals to,5,7,1.4,83.32,2.88,2.0,6.12,3.68,10.2
113347,Steep slopes,2,2,1.0,120.21,-3.01,0.8,1.3,5.48,11.63
113348,Unexpected large expenses (road repaving,5,12,2.4,-1.28,14.68,26.0,18.88,14.98,13.36
113349,Water access—whether through wells,4,8,2.0,33.58,9.57,11.6,20.3,17.07,11.73
113350,Investing in raw land offers,5,8,1.6,66.4,5.24,10.0,6.12,3.68,10.2
113351,Offering surveys,2,5,2.5,-6.69,14.69,20.8,12.9,14.9,19.53
113352,This classification matters: Because modular,5,13,2.6,-18.2,17.04,18.0,23.52,18.75,13.36
113353,Traditional mortgage options.,3,8,2.667,-21.81,17.05,14.53,24.6,22.46,19.58
113354,Conventional Mortgages for Completed Modular,5,14,2.8,-35.12,19.4,34.0,24.68,18.75,16.52
113355,The most common loan products,5,7,1.4,83.32,2.88,2.0,7.28,4.62,10.2
113356,According to 2026 mortgage market,5,9,1.8,49.48,7.6,10.0,11.92,8.39,13.36
113358,VA loans,2,2,1.0,120.21,-3.01,0.8,-10.3,-3.95,19.53
113359,For home buyers with a,5,6,1.2,100.24,0.52,2.0,-0.84,-1.97,7.04
113360,Details: Like VA,3,4,1.333,90.99,1.31,1.2,-0.53,2.05,14.31
113361,If you're building a,4,5,1.25,97.03,0.72,1.6,0.0,0.59,0.2
113362,Once the home is finished,5,6,1.2,100.24,0.52,2.0,2.64,0.85,7.04
113363,The borrower typically makes interest,5,10,2.0,32.56,9.96,18.0,16.56,12.16,16.52
113364,Details: A short-term loan,4,6,1.5,75.88,3.67,1.6,7.25,7.65,11.73
113365,Permanent Foundation: The modular home,5,11,2.2,15.64,12.32,26.0,16.56,13.1,13.36
113366,Most states charge sales tax,5,5,1.0,117.16,-1.84,2.0,6.12,3.68,7.04
113367,These changes come as The,5,6,1.2,100.24,0.52,2.0,2.64,0.85,7.04
113368,Home sellers maintained that NAR's,5,7,1.4,83.32,2.88,2.0,11.92,9.33,13.36
113369,Under the new terms,4,5,1.25,97.03,0.72,1.6,0.0,-0.59,7.78
113370,Exclude comparables that don't,4,7,1.75,54.73,6.62,11.6,14.5,12.36,11.73
113371,If your property is in,5,7,1.4,83.32,2.88,10.0,-0.84,-1.97,7.04
113372,Unlike some competitors that focus,5,10,2.0,32.56,9.96,10.0,13.08,9.33,13.36
113373,you within one business day,5,7,1.4,83.32,2.88,2.0,4.96,2.74,7.04
113374,Higher income potential comes with,5,9,1.8,49.48,7.6,10.0,13.08,9.33,13.36
113375,Summary: Investing in a vacation,5,11,2.2,15.64,12.32,26.0,9.6,7.45,13.36
113376,A hot tub in a,5,5,1.0,117.16,-1.84,2.0,-10.12,-9.51,0.25
113377,Key West's many beaches—including,4,8,2.0,33.58,9.57,11.6,17.4,15.9,11.73
113378,It includes unconventional properties like,5,12,2.4,-1.28,14.68,18.0,22.36,16.87,13.36
113380,Primary residence requirements: Some jurisdictions,5,14,2.8,-35.12,19.4,34.0,30.48,24.4,16.52
113381,A smarter approach to setting,5,8,1.6,66.4,5.24,2.0,7.28,4.62,10.2
113382,For me,2,2,1.0,120.21,-3.01,0.8,-16.1,-8.65,0.1
113383,The Big Beautiful Bill fundamentally,5,11,2.2,15.64,12.32,10.0,15.4,11.21,7.04
113386,Originally scheduled to phase out,5,10,2.0,32.56,9.96,10.0,11.92,8.39,13.36
113387,Introduced a transition-year election,4,9,2.25,12.43,12.52,21.6,24.65,20.6,15.68
113388,Using the component election,4,9,2.25,12.43,12.52,21.6,13.05,10.01,15.68
113389,This $720,2,2,1.0,120.21,-3.01,0.8,-10.3,-1.59,11.63
113390,The mechanics are straightforward: a,5,9,1.8,49.48,7.6,18.0,14.24,11.21,10.2
113391,Section 179 expensing increased to,5,9,1.8,49.48,7.6,10.0,13.08,9.33,16.52
113392,Qualified Improvement Property is one,5,11,2.2,15.64,12.32,26.0,16.56,12.16,13.36
113393,In exchange for the permanent,5,8,1.6,66.4,5.24,10.0,7.28,4.62,7.04
113394,Last summer,2,3,1.5,77.91,2.89,0.8,-1.6,3.12,0.1
113395,One of the most common,5,6,1.2,100.24,0.52,2.0,-0.84,-1.97,7.04
113397,Limited Partners (LPs): Investors,4,9,2.25,12.43,12.52,21.6,15.95,15.9,19.62
113398,Limited partners are not involved,5,9,1.8,49.48,7.6,10.0,11.92,8.39,13.36
113399,The relationship between limited partners,5,12,2.4,-1.28,14.68,18.0,21.2,15.92,13.36
113401,In particular,2,5,2.5,-6.69,14.69,20.8,4.2,7.83,11.63
113404,Raw land loans are hardest,5,6,1.2,100.24,0.52,2.0,3.8,1.79,10.2
113405,What are REITs?,3,3,1.0,119.19,-2.62,1.2,-2.47,0.48,9.05
113406,Beginners can start by purchasing,5,9,1.8,49.48,7.6,18.0,11.92,8.39,10.2
113407,90% of a REIT's annual,5,9,1.8,49.48,7.6,18.0,-3.16,-1.97,13.36
113408,Purchase shares of individual publicly,5,12,2.4,-1.28,14.68,18.0,17.72,13.1,16.52
113409,Beginning with its second taxable,5,10,2.0,32.56,9.96,10.0,11.92,8.39,7.04
113410,For compliance,2,4,2.0,35.61,8.79,20.8,7.1,10.18,11.63
113411,Under the asset tests in,5,7,1.4,83.32,2.88,2.0,1.48,-0.09,10.2
113412,At least 75% of the,5,5,1.0,117.16,-1.84,2.0,-5.48,-4.8,7.04
113413,If you're thinking of,4,5,1.25,97.03,0.72,1.6,1.45,1.77,7.78
113414,Your down payment may vary,5,7,1.4,83.32,2.88,2.0,3.8,1.79,7.04
113416,Get pre-approved for a,4,5,1.25,97.03,0.72,1.6,2.9,2.94,7.78
113417,Your real estate agent can,5,7,1.4,83.32,2.88,2.0,3.8,1.79,10.2
113419,Commonly requested loan documents include,5,12,2.4,-1.28,14.68,26.0,21.2,15.92,16.52
113420,An ATM business generates income,5,9,1.8,49.48,7.6,10.0,10.76,7.45,10.2
113421,Section 179 of the US,5,6,1.2,100.24,0.52,2.0,-2.0,-2.92,10.2
113422,The stipulation with conventional and FHA loans say you intend,10,17,1.7,52.87,8.37,12.0,11.98,8.53,10.45
113423,A preferred return (also called,5,8,1.6,66.4,5.24,2.0,8.44,6.5,10.2
113424,Preferred return – You get your,5,7,1.4,83.32,2.88,2.0,7.28,1.48,7.04
113425,Waterfall Breakdown,2,5,2.5,-6.69,14.69,20.8,21.6,21.96,19.53
113426,What is a Preferred Return?,5,7,1.4,83.32,2.88,2.0,3.8,2.74,7.04
113427,The partnership agreement stipulates an,5,11,2.2,15.64,12.32,26.0,18.88,14.04,13.36
113428,Typically ranging from 6% to,5,8,1.6,66.4,5.24,10.0,4.96,3.68,13.36
113429,This waterfall states that investors,5,9,1.8,49.48,7.6,18.0,15.4,11.21,10.2
113430,In either case,3,4,1.333,90.99,1.31,1.2,-2.47,-1.09,0.15
113431,If the project doesn't,4,6,1.5,75.88,3.67,1.6,2.9,2.94,7.78
113432,The GP must exceed the,5,6,1.2,100.24,0.52,2.0,-0.84,-1.97,10.2
113433,In Year 2,3,3,1.0,119.19,-2.62,1.2,-12.13,-8.94,9.05
113434,A Preferred Return (or pref,5,7,1.4,83.32,2.88,2.0,3.8,2.74,10.2
113435,You're still taking on,4,5,1.25,97.03,0.72,1.6,2.9,2.94,0.2
113436,In a traditional preferred equity,5,11,2.2,15.64,12.32,18.0,11.92,8.39,13.36
113437,If you're investing in,4,6,1.5,75.88,3.67,11.6,2.9,2.94,7.78
113439,With the NAR predicting existing,5,9,1.8,49.48,7.6,18.0,10.76,7.45,13.36
113440,This “agentic” approach will streamline,5,9,1.8,49.48,7.6,10.0,16.56,14.04,13.36
113441,Zillow predicts families will gravitate,5,11,2.2,15.64,12.32,18.0,18.88,14.04,16.52
113442,Top 10 Metropolitan Areas That,5,11,2.2,15.64,12.32,18.0,8.44,5.56,13.36
113444,Some HOAs ask residents to,5,7,1.4,83.32,2.88,10.0,3.8,1.79,10.2
113445,HOA Board Meeting,3,4,1.333,90.99,1.31,1.2,3.33,3.62,9.05
113446,If the agenda,3,5,1.667,62.79,5.25,14.53,-4.4,-2.66,9.05
113447,That's why we offer fast,5,6,1.2,100.24,0.52,2.0,0.32,-0.09,0.25
113449,Lightning-fast application and funding,4,10,2.5,-8.72,15.47,21.6,26.1,21.78,15.68
113450,Sometimes a relative or close,5,8,1.6,66.4,5.24,10.0,7.28,4.62,7.04
113451,They can help you draft,5,5,1.0,117.16,-1.84,2.0,0.32,-1.03,7.04
113452,Your lender will verify the,5,8,1.6,66.4,5.24,10.0,4.96,2.74,10.2
113454,There are two types of,5,5,1.0,117.16,-1.84,2.0,-0.84,-1.97,7.04
113455,Customize This,2,4,2.0,35.61,8.79,20.8,7.1,10.18,11.63
113456,An enhanced owner's policy provides,5,10,2.0,32.56,9.96,10.0,13.08,10.27,16.52
113457,When you receive the title,5,7,1.4,83.32,2.88,2.0,3.8,1.79,0.25
113458,Source: Altos Research,3,5,1.667,62.79,5.25,1.2,11.07,11.47,19.58
113459,2026 marks a step toward,5,6,1.2,100.24,0.52,2.0,1.48,-0.09,10.2
113460,Mortgage rates are expected to,5,8,1.6,66.4,5.24,10.0,8.44,5.56,13.36
113461,“We are seeing a little,5,7,1.4,83.32,2.88,2.0,-0.84,-1.03,0.25
113462,In real terms,3,3,1.0,119.19,-2.62,1.2,-4.4,-2.66,9.05
113463,and Shadow Demand,3,5,1.667,62.79,5.25,1.2,3.33,3.62,9.05
113465,Global Forecasting and Analytics,4,10,2.5,-8.72,15.47,21.6,18.85,14.72,15.68
113467,In the Northeast and Midwest,5,7,1.4,83.32,2.88,2.0,6.12,3.68,10.2
113468,Includes bulk Data Extracts in,5,8,1.6,66.4,5.24,2.0,8.44,5.56,16.52
113469,Zillow predicts families will gravitate,5,11,2.2,15.64,12.32,18.0,18.88,14.04,16.52
113470,GreenSky,1,1,1.0,121.22,-3.4,0.4,1.0,16.75,19.48
113471,If the equity in your,5,7,1.4,83.32,2.88,10.0,-2.0,-2.92,7.04
113473,A termite bond is like,5,6,1.2,100.24,0.52,2.0,-0.84,-1.97,10.2
113474,That can run $1,4,4,1.0,118.18,-2.23,1.6,-7.25,-5.3,7.78
113475,Many mortgage lenders,3,6,2.0,34.59,9.18,1.2,11.07,9.9,14.31
113476,Have documents ready: Pay stubs,5,8,1.6,66.4,5.24,10.0,8.44,6.5,10.2
113477,Some may use automated underwriting,5,11,2.2,15.64,12.32,18.0,14.24,10.27,10.2
113478,Preapproval letters typically last 60,5,10,2.0,32.56,9.96,18.0,16.56,12.16,16.52
113479,If you apply for multiple,5,8,1.6,66.4,5.24,10.0,2.64,0.85,10.2
113480,Communication: If you're an,4,8,2.0,33.58,9.57,11.6,8.7,8.83,7.78
113481,Renovated with smart upgrades: smart,5,9,1.8,49.48,7.6,10.0,14.24,11.21,10.2
113482,In high-demand areas like,4,8,2.0,33.58,9.57,21.6,7.25,6.48,11.73
113483,Now I renovate based on,5,7,1.4,83.32,2.88,10.0,0.32,-1.03,10.2
113484,Oftentimes one person brings the,5,8,1.6,66.4,5.24,10.0,10.76,7.45,10.2
113485,Don't Over-Improve:,2,4,2.0,35.61,8.79,20.8,12.9,21.96,11.63
113486,Here's the honest answer: it,5,7,1.4,83.32,2.88,2.0,3.8,3.68,0.25
113487,Saving on listing agent commission,5,10,2.0,32.56,9.96,10.0,13.08,9.33,16.52
113488,The idea is simple.,4,7,1.75,54.73,6.62,1.6,-1.45,-0.59,0.2
113489,During a good seller's market,5,8,1.6,66.4,5.24,2.0,6.12,4.62,7.04
113490,You have greater control over,5,8,1.6,66.4,5.24,2.0,7.28,4.62,10.2
113491,When selling on your own,5,6,1.2,100.24,0.52,2.0,1.48,-0.09,7.04
113492,You keep more of your,5,5,1.0,117.16,-1.84,2.0,-2.0,-2.92,0.25
113493,When there's no real estate,5,6,1.2,100.24,0.52,2.0,3.8,2.74,10.2
113494,There's no coordinating with an,5,9,1.8,49.48,7.6,10.0,8.44,6.5,10.2
113496,You can praise the virtues,5,6,1.2,100.24,0.52,2.0,3.8,1.79,7.04
113499,In general,2,4,2.0,35.61,8.79,0.8,-4.5,0.77,0.1
113500,However when we actually walked,5,10,2.0,32.56,9.96,10.0,9.6,6.5,10.2
113501,Location lot and other must,5,8,1.6,66.4,5.24,10.0,4.96,2.74,7.04
113502,If you write an offer,5,6,1.2,100.24,0.52,2.0,-2.0,-2.92,0.25
113503,Buyers may assume that something,5,8,1.6,66.4,5.24,2.0,10.76,7.45,10.2
113504,Gretel_Cosmonaut,1,4,4.0,-132.58,32.0,40.4,47.4,54.43,19.48
113505,Make sure to take a,5,5,1.0,117.16,-1.84,2.0,-4.32,-4.8,0.25
113506,Fast closing: Closing can take,5,7,1.4,83.32,2.88,2.0,7.28,5.56,10.2
113507,A buyer and seller reach,5,7,1.4,83.32,2.88,2.0,1.48,-0.09,10.2
113508,Sellers must provide written disclosure,5,10,2.0,32.56,9.96,10.0,18.88,14.04,13.36
113509,Sellers can make money off,5,7,1.4,83.32,2.88,2.0,3.8,1.79,7.04
113510,January is National Radon Action,5,12,2.4,-1.28,14.68,10.0,10.76,7.45,13.36
113511,Contrary to popular belief,4,9,2.25,12.43,12.52,21.6,10.15,7.65,15.68
113512,Radon is a top cause,5,6,1.2,100.24,0.52,2.0,-3.16,-3.86,7.04
113513,Openings in the concrete foundation,5,10,2.0,32.56,9.96,18.0,14.24,10.27,13.36
113515,This means that if radon,5,6,1.2,100.24,0.52,2.0,1.48,-0.09,7.04
113516,Radon levels can fluctuate over,5,10,2.0,32.56,9.96,10.0,9.6,6.5,13.36
113517,Testing with continuous digital radon,5,12,2.4,-1.28,14.68,18.0,16.56,12.16,16.52
113518,With the new program,4,5,1.25,97.03,0.72,1.6,1.45,0.59,7.78
113519,Rental property owners have a,5,9,1.8,49.48,7.6,10.0,7.28,4.62,13.36
113520,Testing your home for radon,5,7,1.4,83.32,2.88,2.0,4.96,2.74,10.2
113521,The bottom line: Know the,5,6,1.2,100.24,0.52,2.0,1.48,0.85,0.25
113522,On the other hand,4,5,1.25,97.03,0.72,1.6,-2.9,-2.95,0.2
113523,A 1% deal in a,5,5,1.0,117.16,-1.84,2.0,-11.28,-9.51,7.04
113524,The 1% Rule is actually,5,8,1.6,66.4,5.24,10.0,-0.84,-1.03,10.2
113525,Principal paydown,2,5,2.5,-6.69,14.69,20.8,15.8,17.25,19.53
113526,Newer or turnkey homes in,5,7,1.4,83.32,2.88,2.0,2.64,0.85,13.36
113527,"The ""1% rule"" might",4,4,1.0,118.18,-2.23,1.6,-4.35,-0.59,7.78
113528,The settlement agent,3,6,2.0,34.59,9.18,1.2,9.13,8.33,9.05
113530,Once the seller accepts your,5,7,1.4,83.32,2.88,2.0,6.12,3.68,10.2
113533,The buyer orders a home,5,7,1.4,83.32,2.88,2.0,0.32,-1.03,10.2
113534,This is not the same,5,5,1.0,117.16,-1.84,2.0,-3.16,-3.86,0.25
113535,The title company performs a,5,9,1.8,49.48,7.6,2.0,6.12,3.68,7.04
113536,During underwriting,2,6,3.0,-48.99,20.59,20.8,21.6,21.96,11.63
113537,Your loan is approved,4,5,1.25,97.03,0.72,1.6,2.9,1.77,7.78
113538,The Closing Disclosure (CD) is,5,9,1.8,49.48,7.6,10.0,6.12,5.56,13.36
113539,Take time to review the,5,6,1.2,100.24,0.52,2.0,0.32,-1.03,0.25
113540,You should request to do,5,6,1.2,100.24,0.52,2.0,1.48,-0.09,7.04
113541,Closing your home purchase,4,6,1.5,75.88,3.67,1.6,10.15,7.65,11.73
113543,You give a certified or,5,7,1.4,83.32,2.88,10.0,0.32,-1.03,7.04
113545,You'll need to check,4,4,1.0,118.18,-2.23,1.6,0.0,0.59,0.2
113546,The Housing Affordability Index (HAI,5,12,2.4,-1.28,14.68,10.0,14.24,11.21,16.52
113547,The National Association of Realtors,5,13,2.6,-18.2,17.04,26.0,15.4,11.21,13.36
113548,The housing affordability index is based on 100,8,15,1.875,40.09,9.66,8.2,9.5,6.12,13.9
113549,For example,2,4,2.0,35.61,8.79,20.8,-1.6,3.12,11.63
113550,When the HAI is exactly,5,7,1.4,83.32,2.88,10.0,0.32,-1.03,10.2
113551,In December 2003,3,5,1.667,62.79,5.25,1.2,1.4,2.05,9.05
113552,An index above 100 signifies,5,9,1.8,49.48,7.6,10.0,6.12,3.68,13.36
113554,Because the general wisdom is,5,9,1.8,49.48,7.6,2.0,7.28,4.62,7.04
113555,Regional differences are important.,4,11,2.75,-29.87,18.42,21.6,21.75,18.25,11.73
113556,Housing affordability remains a critical,5,14,2.8,-35.12,19.4,18.0,20.04,14.98,16.52
113557,The overall buyer index assumes,5,10,2.0,32.56,9.96,10.0,9.6,6.5,16.52
113558,This shift is consistent with,5,7,1.4,83.32,2.88,10.0,7.28,4.62,10.2
113559,The depth of market-level,4,6,1.5,75.88,3.67,11.6,7.25,6.48,11.73
113560,AirDNA's own analysis positions 2026,5,11,2.2,15.64,12.32,18.0,14.24,11.21,16.52
113561,Available listings are projected to,5,11,2.2,15.64,12.32,18.0,14.24,10.27,13.36
113562,– Looking at national and market,5,9,1.8,49.48,7.6,10.0,8.44,2.27,10.2
113563,The 2026 FIFA World Cup,5,5,1.0,117.16,-1.84,2.0,0.32,-1.03,10.2
113564,"""The STR Premium (how STR",5,7,1.4,83.32,2.88,10.0,0.32,0.85,13.36
113566,Investment activity is increasingly concentrated,5,16,3.2,-68.96,24.12,34.0,29.32,22.52,16.52
113571,The 1% Rule is a,5,5,1.0,117.16,-1.84,2.0,-8.96,-7.63,7.04
113573,I simulated cash-on-cash,3,8,2.667,-21.81,17.05,27.87,13.0,14.61,14.31
113574,If you've served this,4,4,1.0,118.18,-2.23,1.6,1.45,1.77,7.78
113575,The VA verifies your military,5,10,2.0,32.56,9.96,18.0,7.28,4.62,13.36
113576,If you've served for,4,4,1.0,118.18,-2.23,1.6,0.0,0.59,7.78
113578,At least 90 days of active-duty service including at,9,14,1.556,66.1,6.28,12.49,8.62,6.1,11.1
113579,You are the surviving spouse,5,7,1.4,83.32,2.88,10.0,6.12,3.68,10.2
113581,Lower closing costs: The VA,5,7,1.4,83.32,2.88,2.0,3.8,2.74,16.52
113582,Lenders will look at the,5,6,1.2,100.24,0.52,2.0,1.48,-0.09,7.04
113583,A core strength of VA,5,5,1.0,117.16,-1.84,2.0,-2.0,-2.92,13.36
113584,Nearly 90% of VA-backed,4,6,1.5,75.88,3.67,1.6,2.9,4.12,11.73
113585,The home must be used,5,5,1.0,117.16,-1.84,2.0,-2.0,-2.92,0.25
113586,Safe mechanical systems: Heating,4,9,2.25,12.43,12.52,11.6,17.4,14.72,15.68
113587,No safety hazards: The property,5,9,1.8,49.48,7.6,10.0,8.44,6.5,10.2
113588,Water supply and sanitation: The,5,10,2.0,32.56,9.96,10.0,9.6,7.45,10.2
113589,Pest-free: Termite or pest,4,6,1.5,75.88,3.67,1.6,7.25,7.65,15.68
113590,Always confirm they are officially,5,10,2.0,32.56,9.96,10.0,13.08,9.33,10.2
113591,If you sell a property with a $300,8,10,1.25,92.97,2.28,8.2,-0.65,-1.53,7.98
113592,The best way to avoid,5,6,1.2,100.24,0.52,2.0,-2.0,-2.92,7.04
113593,Keep Your Hands Off the,5,5,1.0,117.16,-1.84,2.0,0.32,-1.03,7.04
113594,Another common type of boot,5,8,1.6,66.4,5.24,2.0,4.96,2.74,10.2
113595,Note that you can reduce,5,6,1.2,100.24,0.52,2.0,1.48,-0.09,7.04
113597,Furthermore,1,3,3.0,-47.98,20.2,40.4,18.4,30.88,19.48
113598,Sellers may negotiate to pay,5,9,1.8,49.48,7.6,10.0,6.12,3.68,10.2
113599,For buyers,2,3,1.5,77.91,2.89,0.8,-4.5,0.77,11.63
113601,If the settlement is approved,5,8,1.6,66.4,5.24,2.0,7.28,4.62,7.04
113602,Nonetheless,1,3,3.0,-47.98,20.2,40.4,18.4,30.88,19.48
113603,Many HOA communities offer certain,5,11,2.2,15.64,12.32,10.0,13.08,9.33,10.2
113604,Many HOAs already implement basic,5,11,2.2,15.64,12.32,10.0,11.92,8.39,13.36
113605,While HOAs aren't law,4,5,1.25,97.03,0.72,1.6,1.45,1.77,7.78
113606,In certain jurisdictions,3,7,2.333,6.39,13.11,14.53,16.87,14.61,9.05
113607,Here are the key disadvantages,5,9,1.8,49.48,7.6,10.0,8.44,5.56,7.04
113608,You are in effect waving,5,7,1.4,83.32,2.88,2.0,1.48,-0.09,10.2
113609,Things in general are better,5,8,1.6,66.4,5.24,2.0,6.12,3.68,7.04
113610,Before the law was enacted,5,8,1.6,66.4,5.24,10.0,3.8,1.79,7.04
113611,Scroll to Explore,3,4,1.333,90.99,1.31,1.2,3.33,3.62,14.31
113612,Interactive Timeline,2,6,3.0,-48.99,20.59,20.8,24.5,24.31,19.53
113613,The law was enacted to,5,7,1.4,83.32,2.88,10.0,-0.84,-1.97,7.04
113614,Evolution,1,4,4.0,-132.58,32.0,40.4,6.8,21.46,19.48
113615,Although the REIT model was,5,7,1.4,83.32,2.88,2.0,4.96,2.74,13.36
113616,End of dialog window.,4,7,1.75,54.73,6.62,11.6,1.45,1.77,7.78
113617,Retail REIT Taubman Centers Inc,5,8,1.6,66.4,5.24,2.0,9.6,6.5,19.67
113618,View a list of historic REIT IPOs,7,9,1.286,90.96,2.31,8.51,2.34,0.24,10.75
113619,Some of the innovative sectors,5,9,1.8,49.48,7.6,10.0,8.44,5.56,10.2
113620,REITs begin to spread across,5,7,1.4,83.32,2.88,2.0,6.12,3.68,7.04
113621,REIT capital raising in Q3,5,8,1.6,66.4,5.24,2.0,3.8,1.79,13.36
113622,One of the main provisions,5,7,1.4,83.32,2.88,10.0,3.8,1.79,10.2
113623,This major shift in who,5,6,1.2,100.24,0.52,2.0,0.32,-1.03,7.04
113624,The End of the 6,5,5,1.0,117.16,-1.84,2.0,-7.8,-7.63,7.04
113625,As a seller,3,4,1.333,90.99,1.31,1.2,-8.27,-5.8,9.05
113626,Commission-based real estate agents operate on a percentage of,9,18,2.0,28.5,11.52,16.93,15.07,11.33,12.86
113627,Historically,1,5,5.0,-217.18,43.8,40.4,24.2,35.59,19.48
113628,When selling a home in,5,6,1.2,100.24,0.52,2.0,-0.84,-1.97,7.04
113629,Published September 17,3,6,2.0,34.59,9.18,1.2,13.0,11.47,14.31
113630,The traditional 6% commission is,5,10,2.0,32.56,9.96,18.0,9.6,7.45,13.36
113632,There are also changes to,5,7,1.4,83.32,2.88,2.0,2.64,0.85,7.04
113633,Offers of compensation may no,5,9,1.8,49.48,7.6,10.0,7.28,4.62,10.2
113635,Seller Concessions (The Most Common,5,9,1.8,49.48,7.6,10.0,13.08,10.27,13.36
113636,If you are only covering,5,8,1.6,66.4,5.24,10.0,1.48,-0.09,7.04
113637,Across the country,3,5,1.667,62.79,5.25,1.2,5.27,5.19,0.15
113640,That total was typically split,5,8,1.6,66.4,5.24,10.0,8.44,5.56,13.36
113641,I always advise interviewing at,5,10,2.0,32.56,9.96,10.0,9.6,6.5,10.2
113642,Consider the local job market,5,9,1.8,49.48,7.6,10.0,7.28,4.62,10.2
113645,Development or conversion: Build new,5,10,2.0,32.56,9.96,18.0,14.24,11.21,10.2
113646,Performing market research is crucial,5,10,2.0,32.56,9.96,10.0,16.56,12.16,13.36
113647,Is the location close to,5,7,1.4,83.32,2.88,10.0,1.48,-0.09,7.04
113648,The saturation level of an,5,9,1.8,49.48,7.6,10.0,3.8,1.79,7.04
113649,The expense ratio for a,5,8,1.6,66.4,5.24,10.0,0.32,-1.03,10.2
113650,Small Business Administration loans are,5,10,2.0,32.56,9.96,10.0,18.88,14.04,10.2
113651,Self-storage is the only,4,7,1.75,54.73,6.62,11.6,5.8,5.3,7.78
113653,Building Codes: Modular homes are,5,8,1.6,66.4,5.24,10.0,10.76,8.39,13.36
113655,What started as simple advice,5,8,1.6,66.4,5.24,2.0,7.28,4.62,10.2
113656,Fifty-two years ago,3,5,1.667,62.79,5.25,1.2,5.27,6.76,14.31
113657,There was no Staging concept,5,7,1.4,83.32,2.88,2.0,6.12,3.68,10.2
113658,Staging was created to solve,5,8,1.6,66.4,5.24,10.0,6.12,3.68,13.36
113659,Her background in the theater,5,8,1.6,66.4,5.24,2.0,7.28,4.62,0.25
113660,After many successful years as,5,9,1.8,49.48,7.6,10.0,8.44,5.56,10.2
113661,Smart woman that she was,5,6,1.2,100.24,0.52,2.0,1.48,-0.09,0.25
113662,In 1998,2,2,1.0,120.21,-3.01,0.8,-13.2,-6.3,11.63
113663,But it wasn't until,4,6,1.5,75.88,3.67,1.6,-1.45,-0.59,0.2
113664,The concept became particularly popular,5,13,2.6,-18.2,17.04,18.0,18.88,14.04,13.36
113665,Another milestone for home staging,5,9,1.8,49.48,7.6,2.0,13.08,9.33,10.2
113666,By now,2,2,1.0,120.21,-3.01,0.8,-16.1,-8.65,0.1
113667,For the first time,4,4,1.0,118.18,-2.23,1.6,-1.45,-1.77,0.2
113668,Home staging is the preparation,5,9,1.8,49.48,7.6,10.0,9.6,6.5,10.2
113669,Termites,1,2,2.0,36.62,8.4,0.4,1.0,16.75,19.48
113670,Unfortunately,1,5,5.0,-217.18,43.8,40.4,30.0,40.3,19.48
113671,To the untrained eye,4,5,1.25,97.03,0.72,1.6,1.45,0.59,7.78
113672,These are narrow tunnels made,5,7,1.4,83.32,2.88,2.0,7.28,4.62,7.04
113673,Look for mud tubes on,5,5,1.0,117.16,-1.84,2.0,-2.0,-2.92,7.04
113674,Professional termite inspectors use advanced,5,12,2.4,-1.28,14.68,18.0,24.68,18.75,16.52
113675,This is typically a requirement,5,9,1.8,49.48,7.6,18.0,9.6,6.5,10.2
113676,Preventive Termite Inspection,3,8,2.667,-21.81,17.05,27.87,26.53,22.46,19.58
113677,While it may sometimes be,5,6,1.2,100.24,0.52,2.0,2.64,0.85,0.25
113678,Most states have open meeting,5,7,1.4,83.32,2.88,2.0,7.28,4.62,0.25
113679,During an executive session,4,9,2.25,12.43,12.52,11.6,11.6,8.83,11.73
113680,HOA board meetings operate under,5,9,1.8,49.48,7.6,10.0,10.76,7.45,13.36
113681,Keep Emotions in Check: Because,5,8,1.6,66.4,5.24,10.0,8.44,6.5,7.04
113682,An HOA board meeting follows,5,7,1.4,83.32,2.88,2.0,6.12,3.68,10.2
113683,Also,1,2,2.0,36.62,8.4,0.4,-22.2,-2.09,0.05
113684,Use motions and proper debate,5,8,1.6,66.4,5.24,2.0,7.28,4.62,10.2
113685,Preparation of the registration statement,5,12,2.4,-1.28,14.68,18.0,21.2,15.92,13.36
113686,How must a real estate company be organized to qualify,10,17,1.7,52.87,8.37,12.0,7.34,4.77,8.87
113687,REITs must have a minimum,5,7,1.4,83.32,2.88,10.0,2.64,0.85,10.2
113688,Beginning with its second taxable,5,10,2.0,32.56,9.96,10.0,11.92,8.39,7.04
113689,At least 75% of the,5,5,1.0,117.16,-1.84,2.0,-5.48,-4.8,7.04
113690,REITs also must distribute a,5,8,1.6,66.4,5.24,10.0,6.12,3.68,10.2
113691,Corporate governance in the public,5,10,2.0,32.56,9.96,18.0,13.08,9.33,10.2
113692,REITs also must have a,5,6,1.2,100.24,0.52,2.0,-0.84,-1.97,7.04
113693,The portfolio can be weighted,5,9,1.8,49.48,7.6,10.0,7.28,4.62,10.2
113694,First Steps in Forming a,5,6,1.2,100.24,0.52,2.0,1.48,-0.09,10.2
113695,You can verify the registration,5,10,2.0,32.56,9.96,18.0,9.6,6.5,10.2
113696,Targeted public funding is reshaping,5,11,2.2,15.64,12.32,18.0,15.4,11.21,13.36
113697,KEY MARKET INSIGHTS,3,5,1.667,62.79,5.25,1.2,7.2,6.76,9.05
113698,The U.S. market is valued,5,7,1.4,83.32,2.88,2.0,0.32,0.85,7.04
113699,Modular building solutions are picking,5,11,2.2,15.64,12.32,18.0,17.72,13.1,13.36
113700,Financial Advantages and Risks of,5,10,2.0,32.56,9.96,18.0,11.92,8.39,13.36
113701,Plant production lowers labor reliance,5,11,2.2,15.64,12.32,18.0,17.72,13.1,16.52
113702,"A statewide ""catalog"" of pre",5,8,1.6,66.4,5.24,10.0,3.8,3.68,13.36
113703,Transporting large modules adds 15,5,8,1.6,66.4,5.24,10.0,13.08,9.33,16.52
113704,Industry insiders blame regulations,4,11,2.75,-29.87,18.42,31.6,23.2,18.25,15.68
113705,Accordingly,1,4,4.0,-132.58,32.0,40.4,18.4,30.88,19.48
113707,The Location Affordability Index is,5,13,2.6,-18.2,17.04,18.0,14.24,10.27,13.36
113708,For example,2,4,2.0,35.61,8.79,20.8,-1.6,3.12,11.63
113709,Residential electricity costs have increased,5,13,2.6,-18.2,17.04,10.0,24.68,18.75,13.36
113710,Indeed,1,2,2.0,36.62,8.4,0.4,-10.6,7.33,0.05
113711,The program allows home buyers,5,8,1.6,66.4,5.24,2.0,8.44,5.56,13.36
113712,We offer you the opportunity,5,10,2.0,32.56,9.96,10.0,6.12,3.68,7.04
113713,While the buyer or the,5,6,1.2,100.24,0.52,2.0,-0.84,-1.97,7.04
113714,**Extra board meeting attendance,4,8,2.0,33.58,9.57,11.6,15.95,14.72,7.78
113715,In 2026,2,2,1.0,120.21,-3.01,0.8,-13.2,-6.3,11.63
113716,The main reason the market,5,7,1.4,83.32,2.88,2.0,3.8,1.79,7.04
113717,For investors,2,4,2.0,35.61,8.79,20.8,4.2,7.83,11.63
113718,Office conversion activity—impacting over,4,12,3.0,-51.02,21.37,21.6,30.45,25.31,11.73
113720,The way people live is,5,6,1.2,100.24,0.52,2.0,-0.84,-1.97,0.25
113721,Coliving spaces,2,4,2.0,35.61,8.79,0.8,10.0,12.54,19.53
113722,Cap rates for most property,5,7,1.4,83.32,2.88,10.0,4.96,2.74,10.2
113723,Despite these challenges,3,6,2.0,34.59,9.18,14.53,16.87,14.61,14.31
113724,Explore Local Market Outlooks,4,8,2.0,33.58,9.57,1.6,14.5,11.18,15.68
113725,Debt markets in 2026 remain,5,7,1.4,83.32,2.88,2.0,4.96,2.74,13.36
113726,Limited liability company (LLC),4,12,3.0,-51.02,21.37,21.6,14.5,13.54,15.68
113727,What is a Limited Partner,5,8,1.6,66.4,5.24,10.0,2.64,0.85,7.04
113728,However,1,3,3.0,-47.98,20.2,0.4,-4.8,12.04,0.05
113729,Previous literature has examined the,5,12,2.4,-1.28,14.68,26.0,15.4,11.21,13.36
113730,This research attends to the,5,7,1.4,83.32,2.88,2.0,6.12,3.68,10.2
113731,The Settlement also includes some,5,9,1.8,49.48,7.6,2.0,11.92,8.39,7.04
113732,The settlement prohibits offers of,5,10,2.0,32.56,9.96,10.0,13.08,9.33,10.2
113733,If you are a buyer,5,6,1.2,100.24,0.52,2.0,-5.48,-5.74,7.04
113734,Home sellers maintained that NAR's,5,7,1.4,83.32,2.88,2.0,11.92,9.33,13.36
113735,NAR® Settlement Terms,3,5,1.667,62.79,5.25,1.2,9.13,9.9,14.31
113736,Chicago (April 10,3,6,2.0,34.59,9.18,14.53,1.4,3.62,14.31
113737,In real estate finance,4,6,1.5,75.88,3.67,1.6,4.35,2.94,11.73
113738,DSCR loans strictly limit personal,5,9,1.8,49.48,7.6,10.0,13.08,9.33,19.67
113740,While DSCR loans offer incredible,5,9,1.8,49.48,7.6,10.0,11.92,8.39,13.36
113741,Prepayment penalties are most commonly,5,11,2.2,15.64,12.32,26.0,17.72,13.1,13.36
113743,Non-QM loans carry additional,4,9,2.25,12.43,12.52,11.6,13.05,11.18,15.68
113745,Shoddy_Scarcity_9412,1,2,2.0,36.62,8.4,0.4,70.6,73.27,19.48
113746,If you want to buy,5,5,1.0,117.16,-1.84,2.0,-5.48,-5.74,0.25
113747,Because an exclusive buyer agent,5,10,2.0,32.56,9.96,10.0,10.76,7.45,13.36
113748,Because an exclusive buyer agent has no relationship to protect,10,19,1.9,35.95,10.73,12.0,12.56,9.0,10.45
113749,When hiring a buyer broker,5,8,1.6,66.4,5.24,2.0,3.8,1.79,13.36
113750,If you purchase a home,5,6,1.2,100.24,0.52,2.0,-0.84,-1.97,7.04
113752,The One Big Beautiful Bill,5,7,1.4,83.32,2.88,2.0,3.8,1.79,0.25
113753,For tax years beginning in,5,7,1.4,83.32,2.88,2.0,3.8,1.79,7.04
113754,Thanks to the One Big,5,5,1.0,117.16,-1.84,2.0,-2.0,-2.92,0.25
113755,The Big Beautiful Bill fundamentally,5,11,2.2,15.64,12.32,10.0,15.4,11.21,7.04
113756,Instead of depreciating your entire,5,12,2.4,-1.28,14.68,18.0,14.24,10.27,10.2
113758,On average,2,4,2.0,35.61,8.79,20.8,-4.5,0.77,11.63
113759,You can hold on to,5,5,1.0,117.16,-1.84,2.0,-5.48,-5.74,0.25
113760,Both figures are adjusted annually,5,11,2.2,15.64,12.32,18.0,13.08,9.33,13.36
113761,Investors qualifying as real estate,5,11,2.2,15.64,12.32,18.0,14.24,10.27,13.36
113763,Next Quarterly Release,3,6,2.0,34.59,9.18,14.53,13.0,11.47,14.31
113764,When Is the Housing Affordability,5,11,2.2,15.64,12.32,10.0,11.92,8.39,10.2
113765,Metropolitan Division: A county or,5,12,2.4,-1.28,14.68,18.0,11.92,9.33,10.2
113766,How long might it take,5,5,1.0,117.16,-1.84,2.0,-0.84,-1.97,0.25
113767,Our analysis of the timing,5,10,2.0,32.56,9.96,10.0,3.8,1.79,10.2
113768,(Affordability is less challenged in,5,11,2.2,15.64,12.32,10.0,14.24,11.21,10.2
113769,These changes are reshaping day,5,8,1.6,66.4,5.24,10.0,9.6,6.5,10.2
113771,Monitoring and privacy: More codes,5,10,2.0,32.56,9.96,18.0,11.92,9.33,13.36
113773,The Federal Trade Commission (FTC,5,9,1.8,49.48,7.6,18.0,10.76,8.39,13.36
113774,Unlike other investments,3,7,2.333,6.39,13.11,14.53,16.87,14.61,14.31
113775,If you hold onto it,5,6,1.2,100.24,0.52,2.0,-4.32,-4.8,7.04
113776,Land is considered a tangible,5,9,1.8,49.48,7.6,18.0,7.28,4.62,10.2
113777,When exploring vacant land for,5,8,1.6,66.4,5.24,10.0,8.44,5.56,10.2
113778,If the property isn't,4,7,1.75,54.73,6.62,11.6,1.45,1.77,7.78
113779,Nature is abundant and plants,5,8,1.6,66.4,5.24,10.0,7.28,4.62,13.36
113780,This means they get a,5,5,1.0,117.16,-1.84,2.0,-2.0,-2.92,0.25
113781,GPs typically receive an annual,5,10,2.0,32.56,9.96,18.0,9.6,6.5,13.36
113783,Limited to capital commitment,4,10,2.5,-8.72,15.47,21.6,14.5,11.18,11.73
113786,Interactive demos consistently achieve higher,5,14,2.8,-35.12,19.4,18.0,25.84,19.69,19.67
113787,What: The total number of completed demo sessions / the total,10,17,1.7,52.87,8.37,8.0,9.66,5.41,12.03
113788,Interactive demo benchmark summary,4,11,2.75,-29.87,18.42,21.6,21.75,17.07,19.62
113790,What should take 5 minutes,5,6,1.2,100.24,0.52,2.0,3.8,1.79,10.2
113791,By replacing static screenshots and,5,9,1.8,49.48,7.6,10.0,14.24,10.27,13.36
113792,Pricing starts at $500 per,5,6,1.2,100.24,0.52,2.0,2.64,1.79,16.52
113793,A negative net churn rate,5,7,1.4,83.32,2.88,10.0,2.64,0.85,7.04
113794,When a payment issue arises,5,9,1.8,49.48,7.6,10.0,4.96,2.74,10.2
113795,Silent churn alarms: define your,5,8,1.6,66.4,5.24,2.0,9.6,7.45,10.2
113799,In 2026,2,2,1.0,120.21,-3.01,0.8,-13.2,-6.3,11.63
113800,It's all about defining which,5,8,1.6,66.4,5.24,10.0,6.12,4.62,7.04
113802,The best ICPs are built,5,5,1.0,117.16,-1.84,2.0,0.32,-1.03,7.04
113803,Your best customers (highest ACV,5,8,1.6,66.4,5.24,10.0,9.6,7.45,13.36
113805,Alignment on who to target,5,8,1.6,66.4,5.24,10.0,3.8,1.79,10.2
113806,Implement a Smart Lead Scoring,5,8,1.6,66.4,5.24,10.0,8.44,5.56,10.2
113807,Instead of overwhelming visitors with,5,11,2.2,15.64,12.32,18.0,16.56,12.16,10.2
113808,SOC 2 Type II is,5,5,1.0,117.16,-1.84,2.0,-7.8,-7.63,16.52
113809,In 2026,2,2,1.0,120.21,-3.01,0.8,-13.2,-6.3,11.63
113810,SOC 2 compliance has never,5,8,1.6,66.4,5.24,10.0,3.8,1.79,13.36
113811,Stronger Emphasis on Continuous Monitoring,5,14,2.8,-35.12,19.4,26.0,22.36,16.87,16.52
113812,Operate consistently throughout the year,5,11,2.2,15.64,12.32,18.0,20.04,14.98,13.36
113813,The most significant shifts are,5,8,1.6,66.4,5.24,10.0,9.6,6.5,10.2
113814,In 2026,2,2,1.0,120.21,-3.01,0.8,-13.2,-6.3,11.63
113815,This process limits the programmer's,5,10,2.0,32.56,9.96,10.0,14.24,11.21,13.36
113816,The present work presents a,5,7,1.4,83.32,2.88,2.0,4.96,2.74,7.04
113817,Image processing and analysis of,5,11,2.2,15.64,12.32,18.0,10.76,7.45,13.36
113818,Churn rate benchmarks vary dramatically,5,10,2.0,32.56,9.96,10.0,18.88,14.04,13.36
113820,Voluntary churn: Customer actively cancels,5,13,2.6,-18.2,17.04,18.0,21.2,16.87,13.36
113821,Voluntary share of total churn,5,9,1.8,49.48,7.6,10.0,8.44,5.56,10.2
113822,Flexibility and Control,3,8,2.667,-21.81,17.05,14.53,14.93,13.04,14.31
113823,Annual plans reduce churn by,5,8,1.6,66.4,5.24,10.0,6.12,3.68,13.36
113825,What is Logo Retention?,4,7,1.75,54.73,6.62,11.6,4.35,4.12,11.73
113826,According to RevOps Squared's 2022,5,8,1.6,66.4,5.24,10.0,11.92,9.33,16.52
113827,The benchmark is lower for,5,7,1.4,83.32,2.88,2.0,3.8,1.79,10.2
113828,The typical range for logo,5,8,1.6,66.4,5.24,10.0,3.8,1.79,13.36
113829,When SaaS folks talk about,5,6,1.2,100.24,0.52,2.0,3.8,1.79,7.04
113830,April is the gold standard,5,7,1.4,83.32,2.88,2.0,3.8,1.79,7.04
113831,A fundamental shift in effective,5,10,2.0,32.56,9.96,18.0,10.76,7.45,13.36
113833,Specificity.,1,5,5.0,-217.18,43.8,40.4,18.4,35.59,19.48
113836,Think of it as a,5,5,1.0,117.16,-1.84,2.0,-7.8,-7.63,0.25
113837,Examples include Stripe,3,6,2.0,34.59,9.18,14.53,14.93,13.04,19.58
113839,Tours that enforce action-based,4,7,1.75,54.73,6.62,11.6,15.95,13.54,15.68
113840,Why product tours matter for,5,7,1.4,83.32,2.88,2.0,6.12,3.68,10.2
113841,They require a code snippet,5,8,1.6,66.4,5.24,10.0,4.96,2.74,13.36
113843,Contextual triggering changes the logic,5,12,2.4,-1.28,14.68,18.0,18.88,14.04,16.52
113844,Tours work best when they,5,5,1.0,117.16,-1.84,2.0,2.64,0.85,7.04
113846,Some founders crash,3,4,1.333,90.99,1.31,1.2,7.2,6.76,9.05
113849,Horizontal merger: when two companies,5,11,2.2,15.64,12.32,18.0,15.4,12.16,13.36
113850,Roll-up acquisition: when one,4,8,2.0,33.58,9.57,11.6,11.6,11.18,11.73
113852,Tech giant Alphabet is pursuing,5,10,2.0,32.56,9.96,18.0,9.6,6.5,13.36
113853,Cost per acquisition benchmarks have,5,9,1.8,49.48,7.6,10.0,15.4,11.21,13.36
113855,Cost Per Acquisition Benchmarks Google,5,9,1.8,49.48,7.6,10.0,17.72,13.1,16.52
113856,The CAC ratio reveals acquisition,5,11,2.2,15.64,12.32,18.0,11.92,8.39,16.52
113857,Industry variation is significant – Fintech,5,13,2.6,-18.2,17.04,26.0,21.2,10.9,16.52
113858,In this paper,3,4,1.333,90.99,1.31,1.2,-4.4,-2.66,0.15
113859,Predictive Analytics for B2B Customer,5,12,2.4,-1.28,14.68,18.0,16.56,12.16,13.36
113860,Mixpanel's Funnels uses an event,5,10,2.0,32.56,9.96,10.0,9.6,7.45,16.52
113861,How funnels expose critical conversion,5,11,2.2,15.64,12.32,18.0,17.72,13.1,16.52
113862,Mixpanel's strength lies in its,5,7,1.4,83.32,2.88,10.0,8.44,6.5,13.36
113865,If you have selected any,5,8,1.6,66.4,5.24,10.0,1.48,-0.09,7.04
113868,Calibrated creativity: Zapier's creativity setting,5,20,4.0,-136.64,33.56,34.0,29.32,24.4,16.52
113870,Measure conversion rates,3,6,2.0,34.59,9.18,14.53,16.87,14.61,14.31
113873,How to Run It,4,4,1.0,118.18,-2.23,1.6,-8.7,-7.65,0.2
113874,Key takeaways,2,2,1.0,120.21,-3.01,0.8,4.2,7.83,11.63
113875,This means reps spend their,5,5,1.0,117.16,-1.84,2.0,4.96,2.74,7.04
113876,First,1,1,1.0,121.22,-3.4,0.4,-16.4,2.62,0.05
113877,Real-time scoring updates,3,7,2.333,6.39,13.11,14.53,16.87,16.18,19.58
113878,The best lead score helps,5,5,1.0,117.16,-1.84,2.0,2.64,0.85,7.04
113879,Predictable pipeline performance,3,9,3.0,-50.01,20.98,27.87,32.33,27.17,19.58
113880,Every lead gets evaluated by,5,11,2.2,15.64,12.32,10.0,6.12,3.68,10.2
113882,Retention drops so they add,5,7,1.4,83.32,2.88,10.0,4.96,2.74,10.2
113883,Valuation Multiples: Private SaaS companies,5,13,2.6,-18.2,17.04,26.0,22.36,17.81,19.67
113884,But here's where it gets,5,5,1.0,117.16,-1.84,2.0,0.32,-0.09,7.04
113886,Very few companies actually sustain,5,12,2.4,-1.28,14.68,18.0,14.24,10.27,13.36
113887,AI-powered companies break from,4,6,1.5,75.88,3.67,11.6,15.95,13.54,11.73
113888,AI-native startups are growing,4,8,2.0,33.58,9.57,11.6,14.5,12.36,15.68
113889,This metric isolates the cost,5,8,1.6,66.4,5.24,10.0,7.28,4.62,10.2
113890,Net Revenue Retention (NRR) measures,5,10,2.0,32.56,9.96,18.0,13.08,11.21,16.52
113891,Heading into 2026,3,5,1.667,62.79,5.25,1.2,3.33,3.62,14.31
113892,Usage-Based Pricing Reached 51,4,7,1.75,54.73,6.62,11.6,14.5,12.36,19.62
113893,2026 will be the year,5,5,1.0,117.16,-1.84,2.0,-2.0,-2.92,7.04
113894,The choke point has moved,5,5,1.0,117.16,-1.84,2.0,2.64,0.85,10.2
113895,CAC and Payback Benchmarks,4,6,1.5,75.88,3.67,1.6,10.15,7.65,15.68
113896,Drive engagement (make customers use,5,9,1.8,49.48,7.6,18.0,14.24,11.21,10.2
113900,Reinforce brand trust: Demonstrating that,5,10,2.0,32.56,9.96,18.0,20.04,15.92,13.36
113901,In 2026,2,2,1.0,120.21,-3.01,0.8,-13.2,-6.3,11.63
113903,A clear voiceover,3,5,1.667,62.79,5.25,14.53,3.33,3.62,9.05
113904,Adding Effects and Annotations: To,5,10,2.0,32.56,9.96,10.0,11.92,9.33,13.36
113905,Our pick: Zuplo is the,5,6,1.2,100.24,0.52,2.0,-2.0,-1.97,7.04
113906,In modern usage,3,5,1.667,62.79,5.25,1.2,-0.53,0.48,14.31
113907,Also,1,2,2.0,36.62,8.4,0.4,-22.2,-2.09,0.05
113908,If you are being asked,5,6,1.2,100.24,0.52,2.0,-0.84,-1.97,7.04
113909,The biggest mistakes include using,5,9,1.8,49.48,7.6,2.0,13.08,9.33,16.52
113910,In the Niche Villages,4,6,1.5,75.88,3.67,11.6,2.9,1.77,11.73
113911,The most revealing insight of,5,8,1.6,66.4,5.24,10.0,7.28,4.62,10.2
113912,How can numerical data be,5,9,1.8,49.48,7.6,10.0,2.64,0.85,10.2
113913,Fear of missing out is,5,6,1.2,100.24,0.52,2.0,-0.84,-1.97,7.04
113914,This quantifies popularity,3,9,3.0,-50.01,20.98,27.87,20.73,17.75,14.31
113915,**Building in public**,3,5,1.667,62.79,5.25,1.2,5.27,11.47,0.15
113916,Authenticity beats perfection in trust,5,11,2.2,15.64,12.32,18.0,17.72,13.1,13.36
113917,Getting your value metric right,5,8,1.6,66.4,5.24,2.0,9.6,6.5,7.04
113918,Outcome-based value metrics: Direct,4,8,2.0,33.58,9.57,1.6,20.3,18.25,11.73
113920,The foundation of this billing,5,8,1.6,66.4,5.24,10.0,8.44,5.56,10.2
113922,Most businesses see early SEO,5,9,1.8,49.48,7.6,10.0,7.28,4.62,10.2
113923,Week 1:,2,2,1.0,120.21,-3.01,0.8,-16.1,-6.3,11.63
113925,Click-through data starts to,4,6,1.5,75.88,3.67,1.6,11.6,10.01,15.68
113926,If your domain/web is,4,6,1.5,75.88,3.67,11.6,1.45,1.77,7.78
113927,That's the honest answer—and,4,7,1.75,54.73,6.62,11.6,10.15,10.01,7.78
113929,Storage: API keys should not,5,6,1.2,100.24,0.52,2.0,4.96,3.68,13.36
113930,The server can give the,5,6,1.2,100.24,0.52,2.0,0.32,-1.03,7.04
113932,A complete API key service,5,7,1.4,83.32,2.88,2.0,3.8,1.79,10.2
113933,What is Mixpanel's Funnels?,4,7,1.75,54.73,6.62,11.6,8.7,8.83,11.73
113934,Conversion Window,2,5,2.5,-6.69,14.69,20.8,15.8,17.25,11.63
113935,Why is my user shown as dropped off even though,10,12,1.2,95.17,2.47,4.0,3.28,1.47,8.87
113936,To illustrate with an example,5,9,1.8,49.48,7.6,18.0,7.28,4.62,10.2
113937,'Specific order' allows users to,5,10,2.0,32.56,9.96,10.0,8.44,7.45,13.36
113938,How AI is reshaping SaaS,5,7,1.4,83.32,2.88,10.0,1.48,-0.09,13.36
113939,The catalyst?,2,4,2.0,35.61,8.79,20.8,1.3,7.83,11.63
113940,AI Monetization Strategies: Credits,4,11,2.75,-29.87,18.42,21.6,21.75,18.25,19.62
113942,They allow teams to start,5,6,1.2,100.24,0.52,2.0,2.64,0.85,7.04
113943,They are pricing based on,5,6,1.2,100.24,0.52,2.0,2.64,0.85,10.2
113944,We are witnessing a shift,5,7,1.4,83.32,2.88,10.0,2.64,0.85,10.2
113946,Major vendors are acquiring niche,5,9,1.8,49.48,7.6,10.0,11.92,8.39,13.36
113947,The enterprise sales market has,5,8,1.6,66.4,5.24,10.0,9.6,6.5,10.2
113948,SaaS Sales in 2026: Winning,5,6,1.2,100.24,0.52,2.0,3.8,2.74,16.52
113949,As of October 2024,4,6,1.5,75.88,3.67,1.6,-1.45,-1.77,7.78
113950,According to 2026 Stripe data,5,8,1.6,66.4,5.24,10.0,7.28,4.62,16.52
113951,Enterprises need to see concrete,5,9,1.8,49.48,7.6,10.0,10.76,7.45,10.2
113953,Mindmapping software Mindmeister pushes its,5,9,1.8,49.48,7.6,2.0,23.52,17.81,16.52
113954,Great offer which is tailored,5,7,1.4,83.32,2.88,2.0,7.28,4.62,7.04
113956,Real-time,1,3,3.0,-47.98,20.2,40.4,1.0,21.46,19.48
113958,Chameleon is a user onboarding,5,11,2.2,15.64,12.32,18.0,8.44,5.56,13.36
113960,As an all-in-one,3,3,1.0,119.19,-2.62,1.2,-2.47,2.05,9.05
113961,Based on the new business,5,6,1.2,100.24,0.52,2.0,2.64,0.85,7.04
113963,If the debugger's Showing Flow,5,9,1.8,49.48,7.6,10.0,7.28,5.56,10.2
113964,You can override the frequency,5,9,1.8,49.48,7.6,18.0,8.44,5.56,10.2
113966,The market has fundamentally shifted,5,11,2.2,15.64,12.32,10.0,15.4,11.21,10.2
113967,44.0%,1,1,1.0,121.22,-3.4,0.4,-28.0,2.62,19.48
113968,But heading into 2026,4,6,1.5,75.88,3.67,1.6,2.9,1.77,11.73
113969,But heading into 2026,4,6,1.5,75.88,3.67,1.6,2.9,1.77,11.73
113970,The split between Rule of,5,6,1.2,100.24,0.52,2.0,2.64,0.85,7.04
113971,The bar is much easier,5,7,1.4,83.32,2.88,10.0,-0.84,-1.97,7.04
113972,Mean revenue growth: 15.1%,4,6,1.5,75.88,3.67,11.6,5.8,7.65,15.68
113973,The era of growth at,5,6,1.2,100.24,0.52,2.0,-3.16,-3.86,10.2
113975,1) Your Rule of 40,5,5,1.0,117.16,-1.84,2.0,-6.64,-5.74,10.2
113976,No-code capture: record your,4,6,1.5,75.88,3.67,1.6,10.15,10.01,11.73
113979,Product Fruits stands out with,5,6,1.2,100.24,0.52,2.0,8.44,5.56,13.36
113980,Guideless converts click-through workflows,4,8,2.0,33.58,9.57,1.6,31.9,26.49,19.62
113981,Product tour tools fall into,5,7,1.4,83.32,2.88,2.0,6.12,3.68,13.36
113982,WalkMe - best for enterprise digital,5,9,1.8,49.48,7.6,18.0,13.08,5.41,13.36
113983,Whatfix is widely considered the,5,9,1.8,49.48,7.6,10.0,10.76,7.45,13.36
113987,Comparison to Pendo: Appcues is,5,9,1.8,49.48,7.6,10.0,8.44,6.5,13.36
113989,WalkMe implementation often takes six,5,10,2.0,32.56,9.96,10.0,16.56,12.16,13.36
113990,You need to spend time,5,5,1.0,117.16,-1.84,2.0,-0.84,-1.97,0.25
113991,The DevRel role is ideal,5,6,1.2,100.24,0.52,2.0,1.48,-0.09,10.2
113992,Bottom Line Up Front,4,5,1.25,97.03,0.72,1.6,1.45,0.59,0.2
113993,You work with the CEO,5,5,1.0,117.16,-1.84,2.0,-2.0,-2.92,7.04
113994,If global domination is still,5,9,1.8,49.48,7.6,10.0,7.28,4.62,10.2
113996,And the legendary,3,6,2.0,34.59,9.18,14.53,3.33,3.62,9.05
113997,Company Design: The purposeful creation,5,12,2.4,-1.28,14.68,18.0,17.72,14.04,13.36
113998,Build and own an entirely,5,8,1.6,66.4,5.24,10.0,2.64,0.85,7.04
113999,One easy way to avoid,5,7,1.4,83.32,2.88,2.0,-2.0,-2.92,7.04
114000,Exponential backoff means that your,5,9,1.8,49.48,7.6,10.0,14.24,10.27,10.2
114001,To view a high-level,4,5,1.25,97.03,0.72,1.6,0.0,0.59,7.78
114002,Reducing the number of API requests,6,10,1.667,59.75,6.42,9.07,8.27,5.12,11.83
114003,priority queues for urgent requests.,5,10,2.0,32.56,9.96,10.0,14.24,11.21,16.52
114004,Serverless Scaling: I moved my,5,7,1.4,83.32,2.88,2.0,7.28,5.56,13.36
114005,You can view the rate,5,5,1.0,117.16,-1.84,2.0,-2.0,-2.92,0.25
114006,Native integrations of this sort,5,9,1.8,49.48,7.6,10.0,10.76,7.45,10.2
114007,The core idea is simple,5,8,1.6,66.4,5.24,2.0,0.32,-1.03,7.04
114008,Enhanced User Experience: Recruiters can,5,12,2.4,-1.28,14.68,18.0,18.88,14.98,16.52
114009,Tools like Zapier and n8n,5,7,1.4,83.32,2.88,10.0,2.64,0.85,13.36
114010,For example,2,4,2.0,35.61,8.79,20.8,-1.6,3.12,11.63
114011,This means they aren't,4,5,1.25,97.03,0.72,1.6,2.9,2.94,0.2
114012,As a result,3,4,1.333,90.99,1.31,1.2,-8.27,-5.8,9.05
114013,Enhanced Efficiency: With native integrations,5,13,2.6,-18.2,17.04,18.0,24.68,19.69,16.52
114014,Pro: Native integrations often require,5,12,2.4,-1.28,14.68,18.0,16.56,13.1,16.52
114015,You still own the business,5,6,1.2,100.24,0.52,2.0,3.8,1.79,0.25
114016,The vendor,2,3,1.5,77.91,2.89,0.8,-4.5,0.77,11.63
114018,In contrast,2,3,1.5,77.91,2.89,0.8,-1.6,3.12,11.63
114019,Native integrations can be more,5,9,1.8,49.48,7.6,10.0,9.6,6.5,10.2
114020,It's when a pair of,5,5,1.0,117.16,-1.84,2.0,-5.48,-4.8,0.25
114021,What is net dollar retention (NDR)?,6,9,1.5,73.85,4.45,9.07,5.37,5.12,9.2
114022,We then calculate the weighted,5,8,1.6,66.4,5.24,10.0,8.44,5.56,10.2
114024,A strong NDR (above 100,5,6,1.2,100.24,0.52,2.0,-0.84,-1.03,10.2
114025,The “gold standard” for NRR,5,6,1.2,100.24,0.52,2.0,2.64,2.74,10.2
114026,Champion / Project Owner: drives evaluation,5,13,2.6,-18.2,17.04,10.0,20.04,10.9,13.36
114027,Generate high quality leads for,5,9,1.8,49.48,7.6,18.0,9.6,6.5,13.36
114028,Knowing which one you're,4,5,1.25,97.03,0.72,1.6,5.8,5.3,7.78
114031,Our study shows that ticket,5,8,1.6,66.4,5.24,2.0,4.96,2.74,7.04
114032,Revenue management of individual seats,5,13,2.6,-18.2,17.04,26.0,17.72,13.1,16.52
114033,A benchmarking study is presented,5,10,2.0,32.56,9.96,18.0,11.92,8.39,10.2
114034,Rolling effort must be precisely,5,9,1.8,49.48,7.6,10.0,10.76,7.45,13.36
114036,And increasingly,2,5,2.5,-6.69,14.69,20.8,12.9,14.9,11.63
114037,When documentation is poorly structured,5,11,2.2,15.64,12.32,10.0,18.88,14.04,13.36
114038,AI-powered code assistants like,4,6,1.5,75.88,3.67,11.6,15.95,13.54,15.68
114039,What made docs 'good' historically,5,9,1.8,49.48,7.6,10.0,10.76,9.33,10.2
114040,Gartner predicts over 30% of,5,8,1.6,66.4,5.24,2.0,4.96,3.68,13.36
114044,Think of it like spell,5,5,1.0,117.16,-1.84,2.0,-0.84,-1.97,0.25
114045,In 2026,2,2,1.0,120.21,-3.01,0.8,-13.2,-6.3,11.63
114046,Rate limiting helps control operational,5,12,2.4,-1.28,14.68,18.0,18.88,14.04,16.52
114047,However,1,3,3.0,-47.98,20.2,0.4,-4.8,12.04,0.05
114048,Prevents abuse by stopping malicious,5,10,2.0,32.56,9.96,10.0,15.4,11.21,13.36
114049,Managing resources: API rate limiting,5,11,2.2,15.64,12.32,26.0,15.4,12.16,16.52
114050,Ensuring fair usage: Limiting the,5,10,2.0,32.56,9.96,18.0,10.76,8.39,13.36
114051,Rate limiting helps control operational,5,12,2.4,-1.28,14.68,18.0,18.88,14.04,16.52
114054,API rate limiting restricts the,5,8,1.6,66.4,5.24,10.0,9.6,6.5,13.36
114057,ChatGPT is the current industry,5,10,2.0,32.56,9.96,18.0,9.6,6.5,13.36
114059,Claude integrates through connectors that,5,9,1.8,49.48,7.6,18.0,21.2,15.92,13.36
114061,Grammar checkers and rewording tools,5,9,1.8,49.48,7.6,10.0,15.4,11.21,13.36
114063,Fortunately Zapier has everything you,5,12,2.4,-1.28,14.68,18.0,16.56,12.16,10.2
114064,That playbook worked when capital,5,8,1.6,66.4,5.24,2.0,11.92,8.39,10.2
114066,ChartMogul's SaaS Retention Report surfaced,5,10,2.0,32.56,9.96,10.0,22.36,17.81,16.52
114067,Three levers matter most.,4,6,1.5,75.88,3.67,1.6,7.25,6.48,7.78
114068,The implication for product and,5,9,1.8,49.48,7.6,10.0,9.6,6.5,10.2
114070,This is why usage-based,4,6,1.5,75.88,3.67,11.6,4.35,4.12,7.78
114071,Below 100% means your existing,5,8,1.6,66.4,5.24,10.0,7.28,5.56,10.2
114072,Three main factors: logo churn,5,7,1.4,83.32,2.88,2.0,7.28,5.56,13.36
114073,Mangools is best for users,5,7,1.4,83.32,2.88,2.0,3.8,1.79,10.2
114075,Nightwatch (best for local rank,5,7,1.4,83.32,2.88,2.0,8.44,6.5,13.36
114076,SE Ranking for local SEO,5,9,1.8,49.48,7.6,2.0,1.48,-0.09,16.52
114079,SGS is one of the,5,5,1.0,117.16,-1.84,2.0,-6.64,-6.68,7.04
114080,Founded in 1828,3,4,1.333,90.99,1.31,1.2,-0.53,0.48,14.31
114082,NQA has emerged as a,5,6,1.2,100.24,0.52,2.0,-3.16,-3.86,10.2
114083,Abstract,1,2,2.0,36.62,8.4,0.4,1.0,16.75,19.48
114084,Some of the main points,5,5,1.0,117.16,-1.84,2.0,0.32,-1.03,10.2
114085,The open-ended method has,4,7,1.75,54.73,6.62,11.6,7.25,6.48,11.73
114086,In addition,2,4,2.0,35.61,8.79,20.8,-1.6,3.12,11.63
114087,The bidding game is prone,5,6,1.2,100.24,0.52,2.0,2.64,0.85,10.2
114088,The reported WTA/WTP ratios,4,8,2.0,33.58,9.57,21.6,10.15,8.83,15.68
114089,However,1,3,3.0,-47.98,20.2,0.4,-4.8,12.04,0.05
114090,What Is a Technology Partnership?,5,10,2.0,32.56,9.96,18.0,10.76,8.39,10.2
114091,In some instances,3,5,1.667,62.79,5.25,14.53,3.33,3.62,9.05
114092,By contrast,2,3,1.5,77.91,2.89,0.8,-1.6,3.12,11.63
114093,Customers who integrate your product,5,10,2.0,32.56,9.96,18.0,15.4,11.21,13.36
114094,I'd say the best,4,4,1.0,118.18,-2.23,1.6,-5.8,-4.12,0.2
114095,Take a look at white,5,5,1.0,117.16,-1.84,2.0,-3.16,-3.86,0.25
114096,Just as Blue Ocean Strategy,5,8,1.6,66.4,5.24,10.0,4.96,2.74,7.04
114097,DeepSeek is an emergent force,5,8,1.6,66.4,5.24,10.0,7.28,4.62,13.36
114099,This case examines Strategy Inc,5,9,1.8,49.48,7.6,18.0,9.6,6.5,13.36
114100,Custom reporting: You can set,5,8,1.6,66.4,5.24,10.0,6.12,4.62,10.2
114103,Nearly 75% of CEOs,4,5,1.25,97.03,0.72,1.6,-2.9,-1.77,11.73
114104,At the same time,4,4,1.0,118.18,-2.23,1.6,-4.35,-4.12,0.2
114105,High-Growth Markets Right Now,4,6,1.5,75.88,3.67,1.6,13.05,11.18,11.73
114107,At the same time,4,4,1.0,118.18,-2.23,1.6,-4.35,-4.12,0.2
114108,The age of laissez faire,5,6,1.2,100.24,0.52,2.0,1.48,-0.09,10.2
114112,Freshdesk uses the power of,5,8,1.6,66.4,5.24,2.0,4.96,2.74,10.2
114113,A business that combines its,5,7,1.4,83.32,2.88,2.0,6.12,3.68,7.04
114114,The market has fundamentally shifted,5,11,2.2,15.64,12.32,10.0,15.4,11.21,10.2
114116,A business with 30% growth,5,6,1.2,100.24,0.52,2.0,2.64,1.79,10.2
114118,Customer retention directly impacts your,5,12,2.4,-1.28,14.68,18.0,20.04,14.98,13.36
114119,AI Lead Scoring Trends and,5,6,1.2,100.24,0.52,2.0,3.8,1.79,13.36
114120,Unlike traditional scoring that relies,5,11,2.2,15.64,12.32,10.0,17.72,13.1,16.52
114121,Step 1: Audit your ICP,5,6,1.2,100.24,0.52,2.0,-2.0,-1.97,13.36
114122,6sense delivers account-level predictive,4,10,2.5,-8.72,15.47,31.6,29.0,24.14,19.62
114124,Intent algorithms quantify high-value,4,11,2.75,-29.87,18.42,21.6,24.65,20.6,19.62
114126,Trend 7: Automation and AI,5,8,1.6,66.4,5.24,10.0,2.64,1.79,16.52
114128,This is the reality of,5,8,1.6,66.4,5.24,10.0,-0.84,-1.97,7.04
114130,Configure actions,2,5,2.5,-6.69,14.69,20.8,15.8,17.25,19.53
114131,Understanding different categories is the,5,13,2.6,-18.2,17.04,18.0,21.2,15.92,10.2
114132,In simple terms,3,4,1.333,90.99,1.31,1.2,-0.53,0.48,9.05
114133,You need to identify a,5,8,1.6,66.4,5.24,10.0,-0.84,-1.97,7.04
114134,Most businesses compete in existing,5,10,2.0,32.56,9.96,18.0,14.24,10.27,13.36
114135,Middle of funnel (MOFU):,4,6,1.5,75.88,3.67,1.6,2.9,5.3,11.73
114136,When a Simple Name Changes,5,7,1.4,83.32,2.88,2.0,3.8,1.79,7.04
114138,Category design advisors emphasize the,5,13,2.6,-18.2,17.04,26.0,17.72,13.1,16.52
114139,All great category strategies start,5,10,2.0,32.56,9.96,18.0,14.24,10.27,10.2
114141,Legends design a new product,5,8,1.6,66.4,5.24,2.0,6.12,3.68,13.36
114142,Creating a new product category,5,11,2.2,15.64,12.32,18.0,9.6,6.5,13.36
114143,This tactic enables you to,5,8,1.6,66.4,5.24,10.0,3.8,1.79,10.2
114144,The lesson is to start,5,6,1.2,100.24,0.52,2.0,-0.84,-1.97,0.25
114146,Where enterprise software vendors once,5,9,1.8,49.48,7.6,10.0,17.72,13.1,13.36
114147,As companies continue to generate,5,11,2.2,15.64,12.32,26.0,11.92,8.39,13.36
114148,Pricing Breakdown for 2026,4,6,1.5,75.88,3.67,1.6,10.15,7.65,15.68
114149,Reprise Pricing,2,4,2.0,35.61,8.79,0.8,10.0,12.54,19.53
114152,Enterprise pricing without enterprise flexibility,5,15,3.0,-52.04,21.76,26.0,30.48,23.46,16.52
114153,FAQ,1,1,1.0,121.22,-3.4,0.4,-28.0,-6.8,19.48
114155,Answer: You should send upgrade,5,7,1.4,83.32,2.88,2.0,8.44,6.5,7.04
114157,If you click on a,5,5,1.0,117.16,-1.84,2.0,-6.64,-6.68,0.25
114159,Emails will adapt dynamically,4,9,2.25,12.43,12.52,11.6,14.5,11.18,15.68
114160,As one expert put it,5,6,1.2,100.24,0.52,2.0,-3.16,-3.86,7.04
114161,That's what defines a Product,5,7,1.4,83.32,2.88,2.0,6.12,4.62,10.2
114162,While Google and other search,5,6,1.2,100.24,0.52,2.0,7.28,4.62,7.04
114163,Meaning that your content will,5,7,1.4,83.32,2.88,2.0,8.44,5.56,10.2
114165,Appcues Pricing Explained — Should You,5,8,1.6,66.4,5.24,2.0,15.4,6.98,13.36
114168,Provide Context,2,4,2.0,35.61,8.79,0.8,10.0,12.54,19.53
114169,Comparisons: bar or column charts,5,9,1.8,49.48,7.6,10.0,10.76,8.39,10.2
114170,For example,2,4,2.0,35.61,8.79,20.8,-1.6,3.12,11.63
114171,Rate limiting is NOT always,5,8,1.6,66.4,5.24,10.0,4.96,2.74,7.04
114173,Just-in-time onboarding would,3,6,2.0,34.59,9.18,14.53,22.67,22.46,14.31
114174,Answer: You should send upgrade,5,7,1.4,83.32,2.88,2.0,8.44,6.5,7.04
114175,Gmail Nudges: The helpful but unpredictable assistant,7,15,2.143,18.44,12.43,14.23,18.09,13.69,13.01
114176,Limited visibility and auditability.,4,13,3.25,-72.17,24.32,31.6,23.2,19.43,15.68
114177,And when engineers are pulled,5,7,1.4,83.32,2.88,10.0,7.28,4.62,10.2
114178,Scalability challenges: As your business,5,10,2.0,32.56,9.96,18.0,18.88,14.98,10.2
114179,If you decide to switch,5,6,1.2,100.24,0.52,2.0,0.32,-1.03,0.25
114180,"Point-to-point native integrations may ""band-aid",5,11,2.2,15.64,12.32,10.0,24.68,22.52,16.52
114181,That lack of observability makes,5,9,1.8,49.48,7.6,10.0,10.76,7.45,13.36
114182,Native integrations let you avoid,5,10,2.0,32.56,9.96,10.0,11.92,8.39,13.36
114184,Misconfigured permissions or tokens can,5,10,2.0,32.56,9.96,18.0,18.88,14.04,13.36
114185,When an integration is just,5,8,1.6,66.4,5.24,10.0,4.96,2.74,7.04
114186,But when it comes to,5,5,1.0,117.16,-1.84,2.0,-3.16,-3.86,7.04
